season,passer_id,player_name,team,games,dropbacks,epa_per_db,total_epa,any_a,pass_yards,scramble_yards,rush_yards,total_yards,pass_tds,scramble_tds,rush_tds,rec_tds,total_tds,interceptions,fumbles_lost,turnovers,team_wins,pts_per_drive,total_plays,epa_per_play,pass_att,sacks,scrambles,designed_runs,late_epa,late_tds,late_plays,late_epa_per_play,pct_team_yards,pct_team_tds,wpa_total,close_epa,close_epa_per_play,wins_vs_top10,wins_vs_top10_x,wins_vs_top10_y,success_rate,negative_play_rate,cpoe,win_pct,offensive_allpros_nqb,last_name,z_epa_per_play,z_total_epa,z_any_a,z_total_yards,z_total_tds,z_turnovers,z_pts_per_drive,z_team_wins,z_late_epa,z_late_epa_per_play,z_late_tds,z_pct_team_yards,z_pct_team_tds,z_wpa_total,z_success_rate,z_negative_play_rate,z_cpoe,z_win_pct,z_offensive_allpros_nqb,vote_pct,won,raw_index,mvp_index
1999,00-0015082,A.Smith,CIN,7,,,-43.59,2.665,793,0,3,796,2,0,1,0,3,6,0,6,4,10.481,175.0,-0.2491,151.0,19.0,0.0,5.0,0.0,0.0,0.0,0.0,16.0,10.0,-0.987,,,0.0,,,0.36,0.1429,,0.25,0.0,smith,-1.4585002267053535,-0.8285798626184755,-1.7571783525330427,-1.2441416745004057,-1.1954323141103727,1.2260544128181103,0.16684378140259845,-0.854680508409067,0.043187057619732024,0.24379957940798808,-1.0181819888728785,-1.373782026432109,-1.4129961649776877,-0.19781334252538707,-1.026939690391608,-0.9944164526863192,0.0,-0.854680508409067,0.28621583576728044,0.0,False,-0.7486199479520343,13.6
1999,00-0005106,B.Favre,GB,16,,,0.14,5.246,4068,8,13,4089,22,0,0,0,22,23,8,31,8,12.31,633.0,0.0002,588.0,34.0,2.0,9.0,0.11,5.0,172.0,0.0006,74.9,57.9,0.564,,,0.0,,,0.4186,0.1027,,0.5,0.0,favre,0.3750504803718133,0.1700805730832954,0.1871396678082891,1.7930271648325784,1.0357281935612463,-2.693556881357434,0.6919268500676001,0.2698991079186527,0.04966806217385279,0.24640251452391382,0.6031269106062274,1.7247766530827573,1.1244004123047304,1.1587859423033866,0.23165958716199914,0.5102335547658796,0.0,0.2698991079186527,0.28621583576728044,0.0,False,0.4563971743390387,53.6
1999,00-0006423,B.Griese,DEN,14,,,-5.52,5.288,3006,0,21,3027,14,0,2,0,16,14,5,19,6,10.467,490.0,-0.0113,442.0,27.0,0.0,21.0,5.6,5.0,155.0,0.0361,57.7,51.6,-2.789,,,0.0,,,0.4347,0.098,,0.375,0.0,griese,0.2904703234067615,0.040823356845654836,0.2187790931683571,0.8135332968181147,0.33115119113862984,-0.8121434601531727,0.1628245561640475,-0.29239070024520714,0.37312910764769835,0.40040950888285143,0.6031269106062274,0.819934390134443,0.7906718436851224,-1.7739525503019509,0.5774522214386715,0.6861503466819326,0.0,-0.29239070024520714,0.28621583576728044,0.0,False,0.09022621233847644,41.5
1999,00-0007530,B.Hobert,NO,9,,,-3.01,4.621,965,0,5,970,6,0,1,0,7,5,1,6,3,7.879,173.0,-0.0174,158.0,11.0,0.0,4.0,-2.28,0.0,3.0,-0.759,19.6,25.0,0.392,,,0.0,,,0.3873,0.0983,,0.1875,0.0,hobert,0.2456060662339949,0.09814413648460851,-0.28368511433558236,-1.0836596283285445,-0.725714312495295,1.2260544128181103,-0.5801579379338335,-1.1358254124909968,-0.09114649132022568,-3.0489133422380306,-1.0181819888728785,-1.1843964365126944,-0.6184043349310014,1.0083442421160564,-0.44059565835724895,0.6749216152830357,0.0,-1.1358254124909968,0.28621583576728044,0.0,False,-0.24953887402771086,30.2
1999,00-0008442,B.Johnson,WAS,16,,,50.17,6.827,3988,16,2,4006,24,0,2,0,26,13,8,21,10,15.821,553.0,0.0907,515.0,28.0,4.0,6.0,21.37,6.0,130.0,0.1644,66.4,52.0,1.072,,,0.0,,,0.434,0.0886,,0.625,0.0,johnson,1.040659541705482,1.3126138819824402,1.378138036719426,1.7164753841873803,1.505446195176324,-1.1257123636872164,1.6998911223928161,0.8321889160825126,1.3022694878157393,0.9570038011716315,0.9273886905020485,1.2776162324396951,0.8118609591530339,1.6031137544845708,0.5624177590788165,1.037983930514039,0.0,0.8321889160825126,0.28621583576728044,0.0,False,1.0701456832528324,74.0
1999,00-0016534,B.Tolliver,NO,10,,,-20.17,4.594,1897,0,11,1908,7,0,3,0,10,13,1,14,3,7.879,292.0,-0.0691,264.0,19.0,0.0,9.0,-29.26,2.0,70.0,-0.4179,38.5,35.7,-1.362,,,0.0,,,0.3904,0.113,,0.1875,0.0,tolliver,-0.13463690029584677,-0.29373816574823824,-0.3040247449241977,-0.21853227597678634,-0.3734258112839868,-0.028221201318063875,-0.5801579379338335,-1.1358254124909968,-1.680760153776392,-1.5691447288342661,-0.36965842908123614,-0.19012208943576805,-0.05159549616436503,-0.5258112353756709,-0.3740144679064599,0.1247137767370823,0.0,-1.1358254124909968,0.28621583576728044,0.0,False,-0.4242123919045102,24.4
1999,00-0000865,C.Batch,DET,11,,,-15.54,5.484,1908,0,8,1916,13,0,1,0,14,7,1,8,8,11.5,310.0,-0.0501,268.0,36.0,0.0,6.0,-1.57,2.0,84.0,-0.0186,37.6,43.8,-0.584,,,0.0,,,0.3935,0.1452,,0.5,0.0,batch,0.005104228602934484,-0.18800302243016823,0.366429744848675,-0.21115379109532145,0.09629219033109096,0.9124855092840668,0.45938596126571307,0.2698991079186527,-0.049314552834537104,0.1631085908142912,-0.36965842908123614,-0.23746848691562164,0.37748409206084527,0.1546750596577179,-0.30743327745567206,-1.080503393411196,0.0,0.2698991079186527,0.28621583576728044,0.0,False,0.008370901202969998,38.7
1999,00-0002876,C.Chandler,ATL,12,,,-14.91,5.778,2335,0,6,2341,16,0,1,0,17,11,3,14,5,10.556,342.0,-0.0436,302.0,32.0,0.0,8.0,15.49,4.0,81.0,0.1912,49.1,50.0,-1.148,,,0.0,,,0.4094,0.1345,,0.3125,0.0,chandler,0.05291040427883333,-0.1736157351104309,0.5879057223691518,0.18082821823250067,0.44858069154239927,-0.028221201318063875,0.18837534518055074,-0.573535604327137,0.9558303352863745,1.0732682363496464,0.27886513071040614,0.367513258660286,0.7059153818134758,-0.3386337711891088,0.034063796146756316,-0.6800119735172033,0.0,-0.573535604327137,0.28621583576728044,0.0,False,0.15766700095156214,43.7
1999,00-0011044,C.McNown,CHI,15,,,-18.94,4.688,1452,25,16,1493,8,0,0,0,8,8,3,11,6,9.379,258.0,-0.0734,229.0,18.0,4.0,7.0,-6.01,4.0,103.0,-0.0583,27.4,24.2,-1.294,,,0.0,,,0.3992,0.1163,,0.375,0.0,mcnown,-0.1662625242045184,-0.26564870002875096,-0.23321269768975986,-0.6012911792027774,-0.6082848120915256,0.4421321539830015,-0.14952666237478363,-0.29239070024520714,-0.3109114639281389,-0.009118949356126359,0.27886513071040614,-0.7740609916872964,-0.6607825658668247,-0.4663342841388194,-0.1850097982397073,0.0011977313492153201,0.0,-0.29239070024520714,0.28621583576728044,0.0,False,-0.24666081712723203,30.3
1999,00-0001361,D.Bledsoe,NE,16,,,-36.72,5.19,3969,0,25,3994,19,0,0,0,19,21,6,27,8,9.061,601.0,-0.0611,535.0,55.0,0.0,11.0,-41.54,2.0,159.0,-0.2613,75.3,65.5,-2.946,,,0.0,,,0.416,0.1364,,0.5,0.0,bledsoe,-0.07579853023320206,-0.6716899199413392,0.14495376732819817,1.705407656865183,0.6834396923499381,-2.066419074289347,-0.2408204927933021,0.2698991079186527,-2.4042759349091467,-0.8897786635776569,-0.36965842908123614,1.745819496407136,1.5269936061950515,-1.9112743347752696,0.1758172983968211,-0.7511272723768838,0.0,0.2698991079186527,0.28621583576728044,0.0,False,-0.3174144847025134,27.9
1999,00-0001907,D.Brown,ARI,8,,,-42.31,3.4,944,17,0,961,2,0,0,0,2,5,2,7,6,8.167,188.0,-0.2251,167.0,18.0,3.0,0.0,0.0,0.0,0.0,0.0,23.3,7.1,-1.093,,,0.0,,,0.3298,0.133,,0.375,0.0,brown,-1.2819851165174192,-0.7993485486990091,-1.20348840873185,-1.0919604238201923,-1.3128618145141422,1.0692699610510885,-0.49747673302649587,-0.29239070024520714,0.043187057619732024,0.24379957940798808,-1.0181819888728785,-0.9897501357621851,-1.566617252120047,-0.29052741357106726,-1.675569352202511,-0.6238683165227182,0.0,-0.29239070024520714,0.28621583576728044,0.0,False,-0.6990383622372587,15.2
1999,00-0005363,D.Flutie,BUF,15,,,12.31,5.469,3145,73,51,3269,18,0,1,0,19,14,5,19,11,11.034,512.0,0.024,470.0,25.0,5.0,12.0,3.14,3.0,106.0,0.0297,66.2,55.9,-0.427,,,0.0,,,0.4219,0.0938,,0.6875,0.0,flutie,0.5500946313081814,0.44800642495822224,0.3551299500772223,1.0367324644824276,0.6834396923499381,-0.8121434601531727,0.3256031783253684,1.1133338201644425,0.22819027852827029,0.37264486764631055,-0.045396649185415,1.2670948107775053,1.0184548349651723,0.29199684413103666,0.3025363382870309,0.843352586266491,0.0,1.1133338201644425,0.28621583576728044,0.0,False,0.47034673338167077,54.1
1999,00-0007835,D.Huard,MIA,9,,,-19.42,4.461,1280,23,24,1327,8,0,0,0,8,4,3,7,9,10.867,254.0,-0.0765,213.0,28.0,2.0,11.0,8.66,2.0,39.0,0.222,26.5,21.6,-0.212,,,0.0,,,0.378,0.1457,,0.5625,0.0,huard,-0.18906239260379318,-0.2766104427485509,-0.4042162585644135,-0.7543947404931738,-0.6082848120915256,1.0692699610510885,0.27765956297979427,0.5510440120005826,0.5534188706986942,1.2068855723004994,-0.36965842908123614,-0.82140738916715,-0.7985118164082502,0.48004896936519936,-0.6403392297096125,-1.0992179457426912,0.0,0.5510440120005826,0.28621583576728044,0.0,False,-0.1215458265930696,34.4
1999,00-0010379,D.Marino,MIA,11,,,-41.85,4.817,2378,0,-2,2376,12,0,0,0,12,17,6,23,9,10.867,374.0,-0.1119,362.0,9.0,0.0,3.0,-27.47,3.0,157.0,-0.175,47.5,32.4,-1.549,,,0.0,,,0.4385,0.0909,,0.5625,0.0,marino,-0.44942218013099616,-0.7888435452592008,-0.13603446265526445,0.21310908958890956,-0.1385668104764479,-1.4392812672212598,0.27765956297979427,0.5510440120005826,-1.5752965342138812,-0.5153898294036762,-0.045396649185415,0.28334188536276833,-0.22640569877463626,-0.6893728512770123,0.6590678742493153,0.951896989789162,0.0,0.5510440120005826,0.28621583576728044,0.0,False,-0.24576190797352865,30.3
1999,00-0011022,D.McNabb,PHI,11,,,-81.42,2.562,934,60,11,1005,8,0,0,0,8,6,6,12,5,8.242,253.0,-0.3218,214.0,28.0,5.0,6.0,-21.65,3.0,57.0,-0.3798,27.0,32.0,-2.478,,,0.0,,,0.3004,0.1581,,0.3125,0.0,mcnabb,-1.9931939146496376,-1.692502210722706,-1.8347702766303529,-1.0513787569721356,-0.6082848120915256,0.2853477022159797,-0.4759451692485431,-0.573535604327137,-1.2323924750776734,-1.403858348972984,-0.045396649185415,-0.7951038350116757,-0.2475948142425478,-1.5019329644981156,-2.307016771316436,-1.5633388435637672,0.0,-0.573535604327137,0.28621583576728044,0.0,False,-1.1575218697354501,0.0
1999,00-0012726,D.Pederson,PHI,10,,,-60.99,3.619,1257,0,-12,1245,7,0,0,0,7,9,6,15,5,8.242,248.0,-0.2459,224.0,20.0,0.0,4.0,4.16,1.0,14.0,0.2971,33.4,28.0,-2.214,,,0.0,,,0.3669,0.1452,,0.3125,0.0,pederson,-1.4349648786802958,-1.2259430362112222,-1.0385114050686373,-0.8300242105281889,-0.725714312495295,-0.18500565308508565,-0.4759451692485431,-0.573535604327137,0.2882868662119356,1.5326862843105336,-0.6939202089770573,-0.4584183418216054,-0.45948596892166416,-1.2710224479315155,-0.8787428471301763,-1.080503393411196,0.0,-0.573535604327137,0.28621583576728044,0.0,False,-0.6726485086310541,16.1
1999,00-0006300,E.Grbac,KC,16,,,34.75,5.867,3360,3,-6,3357,22,0,0,0,22,13,5,18,9,12.188,524.0,0.0663,493.0,26.0,1.0,4.0,8.35,9.0,141.0,0.0592,61.9,59.5,0.215,,,0.0,,,0.4427,0.0878,,0.5625,1.0,grbac,0.8612025130144155,0.960467897108868,0.6549511713464394,1.1178957981785413,1.0357281935612463,-0.655359008386151,0.6569021729887975,0.5510440120005826,0.5351542215007175,0.5006225108459911,1.9001740301895118,1.0408842450404265,1.2091568741763772,0.8535292366907224,0.7492746484084472,1.067927214244431,0.0,0.5510440120005826,-2.8939601172025027,0.0,False,0.6895628595702994,61.4
1999,00-0009451,E.Kramer,LAC,6,,,-33.47,2.02,769,0,0,769,2,0,0,0,2,10,1,11,0,0.0,149.0,-0.2246,140.0,7.0,0.0,2.0,0.0,0.0,0.0,0.0,16.7,8.3,-1.229,,,0.0,,,0.3691,0.1208,,0.0,0.0,kramer,-1.278307718388504,-0.597469786942694,-2.243069527705518,-1.2690440609753497,-1.3128618145141422,0.4421321539830015,-2.842120484687003,-1.9792601247367865,0.043187057619732024,0.24379957940798808,-1.0181819888728785,-1.336957050614445,-1.5030499057163123,-0.4094813160447703,-0.8314916797134884,-0.16723323963423992,0.0,-1.9792601247367865,0.28621583576728044,0.0,False,-0.8496935483059282,10.2
1999,00-0005589,G.Frerotte,DET,9,,,12.81,5.735,2111,0,4,2115,9,0,0,0,9,7,1,8,8,11.5,312.0,0.0411,283.0,27.0,0.0,2.0,-10.38,1.0,106.0,-0.0979,41.5,28.1,0.09,,,0.0,,,0.4327,0.1122,,0.5,0.0,frerotte,0.6758616473170845,0.45942490695801386,0.555512977357654,-0.02761397966888239,-0.4908553116877562,0.9124855092840668,0.45938596126571307,0.2698991079186527,-0.5683840993963912,-0.18091266700722297,-0.6939202089770573,-0.0323007645029226,-0.45418869005468615,0.7441966057406278,0.5344966146962274,0.15465706046747466,0.0,0.2698991079186527,0.28621583576728044,0.0,False,0.19444241204186388,44.9
1999,00-0001335,J.Blake,CIN,14,,,-26.42,5.354,2630,0,23,2653,15,0,2,0,17,12,6,18,4,10.481,430.0,-0.0614,385.0,30.0,0.0,15.0,-21.02,1.0,94.0,-0.2237,53.5,56.7,-1.148,,,0.0,,,0.4279,0.1233,,0.25,0.0,blake,-0.07800496911055126,-0.4364691907456329,0.26849819016274984,0.46858912860963126,0.44858069154239927,-0.655359008386151,0.16684378140259845,-0.854680508409067,-1.1952739944495272,-0.7266613963129794,-0.6939202089770573,0.5989845352284593,1.060833065900996,-0.3386337711891088,0.43140315851436273,-0.26080600129171505,0.0,-0.854680508409067,0.28621583576728044,0.0,False,-0.11318937191378803,34.7
1999,00-0005180,J.Fiedler,JAX,7,,,8.42,5.535,656,0,-5,651,2,0,0,0,2,2,0,2,14,14.143,107.0,0.0787,94.0,7.0,0.0,6.0,1.89,1.0,67.0,0.0283,11.8,5.6,0.652,,,0.0,,,0.4953,0.1308,,0.875,0.0,fiedler,0.9524019866115149,0.3591706349998438,0.404849047071615,-1.3778767129769567,-1.3128618145141422,1.8531922198861974,1.218158268800759,1.9567685324102322,0.15454249950417065,0.3665713523758172,-0.6939202089770573,-1.5947318813380926,-1.6460764351247157,1.235756114492253,1.8790071057347226,-0.54152428626414,0.0,1.9567685324102322,0.28621583576728044,0.0,False,0.2191454092115029,45.8
1999,00-0005755,J.Garcia,SF,13,,,25.52,5.536,2516,0,33,2549,11,0,1,0,12,11,3,14,4,10.172,398.0,0.0641,371.0,15.0,0.0,12.0,36.86,5.0,139.0,0.2652,48.9,40.0,-0.32,,,0.0,,,0.4573,0.0779,,0.25,0.0,garcia,0.8450219612471882,0.7496827193927155,0.4056023667230448,0.37266882515058775,-0.1385668104764479,-0.028221201318063875,0.07813373863743438,-0.854680508409067,2.2149127654823815,1.3942969006471504,0.6031269106062274,0.3569918369980961,0.1761874951156849,0.3855855762243176,1.0628505776282877,1.4384753504080323,0.0,-0.854680508409067,0.28621583576728044,0.0,False,0.5855427039043114,57.9
1999,00-0005885,J.George,MIN,12,,,39.91,7.069,2769,0,0,2769,22,0,0,0,22,12,6,18,10,13.3,347.0,0.115,319.0,27.0,0.0,1.0,3.34,5.0,104.0,0.0321,46.7,44.0,1.503,,,0.0,,,0.4553,0.1297,,0.625,1.0,george,1.2193810907707654,1.078306631346717,1.560441392365533,0.5755771593908722,1.0357281935612463,-0.655359008386151,0.9761434919365731,0.8321889160825126,0.23997392317212624,0.38305660811001335,0.6031269106062274,0.2412561987140097,0.3880786497948012,1.9800926660004972,1.0198949708858438,-0.5003522711348513,0.0,0.8321889160825126,-2.8939601172025027,0.0,False,0.6844895317102584,61.2
1999,00-0006808,J.Harbaugh,LAC,14,,,-50.47,4.356,2654,0,4,2658,10,0,0,0,10,14,5,19,0,0.0,478.0,-0.1056,428.0,36.0,0.0,14.0,-12.44,2.0,145.0,-0.0858,57.7,41.7,-1.15,,,0.0,,,0.3933,0.1276,,0.0,0.0,harbaugh,-0.40308696370666347,-0.9856981749356074,-0.48331482196458425,0.4732006816605468,-0.3734258112839868,-0.8121434601531727,-2.842120484687003,-1.9792601247367865,-0.6897556392281073,-0.1284201421693879,-0.36965842908123614,0.819934390134443,0.2662412358543095,-0.3403830932843103,-0.31172883812991714,-0.4217511513425716,0.0,-1.9792601247367865,0.28621583576728044,0.0,False,-0.4388377482130131,23.9
1999,00-0009311,J.Kitna,SEA,15,,,-7.17,5.543,3328,0,-3,3325,23,0,0,0,23,16,6,22,9,11.267,531.0,-0.0135,488.0,31.0,0.0,12.0,-8.12,5.0,164.0,-0.0495,67.2,74.2,-1.339,,,0.0,,,0.4256,0.1092,,0.5625,0.0,kitna,0.2742897716395342,0.003142366246342639,0.4108756042830566,1.0883818586526819,1.1531576939650159,-1.2824968154542382,0.3924945697955405,0.5510440120005826,-0.43522891492081905,0.029057432344117312,0.6031269106062274,1.3197019190884538,1.9878568676221298,-0.5056940312808534,0.38200421076055174,0.2669443744564443,0.0,0.5510440120005826,0.28621583576728044,0.0,False,0.3083974842578959,48.7
1999,00-0011276,J.Miller,CHI,5,,,15.84,5.922,1233,0,0,1233,7,0,0,0,7,6,2,8,6,9.379,181.0,0.0875,172.0,7.0,0.0,2.0,0.0,0.0,0.0,0.0,22.6,21.2,0.636,,,0.0,,,0.453,0.0829,,0.375,0.0,miller,1.017124193680424,0.5286209078767508,0.6963837521750998,-0.8410919378503862,-0.725714312495295,0.9124855092840668,-0.14952666237478363,-0.29239070024520714,0.043187057619732024,0.24379957940798808,-1.0181819888728785,-1.026575111579849,-0.819700931876162,1.221761537730641,0.970496023132034,1.251329827093082,0.0,-0.29239070024520714,0.28621583576728044,0.0,False,0.2935531429952861,48.2
1999,00-0013042,J.Plummer,ARI,12,,,-73.3,2.702,2104,18,18,2140,9,0,2,0,11,23,3,26,6,8.167,421.0,-0.1741,379.0,27.0,2.0,13.0,-22.42,3.0,159.0,-0.141,51.9,39.3,-2.227,,,0.0,,,0.3824,0.1354,,0.375,0.0,plummer,-0.9068905073680591,-1.5070660630460908,-1.7293055254301255,-0.004556214414304618,-0.2559963108802173,-1.9096346225223253,-0.49747673302649587,-0.29239070024520714,-1.2777595069565189,-0.36789017283455283,-0.045396649185415,0.5148131619309416,0.1391065430468394,-1.2823930415503253,-0.5458368948762357,-0.7136981677138938,0.0,-0.29239070024520714,0.28621583576728044,0.0,False,-0.7745445424269614,12.7
1999,00-0003292,K.Collins,NYG,10,,,-16.74,5.57,2318,0,11,2329,8,0,2,0,10,10,5,15,7,10.31,356.0,-0.047,328.0,16.0,0.0,12.0,-7.62,4.0,191.0,-0.0399,44.4,29.4,-1.28,,,0.0,,,0.441,0.0899,,0.4375,0.0,collins,0.027904097002209312,-0.215407379229668,0.43121523487167196,0.16976049091030335,-0.3734258112839868,-0.18500565308508565,0.11775181598886694,-0.011245796163277207,-0.4057698033111793,0.07070439419892863,0.27886513071040614,0.12025984959882795,-0.3853240647839735,-0.4540890294724088,0.7127623826773704,0.9893260944521521,0.0,-0.011245796163277207,0.28621583576728044,0.0,False,0.03084451513455568,39.5
1999,00-0006212,K.Graham,NYG,9,,,-14.15,4.569,1697,15,11,1723,9,1,0,0,10,8,2,10,7,10.31,309.0,-0.0458,270.0,25.0,5.0,9.0,0.0,0.0,0.0,0.0,32.9,29.4,-1.665,,,0.0,,,0.411,0.1165,,0.4375,0.0,graham,0.03672985251160602,-0.15625964247074772,-0.3228577362099528,-0.38915973886066185,-0.3734258112839868,0.5989166057500233,0.11775181598886694,-0.011245796163277207,0.043187057619732024,0.24379957940798808,-1.0181819888728785,-0.48472189597707965,-0.3853240647839735,-0.7908335327987002,0.06842828154071122,-0.006288089583382899,0.0,-0.011245796163277207,0.28621583576728044,0.0,False,-0.19212743982336752,32.1
1999,00-0015700,K.Stewart,PIT,13,,,-61.24,3.269,1422,0,54,1476,6,0,1,1,8,10,0,10,6,10.931,314.0,-0.195,272.0,22.0,0.0,20.0,-0.33,0.0,2.0,-0.1655,30.9,21.1,-1.796,,,0.0,,,0.3949,0.1083,,0.375,0.0,stewart,-1.0606057491567185,-1.231652277211118,-1.3021732830692052,-0.6169704595758903,-0.6082848120915256,0.5989166057500233,0.2960331640703132,-0.29239070024520714,0.02374404395736972,-0.47417669006818597,-1.0181819888728785,-0.5899361125989766,-0.8249982107431398,-0.9054141300343992,-0.27736435273596227,0.30063056865313575,0.0,-0.29239070024520714,0.28621583576728044,0.0,False,-0.5753288705629884,19.3
1999,00-0017200,K.Warner,LA,15,,,141.44,8.552,3956,0,17,3973,38,0,1,0,39,11,7,18,0,0.0,480.0,0.2947,447.0,26.0,0.0,7.0,40.68,9.0,125.0,0.3255,66.0,70.9,2.199,,,0.0,,,0.5146,0.0958,,0.0,0.0,warner,2.5410379783029233,3.3969435862243937,2.677614435436511,1.6860391340513377,3.0320297004253267,-0.655359008386151,-2.842120484687003,-1.9792601247367865,2.4399803781800298,1.6558918797976838,1.9001740301895118,1.2565733891153155,1.813046665011859,2.5888567551306236,2.2935287107993045,0.7684943769405109,0.0,-1.9792601247367865,0.28621583576728044,0.84,True,1.8513900187375325,100.0
1999,00-0002110,M.Brunell,JAX,15,,,58.89,5.983,3060,7,19,3086,14,0,0,0,14,8,3,11,14,14.143,481.0,0.1224,440.0,29.0,1.0,11.0,2.58,1.0,78.0,0.033,56.0,38.9,0.13,,,0.0,,,0.4574,0.0852,,0.875,0.0,brunell,1.273806583078712,1.511752208058805,0.7423362509123417,0.8679496228189183,0.09629219033109096,0.4421321539830015,1.218158268800759,1.9567685324102322,0.19519607352547363,0.3869610107839019,-0.6939202089770573,0.7305023060058304,0.11791742757892783,0.7791830476446582,1.0649983579654096,1.1652428863682052,0.0,1.9567685324102322,0.28621583576728044,0.0,False,0.7376802207259251,63.0
1999,00-0016538,M.Tomczak,PIT,8,,,-6.95,5.044,1596,0,-3,1593,12,0,0,0,12,8,2,10,6,10.931,277.0,-0.0251,257.0,15.0,0.0,5.0,-14.13,7.0,165.0,-0.0856,33.4,31.6,-1.136,,,0.0,,,0.426,0.0939,,0.375,0.0,tomczak,0.1889741350486993,0.008166498326250925,0.03496909821938921,-0.5090601181844663,-0.1385668104764479,0.5989166057500233,0.2960331640703132,-0.29239070024520714,-0.7893274364686901,-0.12755249713074598,1.2516504703978697,-0.4584183418216054,-0.2687839297104594,-0.32813783861789975,0.3905953321090408,0.839609675800192,0.0,-0.29239070024520714,0.28621583576728044,0.0,False,0.03292040856293264,39.6
1999,00-0012261,N.O'Donnell,TEN,8,,,7.7,6.622,1374,0,0,1374,10,0,0,0,10,4,3,7,13,12.25,207.0,0.0372,192.0,9.0,0.0,6.0,-12.75,2.0,23.0,-0.5546,27.0,22.2,0.338,,,0.0,,,0.4203,0.087,,0.8125,0.0,odonnell,0.6471779419115452,0.342728020920144,1.223707508176236,-0.7110461418145676,-0.3734258112839868,1.0692699610510885,0.674701599045238,1.6756236283283021,-0.7080202884260841,-2.162180112746006,-0.36965842908123614,-0.7951038350116757,-0.7667281432063829,0.9611125455456155,0.26817185289307605,1.0978704979748233,0.0,1.6756236283283021,0.28621583576728044,0.0,False,0.21918186005879578,45.8
1999,00-0010346,P.Manning,IND,16,,,95.94,6.98,4047,0,0,4047,26,0,1,0,27,15,6,21,13,14.586,552.0,0.1738,527.0,14.0,0.0,11.0,18.56,4.0,139.0,0.1335,72.2,61.4,1.054,,,0.0,,,0.4547,0.0707,,0.8125,1.5,manning,1.6518431107312044,2.35786172424336,1.493395943388246,1.7542901192048879,1.6228756955800936,-1.1257123636872164,1.3453380388491984,1.6756236283283021,1.136709280569563,0.8229526427014577,0.27886513071040614,1.582737460643196,1.3098051726489572,1.5873698556277576,1.007008288863111,1.7079649039815603,0.0,1.6756236283283021,-4.484048093687393,0.0,False,1.165143194898222,77.2
1999,00-0003761,R.Cunningham,MIN,6,,,-9.21,5.24,1436,0,7,1443,8,0,0,0,8,9,4,13,10,13.3,211.0,-0.0437,193.0,15.0,0.0,3.0,0.0,0.0,0.0,0.0,24.3,16.0,-0.78,,,0.0,,,0.4455,0.1327,,0.625,1.0,cunningham,0.05217492465305025,-0.04344504031280699,0.18261974989970775,-0.6474067097119329,-0.6082848120915256,0.12856325044895792,0.9761434919365731,0.8321889160825126,0.043187057619732024,0.24379957940798808,-1.0181819888728785,-0.9371430274512366,-1.0951594329590133,-0.01675850567203046,0.8094124978478692,-0.6126395851238214,0.0,0.8321889160825126,-2.8939601172025027,0.0,False,-0.22284390860781228,31.1
1999,00-0005741,R.Gannon,LV,16,,,59.3,6.202,3819,13,32,3864,24,0,2,0,26,13,6,19,0,0.0,573.0,0.1035,511.0,49.0,2.0,11.0,21.61,6.0,144.0,0.1501,68.6,57.8,0.525,,,0.0,,,0.4468,0.1239,,0.0,0.0,gannon,1.1348009338057135,1.521115363298634,0.9073132545755545,1.5855072775413785,1.505446195176324,-0.8121434601531727,-2.842120484687003,-1.9792601247367865,1.3164098613883664,0.8949671809087356,0.9273886905020485,1.393351870723781,1.1191031334377526,1.124674161446957,0.837333642230457,-0.2832634640895087,0.0,-1.9792601247367865,0.28621583576728044,0.0,False,0.774146537803496,64.2
1999,00-0010137,R.Lucas,NYJ,9,,,14.22,5.791,1669,68,5,1742,14,1,0,0,15,6,2,8,8,11.0,302.0,0.0471,267.0,11.0,9.0,15.0,17.62,7.0,131.0,0.1345,37.3,50.0,-0.318,,,0.0,,,0.4205,0.0795,,0.5,0.0,lucas,0.7199904248640682,0.49162502619742604,0.5976988778377449,-0.37163583726718274,0.2137216907348604,0.9124855092840668,0.31584220274602975,0.2698991079186527,1.0813261507434404,0.8272908678946672,1.2516504703978697,-0.2532506194089064,0.7059153818134758,0.38733489831951917,0.27246741356731996,1.378588782947248,0.0,0.2698991079186527,0.28621583576728044,0.0,False,0.5540629418920412,56.9
1999,00-0011378,R.Mirer,NYJ,7,,,-23.78,3.24,1042,54,14,1110,5,0,1,0,6,9,1,10,8,11.0,208.0,-0.1143,174.0,22.0,8.0,4.0,0.0,0.0,0.0,0.0,23.8,20.0,-1.457,,,0.0,,,0.3317,0.1587,,0.5,0.0,mirer,-0.4670736911497896,-0.3761796057867334,-1.3240195529606809,-0.9545361429029088,-0.8431438128990645,0.5989166057500233,0.31584220274602975,0.2698991079186527,0.043187057619732024,0.24379957940798808,-1.0181819888728785,-0.9634465816067108,-0.8832682782798968,-0.6089040348977428,-1.634761525797189,-1.5857963063615619,0.0,0.2698991079186527,0.28621583576728044,0.0,False,-0.6146177218399699,18.0
1999,00-0001218,S.Beuerlein,CAR,16,,,60.8,6.876,4413,0,2,4415,36,0,1,0,37,14,9,23,8,13.581,620.0,0.0981,566.0,49.0,0.0,5.0,39.51,14.0,166.0,0.238,76.4,68.5,-2.047,,,0.0,,,0.4597,0.1161,,0.5,0.0,beuerlein,1.0950850340134286,1.5553708092980087,1.4150506996395058,2.0937004237522725,2.7971706996177876,-1.4392812672212598,1.0568150842246349,0.2698991079186527,2.3710460570134724,1.2762971753918515,3.5214829296686174,1.80368731554918,1.685911972204389,-1.1249540529821893,1.1143973057192207,0.008683552281813538,0.0,0.2698991079186527,0.28621583576728044,0.0,False,1.0991193274043052,75.0
1999,00-0002787,S.Case,BAL,9,,,-56.84,3.022,975,0,63,1038,3,0,1,0,4,8,4,12,8,9.818,202.0,-0.2814,168.0,17.0,0.0,17.0,-9.67,0.0,22.0,-0.4397,22.7,12.9,-1.362,,,0.0,,,0.3267,0.1634,,0.5,0.0,case,-1.6960601458332816,-1.1311696356129521,-1.4882432369724634,-1.020942506836093,-1.0780028137066033,0.2853477022159797,-0.023495242394501674,0.2698991079186527,-0.5265521609107027,-1.6637180380462335,-1.0181819888728785,-1.0213144007487542,-1.2593750778353285,-0.5258112353756709,-1.7421505426532988,-1.7617130982776144,0.0,0.2698991079186527,0.28621583576728044,0.0,False,-1.0008388592983382,5.2
1999,00-0009266,S.King,TB,6,,,-18.93,4.389,807,0,8,815,7,0,0,0,7,4,3,7,11,8.71,164.0,-0.1155,146.0,11.0,0.0,7.0,-14.14,4.0,132.0,-0.1071,19.0,24.1,-0.195,,,0.0,,,0.3659,0.1159,,0.6875,0.0,king,-0.4758994466591864,-0.2654203303887551,-0.45845527346738757,-1.2266177729069265,-0.725714312495295,1.0692699610510885,-0.34158821127411954,1.1133338201644425,-0.7899166187008829,-0.22082433878475047,0.27886513071040614,-1.2159607014992635,-0.6660798447338026,0.49491820717441226,-0.9002206505013982,0.01616937321441124,0.0,1.1133338201644425,0.28621583576728044,0.0,False,-0.2294933192105253,30.8
1999,00-0010560,S.Matthews,CHI,8,,,-28.28,5.165,1621,0,-4,1617,10,0,0,0,10,6,5,11,6,9.379,290.0,-0.0975,272.0,13.0,0.0,5.0,-3.68,2.0,40.0,-0.0919,29.7,30.3,-1.394,,,0.0,,,0.4276,0.0862,,0.375,0.0,matthews,-0.34351311401823564,-0.4789459437848575,0.12612077604244307,-0.48692466354007163,-0.3734258112839868,0.4421321539830015,-0.14952666237478363,-0.29239070024520714,-0.17363200382721727,-0.15488331584796589,-0.36965842908123614,-0.6530646425721148,-0.33764855498117224,-0.5538003888988949,0.42495981750299566,1.127813781705215,0.0,-0.29239070024520714,0.28621583576728044,0.0,False,-0.12705237726729707,34.2
1999,00-0011024,S.McNair,TEN,11,,,18.65,5.708,2152,0,112,2264,12,0,7,0,19,8,2,10,13,12.25,375.0,0.0497,327.0,16.0,0.0,32.0,29.2,9.0,105.0,0.2781,44.5,42.2,0.413,,,0.0,,,0.4373,0.088,,0.8125,0.0,mcnair,0.7391128951344277,0.5927927767155794,0.5351733467690387,0.10981030124840113,0.6834396923499381,0.5989166057500233,0.674701599045238,1.6756236283283021,1.7635991756226992,1.4502600056395532,1.9001740301895118,0.12552056042992288,0.29272763018919906,1.0267121241156723,0.6332945102038495,1.060441393311833,0.0,1.6756236283283021,0.28621583576728044,0.0,False,0.8318616596514204,66.1
1999,00-0015627,S.Stenstrom,SF,6,,,-44.59,3.073,536,0,0,536,0,0,0,0,0,3,1,4,4,10.172,110.0,-0.4054,99.0,10.0,0.0,1.0,-0.82,0.0,2.0,-0.4085,10.3,0.0,-0.955,,,0.0,,,0.2909,0.1273,,0.25,0.0,stenstrom,-2.608054881804275,-0.8514168266180586,-1.4498239347495234,-1.4839424331480144,-1.547720815321681,1.539623316352154,0.07813373863743438,-0.854680508409067,-0.0051258854200773255,-1.5283654120180967,-1.0181819888728785,-1.6736425438045155,-1.9427240516754787,-0.1698241890021628,-2.5110559033430446,-0.4105224199436748,0.0,-0.854680508409067,0.28621583576728044,0.0,False,-1.0080599540791804,5.0
1999,00-0000104,T.Aikman,DAL,14,,,24.03,5.869,2920,14,0,2934,17,0,1,0,18,11,3,14,8,12.138,459.0,0.0524,430.0,19.0,3.0,7.0,-3.61,6.0,145.0,-0.0249,55.8,48.6,-0.488,,,0.0,,,0.3987,0.0763,,0.5,0.0,aikman,0.7589708450305703,0.7156556430333367,0.6564578106492996,0.7277584100710854,0.5660101919461686,-0.028221201318063875,0.642547797136829,0.2698991079186527,-0.16950772820186769,0.1357777720970713,0.9273886905020485,0.7199808843436406,0.6317534776757852,0.23864252022739052,-0.1957486999253183,1.498361917868816,0.0,0.2698991079186527,0.28621583576728044,0.0,False,0.5044071409175694,55.2
1999,00-0000722,T.Banks,BAL,11,,,-37.15,5.308,2093,0,3,2096,16,0,0,0,16,8,6,14,8,9.818,355.0,-0.1046,318.0,33.0,0.0,4.0,-22.35,6.0,135.0,-0.1655,45.7,51.6,-1.198,,,0.0,,,0.3718,0.1324,,0.5,0.0,banks,-0.39573216744883283,-0.68150981446116,0.2338454861969607,-0.0451378812623615,0.33115119113862984,-0.028221201318063875,-0.023495242394501674,0.2698991079186527,-1.2736352313311692,-0.47417669006818597,0.9273886905020485,0.1886490904030612,0.7906718436851224,-0.3823668235691467,-0.7735016106111883,-0.6014108537249236,0.0,0.2698991079186527,0.28621583576728044,0.0,False,-0.16910339318877202,32.8
1999,00-0003535,T.Couch,CLE,15,,,-78.72,4.031,2409,0,3,2412,15,0,0,0,15,12,6,18,2,7.75,463.0,-0.17,393.0,56.0,0.0,14.0,-5.36,2.0,54.0,-0.0994,63.4,51.7,-2.075,,,0.0,,,0.3391,0.1663,,0.125,0.0,couch,-0.8767358427109537,-1.6308424079238313,-0.7281437086793975,0.24631227155550153,0.2137216907348604,-0.655359008386151,-0.6171922276319117,-1.4169703165729268,-0.2726146188356072,-0.18742000479703724,-0.36965842908123614,1.1197949075068492,0.7959691225521004,-1.1494445623150107,-1.4758257808501463,-1.8702575018002858,0.0,-1.4169703165729268,0.28621583576728044,0.0,False,-0.6482930872810553,16.9
1999,00-0004293,T.Dilfer,TB,10,,,-26.2,4.461,1610,41,26,1677,11,0,0,0,11,10,5,15,11,8.71,281.0,-0.0932,241.0,26.0,3.0,11.0,0.0,0.0,0.0,0.0,39.1,37.9,-2.45,,,0.0,,,0.427,0.1495,,0.6875,0.0,dilfer,-0.3118874901095641,-0.4314450586657245,-0.4042162585644135,-0.431586026929085,-0.2559963108802173,-0.18500565308508565,-0.34158821127411954,1.1133338201644425,0.043187057619732024,0.24379957940798808,-1.0181819888728785,-0.1585578244491989,0.06494463890914874,-1.4774424551652943,0.41207313548026275,-1.2414485434620532,0.0,1.1133338201644425,0.28621583576728044,0.0,False,-0.35241335169552,26.8
1999,00-0006299,T.Graziani,ATL,11,,,-28.22,4.567,753,0,-12,741,2,0,0,0,2,3,4,7,5,10.556,133.0,-0.2122,115.0,12.0,0.0,6.0,-16.76,0.0,29.0,-0.5781,15.5,5.9,-0.733,,,0.0,,,0.3684,0.1729,,0.3125,0.0,graziani,-1.1871082447914048,-0.47757572594488246,-0.32436437551281305,-1.2948687580604767,-1.3128618145141422,1.0692699610510885,0.18837534518055074,-0.573535604327137,-0.9442823635353957,-2.2641284047864296,-1.0181819888728785,-1.4000855805875834,-1.6301845985237822,0.024350563565205142,-0.8465261420733432,-2.11728959257602,0.0,-0.573535604327137,0.28621583576728044,0.0,False,-0.8296445903458918,10.9
2000,00-0001823,A.Brooks,NO,8,,,10.39,6.298,1494,48,-5,1537,9,0,2,0,11,6,1,7,10,13.615,234.0,0.0444,193.0,15.0,7.0,19.0,8.62,6.0,164.0,0.0526,29.7,29.7,0.152,,,0.0,,,0.406,0.1325,,0.625,0.0,brooks,0.5089672372564046,0.21157111800162076,0.8331140133261072,-0.7036519835825243,-0.3450898321841545,1.0600754919870958,0.9893008885893011,0.8347245677440486,0.5807724775398057,0.37500625714491664,1.0571580640130334,-0.8189773264227452,-0.46699722811698424,0.40964679772234824,-0.1479463987900219,-0.35854732778908616,0.0,0.8347245677440486,0.2612484609366328,0.0,False,0.22862035706610978,51.5
2000,00-0015082,A.Smith,CIN,11,,,-98.56,2.862,1246,96,-9,1333,3,0,0,0,3,6,8,14,4,6.379,321.0,-0.307,262.0,35.0,11.0,13.0,0.0,0.0,0.0,0.0,32.1,14.3,-2.318,,,0.0,,,0.2897,0.1682,,0.25,0.0,smith,-1.8679287295501206,-1.7933658635979006,-1.5879838113828568,-0.8823983687355632,-1.2149052996072287,0.11189685748752669,-0.7348997594873987,-0.7992043733719615,0.08530591674012464,0.2368884186811309,-1.1041428668580568,-0.7019048198358345,-1.2254127173376892,-1.3687449628314194,-2.383775902312222,-1.7797552005750805,0.0,-0.7992043733719615,0.2612484609366328,0.0,False,-1.138589792726257,1.5
2000,00-0005106,B.Favre,GB,16,,,-10.41,5.259,3764,14,-22,3756,20,0,0,0,20,16,11,27,9,11.387,625.0,-0.0167,577.0,33.0,3.0,12.0,5.95,5.0,157.0,0.0379,70.0,57.1,-1.265,,,0.0,,,0.4192,0.1104,,0.5625,0.0,favre,0.0956822527035341,-0.17119794319406575,0.10100672581952604,1.240653058841952,0.6334525686668039,-1.6490063208688162,0.4584110262461714,0.5624030775580469,0.42730429687447524,0.33640678517880157,0.6969412422011849,1.1468651800157947,0.882391369587387,-0.6105884754374447,0.1058192886260831,0.5212480220308159,0.0,0.5624030775580469,0.2612484609366328,0.0,False,0.19489843467833884,50.3
2000,00-0006423,B.Griese,DEN,10,,,83.44,7.648,2608,44,5,2657,19,0,1,0,20,4,3,7,11,16.724,368.0,0.2267,332.0,17.0,6.0,13.0,0.68,0.0,2.0,0.3388,40.8,38.5,0.574,,,0.0,,,0.4946,0.0788,,0.6875,0.0,griese,1.7420581158814177,1.5558634218643563,1.7843602482961598,0.27770071921847317,0.6334525686668039,1.0600754919870958,1.7301162306112,1.1070460579300503,0.12439144589833614,1.1265143439954008,-1.1041428668580568,-0.27751698345828396,-0.03361694856229569,0.7134853900112916,1.555359654624138,1.7792359430402682,0.0,1.1070460579300503,0.2612484609366328,0.0,False,0.937737529419167,77.4
2000,00-0007834,B.Huard,SEA,5,,,-17.63,4.101,508,21,0,529,3,0,0,0,3,2,0,2,6,11.852,102.0,-0.1728,86.0,13.0,3.0,0.0,0.0,0.0,0.0,0.0,11.3,8.8,-0.206,,,0.0,,,0.3235,0.1471,,0.375,0.0,huard,-0.9601898600411973,-0.3040629730898761,-0.714951155732564,-1.5868694161034222,-1.2149052996072287,1.7373459452010738,0.5692116483240688,-0.2545613929999581,0.08530591674012464,0.2368884186811309,-1.1041428668580568,-1.716533210255726,-1.4962753920593694,0.15188799194168076,-1.7339819451406797,-0.9397695950909217,0.0,-0.2545613929999581,0.2612484609366328,0.0,False,-0.5494076349805237,23.1
2000,00-0008442,B.Johnson,WAS,12,,,-4.9,4.971,2489,15,-2,2502,11,0,1,0,12,15,6,21,8,9.367,396.0,-0.0124,359.0,20.0,2.0,15.0,-26.14,1.0,71.0,-0.3682,45.6,35.3,-1.199,,,0.0,,,0.4293,0.1288,,0.5,0.0,johnson,0.12476777534800781,-0.06980094669463148,-0.10192580430741875,0.14188851481297796,-0.23636289875627023,-0.8362817770120425,-0.02291640729652241,0.2900815873720452,-1.4171878070770056,-0.7299364505653693,-0.7439260450462085,-0.043371970284462644,-0.1912097774912735,-0.5630686956007854,0.2999884888459817,-0.2112512737468398,0.0,0.2900815873720452,0.2612484609366328,0.0,False,-0.25783778491095727,33.7
2000,00-0000865,C.Batch,DET,15,,,-75.18,4.238,2469,33,-1,2501,13,0,0,0,13,14,4,18,9,9.594,464.0,-0.162,404.0,38.0,6.0,16.0,-20.33,1.0,81.0,-0.2509,56.5,40.6,-2.01,,,0.0,,,0.3599,0.1379,,0.5625,0.0,batch,-0.8871378496783331,-1.3631187169269798,-0.6184172785541213,0.1410123070426199,-0.12763596532838598,-0.4299195050836557,0.031173358750106708,0.5624030775580469,-1.0832364476516985,-0.4219284191622881,-0.7439260450462085,0.48833233046442276,0.06980334542234595,-1.146985990260342,-1.0342038374174807,-0.5735199472020933,0.0,0.5624030775580469,0.2612484609366328,0.0,False,-0.5581126867326582,22.7
2000,00-0002876,C.Chandler,ATL,14,,,-77.41,4.434,2227,35,-2,2260,10,0,0,0,10,12,3,15,4,8.69,384.0,-0.2016,329.0,40.0,5.0,10.0,-2.8,2.0,47.0,-0.0596,53.2,41.7,-2.156,,,0.0,,,0.3932,0.151,,0.25,0.0,chandler,-1.154995221008835,-1.4041559768532481,-0.48031041777328415,-0.07015376561366615,-0.45381676561203876,-0.023557233155268906,-0.18423258180563354,-0.7992043733719615,-0.07563449744074623,0.08038987928109992,-0.3837092232343602,0.3273576339074209,0.1239758803666821,-1.2521055032323465,-0.39402221689048816,-1.0950275980003157,0.0,-0.7992043733719615,0.2612484609366328,0.0,False,-0.5697839347641676,22.3
2000,00-0011044,C.McNown,CHI,10,,,-63.63,4.164,1635,81,81,1797,8,1,1,0,10,8,6,14,5,7.448,332.0,-0.1917,277.0,27.0,11.0,17.0,-11.25,1.0,42.0,-0.2678,40.9,47.6,-1.651,,,0.0,,,0.3825,0.1325,,0.3125,0.0,mcnown,-1.0880308781762096,-1.150571473811106,-0.6705596647672951,-0.4758379632894357,-0.45381676561203876,0.11189685748752669,-0.48017746916208176,-0.5268828831859598,-0.5613296759508744,-0.466304682851223,-0.7439260450462085,-0.27263896235049595,0.41453765870448456,-0.888507187815483,-0.599726221083846,-0.35854732778908616,0.0,-0.5268828831859598,0.2612484609366328,0.0,False,-0.5584475645793328,22.7
2000,00-0001361,D.Bledsoe,NE,16,,,-31.89,4.787,3247,63,40,3350,17,0,2,0,19,13,8,21,5,9.2,609.0,-0.0524,527.0,45.0,11.0,26.0,9.97,6.0,167.0,0.0597,71.5,65.5,-1.419,,,0.0,,,0.4171,0.1215,,0.3125,0.0,bledsoe,-0.14579522599593364,-0.5664806083134574,-0.23157714299963347,0.8849127040765904,0.5247256352389197,-0.8362817770120425,-0.06270931888148808,-0.5268828831859598,0.6583687486627255,0.3936495395231082,1.0571580640130334,1.2200354966326137,1.2960725455259532,-0.7214679617229833,0.06544747471897563,0.079359859904078,0.0,-0.5268828831859598,0.2612484609366328,0.0,False,0.07644447111925733,45.9
2000,00-0003739,D.Culpepper,MIN,16,,,119.78,7.501,3924,355,60,4339,33,2,4,0,39,14,7,21,11,15.88,583.0,0.2055,469.0,34.0,42.0,38.0,25.61,9.0,131.0,0.1955,76.3,81.2,4.467,,,0.0,,,0.4991,0.1149,,0.6875,1.0,culpepper,1.5986597251691286,2.224605137434128,1.6807801027105322,1.7514821889606855,2.699264303796605,-0.8362817770120425,1.5290071445171238,1.1070460579300503,1.5573359193015899,0.750235137686266,2.1378085294485785,1.4541805098064349,2.06926236245875,3.516432403710003,1.641870684425083,0.34210417251997605,0.0,1.1070460579300503,-3.7445612734250706,0.14,False,1.5546392563484823,100.0
2000,00-0005363,D.Flutie,BUF,10,,,13.33,7.103,1656,98,-12,1742,8,0,1,0,9,2,4,6,8,9.545,263.0,0.0507,225.0,9.0,14.0,15.0,9.22,5.0,89.0,0.1036,34.4,27.3,0.162,,,0.0,,,0.4297,0.0951,,0.5,0.0,flutie,0.5515809099680754,0.26567405261293414,1.400338620104546,-0.5240293906591275,-0.5625436990399231,1.1955295826298915,0.019497594273081086,0.2900815873720452,0.6152597091499923,0.5089227925375606,0.6969412422011849,-0.589710334356712,-0.5851918498137174,0.4168467643642664,0.30767835816162153,1.1303371103676707,0.0,0.2900815873720452,0.2612484609366328,0.0,False,0.370271637393025,56.7
2000,00-0009007,D.Kanell,ATL,5,,,-33.7,2.157,506,0,0,506,2,0,0,0,2,5,0,5,4,8.69,122.0,-0.2762,113.0,8.0,0.0,1.0,0.0,0.0,0.0,0.0,11.9,8.3,-1.248,,,0.0,,,0.3033,0.1066,,0.25,0.0,kanell,-1.6595952185152858,-0.5997888775809667,-2.08474573408944,-1.607022194821657,-1.323632233035113,1.3309836732726872,-0.18423258180563354,-0.7992043733719615,0.08530591674012464,0.2368884186811309,-1.1041428668580568,-1.6872650836089986,-1.5208992715795222,-0.598348532146184,-2.122320345580477,0.672525050506636,0.0,-0.7992043733719615,0.2612484609366328,0.0,False,-0.796604592518957,14.0
2000,00-0011022,D.McNabb,PHI,16,,,34.71,4.885,3320,505,50,3875,21,4,1,0,26,11,5,16,11,12.536,686.0,0.0506,565.0,45.0,53.0,23.0,13.37,6.0,130.0,0.1028,84.1,74.3,0.082,,,0.0,,,0.4213,0.1035,,0.6875,0.0,mcnabb,0.5509045024647155,0.6591164818611926,-0.16252371260921492,1.344921783514558,1.2858141692341096,-0.1590113237980645,0.7321957891870402,1.1070460579300503,0.853796394453783,0.5068221410019897,1.0571580640130334,1.834666156213894,1.7294528250806416,0.35924703122892165,0.14619110253319056,0.7959352579474369,0.0,1.1070460579300503,0.2612484609366328,0.0,False,0.6868711659583561,68.3
2000,00-0012726,D.Pederson,CLE,10,,,-64.08,2.726,1047,4,-2,1049,2,0,0,0,2,8,1,9,3,5.75,233.0,-0.275,210.0,16.0,2.0,5.0,-17.33,1.0,78.0,-0.2221,28.8,11.1,-1.461,,,0.0,,,0.3305,0.1202,,0.1875,0.0,pederson,-1.6514783284749677,-1.158852535231205,-1.6838130617205809,-1.1312413755172448,-1.323632233035113,0.7891673107015047,-0.8847784504271781,-1.0715258635579632,-0.9108002896007653,-0.3463049638817362,-0.7439260450462085,-0.8628795163928367,-1.3830055462666668,-0.7517078216190394,-1.5994092321169875,0.13111252754054264,0.0,-1.0715258635579632,0.2612484609366328,0.0,False,-0.908460856210602,9.9
2000,00-0006300,E.Grbac,KC,14,,,34.39,6.469,3848,31,4,3883,22,1,0,0,23,13,7,20,7,12.241,559.0,0.0615,513.0,27.0,7.0,12.0,-14.57,5.0,163.0,-0.0894,73.2,63.9,0.097,,,0.0,,,0.4436,0.0984,,0.4375,1.0,grbac,0.6246329203309395,0.6532277270735667,0.9536052030889808,1.3519314456774223,0.9596333689504567,-0.7008276863692469,0.6619029214171913,0.017760097186043548,-0.752159024193907,0.00214060958108445,0.6969412422011849,1.3029618554650089,1.2172761310614644,0.3700469811917988,0.5749013168800953,0.9989649540597216,0.0,0.017760097186043548,-3.7445612734250706,0.0,False,0.41609516232022054,58.4
2000,00-0005589,G.Frerotte,DEN,9,,,-3.1,6.248,1766,15,-9,1772,9,0,0,0,9,8,4,12,11,16.724,256.0,-0.0121,231.0,11.0,2.0,12.0,15.02,3.0,114.0,0.1317,27.2,17.3,-0.382,,,0.0,,,0.4727,0.1289,,0.6875,0.0,frerotte,0.12679699785808737,-0.03667670101423553,0.7978826712901795,-0.4977431575483865,-0.5625436990399231,0.3828050387731179,1.7301162306112,1.1070460579300503,0.9486362813817963,0.582708177724488,-0.023492401422511796,-0.9409278541174437,-1.0776694402167726,0.025168579043922404,1.1343393095928729,-0.21523224818041356,0.0,1.1070460579300503,0.2612484609366328,0.0,False,0.14699035902153462,48.5
2000,00-0001335,J.Blake,NO,11,,,7.44,5.447,2004,74,31,2109,13,0,0,0,13,8,3,11,10,13.615,349.0,0.0213,298.0,24.0,9.0,18.0,0.0,0.0,0.0,0.0,40.8,35.1,-0.397,,,0.0,,,0.467,0.1175,,0.625,0.0,blake,0.35271710398027845,0.15728415980319407,0.23347657187461468,-0.2024611389377292,-0.12763596532838598,0.5182591294159135,0.9893008885893011,0.8347245677440486,0.08530591674012464,0.2368884186811309,-1.1041428668580568,-0.27751698345828396,-0.20105932929933437,0.014368629081045262,1.0247586718450097,0.23859883724704678,0.0,0.8347245677440486,0.2612484609366328,0.0,False,0.1519578963354496,48.7
2000,00-0005180,J.Fiedler,MIA,14,,,33.03,5.119,2248,66,58,2372,13,0,1,0,14,13,3,16,11,9.788,391.0,0.0845,330.0,22.0,8.0,31.0,9.73,4.0,130.0,0.0748,58.1,45.2,0.065,,,0.0,,,0.4271,0.1304,,0.6875,0.0,fiedler,0.7802066461037059,0.6282005192261565,0.0023589681189275617,0.0279815046664336,-0.018909031900501697,-0.1590113237980645,0.07739985484282108,1.1070460579300503,0.6445738560186509,0.4332993372570087,0.3367244203893366,0.5663806681890299,0.2963430370077514,0.34700708793766094,0.25769420760996353,-0.27494686468402685,0.0,1.1070460579300503,0.2612484609366328,0.0,False,0.29939209395226735,54.1
2000,00-0005755,J.Garcia,SF,16,,,112.42,7.504,4238,52,56,4346,31,0,3,0,34,9,5,14,6,13.379,602.0,0.1867,550.0,23.0,8.0,21.0,24.82,8.0,171.0,0.1451,75.4,69.4,1.862,,,0.0,,,0.4585,0.0814,,0.375,0.0,garcia,1.4714951145374762,2.0891637773187313,1.6828939832326875,1.7576156433531918,2.1556296366571837,0.11189685748752669,0.9330665943734219,-0.2545613929999581,1.5119277310148442,0.6178940909453003,1.77759170763673,1.4102783198363438,1.488138805783145,1.6408410934903412,0.8613489488876691,1.6757306077673384,0.0,-0.2545613929999581,0.2612484609366328,0.1,False,1.4008549184904315,94.4
2000,00-0005885,J.George,WAS,6,,,27.7,5.755,1389,24,-2,1411,7,0,0,0,7,6,0,6,8,9.367,209.0,0.1325,193.0,11.0,3.0,2.0,4.95,2.0,87.0,0.0569,25.7,20.6,0.788,,,0.0,,,0.445,0.0909,,0.5,0.0,george,1.1048822477164357,0.5301159472947617,0.4505016388159303,-0.8140541626476366,-0.7799975658956916,1.1955295826298915,-0.02291640729652241,0.2900815873720452,0.36982557752416423,0.38629725914861013,-0.3837092232343602,-1.014098170734263,-0.9151518353837643,0.8675646761483387,0.601815859484834,1.2975380365777882,0.0,0.2900815873720452,0.2612484609366328,0.0,False,0.3055886957253451,54.3
2000,00-0006808,J.Harbaugh,LAC,7,,,-2.62,4.718,1389,14,0,1403,8,0,0,0,8,10,2,12,0,0.0,224.0,-0.0117,200.0,13.0,4.0,7.0,0.0,0.0,0.0,0.0,33.6,27.6,-0.929,,,0.0,,,0.4196,0.1205,,0.0,0.0,harbaugh,0.12950262787152678,-0.027843568832796612,-0.28019639500921395,-0.8210638248105009,-0.6712706324678074,0.3828050387731179,-2.254893669669995,-1.8884903341159682,0.08530591674012464,0.2368884186811309,-1.1041428668580568,-0.6287345032190155,-0.5704175221016258,-0.36866959626899704,0.11350915794172181,0.11916960423982019,0.0,-1.8884903341159682,0.2612484609366328,0.0,False,-0.2972012977808114,32.3
2000,00-0009311,J.Kitna,SEA,15,,,-20.78,4.456,2643,44,1,2688,18,0,1,0,19,19,9,28,6,11.852,481.0,-0.0432,415.0,32.0,6.0,28.0,6.84,7.0,150.0,0.0456,57.5,55.9,-1.196,,,0.0,,,0.4345,0.1476,,0.375,0.0,kitna,-0.08356573568682711,-0.3620304030305691,-0.46480862727747574,0.3048631600995722,0.5247256352389197,-1.7844604115116116,0.5692116483240688,-0.2545613929999581,0.47846035709625206,0.35662555620867137,1.4173748858248816,0.5371125415423021,0.8232940587390202,-0.5609087056082099,0.39995678994929557,-0.9596744672587928,0.0,-0.2545613929999581,0.2612484609366328,0.0,False,-0.04817734715515182,41.4
2000,00-0013042,J.Plummer,ARI,14,,,-63.08,4.148,2852,133,8,2993,12,0,0,0,12,20,8,28,3,8.077,523.0,-0.1206,470.0,22.0,12.0,19.0,-33.07,3.0,127.0,-0.2604,67.0,52.2,-0.881,,,0.0,,,0.3958,0.1071,,0.1875,0.0,plummer,-0.6071051432873537,-1.1404501765198738,-0.681833694218792,0.5721065300587724,-0.23636289875627023,-1.7844604115116116,-0.3302987782223024,-1.0715258635579632,-1.815515332174661,-0.44687365614719243,-0.023492401422511796,1.0005245467821564,0.64107735028989,-0.33410975638779017,-0.34403806633883127,0.652620178338765,0.0,-1.0715258635579632,0.2612484609366328,0.0,False,-0.4108295881101323,28.1
2000,00-0003292,K.Collins,NYG,16,,,56.5,5.868,3576,61,-12,3625,22,0,0,0,22,12,6,18,12,11.31,588.0,0.0961,523.0,28.0,10.0,27.0,12.29,5.0,138.0,0.089,66.0,57.9,0.131,,,0.0,,,0.4388,0.1088,,0.75,0.0,collins,0.8586699164934488,1.060103878181097,0.5301244718171276,1.1258698409250496,0.8509064355225725,-0.4299195050836557,0.4400633963537024,1.379367548116052,0.7917193775554471,0.4705859020133919,0.6969412422011849,0.9517443357042771,0.9217895768196313,0.3945268677743203,0.48262288509242124,0.5849436129680036,0.0,1.379367548116052,0.2612484609366328,0.0,False,0.6725375225691355,67.7
2000,00-0006212,K.Graham,PIT,8,,,-47.95,4.863,878,5,2,885,1,0,0,0,1,1,2,3,9,10.355,169.0,-0.2837,148.0,13.0,1.0,7.0,-16.81,0.0,9.0,-1.8676,19.7,3.0,-1.498,,,0.0,,,0.3018,0.1243,,0.5625,0.0,graham,-1.710325781267275,-0.8620224892174346,-0.17802550310502274,-1.2749394498559623,-1.4323591664629973,1.6018918545582783,0.2125051295055476,0.5624030775580469,-0.8809113555386037,-4.667082591109102,-1.1041428668580568,-1.3067794372015393,-1.7819123944931414,-0.7783476981941362,-2.1511573555141252,-0.032107424235999917,0.0,0.5624030775580469,0.2612484609366328,0.0,False,-0.9785230176359085,7.4
2000,00-0015700,K.Stewart,PIT,15,,,3.98,4.882,1808,224,63,2095,11,1,5,0,17,8,4,12,9,10.355,372.0,0.0107,286.0,28.0,21.0,37.0,8.66,6.0,132.0,0.0656,46.7,51.5,-0.356,,,0.0,,,0.4086,0.1478,,0.5625,0.0,stewart,0.28101790862413395,0.09361199866198852,-0.1646375931313707,-0.21472804772274168,0.3072717683831511,0.3828050387731179,0.2125051295055476,0.5624030775580469,0.5830716263138181,0.4091418445979435,1.0571580640130334,0.010286261901204767,0.606603918961676,0.04388849231290945,-0.09796224823836497,-0.9676364161259404,0.0,0.5624030775580469,0.2612484609366328,0.0,False,0.14305600301214838,48.4
2000,00-0017200,K.Warner,LA,11,,,79.22,7.842,3383,3,7,3393,21,0,0,0,21,18,3,21,0,0.0,383.0,0.2069,347.0,20.0,1.0,15.0,4.31,3.0,129.0,0.0334,47.7,31.3,1.895,,,0.0,,,0.517,0.1305,,0.0,0.0,warner,1.6081294302161666,1.4782054681025392,1.92105785539556,0.9225896382019858,0.7421795020946882,-0.8362817770120425,-2.254893669669995,-1.8884903341159682,0.33303919713996516,0.3245906202912154,-0.023492401422511796,0.05906647297908417,-0.38820081365249537,1.664600983408671,1.9859923362999534,-0.2789278391176017,0.0,-1.8884903341159682,0.2612484609366328,0.0,False,0.6852872977757573,68.2
2000,00-0002110,M.Brunell,JAX,16,,,11.15,5.543,3640,158,3,3801,20,1,1,0,22,14,8,22,7,12.233,600.0,0.0186,511.0,53.0,22.0,14.0,29.08,7.0,128.0,0.2272,66.7,55.0,-0.3,,,0.0,,,0.4583,0.13,,0.4375,0.0,brunell,0.3344541013895624,0.2255569106222324,0.3011207485835963,1.2800824085080635,0.8509064355225725,-0.9717358676548381,0.6599966741556363,0.017760097186043548,1.756787075447169,0.8334734547832624,1.4173748858248816,0.9858904834587928,0.7789710756027453,0.08420830550765074,0.8575040142298487,-0.25902296694973065,0.0,0.017760097186043548,0.2612484609366328,0.0,False,0.4833843819790816,60.8
2000,00-0010346,P.Manning,IND,16,,,130.09,7.316,4388,22,-9,4401,33,0,1,0,34,14,5,19,10,14.3,608.0,0.214,566.0,20.0,4.0,18.0,18.16,8.0,149.0,0.1219,72.2,70.8,2.238,,,0.0,,,0.4819,0.0872,,0.625,1.0,manning,1.6561543629547162,2.4143334557479514,1.5504241371775989,1.8058070707228835,2.1556296366571837,-0.5653735957264513,1.1525233103599672,0.8347245677440486,1.129119460141773,0.5569751964137446,1.77759170763673,1.2541816443871294,1.5570856684395722,1.9115598392264612,1.3112063038525823,1.4448340906200339,0.0,0.8347245677440486,-3.7445612734250706,0.0,False,1.324673372280678,91.6
2000,00-0003761,R.Cunningham,DAL,6,,,16.34,5.568,840,74,15,929,6,0,1,0,7,4,2,6,5,10.889,155.0,0.1054,124.0,8.0,9.0,14.0,0.0,0.0,0.0,0.0,20.5,21.2,-0.284,,,0.0,,,0.4065,0.1226,,0.3125,0.0,cunningham,0.9215758143059153,0.3210651523340407,0.31873641960155985,-1.2363863079602087,-0.7799975658956916,1.1955295826298915,0.3397471342143585,-0.5268828831859598,0.08530591674012464,0.2368884186811309,-1.1041428668580568,-1.2677552683392357,-0.8856031799595812,0.09572825213471968,-0.1383340621454735,0.03556914113476148,0.0,-0.5268828831859598,0.2612484609366328,0.0,False,-0.05716172657851358,41.1
2000,00-0005741,R.Gannon,LV,16,,,106.08,6.683,3343,268,38,3649,28,0,2,0,30,11,5,16,0,0.0,550.0,0.1929,465.0,27.0,32.0,26.0,36.15,9.0,131.0,0.276,68.8,57.7,2.033,,,0.0,,,0.4618,0.1036,,0.0,0.0,gannon,1.5134323797457871,1.972492823088892,1.1043953470027519,1.1468988274136425,1.7207219029456466,-0.1590113237980645,-2.254893669669995,-1.8884903341159682,2.163161621253868,0.9616131984530865,2.1378085294485785,1.0883289267223393,0.9119400250115703,1.7639605230671405,0.9247903707416948,0.7919542835138627,0.0,-1.8884903341159682,0.2612484609366328,0.0,False,1.1349937207206282,84.7
2000,00-0008612,R.Johnson,BUF,11,,,-34.24,5.123,1911,174,-3,2082,12,0,0,0,12,6,4,10,8,9.545,345.0,-0.0992,274.0,44.0,25.0,2.0,-40.23,0.0,58.0,-0.6936,41.1,36.4,0.006,,,0.0,,,0.4232,0.1623,,0.5,0.0,johnson,-0.46235393756834503,-0.6097261512850854,0.005177475481802108,-0.22611874873739612,-0.23636289875627023,0.6537132200587091,0.019497594273081086,0.2900815873720452,-2.2270629627228877,-1.5843764626588268,-1.1041428668580568,-0.26288292013491993,-0.13703724254693733,0.3045272847503442,0.1827179817824787,-1.544877708994202,0.0,0.2900815873720452,0.2612484609366328,0.0,False,-0.4043191043796019,28.4
2000,00-0009715,R.Leaf,LAC,10,,,-90.39,3.238,1779,13,-11,1781,11,0,0,0,11,17,7,24,0,0.0,355.0,-0.2546,306.0,30.0,2.0,17.0,-40.85,4.0,158.0,-0.2585,42.6,37.9,-3.375,,,0.0,,,0.3408,0.1718,,0.0,0.0,leaf,-1.5134911977895573,-1.6430185929263255,-1.3230441192726792,-0.4898572876151642,-0.3450898321841545,-1.2426440489404293,-2.254893669669995,-1.8884903341159682,-2.262699768720081,-0.4418846087502115,0.3367244203893366,-0.18971260351810085,-0.06316560398647907,-2.129781436882161,-1.4013950972392695,-1.923070280183753,0.0,-1.8884903341159682,0.2612484609366328,0.0,False,-1.1799796019381186,0.0
2000,00-0001218,S.Beuerlein,CAR,16,,,-14.23,5.017,3691,74,8,3773,19,0,1,0,20,18,12,30,7,11.481,616.0,-0.0231,525.0,60.0,16.0,15.0,-8.77,3.0,130.0,-0.0675,77.5,66.7,-2.415,,,0.0,,,0.4643,0.1558,,0.4375,0.0,beuerlein,0.052392172488503475,-0.2414949534713505,-0.06951296963436492,1.2555485909380386,0.6334525686668039,-2.055368592797203,0.48080943156944517,0.017760097186043548,-0.418782451962103,0.059645945367337416,-0.023492401422511796,1.5127167630998901,1.35516985637432,-1.4385846392580248,0.972852053964442,-1.2861143708118778,0.0,0.017760097186043548,0.2612484609366328,0.0,False,-0.09548157612934151,39.7
2000,00-0002787,S.Case,DET,5,,,-19.51,3.02,498,74,41,613,1,0,1,0,2,3,2,5,9,9.594,117.0,-0.1668,90.0,12.0,6.0,9.0,-5.37,2.0,71.0,-0.0756,13.8,6.2,-1.181,,,0.0,,,0.4017,0.1709,,0.5625,0.0,case,-0.919605409839606,-0.33865940746717865,-1.4766527705493249,-1.5132679633933472,-1.323632233035113,1.3309836732726872,0.031173358750106708,0.5624030775580469,-0.22335480617104558,0.03837684856968221,-0.3837092232343602,-1.5945826825610274,-1.6243195655641638,-0.5501087556453329,-0.23061249393314756,-1.8872415102815847,0.0,0.5624030775580469,0.2612484609366328,0.0,False,-0.6753748624309686,18.5
2000,00-0009266,S.King,TB,16,,,0.73,4.856,2689,189,17,2895,18,0,3,0,21,13,3,16,10,12.516,504.0,0.0014,421.0,37.0,27.0,19.0,14.03,3.0,139.0,0.1009,65.6,56.8,-1.328,,,0.0,,,0.4147,0.125,,0.625,0.0,king,0.2181120108116676,0.033804332850162516,-0.18295789099005305,0.4862381685636851,0.7421795020946882,-0.1590113237980645,0.7274301710331522,0.8347245677440486,0.8917323492249882,0.5018330936050088,-0.023492401422511796,0.932232251273125,0.8676170418752951,-0.6559482652815287,0.019308258825138074,-0.059974245271019674,0.0,0.8347245677440486,0.2612484609366328,0.0,False,0.2126652365816088,50.9
2000,00-0010560,S.Matthews,CHI,6,,,-37.44,3.95,949,5,-3,951,3,0,0,0,3,6,1,7,5,7.448,186.0,-0.2013,176.0,5.0,1.0,4.0,2.88,2.0,90.0,0.032,21.6,14.3,-0.287,,,0.0,,,0.4032,0.0806,,0.3125,0.0,matthews,-1.1529659984987555,-0.6686136991613448,-0.8213498086810661,-1.217109737012332,-1.2149052996072287,1.0600754919870958,-0.48017746916208176,-0.5268828831859598,0.2508446284690204,0.32091448010396634,-0.3837092232343602,-1.2140970361535683,-1.2254127173376892,0.09356826214214425,-0.2017754839994992,1.707578403235932,0.0,-0.5268828831859598,0.2612484609366328,0.0,False,-0.31679479257421156,31.6
2000,00-0011024,S.McNair,TEN,16,,,-8.41,5.67,2757,244,25,3026,15,0,0,0,15,13,10,23,13,11.533,469.0,-0.0179,389.0,23.0,24.0,33.0,-15.98,4.0,116.0,-0.1377,61.0,42.9,-0.012,,,0.0,,,0.4243,0.1237,,0.8125,0.0,mcnair,0.08756536266321586,-0.13439322577140358,0.39060835735485294,0.6010213864805876,0.08981790152738257,-1.1071899582976337,0.49320003876955404,1.6516890383020537,-0.8332040184778455,-0.12468622687900775,0.3367244203893366,0.7078432803148801,0.1830731912150485,0.29156734479489166,0.20386512240048726,-0.008221577634555045,0.0,1.6516890383020537,0.2612484609366328,0.0,False,0.12476814611781274,47.7
2000,00-0011434,S.Mitchell,CIN,8,,,-39.15,2.891,966,19,8,993,3,1,0,0,4,8,3,11,4,6.379,207.0,-0.1891,186.0,16.0,2.0,3.0,-16.58,3.0,119.0,-0.1393,23.9,19.0,-0.628,,,0.0,,,0.3527,0.1353,,0.25,0.0,mitchell,-1.0704442830888534,-0.700081732557721,-1.5675496330020189,-1.1803090106572947,-1.1061783661793445,0.5182591294159135,-0.7348997594873987,-0.7992043733719615,-0.867691250088032,-0.12888752995014957,-0.023492401422511796,-1.1019025506744458,-0.9939482498482533,-0.15195060034726254,-1.1726214850989924,-0.47001461192916405,0.0,-0.7992043733719615,0.2612484609366328,0.0,False,-0.695491630521505,17.7
2000,00-0000104,T.Aikman,DAL,11,,,-30.15,3.791,1616,6,7,1629,7,0,0,0,7,14,2,16,5,10.889,283.0,-0.1066,260.0,13.0,2.0,8.0,-6.6,0.0,36.0,-0.1833,35.9,21.2,-0.72,,,0.0,,,0.4523,0.1131,,0.3125,0.0,aikman,-0.5124080928169742,-0.5344605041557413,-0.9333854763553169,-0.6230408687095853,-0.7799975658956916,-0.1590113237980645,0.3397471342143585,-0.5268828831859598,-0.2940536309719281,-0.24442336440654824,-1.1041428668580568,-0.516540017739893,-0.8856031799595812,-0.21819029345290894,0.7421559744952553,0.41376171232431175,0.0,-0.5268828831859598,0.2612484609366328,0.0,False,-0.37044560475503263,29.6
2000,00-0000722,T.Banks,BAL,11,,,-31.47,4.062,1538,57,0,1595,8,0,0,0,8,8,2,10,12,9.794,310.0,-0.1015,272.0,20.0,10.0,8.0,-2.62,0.0,2.0,-1.308,31.4,25.8,-1.125,,,0.0,,,0.3903,0.1097,,0.75,0.0,banks,-0.4779113101456217,-0.5587516176546983,-0.7424316025205876,-0.6528319329017584,-0.6712706324678074,0.6537132200587091,0.07882954028898755,1.379367548116052,-0.06528832795769025,-3.197676841977267,-1.1041428668580568,-0.7360509675903503,-0.6590634883741757,-0.5097889424505916,-0.4497737694288752,0.5491148430658351,0.0,1.379367548116052,0.2612484609366328,0.0,False,-0.4668055600436205,26.1
2000,00-0003535,T.Couch,CLE,7,,,-9.01,5.136,1478,17,-4,1491,7,0,0,0,7,9,2,11,3,5.75,231.0,-0.039,211.0,10.0,4.0,6.0,0.0,0.0,0.0,0.0,41.0,38.9,0.272,,,0.0,,,0.3766,0.1082,,0.1875,0.0,couch,-0.05515662054571324,-0.14543464099820222,0.014337624411143288,-0.7439575410189939,-0.7799975658956916,0.5182591294159135,-0.8847784504271781,-1.0715258635579632,0.08530591674012464,0.2368884186811309,-1.1041428668580568,-0.26776094124270794,-0.013917844946173557,0.4960463974253653,-0.7131517934895296,0.6088294595694485,0.0,-1.0715258635579632,0.2612484609366328,0.0,False,-0.1287408652003833,38.4
2000,00-0004293,T.Dilfer,BAL,9,,,-30.02,4.448,1493,53,-3,1543,12,0,0,0,12,11,3,14,12,9.794,265.0,-0.1133,225.0,23.0,8.0,9.0,-34.77,3.0,86.0,-0.4044,30.4,38.7,-1.553,,,0.0,,,0.3925,0.1585,,0.75,0.0,dilfer,-0.5577273955420844,-0.5320681975232683,-0.4704456420032242,-0.6983947369603761,-0.23636289875627023,0.11189685748752669,0.07882954028898755,1.379367548116052,-1.91322915507019,-0.8249909325499517,-0.023492401422511796,-0.7848311786682297,-0.02376739675423445,-0.8179475147246856,-0.40747948819285695,-1.393600680518382,0.0,1.379367548116052,0.2612484609366328,0.0,False,-0.4978044377748956,24.9
2000,00-0006355,T.Green,LA,8,,,39.44,7.498,2007,58,-10,2055,16,1,0,0,17,5,4,9,0,0.0,278.0,0.1419,237.0,24.0,5.0,12.0,3.8,0.0,12.0,0.3166,28.9,25.4,0.585,,,0.0,,,0.4281,0.1583,,0.0,0.0,green,1.168464553032262,0.7461596385657886,1.6786662221883766,-0.249776358537063,0.3072717683831511,0.7891673107015047,-2.254893669669995,-1.8884903341159682,0.30372505027130653,1.0682212638833088,-1.1041428668580568,-0.8580014952850488,-0.678762591990298,0.7214053533174014,0.2769188808990624,-1.3856387316512333,0.0,-1.8884903341159682,0.2612484609366328,0.0,False,0.22681727367685756,51.4
2000,00-0016193,V.Testaverde,NYJ,16,,,-12.14,5.057,3692,31,5,3728,21,0,0,0,21,23,6,29,9,9.441,617.0,-0.0197,584.0,12.0,7.0,14.0,-18.34,4.0,177.0,-0.1036,69.9,55.3,-0.809,,,0.0,,,0.4279,0.081,,0.5625,0.0,testaverde,0.0753900276027385,-0.20303402376466853,-0.04132789600562258,1.216119241271927,0.7421795020946882,-1.9199145021544073,-0.0052836201271366295,0.5624030775580469,-0.9688537961445794,-0.03514595517529878,0.3367244203893366,1.141987158908007,0.7937454033148368,-0.28226999656597995,0.2730739462412431,1.6916545055016352,0.0,0.5624030775580469,0.2612484609366328,0.0,False,0.18183092788995903,49.8
2001,00-0001823,A.Brooks,NO,16,,,-30.11,4.97,3832,245,32,4109,26,0,0,0,26,22,7,29,7,11.483,674.0,-0.0447,560.0,50.0,28.0,36.0,-44.38,7.0,166.0,-0.2673,78.6,72.2,-0.983,,,0.0,,,0.3887,0.1291,,0.4375,0.0,brooks,0.07820499676225387,-0.3674153798025378,0.04634565012896622,1.1688020211949712,1.0754315311016283,-1.466551152078905,0.43018070302985933,0.04563791968118094,-1.9268736548960712,-1.4472459367289778,1.1946619182957636,1.1819993899718928,1.300469583955897,-0.3423707690538742,-0.6127028440204725,0.010705259289122165,0.0,0.04563791968118094,0.3182975350603833,0.0,False,-0.03184674170831219,50.8
2001,00-0016838,A.Van Pelt,BUF,12,,,5.96,5.317,2056,21,8,2085,12,0,0,0,12,11,3,14,3,9.815,336.0,0.0177,311.0,14.0,3.0,8.0,6.58,2.0,117.0,0.0562,40.6,37.5,-0.447,,,0.0,,,0.4286,0.0893,,0.1875,0.0,pelt,0.5354254348713725,0.3466576396980459,0.3298192375686911,-0.44994137689647856,-0.3736241000071384,0.40079658814578756,-0.07859070536122352,-1.0235933414207716,0.6229763913982591,0.6450485437607324,-0.5800170183030158,-0.47243871044694574,-0.2846727027936359,0.06516579365482149,0.3066886277581853,1.249630231486901,0.0,-1.0235933414207716,0.3182975350603833,0.0,False,0.16138237326437496,57.2
2001,00-0018272,A.Wright,DAL,4,,,-31.34,3.631,529,37,20,586,5,0,0,0,5,5,2,7,5,8.2,120.0,-0.2611,98.0,5.0,7.0,10.0,0.0,0.0,0.0,0.0,13.1,18.5,-0.817,,,0.0,,,0.35,0.1083,,0.3125,0.0,wright,-1.5074120353982152,-0.39176552712678847,-1.047519288147089,-1.6488032117478042,-1.0981519155615218,1.2722255335839774,-0.5711961157638604,-0.4889777108697953,0.2937375117943209,0.28156492767565755,-1.2898885929425277,-1.6697294410132106,-1.1526180471233514,-0.2161560873194647,-1.5044434444674417,0.6581836367191173,0.0,-0.4889777108697953,0.3182975350603833,0.0,False,-0.5544626275181906,33.5
2001,00-0005106,B.Favre,GB,16,,,60.84,6.994,3921,31,10,3962,32,1,0,0,33,15,6,21,12,13.929,564.0,0.1079,512.0,22.0,4.0,26.0,5.87,7.0,139.0,0.0422,71.2,70.2,0.029,,,0.0,,,0.4699,0.1011,,0.75,0.0,favre,1.196343439958592,1.4331097414499738,1.6998054223998667,1.0512351834877365,1.7999593466560115,-0.4706323572924022,1.1762567611381254,1.3821769960586217,0.5874506156355241,0.5545010237395395,1.1946619182957636,0.8598193388376982,1.2091069161317165,0.42708259188120057,1.2583394494238138,0.8823107673679618,0.0,1.3821769960586217,0.3182975350603833,0.0,False,1.024535332021315,85.9
2001,00-0006423,B.Griese,DEN,15,,,-36.74,4.453,2827,51,14,2892,23,0,0,0,23,19,4,23,8,12.143,526.0,-0.0698,454.0,38.0,5.0,29.0,-18.71,2.0,69.0,-0.2712,58.9,63.9,-1.216,,,0.0,,,0.4392,0.1483,,0.5,0.0,griese,-0.10570899356689485,-0.4986686129405714,-0.3760054873532742,0.19547656888405504,0.7649196101497496,-0.7196120559890279,0.6314931308105035,0.31294573495666905,-0.6424417340095825,-1.4724698887348817,-0.5800170183030158,0.32430384843896864,0.9213145124855475,-0.5195275211268707,0.5509379911881044,-0.5869670891077963,0.0,0.31294573495666905,0.3182975350603833,0.0,False,-0.16254361541584714,46.5
2001,00-0008442,B.Johnson,TB,16,,,9.72,4.789,3406,71,15,3492,13,0,3,0,16,11,5,16,9,11.172,638.0,0.0152,562.0,44.0,10.0,22.0,-22.83,4.0,108.0,-0.2114,71.6,53.3,-1.019,,,0.0,,,0.4373,0.1034,,0.5625,0.0,johnson,0.5171073083445649,0.42109386241282815,-0.10151809432806592,0.675341212587054,0.040391794595366355,0.1518168894491619,0.33531984690898003,0.5802535502321572,-0.8485913060412276,-1.085702624644357,0.129854556336496,0.8772344767368436,0.43709237301739046,-0.36974262774326416,0.5071574449129312,0.8107146006329139,0.0,0.5802535502321572,0.3182975350603833,0.0,False,0.1441121106406097,56.7
2001,00-0000865,C.Batch,DET,10,,,-23.7,5.082,2392,15,7,2414,12,0,0,0,12,12,5,17,2,10.0,383.0,-0.0619,344.0,33.0,2.0,4.0,0.0,0.0,0.0,0.0,46.6,38.7,-0.64,,,0.0,,,0.4178,0.1305,,0.125,0.0,batch,-0.04782371374218268,-0.24051745756802878,0.1378414478040359,-0.1868155972660008,-0.3736241000071384,0.027327040100849073,-0.02216222181664887,-1.2909011566962596,0.2937375117943209,0.28156492767565755,-1.2898885929425277,-0.21121164195976064,-0.22985510209912743,-0.08157778209663052,0.057830785772985206,-0.0328750161148202,0.0,-1.2909011566962596,0.3182975350603833,0.0,False,-0.14657365680968845,47.0
2001,00-0002876,C.Chandler,ATL,14,,,14.76,5.592,2847,62,1,2910,16,0,0,0,16,14,1,15,7,11.64,427.0,0.0346,366.0,41.0,7.0,13.0,7.98,4.0,100.0,0.0798,57.3,50.0,0.33,,,0.0,,,0.4426,0.1382,,0.4375,0.0,chandler,0.6592559701925921,0.5208700758390256,0.5544740979315848,0.20987250819514502,0.040391794595366355,0.27630673879747475,0.478068659335255,0.04563791968118094,0.6930272168459056,0.7976857917964578,0.129854556336496,0.2546432968423859,0.28634397110749266,0.6559417437008226,0.6292821266278902,-0.2725665308365006,0.0,0.04563791968118094,0.3182975350603833,0.0,False,0.3840851941566712,64.6
2001,00-0020434,C.Weinke,CAR,15,,,-118.7,3.724,2931,113,0,3044,11,1,3,0,15,19,5,24,1,8.724,601.0,-0.1975,543.0,26.0,15.0,17.0,-48.41,2.0,160.0,-0.3025,70.6,50.0,-4.307,,,0.0,,,0.3694,0.0915,,0.0625,0.0,weinke,-1.041398896556229,-2.1212198931808777,-0.9715450990061826,0.3170422786221481,-0.06311217905525983,-0.8441019053373408,-0.4113662488592275,-1.5582089719717478,-2.12851995957751,-1.674908272782263,-0.5800170183030158,0.8336966319889794,0.28634397110749266,-2.869705721374219,-1.057421024605136,1.1811469415664209,0.0,-1.5582089719717478,0.3182975350603833,0.0,False,-0.9301378901598691,21.0
2001,00-0003739,D.Culpepper,MIN,11,,,-8.08,5.289,2612,216,80,2908,14,2,1,0,17,13,10,23,5,10.741,460.0,-0.0176,368.0,33.0,30.0,29.0,0.0,0.0,0.0,0.0,57.9,45.9,-0.282,,,0.0,,,0.4609,0.137,,0.3125,1.0,culpepper,0.27677348831284865,0.06870961658221014,0.30694528814992333,0.2082729593828017,0.14389576824599254,-0.7196120559890279,0.2038567311916197,-0.4889777108697953,0.2937375117943209,0.28156492767565755,-1.2898885929425277,0.2807660036911045,0.09905050206792242,0.19062014598119242,1.0509579144361465,-0.23521200906169387,0.0,-0.4889777108697953,-2.581746673267553,0.0,False,-0.010947460329088235,51.5
2001,00-0005363,D.Flutie,LAC,16,,,8.35,5.093,3464,110,-6,3568,15,0,0,0,15,18,6,24,0,0.0,584.0,0.0143,522.0,25.0,20.0,17.0,0.07,3.0,131.0,0.0005,69.1,50.0,-0.638,,,0.0,,,0.4178,0.1045,,0.0,0.0,flutie,0.5105127827949141,0.39397215360451654,0.14682764221855177,0.7361240674561006,-0.06311217905525983,-0.8441019053373408,-3.0723505215233784,-1.825516787247236,0.2972400530667032,0.28479876767641443,-0.22508123098325988,0.7683898648671831,0.28634397110749266,-0.0800571232805533,0.057830785772985206,0.776472955672674,0.0,-1.825516787247236,0.3182975350603833,0.0,False,0.07523996128758838,54.4
2001,00-0011022,D.McNabb,PHI,15,,,-1.94,5.489,3233,270,68,3571,25,1,1,0,27,12,5,17,11,11.065,595.0,-0.0033,493.0,39.0,32.0,31.0,-7.07,5.0,128.0,-0.0552,74.8,79.4,-1.021,,,0.0,,,0.4,0.116,,0.6875,0.0,mcnabb,0.3815531720461883,0.1902623845260301,0.47033064114111917,0.7385233906746156,1.1789355047522545,0.027327040100849073,0.3026828321021177,1.1148691807831335,-0.06001915671629361,-0.07545100840790352,0.4847903436562519,1.016555579930009,1.6293751881229472,-0.3712632865593414,-0.35232380564706733,0.418492121997436,0.0,1.1148691807831335,0.3182975350603833,0.1,False,0.3829999235832451,64.6
2001,00-0006300,E.Grbac,BAL,14,,,-65.93,4.672,3033,20,-7,3046,15,1,0,0,16,18,8,26,10,10.1,512.0,-0.1288,466.0,28.0,5.0,13.0,-38.23,4.0,149.0,-0.2566,56.9,50.0,-2.151,,,0.0,,,0.4102,0.1211,,0.625,0.0,grbac,-0.5380167795995551,-1.0765391823672985,-0.1970985258279154,0.31864182743449143,0.040391794595366355,-1.0930816040339664,0.008339661180418319,0.8475613655076453,-1.6191503859653384,-1.3780417607127804,0.129854556336496,0.2372281589432403,0.28634397110749266,-1.2304355176429724,-0.11729139932771145,0.2597354044545047,0.0,0.8475613655076453,0.3182975350603833,0.0,False,-0.4090067667887144,38.3
2001,00-0005180,J.Fiedler,MIA,16,,,32.07,5.57,3290,174,55,3519,20,2,2,0,24,19,11,30,11,11.862,540.0,0.0594,450.0,27.0,28.0,35.0,-10.09,5.0,138.0,-0.0731,74.4,61.5,0.628,,,0.0,,,0.4685,0.1296,,0.6875,0.0,fiedler,0.8409717853385239,0.86355385647543,0.5365017091025538,0.696935121553689,0.8684235838003759,-1.5910410014272176,0.5457828395887442,1.1148691807831335,-0.21112879446764518,-0.19122248043500029,0.4847903436562519,0.9991404420308638,0.8116793110965309,0.8825199072963288,1.2260800995368444,-0.004859124783714272,0.0,1.1148691807831335,0.3182975350603833,0.0,False,0.5202104444128248,69.1
2001,00-0005755,J.Garcia,SF,16,,,66.63,6.624,3538,91,7,3636,32,3,2,0,37,12,5,17,12,15.148,576.0,0.1157,506.0,26.0,14.0,30.0,26.13,9.0,113.0,0.2312,65.4,72.5,1.447,,,0.0,,,0.4583,0.1024,,0.75,0.0,garcia,1.2534959947222317,1.5477336056836408,1.3975425193661546,0.7905087270757738,2.2139752412585163,0.027327040100849073,1.5480747148723755,1.3821769960586217,1.6011861324707504,1.7768925440256453,1.9045334929352753,0.6072998393000861,1.314173984129524,1.5052296924799515,0.9910476932174872,0.8418433687785867,0.0,1.3821769960586217,0.3182975350603833,0.0,False,1.317046751692426,95.6
2001,00-0009311,J.Kitna,CIN,16,,,-46.06,3.758,3216,56,4,3276,12,0,1,0,13,22,5,27,6,7.29,630.0,-0.0731,582.0,25.0,7.0,16.0,-11.8,2.0,182.0,-0.0648,66.5,56.5,-1.919,,,0.0,,,0.4159,0.0952,,0.375,0.0,kitna,-0.1298889205822809,-0.6831754203080636,-0.9437695889976795,0.5025899408539743,-0.2701201263565122,-1.2175714533822792,-0.8487632510371727,-0.2216698955943072,-0.2966908741215562,-0.13754073642243586,-0.5800170183030158,0.6551914685227365,0.5832726415360795,-1.0540390949780147,0.014050239497810722,1.065970499427431,0.0,-0.2216698955943072,0.3182975350603833,0.0,False,-0.2688388660571619,42.9
2001,00-0011276,J.Miller,CHI,14,,,-48.55,5.03,2299,0,-20,2279,13,0,0,0,13,10,5,15,13,12.071,429.0,-0.1132,394.0,11.0,0.0,24.0,-7.3,5.0,129.0,-0.0566,47.4,37.1,-1.596,,,0.0,,,0.38,0.0979,,0.8125,0.0,miller,-0.4237116700722754,-0.7324696209888634,0.09536125602632534,-0.29478514209917556,-0.2701201263565122,0.27630673879747475,0.6095317750526148,1.6494848113341096,-0.07152750661126407,-0.0845057604100228,0.4847903436562519,-0.1763813661614694,-0.3029452363584719,-0.8084526961815433,-0.8131716611752171,0.9819228254341147,0.0,1.6494848113341096,0.3182975350603833,0.0,False,-0.10444621136660599,48.4
2001,00-0013042,J.Plummer,ARI,16,,,23.88,5.738,3653,128,12,3793,18,0,0,0,18,14,6,20,7,10.536,582.0,0.041,525.0,29.0,16.0,12.0,-5.39,3.0,137.0,-0.0394,76.6,60.0,0.139,,,0.0,,,0.4124,0.0876,,0.4375,0.0,plummer,0.7061503741012197,0.701417509657859,0.6737454056151583,0.9160733088447252,0.24739974189661873,-0.3461425079440894,0.14132787104763173,0.04563791968118094,0.02404183382088214,0.02673833561601434,-0.22508123098325988,1.0949237004761645,0.7431573102283955,0.5107188267654478,-0.06659813521961548,1.302549137334545,0.0,0.04563791968118094,0.3182975350603833,0.0,False,0.44401286387321204,66.6
2001,00-0003292,K.Collins,NYG,16,,,-20.96,5.328,3764,47,18,3829,19,0,0,0,19,16,6,22,7,10.5,640.0,-0.0328,568.0,36.0,8.0,28.0,4.03,5.0,190.0,0.0212,69.8,57.6,-0.984,,,0.0,,,0.4219,0.1016,,0.4375,0.0,collins,0.16539927902985818,-0.1862740399514056,0.33880543198320695,0.9448651874669051,0.3509037155472449,-0.595122206640715,0.13034719316868762,0.04563791968118094,0.49538381647576024,0.41867974370774985,0.4847903436562519,0.7988663561906881,0.6335221088393789,-0.3431310984619128,0.15230459615625566,0.8667463832951253,0.0,0.04563791968118094,0.3182975350603833,0.0,False,0.2385801729094062,59.8
2001,00-0015700,K.Stewart,PIT,16,,,57.3,5.761,3109,166,252,3527,14,0,3,0,17,11,5,16,13,12.138,555.0,0.1032,443.0,29.0,22.0,61.0,26.24,8.0,132.0,0.1988,61.1,50.0,1.948,,,0.0,,,0.4523,0.1225,,0.8125,0.0,stewart,1.1619053620881938,1.3630288296387159,0.6925347212091455,0.7033333168030623,0.14389576824599254,0.1518168894491619,0.6299680366606499,1.6494848113341096,1.6066901258987798,1.5673397119765984,1.5495977056155195,0.42008710688427,0.28634397110749266,1.8861547259072957,0.8527933365590422,0.21615512905056278,0.0,1.6494848113341096,0.3182975350603833,0.0,False,0.9398467038430383,83.1
2001,00-0017200,K.Warner,LA,16,,,108.03,7.384,4830,54,-16,4868,36,0,0,0,36,22,10,32,0,0.0,609.0,0.1774,548.0,38.0,7.0,16.0,39.24,12.0,132.0,0.2972,71.5,62.1,3.199,,,0.0,,,0.509,0.1363,,0.0,0.0,warner,1.7055873574038443,2.3673239302559774,2.0184068607326986,1.775830795479265,2.11047126760789,-1.8400207001238433,-3.0723505215233784,-1.825516787247236,2.257162076484068,2.2037594241255554,2.969340854894543,0.8728806922620574,0.8390881114437851,2.8373268153635984,2.159297006981346,-0.21342187135972268,0.0,-1.825516787247236,0.3182975350603833,0.52,True,1.4502039934524456,100.0
2001,00-0002110,M.Brunell,JAX,15,,,-144.13,5.117,3309,167,6,3482,19,1,0,0,20,13,5,18,6,10.5,563.0,-0.256,474.0,57.0,20.0,12.0,-47.35,6.0,155.0,-0.3055,69.5,60.6,-1.253,,,0.0,,,0.4298,0.1439,,0.375,0.0,brunell,-1.4700430572835277,-2.624654239892822,0.16643388457749525,0.6673434685253373,0.4544076891978711,-0.09716280924746376,0.13034719316868762,-0.2216698955943072,-2.075481477452864,-1.6943113127868046,0.8397261309760078,0.785805002766329,0.7705661105756497,-0.5476597092242993,0.33433949908987504,-0.45000050926683616,0.0,-0.2216698955943072,0.3182975350603833,0.0,False,-0.462855765355678,36.5
2001,00-0007091,M.Hasselbeck,SEA,13,,,-23.02,4.323,2023,110,-2,2131,7,0,0,0,7,8,3,11,9,11.148,395.0,-0.0583,321.0,38.0,15.0,21.0,-0.28,1.0,59.0,-0.0047,43.3,21.9,-0.547,,,0.0,,,0.3772,0.1468,,0.5625,0.0,hasselbeck,-0.02144561154357969,-0.22705558750258945,-0.48220596679755134,-0.413151754212582,-0.8911439682602693,0.774266136190726,0.3279993949896836,0.5802535502321572,0.2797273467047916,0.2511668316685427,-0.9349528056227717,-0.3548865296277126,-0.9973015118222444,-0.010867147149039675,-0.8776903609491585,-0.5402739368892878,0.0,0.5802535502321572,0.3182975350603833,0.0,False,-0.24489749384929116,43.7
2001,00-0020308,M.McMahon,DET,7,,,-15.65,4.117,671,83,29,783,3,0,1,0,4,1,4,5,2,10.0,160.0,-0.0978,116.0,21.0,12.0,11.0,-7.83,3.0,82.0,-0.0955,15.1,12.9,-0.404,,,0.0,,,0.35,0.1875,,0.125,0.0,mcmahon,-0.3108720106671404,-0.08115267223451897,-0.6504928803784833,-1.4912476537319863,-1.2016558892121478,1.5212052322806031,-0.02216222181664887,-1.2909011566962596,-0.09804674767358738,-0.33609851246890915,-0.22508123098325988,-1.5826537515174823,-1.408433517031057,0.09785995820048177,-1.5044434444674417,-1.8072148004181723,0.0,-1.2909011566962596,0.3182975350603833,0.0,False,-0.5817692843066005,32.6
2001,00-0020245,M.Vick,ATL,8,,,-33.86,4.306,785,179,6,970,2,0,1,0,3,3,7,10,7,11.64,158.0,-0.2143,113.0,21.0,10.0,14.0,-4.89,1.0,68.0,-0.072,19.1,9.4,-0.847,,,0.0,,,0.3861,0.2342,,0.4375,0.0,vick,-1.1644967068163763,-0.4416536338398871,-0.4960937218018033,-1.341689839777885,-1.305159862862774,0.8987559855390389,0.478068659335255,0.04563791968118094,0.04905998576647015,-0.18410803243333512,-0.9349528056227717,-1.4085023725260255,-1.568318185723373,-0.23896596956062305,-0.6726130652391317,-3.260928272821094,0.0,0.04563791968118094,0.3182975350603833,0.0,False,-0.7440531469193165,27.2
2001,00-0010346,P.Manning,IND,16,,,10.42,5.875,4131,51,45,4227,26,1,3,0,30,23,8,31,6,13.323,601.0,0.0173,547.0,29.0,10.0,15.0,9.49,7.0,137.0,0.0693,69.5,61.2,0.414,,,0.0,,,0.4642,0.1115,,0.375,1.0,manning,0.5324945346270833,0.4349516698331333,0.785664372414127,1.2631754011232277,1.489447425704133,-1.7155308507755305,0.9914153501758975,-0.2216698955943072,0.7685820357215813,0.729775151780563,1.1946619182957636,0.785805002766329,0.797974910922904,0.719809413976066,1.1269978105982916,0.5585715786529639,0.0,-0.2216698955943072,-2.581746673267553,0.0,False,0.5498437992222975,70.1
2001,00-0020404,Q.Carter,DAL,8,,,-28.48,4.306,1072,50,85,1207,5,0,1,0,6,7,2,9,5,8.2,229.0,-0.1244,174.0,12.0,7.0,36.0,-10.46,4.0,140.0,-0.0747,27.0,22.2,-1.057,,,0.0,,,0.3581,0.1441,,0.3125,0.0,carter,-0.5057768769123736,-0.3351464853809701,-0.4960937218018033,-1.1521433055152004,-0.9946479419108956,1.0232458348873517,-0.5711961157638604,-0.4889777108697953,-0.22964222690738037,-0.2015707684374224,0.129854556336496,-1.0645533990178986,-0.9835971116486173,-0.39863514524873145,-1.3178000629785414,-0.4562262628959709,0.0,-0.4889777108697953,0.3182975350603833,0.0,False,-0.46982795249692294,36.3
2001,00-0003761,R.Cunningham,BAL,5,,,-1.44,4.543,573,0,15,588,3,0,0,0,3,2,0,2,10,10.1,116.0,-0.0124,93.0,12.0,0.0,11.0,0.0,0.0,0.0,0.0,11.0,9.4,0.031,,,0.0,,,0.3966,0.1638,,0.625,0.0,cunningham,0.3148751914886085,0.20016081839767666,-0.3024820785072363,-1.647203662935461,-1.305159862862774,1.8946747803255415,0.008339661180418319,0.8475613655076453,0.2937375117943209,0.28156492767565755,-1.2898885929425277,-1.7611589149837255,-1.568318185723373,0.4286032506972778,-0.430667941086853,-1.0694629953657258,0.0,0.8475613655076453,0.3182975350603833,0.0,False,-0.24533089769243466,43.7
2001,00-0005741,R.Gannon,LV,16,,,91.18,6.611,3828,173,4,4005,27,0,2,0,29,9,7,16,0,0.0,630.0,0.1447,549.0,27.0,29.0,25.0,1.21,5.0,178.0,0.0068,75.7,69.0,1.42,,,0.0,,,0.4857,0.0937,,0.0,0.0,gannon,1.4659862624332003,2.033746708781488,1.386922471421727,1.0856254829531182,1.3859434520535068,0.1518168894491619,-3.0723505215233784,-1.825516787247236,0.35428143950264385,0.32554515168595133,0.4847903436562519,1.0557396402030872,1.154289315437208,1.484700798462909,1.6224092552910525,1.1126636516459405,0.0,-1.825516787247236,0.3182975350603833,0.0,False,0.9773728362318564,84.3
2001,00-0008612,R.Johnson,BUF,8,,,-33.46,4.25,1465,136,4,1605,5,0,1,0,6,7,4,11,3,9.815,272.0,-0.123,217.0,31.0,16.0,8.0,0.0,0.0,0.0,0.0,31.2,18.8,-0.79,,,0.0,,,0.3897,0.1654,,0.1875,0.0,johnson,-0.4955187260573614,-0.4337348867425699,-0.541841620639338,-0.8338330918588778,-0.9946479419108956,0.774266136190726,-0.07859070536122352,-1.0235933414207716,0.2937375117943209,0.28156492767565755,-1.2898885929425277,-0.8816944510768692,-1.138913646949724,-0.19562719330242226,-0.589660451244065,-1.1192690243988022,0.0,-1.0235933414207716,0.3182975350603833,0.0,False,-0.4836646800393354,35.8
2001,00-0009715,R.Leaf,DAL,4,,,-37.58,2.97,494,0,-7,487,1,0,0,0,1,3,2,5,5,8.2,104.0,-0.3614,88.0,12.0,0.0,4.0,0.0,0.0,0.0,0.0,10.9,3.7,-0.736,,,0.0,,,0.3365,0.1827,,0.3125,0.0,leaf,-2.2423352716537375,-0.5152979818449376,-1.5875078797829905,-1.727980877958799,-1.5121678101640266,1.5212052322806031,-0.5711961157638604,-0.4889777108697953,0.2937375117943209,0.28156492767565755,-1.2898885929425277,-1.765512699458512,-1.8287017890222874,-0.1545694052683372,-1.8155157469489416,-1.6577967133189426,0.0,-0.4889777108697953,0.3182975350603833,0.0,False,-0.9026746881231601,21.9
2001,00-0010560,S.Matthews,CHI,4,,,-8.65,3.552,694,0,2,696,5,0,0,0,5,6,1,7,13,12.071,136.0,-0.0636,128.0,6.0,0.0,2.0,0.0,0.0,0.0,0.0,14.5,14.3,-0.455,,,0.0,,,0.4559,0.0956,,0.8125,0.0,matthews,-0.06028003978041193,0.057425401968533046,-1.112056502578611,-1.5608280270689212,-1.0981519155615218,1.2722255335839774,0.6095317750526148,1.6494848113341096,0.2937375117943209,0.28156492767565755,-1.2898885929425277,-1.608776458366201,-1.3444796495541305,0.0590831583905126,0.9357459505541103,1.0535189921691621,0.0,1.6494848113341096,0.3182975350603833,0.0,False,-0.11982019989719726,47.9
2001,00-0011024,S.McNair,TEN,15,,,70.98,6.311,3350,207,45,3602,21,1,4,0,26,12,3,15,7,12.0,524.0,0.1355,435.0,37.0,25.0,27.0,22.04,7.0,128.0,0.1722,68.4,70.3,1.071,,,0.0,,,0.479,0.1088,,0.4375,0.0,mcnair,1.3985755568145484,1.6338499803669662,1.1418444419349336,0.7633163972659371,1.0754315311016283,0.27630673879747475,0.5878754381246971,0.04563791968118094,1.3965376495558404,1.3952994239363317,1.1946619182957636,0.7379133735436787,1.2136750495229252,1.2193458350574338,1.4680252236891216,0.6426192526462808,0.0,0.04563791968118094,0.3182975350603833,0.0,False,1.0655886470169738,87.2
2001,00-0019553,S.Wynn,MIN,3,,,-49.0,0.954,418,28,4,450,1,0,0,0,1,6,4,10,5,10.741,113.0,-0.4336,98.0,10.0,3.0,2.0,-49.0,1.0,113.0,-0.4336,9.0,2.7,-1.264,,,0.0,,,0.3097,0.177,,0.3125,1.0,wynn,-2.771362765747942,-0.7413782114733454,-3.2344322379342434,-1.7575725309871508,-1.5121678101640266,0.8987559855390389,0.2038567311916197,-0.4889777108697953,-2.158041378873304,-2.5228211209807205,-0.9349528056227717,-1.848234604479454,-1.8743831229343777,-0.5560233327127241,-2.433051873356663,-1.480362734888607,0.0,-0.4889777108697953,-2.581746673267553,0.0,False,-1.5628300646846105,0.0
2001,00-0000722,T.Banks,WAS,15,,,-53.51,4.895,2386,122,8,2516,10,0,2,0,12,10,5,15,8,9.143,445.0,-0.1202,372.0,29.0,18.0,26.0,-27.87,2.0,142.0,-0.1963,55.7,48.0,-0.718,,,0.0,,,0.382,0.1213,,0.5,0.0,banks,-0.47500242434733686,-0.8306620849955973,-0.01492385724273231,-0.10523860783649097,-0.3736241000071384,0.27630673879747475,-0.2835633591015154,0.31294573495666905,-1.100774277652755,-0.988040656621499,-0.5800170183030158,0.18498274524580346,0.19498130328331206,-0.14088347592364217,-0.7670868756224021,0.25350965082536997,0.0,0.31294573495666905,0.3182975350603833,0.0,False,-0.2879306219355152,42.3
2001,00-0019596,T.Brady,NE,15,,,-4.99,5.39,2843,41,3,2887,18,0,0,0,18,12,4,16,11,13.741,489.0,-0.0102,413.0,41.0,5.0,30.0,-6.07,2.0,99.0,-0.0613,57.0,45.0,0.323,,,0.0,,,0.4376,0.1534,,0.6875,0.0,brady,0.3309951428321992,0.12988193790898597,0.3894548914104771,0.1914776968531967,0.24739974189661873,0.1518168894491619,1.1189132211036386,1.1148691807831335,-0.00998285282511759,-0.11490385641713761,-0.5800170183030158,0.24158194341802677,0.05793730154704122,0.6506194378445523,0.5140701627458527,-0.7457238066507285,0.0,1.1148691807831335,0.3182975350603833,0.0,False,0.20739330747445406,58.8
2001,00-0003535,T.Couch,CLE,16,,,-73.84,4.123,3040,22,-14,3048,17,0,0,0,17,21,5,26,7,10.179,525.0,-0.1407,454.0,51.0,3.0,17.0,-21.02,4.0,132.0,-0.1593,69.9,56.7,-3.006,,,0.0,,,0.3848,0.1676,,0.4375,0.0,couch,-0.6252110618671595,-1.2331324062167472,-0.6455913197887472,0.3202413762468348,0.14389576824599254,-1.0930816040339664,0.032436148748101676,0.04563791968118094,-0.7580255959981991,-0.7487364965654888,0.129854556336496,0.803220140665475,0.5924089083184977,-1.880517161515985,-0.7025681758484619,-1.1877523143192825,0.0,0.04563791968118094,0.3182975350603833,0.0,False,-0.5821228197586027,32.5
2001,00-0004230,T.Detmer,DET,4,,,-41.86,2.689,906,24,-2,928,3,0,0,0,3,10,2,12,2,10.0,172.0,-0.2434,152.0,12.0,4.0,4.0,-19.78,2.0,104.0,-0.1902,17.9,9.7,-0.371,,,0.0,,,0.4302,0.157,,0.125,0.0,detmer,-1.3777196995884173,-0.6000285757862323,-1.8170643007356204,-1.3752803648370948,-1.305159862862774,0.6497762868424132,-0.02216222181664887,-1.2909011566962596,-0.6959805791731408,-0.9485878086122649,-0.5800170183030158,-1.4607477862234628,-1.5546137855497457,0.12295082866575598,0.3435564562004383,-0.8577873719751504,0.0,-1.2909011566962596,0.3182975350603833,0.0,False,-0.7668207192275223,26.4
2001,00-0004293,T.Dilfer,SEA,6,,,21.02,6.782,1014,19,-4,1029,7,0,0,0,7,4,0,4,9,11.148,143.0,0.147,123.0,10.0,3.0,7.0,12.63,5.0,70.0,0.1804,20.9,21.9,0.45,,,0.0,,,0.4126,0.1329,,0.5625,0.0,dilfer,1.4828389388378633,0.6447984679120407,1.5266169482291996,-1.2945031498137567,-0.8911439682602693,1.6456950816289158,0.3279993949896836,0.5802535502321572,0.9256960299398741,1.4483343999487448,0.4847903436562519,-1.3301342519798702,-0.9973015118222444,0.747181272665456,-0.06198965666433322,-0.10758405966443457,0.0,0.5802535502321572,0.3182975350603833,0.0,False,0.40407495464349147,65.3
2001,00-0006355,T.Green,KC,16,,,-34.08,5.053,3783,56,-4,3835,17,0,0,0,17,24,7,31,6,11.852,587.0,-0.0581,524.0,39.0,13.0,11.0,8.71,5.0,135.0,0.0645,67.3,50.0,-1.656,,,0.0,,,0.4191,0.1261,,0.375,1.5,green,-0.01998016142143509,-0.4460089447434116,0.11415057162031259,0.949663833903935,0.14389576824599254,-1.7155308507755305,0.5427326512890376,-0.2216698955943072,0.7295537186864641,0.6987302877732968,0.4847903436562519,0.6900217443210277,0.28634397110749266,-0.8540724606638596,0.08778589638231417,0.10409156372614078,0.0,-0.2216698955943072,-4.031768777431521,0.0,False,-0.15242135236727408,46.8
2001,00-0016193,V.Testaverde,NYJ,16,,,-39.06,4.989,2752,19,-10,2761,15,0,0,0,15,14,3,17,10,10.621,488.0,-0.08,443.0,18.0,4.0,23.0,-2.15,5.0,153.0,-0.014,56.7,48.4,-2.146,,,0.0,,,0.3914,0.1025,,0.625,0.0,testaverde,-0.18044694979627002,-0.5445973461050115,0.06186725866312992,0.09070612167556694,-0.06311217905525983,0.027327040100849073,0.16725447159513918,0.8475613655076453,0.18615945842829243,0.19101740765446454,0.4847903436562519,0.22852058999366764,0.2132538368481481,-1.2266338706027793,-0.5504883835241714,0.8387304919640198,0.0,0.8475613655076453,0.3182975350603833,0.0,False,-0.06070584691928514,49.9
2002,00-0001823,A.Brooks,NO,16,,,3.84,5.636,3572,211,7,3790,27,1,1,0,29,15,9,24,9,14.897,615.0,0.0062,532.0,36.0,30.0,17.0,-26.4,4.0,150.0,-0.176,72.9,64.4,-0.391,,,0.0,,,0.4065,0.1008,,0.5625,0.0,brooks,0.19080706897809613,0.03161992059021193,0.3312072918012966,1.0902556679886384,1.6108194371207691,-1.2664599875197706,0.9876650365736328,0.5616348441331276,-1.1285831328888725,-0.47381692309511475,0.1226197259208782,1.2093151772577584,1.1752633055029318,-0.1775422952691298,-0.6856730234969064,0.275741406489548,0.0,0.5616348441331276,0.29534767636402554,0.0,False,0.20920710896323247,59.2
2002,00-0020305,A.Feeley,PHI,6,,,-13.55,5.329,1011,15,-3,1023,6,0,0,0,6,5,3,8,12,13.833,168.0,-0.0806,154.0,7.0,4.0,3.0,-0.73,5.0,131.0,-0.0056,18.9,14.0,-0.474,,,0.0,,,0.3988,0.1012,,0.75,0.0,feeley,-0.4995845218006543,-0.29050284765106843,0.04430148562966267,-1.2239484739166704,-1.1400428243761525,1.062092361171837,0.7373589235053426,1.4131457368510951,0.04468471138973557,0.188412139360673,0.4828151708134579,-1.2953705742357877,-1.3310057961133313,-0.23951925221274276,-0.8495841584487063,0.263710915791002,0.0,1.4131457368510951,0.29534767636402554,0.0,False,-0.21860844211673425,44.2
2002,00-0005106,B.Favre,GB,16,,,14.92,5.702,3658,50,0,3708,27,0,0,0,27,16,8,24,12,13.724,591.0,0.0252,551.0,26.0,7.0,7.0,-8.44,5.0,141.0,-0.0598,65.2,64.3,-0.162,,,0.0,,,0.4721,0.0863,,0.75,0.0,favre,0.34192965221307603,0.23685972922237905,0.39288736739519814,1.0216742658794098,1.3716140230775586,-1.2664599875197706,0.7117166619222188,1.4131457368510951,-0.3077069940792192,-0.022226447406367485,0.4828151708134579,0.8521655423225675,1.1702905493489308,-0.006545630930727699,0.710764697650899,0.7118466943118443,0.0,1.4131457368510951,0.29534767636402554,0.0,False,0.4462101410070106,67.4
2002,00-0006423,B.Griese,DEN,13,,,29.84,5.536,3214,26,13,3253,15,0,1,0,16,15,1,16,9,13.517,483.0,0.0618,436.0,34.0,4.0,9.0,4.63,2.0,88.0,0.0526,51.6,36.4,-0.24,,,0.0,,,0.5259,0.1035,,0.5625,0.0,griese,0.633039470444669,0.5132295798353694,0.237752631810536,0.6411311200294224,0.0559842458399004,-0.10218381317396692,0.6630198899249103,0.5616348441331276,0.28966779067813997,0.4145960092839526,-0.5977711638642812,0.22135579750197065,-0.21710841761721447,-0.06478903625123146,1.8560139262751658,0.19453559427436193,0.0,0.5616348441331276,0.29534767636402554,0.0,False,0.3090869239789467,62.6
2002,00-0008442,B.Johnson,TB,13,,,44.79,6.522,3049,27,7,3083,22,0,0,0,22,6,4,10,12,12.357,484.0,0.0925,454.0,21.0,7.0,2.0,20.31,4.0,74.0,0.2745,60.1,68.8,0.216,,,0.0,,,0.4649,0.064,,0.75,0.0,johnson,0.8772217496717154,0.790155133901335,1.1592155793194314,0.49895016443711937,0.7736004879695321,0.7710233175853859,0.39012976665496985,1.4131457368510951,1.006334709193472,1.2769705923763195,0.1226197259208782,0.6156118880148436,1.3940645762789543,0.275710871776329,0.5574971428907732,1.38254655075579,0.0,1.4131457368510951,0.29534767636402554,0.0,False,0.815379901120537,80.3
2002,00-0002876,C.Chandler,CHI,8,,,-35.83,4.234,1023,12,1,1036,4,0,0,0,4,4,3,7,4,8.781,191.0,-0.1876,161.0,23.0,2.0,5.0,-15.12,1.0,62.0,-0.2438,22.8,12.9,-0.895,,,0.0,,,0.4084,0.1675,,0.25,0.0,chandler,-1.350643280018699,-0.7032052787273034,-0.9790270412691605,-1.2130758126066707,-1.379248238419363,1.2076268829650623,-0.45112461335650156,-0.8575499770634849,-0.6130217272222306,-0.7373094725933683,-0.9579666087568609,-1.1144766032945872,-1.385706113807337,-0.5538842988785387,-0.6452274187685398,-1.7303429174930158,0.0,-0.8575499770634849,0.29534767636402554,0.0,False,-0.8347594599790007,22.7
2002,00-0020562,C.Hutchinson,DAL,9,,,-105.18,3.781,1555,65,-15,1605,7,0,0,0,7,8,10,18,5,7.483,296.0,-0.3553,249.0,34.0,9.0,4.0,-71.8,2.0,137.0,-0.5241,35.0,29.2,-2.529,,,0.0,,,0.348,0.1892,,0.3125,0.0,hutchinson,-2.684498922571654,-1.9878064275215985,-1.4023766510273037,-0.7371877906536094,-1.0204401173545472,-0.3932528567604179,-0.7564792512913144,-0.5737130128241624,-3.203626379100357,-1.826645189766827,-0.5977711638642812,-0.5486031557349342,-0.575146860705252,-1.7740089693106305,-1.930971905922921,-2.382997037889142,0.0,-0.5737130128241624,0.29534767636402554,0.0,False,-1.4855358949618007,0.0
2002,00-0019559,C.Pennington,NYJ,15,,,107.2,7.476,3120,17,23,3160,22,0,2,0,24,6,4,10,9,13.808,440.0,0.2436,400.0,22.0,4.0,14.0,39.75,9.0,132.0,0.3011,60.9,61.5,2.281,,,0.0,,,0.5068,0.0795,,0.5625,0.0,pennington,2.079043977398319,1.9462035505740383,2.0507730356312828,0.5633497737348095,1.0128059020127427,0.7710233175853859,0.7314776708486628,0.5616348441331276,1.8948554295976852,1.3803467253653097,1.9235969503837769,0.6527183435925257,1.0310533770369164,1.8176676921204353,1.4494291629531677,0.9163650361871283,0.0,0.5616348441331276,0.29534767636402554,0.0,False,1.3795026791168643,100.0
2002,00-0019709,C.Redman,BAL,6,,,-22.27,5.057,1034,3,2,1039,7,0,0,0,7,3,2,5,7,11.286,196.0,-0.1136,181.0,11.0,1.0,3.0,0.0,0.0,0.0,0.0,21.5,21.9,-0.539,,,0.0,,,0.398,0.0816,,0.4375,0.0,redman,-0.7620605874193037,-0.45202731798252127,-0.20989518954520428,-1.2105667369197477,-1.0204401173545472,1.4986959265515132,0.13817690284280934,-0.006039084345517414,0.07804994420326826,0.2101755357794078,-1.3181620536494405,-1.1747745936083207,-0.9381580599472901,-0.28805542331316264,-0.8666138867553861,0.853204960019761,0.0,-0.006039084345517414,0.29534767636402554,0.0,False,-0.31977424187474723,40.7
2002,00-0001361,D.Bledsoe,BUF,16,,,56.11,5.707,4359,31,30,4420,24,0,2,0,26,15,6,21,8,14.037,685.0,0.0819,611.0,54.0,5.0,15.0,-25.27,4.0,169.0,-0.1496,74.6,59.1,2.343,,,0.0,,,0.4803,0.1139,,0.5,0.0,bledsoe,0.7929112558669371,0.9998405701573035,0.39756010039473605,1.6171615622424673,1.2520113160559532,-0.8298564221400943,0.7853499451838495,0.2777978798938051,-1.076935580725459,-0.37121805426393645,0.1226197259208782,1.2881663953603324,0.911707229340904,1.8639637322469895,0.8853194127943742,-0.11825716388783708,0.0,0.2777978798938051,0.29534767636402554,0.0,False,0.624963484202793,73.7
2002,00-0020531,D.Brees,LAC,16,,,-14.54,4.926,3284,34,-8,3310,17,0,1,0,18,16,5,21,0,0.0,572.0,-0.0254,529.0,24.0,4.0,15.0,-0.8,5.0,169.0,-0.0047,61.8,48.6,0.244,,,0.0,,,0.4283,0.0927,,0.0,0.0,brees,-0.06053364840218628,-0.30884106159924946,-0.33232079413310023,0.6888035580809593,0.29518965988311097,-0.8298564221400943,-2.5168557964886977,-1.992897834020775,0.04148530550350641,0.1919098280708268,0.4828151708134579,0.694463106117418,0.38956783317084925,0.2966187608657406,-0.22161292713986075,0.5193588431351066,0.0,-1.992897834020775,0.29534767636402554,0.0,False,-0.023532694027538235,51.0
2002,00-0020608,D.Carr,HOU,16,,,-146.05,3.23,2592,185,19,2796,9,2,1,0,12,15,7,22,4,7.345,573.0,-0.2549,446.0,76.0,30.0,21.0,-35.79,0.0,138.0,-0.2594,75.3,63.2,-3.759,,,0.0,,,0.3543,0.1763,,0.25,0.0,carr,-1.8859353774773386,-2.7448597649581212,-1.9173118275763923,0.25891525705481955,-0.42242658224652074,-0.9753909439333197,-0.7889437659561866,-0.8575499770634849,-1.557760579627327,-0.7979360769027012,-1.3181620536494405,1.3206345439908045,1.1155902316549253,-2.6924626685954975,-1.7968627955078111,-1.9950137128610304,0.0,-0.8575499770634849,0.29534767636402554,0.0,False,-1.3002831388812799,6.5
2002,00-0003739,D.Culpepper,MIN,16,,,44.89,4.923,3853,434,63,4350,18,1,8,0,27,23,11,34,6,13.0,686.0,0.0654,549.0,47.0,53.0,37.0,50.45,9.0,160.0,0.3153,73.7,55.1,1.416,,,0.0,,,0.4708,0.1297,,0.375,1.0,culpepper,0.6616732230576124,0.7920074787445857,-0.33512443393282315,1.5586164628809307,1.3716140230775586,-2.7218052054520254,0.5413955849847732,-0.2898760485848399,2.383907472207,1.4355324805699587,1.9235969503837769,1.2464216328354405,0.7127969831808831,1.1717632613225408,0.6830913891525426,-0.5934615464804086,0.0,-0.2898760485848399,-2.4809204814578143,0.08,False,0.5536899012076709,71.2
2002,00-0011022,D.McNabb,PHI,10,,,19.43,5.609,2289,341,54,2684,17,3,3,0,23,6,8,14,12,13.833,444.0,0.0438,363.0,28.0,36.0,17.0,0.0,0.0,0.0,0.0,49.6,53.5,-0.133,,,0.0,,,0.4685,0.0968,,0.75,0.0,mcnabb,0.48987070737995114,0.32040048165298135,0.30597453360379123,0.16524309807636106,0.8932031949911374,0.18888523041248403,0.7373589235053426,1.4131457368510951,0.07804994420326826,0.2101755357794078,-1.3181620536494405,0.12858965855776525,0.6332328847168747,0.015108968483305752,0.6341309202708367,0.3960463134750092,0.0,1.4131457368510951,0.29534767636402554,0.0,False,0.33500459832990315,63.5
2002,00-0018333,D.Wuerffel,WAS,6,,,-10.05,4.136,719,75,2,796,3,0,0,0,3,6,2,8,7,10.964,112.0,-0.0898,92.0,11.0,6.0,3.0,-14.8,0.0,26.0,-0.5693,15.0,8.1,-0.304,,,0.0,,,0.4732,0.1696,,0.4375,0.0,wuerffel,-0.5727596673670656,-0.22567077813729722,-1.0706126080601053,-1.4138018675605102,-1.4988509454409684,1.062092361171837,0.06242636862477434,-0.006039084345517414,-0.5983958717423259,-2.0023068894323295,-1.3181620536494405,-1.4762645451769882,-1.624398409199362,-0.11257849702702942,0.7341805740725845,-1.7935029936603826,0.0,-0.006039084345517414,0.29534767636402554,0.0,False,-0.7128387250077627,27.0
2002,00-0001335,J.Blake,BAL,10,,,-13.68,5.034,2084,80,30,2194,13,0,1,0,14,11,5,16,7,11.286,355.0,-0.0385,297.0,30.0,12.0,16.0,17.79,7.0,143.0,0.1244,45.4,43.8,-0.56,,,0.0,,,0.4169,0.1465,,0.4375,0.0,blake,-0.1647286926326198,-0.2929108959472942,-0.23138976134307965,-0.24457259745439475,-0.18322116820331016,-0.10218381317396692,0.13817690284280934,-0.006039084345517414,0.8911560972892222,0.6936338419384454,1.2032060605986172,-0.06621923322506622,0.150875537778824,-0.3037363401302213,-0.46428655551005893,-1.0987421558193446,0.0,-0.006039084345517414,0.29534767636402554,0.0,False,-0.08031542397673887,49.0
2002,00-0005180,J.Fiedler,MIA,11,,,39.82,5.934,2024,34,54,2112,14,1,2,0,17,9,4,13,9,13.034,327.0,0.1218,292.0,13.0,9.0,13.0,10.47,5.0,122.0,0.0858,39.0,38.6,0.635,,,0.0,,,0.4771,0.0826,,0.5625,0.5,fiedler,1.110268680660395,0.6980935951917799,0.6097021785737619,-0.3131539995636233,0.1755869528615057,0.3344197522057095,0.5493940885978579,0.5616348441331276,0.5565896531864014,0.5436218594807376,0.4828151708134579,-0.3630708778465234,-0.10770778222920288,0.5885824977928813,0.8172004995676525,0.8231287332733958,0.0,0.5616348441331276,-1.0927864025468945,0.0,False,0.44114831718784697,67.2
2002,00-0005755,J.Garcia,SF,16,,,88.07,5.921,3344,201,23,3568,21,1,1,0,23,10,2,12,10,13.107,584.0,0.1508,527.0,17.0,23.0,17.0,10.44,6.0,147.0,0.071,65.0,57.5,3.179,,,0.0,,,0.464,0.0548,,0.625,0.0,garcia,1.340929465597996,1.5918499820601972,0.5975530727749632,0.9045840671563368,0.8932031949911374,0.479954273998935,0.5665673463553624,0.8454718083724501,0.5552184792351603,0.4861043118026527,0.8430106157060376,0.8428889284281468,0.8321431308768956,2.4882135636308504,0.5383386985457586,1.6592478368223504,0.0,0.8454718083724501,0.29534767636402554,0.0,False,1.0746415525674053,89.4
2002,00-0021141,J.Harrington,DET,14,,,-93.44,3.979,2294,6,1,2301,12,0,0,0,12,16,1,17,3,10.552,442.0,-0.2114,429.0,8.0,1.0,4.0,-8.12,1.0,39.0,-0.2082,50.5,36.4,-2.678,,,0.0,,,0.3416,0.0566,,0.1875,0.0,harrington,-1.5399442000709371,-1.7703411429239773,-1.2173364242455986,-0.1550822312874746,-0.42242658224652074,-0.2477183349671924,-0.03449667515730816,-1.1413869413028075,-0.29308113859931445,-0.5989564525028399,-0.9579666087568609,0.17033442108265762,-0.21710841761721447,-1.885268807679285,-2.0672097323763645,1.605110628678893,0.0,-1.1413869413028075,0.29534767636402554,0.0,False,-0.7790644484408122,24.7
2002,00-0009311,J.Kitna,CIN,13,,,-13.46,5.27,3178,48,3,3229,16,2,2,0,20,16,7,23,2,10.333,513.0,-0.0262,473.0,24.0,8.0,8.0,-19.97,6.0,172.0,-0.1161,60.0,58.8,-0.955,,,0.0,,,0.462,0.0975,,0.125,0.0,kitna,-0.06689670453839598,-0.2888357372921429,-0.010836763764885961,0.6210585145340384,0.5343950739263216,-1.1209254657265453,-0.08601644842982265,-1.4252239055421299,-0.8346948493395367,-0.24102630783043352,0.8430106157060376,0.6109735810676332,0.8967889608789023,-0.5986869183558493,0.4957643777790572,0.3749929547525533,0.0,-1.4252239055421299,0.29534767636402554,0.0,False,-0.03389984380930111,50.7
2002,00-0010455,J.Martin,LA,5,,,-17.66,4.044,1216,5,0,1221,7,0,0,0,7,10,2,12,0,0.0,207.0,-0.0853,195.0,10.0,1.0,1.0,-15.29,5.0,127.0,-0.1204,20.9,15.9,-0.241,,,0.0,,,0.4541,0.1063,,0.0,0.0,martin,-0.5369674766008862,-0.36663422070866836,-1.156590895251605,-1.0583494785797527,-1.0204401173545472,0.479954273998935,-2.5168557964886977,-1.992897834020775,-0.6207917129459299,-0.2577374872233906,0.4828151708134579,-1.2026044352915823,-1.2365234291873213,-0.0655357465758533,0.32759581075058647,0.11032215938453885,0.0,-1.992897834020775,0.29534767636402554,0.0,False,-0.5048871984077965,34.2
2002,00-0011276,J.Miller,CHI,10,,,-28.77,5.13,1944,5,3,1952,13,0,0,0,13,9,4,13,4,8.781,339.0,-0.0849,315.0,16.0,1.0,7.0,-14.55,0.0,13.0,-1.1193,42.9,41.9,-1.063,,,0.0,,,0.4248,0.0885,,0.25,0.0,miller,-0.5337859485327814,-0.5724297327938106,-0.14167328775194984,-0.44697136953284966,-0.30282387522491544,0.3344197522057095,-0.45112461335650156,-0.8575499770634849,-0.5869694221486503,-4.139783323415212,-1.3181620536494405,-0.18217690690532296,0.05639317085281419,-0.6793316334150084,-0.2961179884815882,0.645678995469841,0.0,-0.8575499770634849,0.29534767636402554,0.0,False,-0.5309459156555598,33.3
2002,00-0013042,J.Plummer,ARI,16,,,-62.5,3.852,2972,176,25,3173,18,1,0,0,19,20,7,27,5,9.357,604.0,-0.1035,531.0,36.0,23.0,14.0,-4.18,7.0,143.0,-0.0292,69.2,65.5,-1.508,,,0.0,,,0.4023,0.1076,,0.3125,0.0,plummer,-0.6817270036996563,-1.1972256484222399,-1.3360238424338644,0.5742224350448092,0.41479236690471627,-1.703063552899447,-0.31562055214660034,-0.5737130128241624,-0.11300029300298736,0.096694968738862,1.2032060605986172,1.0376978202109783,1.2299636231969373,-1.0116177278717287,-0.7750790971069789,0.07122306461426413,0.0,-0.5737130128241624,0.29534767636402554,0.0,False,-0.32789383596577093,40.4
2002,00-0003292,K.Collins,NYG,16,,,59.74,6.44,4073,7,-30,4050,19,0,0,0,19,14,6,20,10,11.034,603.0,0.0991,546.0,24.0,2.0,31.0,39.26,7.0,130.0,0.302,68.1,55.9,0.93,,,0.0,,,0.4494,0.1128,,0.625,0.0,collins,0.9297169627954452,1.0670806879673007,1.0825827581270082,1.3077088941886312,0.41479236690471627,-0.6843219003468688,0.07889387606347771,0.8454718083724501,1.8724595883940809,1.3838444140754635,1.2032060605986172,0.9866764437916649,0.7525790324128872,0.8088620435563251,0.22754615694883867,-0.08517331446683517,0.0,0.8454718083724501,0.29534767636402554,0.0,False,0.7561931351301937,78.2
2002,00-0007576,K.Holcomb,CLE,4,,,9.74,6.577,790,0,4,794,8,0,0,0,8,4,2,6,9,12.741,116.0,0.0839,106.0,5.0,0.0,5.0,-11.23,1.0,20.0,-0.5616,15.3,21.1,-0.082,,,0.0,,,0.4914,0.0948,,0.5625,0.0,holcomb,0.8088188962074614,0.14090826634199768,1.2106156423143493,-1.4154745846851255,-0.9008374103329418,1.3531614047582878,0.4804658074615709,0.5616348441331276,-0.43522617154463866,-1.972382219356569,-0.9579666087568609,-1.4623496243353573,-0.9779401091792941,0.053191195039019756,1.1216068930495666,0.45619876696773975,0.0,0.5616348441331276,0.29534767636402554,0.0,False,-0.03238876322787783,50.7
2002,00-0015700,K.Stewart,PIT,7,,,3.06,5.511,1155,71,61,1287,6,0,1,0,7,6,4,10,10,13.0,208.0,0.0147,167.0,7.0,8.0,26.0,0.0,0.0,0.0,0.0,21.6,15.9,-0.648,,,0.0,,,0.5096,0.1058,,0.625,0.0,stewart,0.25841454042532397,0.017171630812857205,0.21438896681284647,-1.0031498134674468,-1.0204401173545472,0.7710233175853859,0.5413955849847732,0.8454718083724501,0.07804994420326826,0.2101755357794078,-1.3181620536494405,-1.1701362866611102,-1.2365234291873213,-0.3694468486969435,1.5090332120265502,0.1253602727577215,0.0,0.8454718083724501,0.29534767636402554,0.0,False,-0.09285464186684186,48.6
2002,00-0017200,K.Warner,LA,7,,,-36.88,3.593,1431,25,0,1456,3,0,0,0,3,11,3,14,0,0.0,247.0,-0.1493,220.0,21.0,5.0,1.0,0.0,0.0,0.0,0.0,24.9,6.8,-1.495,,,0.0,,,0.4534,0.1417,,0.0,0.0,warner,-1.0460119674976605,-0.7226548995814348,-1.5780714118099328,-0.8618052164374514,-1.4988509454409684,0.18888523041248403,-2.5168557964886977,-1.992897834020775,0.07804994420326826,0.2101755357794078,-1.3181620536494405,-1.0170721574031716,-1.689044239201369,-1.0019104936516448,0.31269479848224147,-0.9543762674367914,0.0,-1.992897834020775,0.29534767636402554,0.0,False,-0.8631919733354549,21.7
2002,00-0002110,M.Brunell,JAX,15,,,-88.97,5.797,2788,134,-2,2920,17,0,0,0,17,7,2,9,6,12.615,484.0,-0.1838,415.0,34.0,25.0,10.0,-21.34,4.0,81.0,-0.2634,61.3,43.6,-0.516,,,0.0,,,0.4194,0.1012,,0.375,0.0,brunell,-1.320418763371703,-1.6875413284306753,0.48166929438642003,0.36262371878097,0.1755869528615057,0.9165578393786113,0.4508242940719051,-0.2898760485848399,-0.897311793112879,-0.8134813600589403,0.1226197259208782,0.6712715713813666,0.1409300254708232,-0.2708810858468602,-0.4110686545516822,0.263710915791002,0.0,-0.2898760485848399,0.29534767636402554,0.0,False,-0.23102162336002519,43.8
2002,00-0019599,M.Bulger,LA,7,,,24.65,7.673,1826,0,-12,1814,14,0,1,0,15,6,6,12,0,0.0,237.0,0.104,214.0,12.0,0.0,11.0,4.57,2.0,45.0,0.1016,31.0,34.1,1.192,,,0.0,,,0.4641,0.1392,,0.0,0.0,bulger,0.9686906816297296,0.41709288247066295,2.2348787158130805,-0.5623888511313074,-0.06361846118170489,0.479954273998935,-2.5168557964886977,-1.992897834020775,0.2869254427756578,0.6050257279478822,-0.5977711638642812,-0.734135433623345,-0.3314818091592263,1.004500148607248,0.5404674145840934,-0.8791857005708781,0.0,-1.992897834020775,0.29534767636402554,0.0,False,0.24672493522095354,60.5
2002,00-0007091,M.Hasselbeck,SEA,13,,,47.44,6.238,3075,165,6,3246,15,0,1,0,16,10,7,17,7,13.148,481.0,0.0986,420.0,26.0,23.0,12.0,21.66,7.0,187.0,0.1158,56.2,43.2,0.736,,,0.0,,,0.4823,0.0977,,0.4375,0.0,hasselbeck,0.9257400527103142,0.839242272247476,0.8938043449456728,0.6352766100932687,0.0559842458399004,-0.2477183349671924,0.5762126007123173,-0.006039084345517414,1.0680375369993202,0.6602114831525312,1.2032060605986172,0.43471791707364316,0.12103900085482118,0.6640002405796874,0.9278937335610756,0.3689777094032805,0.0,-0.006039084345517414,0.29534767636402554,0.0,False,0.5731381403601098,71.9
2002,00-0020308,M.McMahon,DET,7,,,-24.76,3.168,874,83,13,970,7,1,2,0,10,9,1,10,3,10.552,173.0,-0.1431,149.0,12.0,10.0,2.0,-9.75,7.0,110.0,-0.0886,21.3,30.3,-0.712,,,0.0,,,0.341,0.1272,,0.1875,0.0,mcmahon,-0.9966982824420355,-0.49815070457946137,-1.9752537167706634,-1.2682754777189766,-0.6616319962897314,0.7710233175853859,-0.03449667515730816,-1.1413869413028075,-0.3675815899500792,-0.13415248613128936,1.2032060605986172,-1.1840512075027412,-0.5204465430112462,-0.41723630947274143,-2.0799820286063744,-0.5182709796144954,0.0,-1.1413869413028075,0.29534767636402554,0.0,False,-0.6433607789131647,29.4
2002,00-0020245,M.Vick,ATL,15,,,41.08,5.925,2936,408,199,3543,16,3,4,0,23,8,10,18,9,12.562,533.0,0.0771,421.0,33.0,38.0,41.0,-11.92,6.0,168.0,-0.071,68.7,53.5,-0.172,,,0.0,,,0.4203,0.1088,,0.5625,0.0,vick,0.7547329190496791,0.7214331402167374,0.6012912591745931,0.8836751030986452,0.8932031949911374,-0.3932528567604179,0.4383560384397438,0.5616348441331276,-0.46676317242318327,-0.06575324024383708,0.8430106157060376,1.014506285474927,0.6332328847168747,-0.014012734176946116,-0.39191021020666633,0.03513159251862602,0.0,0.5616348441331276,0.29534767636402554,0.0,False,0.36937878505607485,64.7
2002,00-0010346,P.Manning,IND,16,,,56.72,6.062,4200,51,-1,4250,27,0,1,0,28,19,8,27,10,11.633,628.0,0.0903,594.0,23.0,7.0,4.0,28.28,7.0,156.0,0.1813,75.7,70.0,-0.436,,,0.0,,,0.4697,0.0828,,0.625,1.0,manning,0.8597233452971389,1.0111398737011323,0.729324143361935,1.4749806066501643,1.491216730099164,-1.703063552899447,0.21980868971752418,0.8454718083724501,1.3706099222398496,0.9147654948359473,1.2032060605986172,1.3391877717796459,1.4537376501269608,-0.21114425987711272,0.6596755127308571,0.817113487924123,0.0,0.8454718083724501,-2.4809204814578143,0.0,False,0.6539981572752109,74.7
2002,00-0021379,P.Ramsey,WAS,9,,,-26.36,4.968,1539,3,4,1546,9,0,1,0,10,8,8,16,7,10.964,255.0,-0.1034,229.0,18.0,1.0,7.0,-10.99,6.0,133.0,-0.0826,29.1,27.0,-1.114,,,0.0,,,0.3765,0.1333,,0.4375,0.0,ramsey,-0.6809316216826302,-0.527788222071471,-0.2930698369369812,-0.7865329458297616,-0.6616319962897314,-0.10218381317396692,0.06242636862477434,-0.006039084345517414,-0.4242567799347101,-0.11083456139693067,0.8430106157060376,-0.8222632656203401,-0.6845474960932634,-0.7174138599707225,-1.324287834997426,-0.7017359627673233,0.0,-0.006039084345517414,0.29534767636402554,0.0,False,-0.47047533261510327,35.4
2002,00-0020404,Q.Carter,DAL,7,,,-26.54,4.646,1465,81,-9,1537,7,0,0,0,7,8,4,12,5,7.483,264.0,-0.1005,221.0,19.0,15.0,9.0,0.0,0.0,0.0,0.0,33.5,29.2,-0.257,,,0.0,,,0.3902,0.1439,,0.3125,0.0,carter,-0.6578655431888701,-0.5311224427893221,-0.5939938421072288,-0.7940601728905305,-1.0204401173545472,0.479954273998935,-0.7564792512913144,-0.5737130128241624,0.07804994420326826,0.2101755357794078,-1.3181620536494405,-0.6181777599430883,-0.575146860705252,-0.0774831117698028,-1.032653737745522,-1.0205439662787952,0.0,-0.5737130128241624,0.29534767636402554,0.0,False,-0.5055658550859434,34.2
2002,00-0005741,R.Gannon,LV,16,,,131.44,6.928,4689,128,3,4820,26,1,2,0,29,10,5,15,0,0.0,687.0,0.1913,620.0,36.0,20.0,11.0,16.77,4.0,132.0,0.127,76.5,60.4,2.62,,,0.0,,,0.5357,0.0801,,0.0,0.0,gannon,1.6630591824936112,2.395211940577985,1.5386414988819173,1.9517049871655332,1.6108194371207691,0.04335070861925855,-2.5168557964886977,-1.992897834020775,0.8445361829470259,0.7037382759900008,0.1226197259208782,1.3762942273573278,0.9763530593429106,2.0708024921672403,2.0646280980320006,0.8983193001393089,0.0,-1.992897834020775,0.29534767636402554,0.76,True,1.2030894000060217,93.8
2002,00-0008612,R.Johnson,TB,6,,,-19.91,3.477,536,40,25,601,1,0,0,0,1,2,2,4,12,12.357,119.0,-0.1673,88.0,19.0,10.0,2.0,-0.11,1.0,55.0,-0.002,11.7,3.1,-0.867,,,0.0,,,0.4454,0.1933,,0.75,0.0,johnson,-1.1891807305623785,-0.408311979681807,-1.6864788173992147,-1.5768917872105048,-1.738056359484179,1.6442304483447387,0.39012976665496985,1.4131457368510951,0.073022306382051,0.20240289420128824,-0.9579666087568609,-1.6293286744349273,-1.873036216899388,-0.5329764097891272,0.1423975154154359,-2.5063095675492395,0.0,1.4131457368510951,0.29534767636402554,0.0,False,-0.7381633558402276,26.1
2002,00-0010137,R.Lucas,MIA,6,,,-24.81,4.448,1045,64,20,1129,4,0,2,0,6,6,5,11,9,13.034,194.0,-0.1279,160.0,12.0,9.0,13.0,0.0,0.0,0.0,0.0,20.8,13.6,-1.008,,,0.0,,,0.4433,0.1237,,0.5625,0.5,lucas,-0.8758002158540518,-0.49907687700108666,-0.7790340688889335,-1.1352944663120579,-1.1400428243761525,0.6254887957921604,0.5493940885978579,0.5616348441331276,0.07804994420326826,0.2101755357794078,-1.3181620536494405,-1.2072427422387926,-1.3508968207293333,-0.6382625655608071,0.09769447861039968,-0.41300418600221683,0.0,0.5616348441331276,-1.0927864025468945,0.0,False,-0.5434152487174005,32.9
2002,00-0012732,R.Peete,CAR,14,,,-47.9,5.117,2630,26,2,2658,15,0,0,0,15,14,9,23,7,8.062,422.0,-0.1135,381.0,31.0,4.0,6.0,-18.12,6.0,133.0,-0.1362,59.5,51.7,-1.419,,,0.0,,,0.3934,0.1303,,0.4375,0.0,peete,-0.7612652054022775,-0.9267833013076515,-0.15382239355074856,0.14349777545636178,-0.06361846118170489,-1.1209254657265453,-0.6202694397626115,-0.006039084345517414,-0.7501391223463376,-0.3191413556905352,0.8430106157060376,0.5877820463315819,0.5437232739448655,-0.9451605089803845,-0.9645348245187991,-0.6115072825282275,0.0,-0.006039084345517414,0.29534767636402554,0.0,False,-0.39215527049537946,38.2
2002,00-0001218,S.Beuerlein,DEN,5,,,3.45,5.708,925,9,0,934,6,1,0,0,7,5,1,6,9,13.517,135.0,0.0256,118.0,12.0,2.0,3.0,8.78,3.0,62.0,0.1416,14.8,15.9,-0.369,,,0.0,,,0.4148,0.1333,,0.5625,0.0,beuerlein,0.3451111802811809,0.02439577570153457,0.398494646994644,-1.2983843859620525,-1.0204401173545472,1.3531614047582878,0.6630198899249103,0.5616348441331276,0.47934685393315446,0.7604785595102738,-0.2375757189717015,-1.4855411590714085,-1.2365234291873213,-0.16111466812744923,-0.5089895923150951,-0.7017359627673233,0.0,0.5616348441331276,0.29534767636402554,0.0,False,-0.1272335901975691,47.4
2002,00-0010560,S.Matthews,WAS,7,,,-11.72,4.663,1251,31,4,1286,11,0,0,0,11,6,0,6,7,10.964,252.0,-0.0465,237.0,9.0,4.0,2.0,0.0,0.0,0.0,0.0,24.2,29.7,-0.604,,,0.0,,,0.4008,0.0595,,0.4375,0.0,matthews,-0.22835925399471663,-0.2566049370195823,-0.5781065499087993,-1.0039861720297545,-0.542029289268126,1.3531614047582878,0.06242636862477434,-0.006039084345517414,0.07804994420326826,0.2101755357794078,-1.3181620536494405,-1.0495403060336435,-0.5502830799352494,-0.3365915944135824,-0.8070098376820048,1.5178895711144338,0.0,-0.006039084345517414,0.29534767636402554,0.0,False,-0.1794670166176484,45.6
2002,00-0011024,S.McNair,TEN,16,,,64.74,5.885,3387,242,32,3661,22,1,2,0,25,15,8,23,11,14.68,560.0,0.1156,494.0,21.0,25.0,20.0,26.57,4.0,112.0,0.2372,73.4,62.5,2.082,,,0.0,,,0.4946,0.0839,,0.6875,0.0,mcnair,1.06095499560477,1.1596979301298307,0.563909395178289,0.9823654134509496,1.132408609034348,-1.1209254657265453,0.9366157635136525,1.1293087726117725,1.2924530070191085,1.1320108269443894,0.1226197259208782,1.2325067119938098,1.0807809385769216,1.6690723375206884,1.1897258062762885,0.784029638503121,0.0,1.1293087726117725,0.29534767636402554,0.0,False,0.9300615599761101,84.3
2002,00-0019596,T.Brady,NE,16,,,5.98,5.509,3764,45,69,3878,28,0,1,0,29,14,7,21,9,13.607,665.0,0.009,605.0,31.0,5.0,24.0,-32.68,5.0,154.0,-0.2122,74.0,76.3,0.162,,,0.0,,,0.4496,0.0782,,0.5625,0.0,brady,0.21307776545482998,0.0712601002357749,0.21251987361303146,1.1638552214717128,1.6108194371207691,-0.8298564221400943,0.6841923994889574,0.5616348441331276,-1.415615546682003,-0.6145017356590791,0.4828151708134579,1.260336553677071,1.7670212878289935,0.2353885142467495,0.23180358902550835,0.955464130957403,0.0,0.5616348441331276,0.29534767636402554,0.0,False,0.3857110975471069,65.3
2002,00-0003535,T.Couch,CLE,14,,,-5.23,4.597,2842,36,7,2885,18,0,0,0,18,18,4,22,9,12.741,485.0,-0.0108,444.0,30.0,4.0,7.0,13.46,5.0,124.0,0.1086,55.6,47.4,-0.675,,,0.0,,,0.4165,0.1072,,0.5625,0.0,couch,0.055592126083640385,-0.13638775669261802,-0.6397866255027008,0.3333511691002017,0.29518965988311097,-0.9753909439333197,0.4804658074615709,0.5616348441331276,0.6932499903267613,0.6322299734713007,0.4828151708134579,0.40688807539038147,0.32989475932284285,-0.3896080274617333,-0.47280141966339945,0.08325355531281016,0.0,0.5616348441331276,0.29534767636402554,0.0,False,0.028712804494910593,52.9
2002,00-0004293,T.Dilfer,SEA,6,,,-6.71,5.494,1182,25,1,1208,4,0,0,0,4,6,2,8,7,13.148,183.0,-0.0366,167.0,7.0,3.0,6.0,0.0,0.0,0.0,0.0,20.9,10.8,-0.319,,,0.0,,,0.3989,0.0984,,0.4375,0.0,dilfer,-0.14961643430912183,-0.163802460372727,0.19850167461441692,-1.0692221398897523,-1.379248238419363,1.062092361171837,0.5762126007123173,-0.006039084345517414,0.07804994420326826,0.2101755357794078,-1.3181620536494405,-1.2026044352915823,-1.4901339930413477,-0.12377915189635708,-0.8474554424103714,0.3479243506808246,0.0,-0.006039084345517414,0.29534767636402554,0.0,False,-0.2992250481312393,41.4
2002,00-0006355,T.Green,KC,16,,,89.99,7.01,3690,27,1,3718,26,0,0,0,26,13,0,13,8,16.679,508.0,0.1771,471.0,26.0,5.0,6.0,17.49,6.0,136.0,0.1286,62.9,49.1,0.391,,,0.0,,,0.4488,0.0827,,0.5,2.0,green,1.5501149360758895,1.627415003050609,1.6152743200743405,1.0300378515024866,1.2520113160559532,0.3344197522057095,1.406880725941765,0.2777978798938051,0.8774443577768115,0.7099563892524965,0.8430106157060376,0.745484482536731,0.4144316139408519,0.40638517858515155,0.21477386071882731,0.8201211105987596,0.0,0.2777978798938051,-5.257188639279654,0.0,False,0.720601422290674,77.0
2002,00-0010261,T.Maddox,PIT,12,,,10.08,5.833,2836,34,-2,2868,20,0,0,0,20,16,5,21,10,13.0,415.0,0.0243,380.0,26.0,4.0,5.0,-33.54,4.0,162.0,-0.2071,48.1,45.5,1.495,,,0.0,,,0.4627,0.1157,,0.625,0.0,maddox,0.3347712140598401,0.14720623880904973,0.5153129719830941,0.3191330735409714,0.5343950739263216,-0.8298564221400943,0.5413955849847732,0.8454718083724501,-1.454922533284247,-0.5946814996348742,0.1226197259208782,0.05901505434961121,0.235412392396833,1.2307533769676666,0.5106653900474022,-0.17239437203129446,0.0,0.8454718083724501,0.29534767636402554,0.0,False,0.21441371646914087,59.3
2003,00-0001823,A.Brooks,NO,16,,,2.95,6.285,3546,0,15,3561,24,0,1,0,25,8,12,20,8,10.968,564.0,0.0052,515.0,36.0,0.0,13.0,28.76,9.0,148.0,0.1944,65.0,65.8,0.459,,,0.0,,,0.4557,0.0993,,0.5,0.0,brooks,0.4516847791698831,0.2782403009584598,0.9708874870102968,1.1457791329527431,1.2643977065784378,-0.6979163814660371,0.2556876338271537,0.33867013233387283,1.576234379221566,0.36659233617024595,1.7762340584781227,1.0748461580216653,1.3711267801389646,0.6902470393709935,0.810166168857951,0.3424870740347044,0.0,0.33867013233387283,0.32371032273717815,0.0,False,0.7230918867120449,70.5
2003,00-0018272,A.Wright,BAL,7,,,-27.85,4.574,1199,0,-8,1191,9,0,0,0,9,8,2,10,10,11.171,203.0,-0.1372,176.0,19.0,0.0,8.0,-27.63,3.0,104.0,-0.2657,23.6,24.3,-0.597,,,0.0,,,0.3842,0.1576,,0.625,1.0,wright,-0.4733851097582341,-0.34425700935847037,-0.2771680621266165,-0.8948376747283463,-0.5963206404802417,0.6464307467677226,0.3042661458018414,0.8971787716213124,-1.0749607964963872,-0.4442340207879945,-0.1429153840154811,-0.9616053067091591,-0.7480354897984759,-0.2087568459535177,-0.6990153225207265,-1.6679003114890618,0.0,0.8971787716213124,-2.719166710992296,0.0,False,-0.5404331044930814,21.2
2003,00-0005106,B.Favre,GB,16,,,46.92,5.917,3361,0,-9,3352,32,0,0,0,32,21,3,24,10,15.241,504.0,0.0931,474.0,19.0,0.0,11.0,43.78,10.0,124.0,0.353,56.7,61.5,0.025,,,0.0,,,0.4821,0.1032,,0.625,0.0,favre,1.0227075547090791,1.1669158442907785,0.7024570708312293,0.9658260051867736,2.0784619834166103,-1.235655232759541,1.278229415442134,0.8971787716213124,2.2824048268059545,0.6460904022723475,2.096092298893723,0.6665720720973696,1.151550930482796,0.32077006377360917,1.367402411828539,0.20800146848508705,0.0,0.8971787716213124,0.32371032273717815,0.0,False,0.9385883977012267,78.9
2003,00-0006423,B.Griese,MIA,5,,,-41.82,3.944,813,0,0,813,5,0,0,0,5,6,4,10,10,11.107,142.0,-0.2945,130.0,12.0,0.0,0.0,0.0,0.0,0.0,0.0,17.1,14.3,-1.136,,,0.0,,,0.4155,0.1549,,0.625,0.0,griese,-1.4952495306036895,-0.6266040036807923,-0.7367092637375195,-1.2203031402572289,-1.0615002272449117,0.6464307467677226,0.2889507528640088,0.8971787716213124,0.2240731227284231,0.02400454266300416,-1.102490105262283,-1.28133802460168,-1.258677000626775,-0.6676234124212369,-0.038352655665445455,-1.5747948922624044,0.0,0.8971787716213124,0.32371032273717815,0.0,False,-0.6175171599387653,18.2
2003,00-0008442,B.Johnson,TB,16,,,25.81,5.568,3821,0,1,3822,26,0,0,0,26,21,7,28,7,11.148,596.0,0.0433,570.0,20.0,0.0,6.0,9.3,6.0,137.0,0.0679,68.9,70.3,-0.498,,,0.0,,,0.4564,0.0856,,0.4375,0.0,johnson,0.6991929446766336,0.7402626553040773,0.4478858337483638,1.3705052877226858,1.3806926032696052,-1.7733940840530449,0.29876217646480785,0.059415812690153044,0.6613158099810736,0.14366355078616114,0.8166593372313208,1.2666857887571779,1.600915460011699,-0.1244752317043448,0.8249413722700495,0.8149108678884884,0.0,0.059415812690153044,0.32371032273717815,0.0,False,0.5648886027331919,64.3
2003,00-0022177,B.Leftwich,JAX,15,,,-33.86,5.144,2819,0,-7,2812,14,0,0,0,14,17,6,23,5,10.222,444.0,-0.0763,419.0,18.0,0.0,7.0,-8.96,4.0,124.0,-0.0722,52.5,45.2,-1.701,,,0.0,,,0.4122,0.1036,,0.3125,0.0,leftwich,-0.07776182158602675,-0.46572482867680637,0.13860731075943894,0.5008753401455127,-0.014846157024404354,-1.101220519936165,0.07716758489554225,-0.49909282659728654,-0.1971843480010123,-0.1032322818803233,0.17694285640011953,0.45997554668989454,0.31920526783266895,-1.1486245442473249,-0.10800718603676839,0.19420807304410076,0.0,-0.49909282659728654,0.32371032273717815,0.0,False,-0.17706425831132408,35.4
2003,00-0002876,C.Chandler,CHI,8,,,-19.02,3.385,1050,0,8,1058,3,0,0,0,3,7,0,7,7,9.759,211.0,-0.0901,191.0,14.0,0.0,6.0,-5.72,0.0,21.0,-0.2723,23.9,11.1,-0.538,,,0.0,,,0.3886,0.0995,,0.4375,0.0,chandler,-0.1674104484624875,-0.1657943064331946,-1.1444609013573528,-1.0093533014885088,-1.2940900206272465,1.0497348852378505,-0.03362971088909035,0.059415812690153044,-0.04485463760331465,-0.455865087851512,-1.102490105262283,-0.9468484120371967,-1.4220822840918306,-0.15852840917875813,-0.6061426153589614,0.335590376314211,0.0,0.059415812690153044,0.32371032273717815,0.0,False,-0.42357667611004285,25.8
2003,00-0019559,C.Pennington,NYJ,10,,,14.03,5.26,2139,0,7,2146,13,0,1,0,14,12,3,15,6,10.481,329.0,0.0427,298.0,25.0,0.0,6.0,-16.99,2.0,145.0,-0.1171,42.0,46.7,0.421,,,0.0,,,0.4468,0.1216,,0.375,0.0,pennington,0.6952951782907005,0.5021776450594853,0.22322124629414464,-0.0725638134053757,-0.014846157024404354,-0.02574281734915721,0.13914706569083368,-0.21983850695356674,-0.5747175500051825,-0.1823587835700103,-0.4627736244310817,-0.05651576682879278,0.3958014944569138,0.6578965207703009,0.6223100111898355,-0.42649472180028697,0.0,-0.21983850695356674,0.32371032273717815,0.0,False,0.14684032010283654,48.0
2003,00-0001361,D.Bledsoe,BUF,16,,,-76.39,4.163,2860,0,5,2865,11,0,2,0,13,12,10,22,6,8.679,527.0,-0.145,472.0,49.0,0.0,6.0,-55.61,3.0,114.0,-0.4878,60.9,52.0,-2.161,,,0.0,,,0.3947,0.1347,,0.375,0.0,bledsoe,-0.5240560727753641,-1.3252966016566454,-0.5769639888918244,0.5465093868995624,-0.13114105371557183,-0.966785807112789,-0.29207696671501565,-0.21983850695356674,-2.390450085671566,-0.8356370503042415,-0.1429153840154811,0.8731685975048443,0.6664414951959121,-1.5402360852030779,-0.4773872713392422,-0.8782284224925908,0.0,-0.21983850695356674,0.32371032273717815,0.0,False,-0.6311235039235039,17.7
2003,00-0020531,D.Brees,LAC,11,,,-71.24,3.944,2108,0,10,2118,11,0,0,1,12,15,6,21,0,0.0,384.0,-0.1855,353.0,21.0,0.0,10.0,-21.81,4.0,116.0,-0.188,41.1,31.6,-1.972,,,0.0,,,0.3646,0.1198,,0.0,0.0,brees,-0.787155303825847,-1.2212102007432624,-0.7367092637375195,-0.09667236640751516,-0.2474359504067393,-0.832351094289413,-2.36898783089391,-1.8953644248158854,-0.8013315018931154,-0.3073046403584025,0.17694285640011953,-0.1007864508446802,-0.37526718689381766,-1.379334821636475,-1.1127210180594969,-0.3644244423158483,0.0,-1.8953644248158854,0.32371032273717815,0.0,False,-0.7152743928259818,14.4
2003,00-0020608,D.Carr,HOU,12,,,-26.11,4.929,2013,0,21,2034,9,0,2,0,11,13,2,15,5,8.793,316.0,-0.0826,293.0,15.0,0.0,8.0,-10.67,1.0,58.0,-0.184,47.5,34.4,0.178,,,0.0,,,0.4241,0.0949,,0.3125,0.0,carr,-0.11868836863832408,-0.3090899535158905,-0.018220242171265996,-0.16899802541393352,-0.36373084709790676,-0.02574281734915721,-0.26479642304450157,-0.49909282659728654,-0.2775805840442416,-0.30025550880475554,-0.7826318648466823,0.2140273021571863,-0.23228756386189411,0.45102346761323997,0.14317127196891286,0.49421442388555475,0.0,-0.49909282659728654,0.32371032273717815,0.0,False,-0.07351493599411571,39.4
2003,00-0003739,D.Culpepper,MIN,14,,,44.92,6.724,3479,0,19,3498,25,0,2,0,27,11,9,20,9,14.345,510.0,0.0881,451.0,38.0,0.0,21.0,20.33,8.0,136.0,0.1495,57.3,54.0,1.134,,,0.0,,,0.4863,0.1333,,0.5625,0.0,culpepper,0.9902261681596368,1.1264939410234456,1.2911074671804341,1.0915348886979293,1.4969874999607728,-0.6979163814660371,1.0638139143124776,0.6179244519775926,1.1798950401312602,0.2874658344805589,1.4563758180625221,0.6960858614412944,0.7685697973615719,1.2648944092517178,1.4560536323011335,-0.8299515384491389,0.0,0.6179244519775926,0.32371032273717815,0.0,False,0.8548692913499051,75.6
2003,00-0005363,D.Flutie,LAC,7,,,3.4,6.185,1097,0,21,1118,9,0,2,0,11,4,4,8,0,0.0,185.0,0.0184,165.0,8.0,0.0,12.0,6.41,2.0,37.0,0.1732,21.7,28.9,-0.08,,,0.0,,,0.427,0.0973,,0.0,0.0,flutie,0.5374356396604109,0.28733522919360976,0.8979444391355499,-0.9576921164839242,-0.36373084709790676,0.9153001724144746,-2.36898783089391,-1.8953644248158854,0.5254414695337446,0.32923193893591707,-0.4627736244310817,-1.0550656396315883,-0.5131403948174585,0.2313804729032742,0.20438282896189447,0.4114540512396364,0.0,-1.8953644248158854,0.32371032273717815,0.0,False,0.04600737676311193,44.1
2003,00-0019087,D.Johnson,ATL,10,,,-62.66,4.388,1655,0,-6,1649,8,0,1,0,9,12,2,14,5,9.061,269.0,-0.2329,244.0,19.0,0.0,6.0,-4.36,0.0,6.0,-0.7266,37.9,28.1,-1.599,,,0.0,,,0.368,0.1413,,0.3125,0.0,johnson,-1.0950788483145601,-1.0478002357264034,-0.412842131173645,-0.500490629193351,-0.5963206404802417,0.10869189547421876,-0.20066321511732735,-0.49909282659728654,0.019086228489546053,-1.2564702040569644,-1.102490105262283,-0.2581933273456136,-0.5539917156837223,-1.061788941687571,-1.0409557443435875,-1.1058194472688672,0.0,-0.49909282659728654,0.32371032273717815,0.0,False,-0.6983343405004014,15.1
2003,00-0009007,D.Kanell,DEN,5,,,-35.35,2.219,442,0,0,442,2,0,0,0,2,5,0,5,10,14.111,107.0,-0.3304,103.0,2.0,0.0,2.0,-9.12,0.0,18.0,-0.5066,7.9,4.9,-0.991,,,0.0,,,0.3551,0.0654,,0.625,0.0,kanell,-1.7284658860286854,-0.49583914661096956,-1.9949768395768972,-1.5397414675355767,-1.410384917318414,1.3186043108846026,1.0078170088835272,0.8971787716213124,-0.20470680283546644,-0.8687679686063822,-1.102490105262283,-1.7338827945418631,-1.7386800208053759,-0.5441806440764888,-1.3132416357951244,1.511477337658301,0.0,0.8971787716213124,0.32371032273717815,0.0,False,-0.6795765664253852,15.8
2003,00-0011022,D.McNabb,PHI,16,,,-7.84,5.367,3223,0,24,3247,16,0,2,0,18,11,5,16,12,12.467,539.0,-0.0146,477.0,43.0,0.0,19.0,20.82,9.0,133.0,0.1566,65.6,43.9,-0.335,,,0.0,,,0.41,0.1169,,0.75,0.0,mcnabb,0.3230584884340915,0.060164132831197564,0.30127030752012357,0.8754189314287506,0.4503334297402655,-0.1601775301725332,0.614402852792952,1.455687410908752,1.2029325580617762,0.29997804298828223,1.7762340584781227,1.1043599473655898,0.2528218714249899,0.014291466503889393,-0.1544435396176515,-0.264422325368697,0.0,1.455687410908752,0.32371032273717815,0.0,False,0.38155702715942097,57.2
2003,00-0001335,J.Blake,ARI,13,,,-85.91,4.429,2252,0,14,2266,13,0,2,0,15,15,5,20,4,8.333,395.0,-0.2175,366.0,19.0,0.0,10.0,-15.14,0.0,21.0,-0.7208,50.6,53.6,-1.225,,,0.0,,,0.3873,0.1013,,0.25,0.0,blake,-0.9950361777422778,-1.5177048612091508,-0.3829354815449986,0.030758556603793386,0.10144873966676311,-0.6979163814660371,-0.37487580978517326,-0.7783471462410063,-0.48773916598180594,-1.2462489633041762,-1.102490105262283,0.3665152137674655,0.7481441369284401,-0.7433917323018067,-0.6335822788385742,0.2735200968297724,0.0,-0.7783471462410063,0.32371032273717815,0.0,False,-0.4934561353349061,23.0
2003,00-0004161,J.Delhomme,CAR,16,,,-23.28,5.723,3219,0,12,3231,19,0,0,0,19,16,10,26,11,10.833,494.0,-0.0471,450.0,23.0,0.0,21.0,-15.44,6.0,135.0,-0.1143,60.9,57.6,0.242,,,0.0,,,0.4312,0.1032,,0.6875,0.0,delhomme,0.11192947586271641,-0.2518929603926142,0.5609475579542211,0.8616426154275281,0.566628326431433,-1.504524658406293,0.2233817268489131,1.1764330912650323,-0.5018437687964075,-0.17742439148245745,0.8166593372313208,0.8731685975048443,0.9524007412597596,0.5055085515723013,0.2930340494344889,0.20800146848508705,0.0,1.1764330912650323,0.32371032273717815,0.0,False,0.262388767537307,52.5
2003,00-0005180,J.Fiedler,MIA,12,,,-12.22,4.91,2138,0,48,2186,11,0,3,0,14,13,6,19,10,11.107,352.0,-0.0347,314.0,20.0,0.0,18.0,-29.45,3.0,133.0,-0.2214,45.9,40.0,-0.317,,,0.0,,,0.4318,0.1136,,0.625,0.0,fiedler,0.19248331450533337,-0.028359835324261996,-0.03207942126746793,-0.038123023402319337,-0.014846157024404354,-0.5634816686426611,0.2889507528640088,0.8971787716213124,-1.1605287202383037,-0.36616488883135456,-0.1429153840154811,0.13532386390671958,0.053671682201953376,0.029615396367375393,0.30569850950200206,-0.15062681298055935,0.0,0.8971787716213124,0.32371032273717815,0.0,False,-0.04261110628068591,40.6
2003,00-0005755,J.Garcia,SF,13,,,25.51,5.757,2704,0,45,2749,18,0,5,0,23,13,4,17,7,13.241,429.0,0.0595,390.0,22.0,0.0,17.0,34.12,12.0,143.0,0.2386,49.3,52.3,-0.313,,,0.0,,,0.4592,0.0909,,0.4375,0.0,garcia,0.8044326370968267,0.7341993698139775,0.5857481942316348,0.44663109589069894,1.0318079131961029,-0.29461224299590916,0.7996233861348649,0.059415812690153044,1.828236616175782,0.4444852398380448,2.735808779724924,0.3025686701889611,0.681760740520761,0.033020714114816725,0.8840421859184457,0.6321483782954188,0.0,0.059415812690153044,0.32371032273717815,0.0,False,0.6793120403352789,68.8
2003,00-0021141,J.Harrington,DET,16,,,-97.2,3.842,2880,0,3,2883,17,0,0,0,17,22,1,23,5,9.643,569.0,-0.1708,552.0,11.0,0.0,6.0,-6.75,5.0,123.0,-0.0549,68.5,65.4,-2.025,,,0.0,,,0.3796,0.0615,,0.3125,0.0,harrington,-0.6916600273704866,-1.7458865051532466,-0.8111111725697608,0.5620077424009378,0.3340385330490981,-1.101220519936165,-0.061388860588911874,-0.49909282659728654,-0.09328044060011359,-0.07274478791080023,0.49680109681572016,1.2470099291945609,1.350701119705833,-1.4244552817900726,-0.7961095163716622,1.6459629432079184,0.0,-0.49909282659728654,0.32371032273717815,0.0,False,-0.26916719142537493,31.8
2003,00-0009311,J.Kitna,CIN,16,,,45.86,5.75,3605,0,-5,3600,26,0,0,0,26,15,4,19,8,12.815,561.0,0.0817,519.0,37.0,0.0,5.0,-16.39,4.0,134.0,-0.1223,65.8,65.0,1.293,,,0.0,,,0.4706,0.107,,0.5,0.5,kitna,0.9486499933763506,1.145492235559092,0.5806421808804028,1.179358903205723,1.3806926032696052,-0.5634816686426611,0.6976803018924166,0.33867013233387283,-0.5465083443759794,-0.19152265458975137,0.17694285640011953,1.1141978771468983,1.3302754592727006,1.4002557897125107,1.1246669272012004,0.07696421179571641,0.0,0.33867013233387283,-1.197728194127559,0.0,False,0.6522624113546257,67.7
2003,00-0021206,J.McCown,ARI,7,,,-37.76,3.553,1018,0,-1,1017,5,0,0,0,5,6,3,9,4,8.333,197.0,-0.1917,166.0,24.0,0.0,7.0,-5.0,5.0,146.0,-0.0342,22.7,17.9,-0.147,,,0.0,,,0.3756,0.1726,,0.25,0.0,mccown,-0.8274322231471555,-0.5445475400481059,-1.0219165809277784,-1.0446551112416416,-1.0615002272449117,0.7808654595910987,-0.37487580978517326,-0.7783471462410063,-0.011003590848270744,-0.03626553212067727,0.49680109681572016,-1.0058759907250467,-1.0748460567285874,0.17434140063363193,-0.8805392501550848,-2.185152640526052,0.0,-0.7783471462410063,0.32371032273717815,0.0,False,-0.5841616830236388,19.5
2003,00-0020483,J.Palmer,NYG,5,,,-50.11,2.42,532,0,-2,530,3,0,0,0,3,4,1,5,4,8.1,133.0,-0.3768,115.0,16.0,0.0,2.0,-48.34,3.0,128.0,-0.3777,10.3,12.0,-0.922,,,0.0,,,0.3308,0.1654,,0.25,0.0,palmer,-2.02989315320751,-0.7941527927238881,-1.8483613133486565,-1.4639717295288528,-1.2940900206272465,1.3186043108846026,-0.4306334121994702,-0.7783471462410063,-2.048648544131053,-0.6416097042901091,-0.1429153840154811,-1.6158276371661628,-1.3761245481172837,-0.48543891293312585,-1.826152268529417,-1.9368715225882966,0.0,-0.7783471462410063,0.32371032273717815,0.0,False,-1.0846268448191234,0.0
2003,00-0013042,J.Plummer,DEN,11,,,56.5,6.672,2183,0,68,2251,15,0,3,0,18,7,2,9,10,14.111,327.0,0.1728,300.0,14.0,0.0,13.0,39.31,4.0,89.0,0.4417,40.3,43.9,0.987,,,0.0,,,0.4985,0.0703,,0.625,0.0,plummer,1.5404608563071898,1.3605367609413044,1.2531770822855655,0.01784326035264725,0.4503334297402655,0.7808654595910987,1.0078170088835272,0.8971787716213124,2.0722462448683903,0.8024048944744686,0.17694285640011953,-0.14013816996991374,0.2528218714249899,1.1397489820332491,1.713564320340572,1.3425082435062177,0.0,0.8971787716213124,0.32371032273717815,0.0,False,0.9751586869474129,80.3
2003,00-0022164,K.Boller,BAL,10,,,-48.91,3.747,1260,0,-3,1257,7,0,0,0,7,9,5,14,10,11.171,251.0,-0.1949,224.0,17.0,0.0,10.0,2.65,0.0,1.0,2.6525,25.0,18.9,-1.697,,,0.0,,,0.3865,0.1355,,0.625,1.0,boller,-0.8482203105387984,-0.7698996507634881,-0.8804070680507702,-0.8380103712233034,-0.8289104338625767,0.10869189547421876,0.3042661458018414,0.8971787716213124,0.3486637809240708,4.698459904175138,-1.102490105262283,-0.8927397982400008,-1.0237819056457576,-1.1452192264998837,-0.650468225595258,-0.9058152133745644,0.0,0.8971787716213124,-2.719166710992296,0.0,False,-0.4390152963436217,25.2
2003,00-0003292,K.Collins,NYG,13,,,-44.74,4.726,3110,0,-5,3105,13,0,0,0,13,16,9,25,4,8.1,532.0,-0.0841,498.0,28.0,0.0,6.0,-5.75,0.0,15.0,-0.3835,60.6,52.0,-0.905,,,0.0,,,0.4305,0.1053,,0.25,0.0,collins,-0.12843278460315669,-0.6856199824510987,-0.16629462935700165,0.7531541269179006,-0.13114105371557183,-1.370089945582917,-0.4306334121994702,-0.7783471462410063,-0.04626509788477482,-0.6518309450428972,-1.102490105262283,0.858411702832882,0.6664414951959121,-0.4709663125065002,0.2782588460223892,0.13558614241990835,0.0,-0.7783471462410063,0.32371032273717815,0.0,False,-0.21711679415329177,33.8
2003,00-0007576,K.Holcomb,CLE,10,,,-27.77,3.997,1797,0,1,1798,10,0,0,0,10,12,3,15,5,8.759,326.0,-0.0852,302.0,21.0,0.0,3.0,-16.77,1.0,19.0,-0.8824,37.9,34.5,-0.959,,,0.0,,,0.4479,0.1104,,0.3125,0.0,holcomb,-0.13557868964403402,-0.3426401332277771,-0.6980494483639039,-0.372198686431966,-0.48002574378907426,-0.02574281734915721,-0.2729327255427249,-0.49909282659728654,-0.5643741746078081,-1.531033878071513,-0.7826318648466823,-0.2581933273456136,-0.22718114875361103,-0.5169381020969581,0.6455281879802777,-0.040279649452667925,0.0,-0.49909282659728654,0.32371032273717815,0.0,False,-0.3678213759350488,27.9
2003,00-0021271,K.Kittner,ATL,6,,,-53.36,1.11,391,0,9,400,2,0,0,0,2,6,0,6,5,9.061,120.0,-0.4447,113.0,5.0,0.0,2.0,0.0,0.0,0.0,0.0,9.2,6.2,-0.874,,,0.0,,,0.275,0.0917,,0.3125,0.0,kittner,-2.4709903825489365,-0.8598383855333044,-2.803915240507836,-1.575904297038786,-1.410384917318414,1.1841695980612266,-0.20066321511732735,-0.49909282659728654,0.2240731227284231,0.02400454266300416,-1.102490105262283,-1.669936250963359,-1.6722966243976969,-0.4445750999638298,-3.0039470548081604,0.6045615874134457,0.0,-0.49909282659728654,0.32371032273717815,0.0,False,-0.9884537776875644,3.7
2003,00-0015700,K.Stewart,CHI,9,,,-76.17,3.218,1418,0,72,1490,7,0,2,0,9,12,5,17,7,9.759,299.0,-0.2547,246.0,25.0,0.0,28.0,-23.17,1.0,59.0,-0.3926,33.7,33.3,-1.236,,,0.0,,,0.3746,0.1472,,0.4375,0.0,stewart,-1.2366976936701286,-1.3208501922972387,-1.2662757913081792,-0.6373927694555,-0.5963206404802417,-0.29461224299590916,-0.03362971088909035,0.059415812690153044,-0.8652723679859763,-0.667867719327444,-0.7826318648466823,-0.4647898527530883,-0.2884581300530071,-0.7527563561072702,-0.9016466836009405,-1.309272030023416,0.0,0.059415812690153044,0.32371032273717815,0.0,False,-0.779691643523416,11.9
2003,00-0019599,M.Bulger,LA,15,,,33.07,5.294,3845,0,2,3847,22,0,2,0,24,22,9,31,0,0.0,574.0,0.0576,531.0,37.0,0.0,6.0,4.23,6.0,146.0,0.029,67.4,54.5,0.565,,,0.0,,,0.4599,0.1237,,0.0,0.0,bulger,0.7920897102080386,0.8869941641644967,0.24802188257155833,1.392030781474596,1.1481028098872703,-2.176698222523173,-2.36898783089391,-1.8953644248158854,0.42294802241430607,0.07511074642694456,0.8166593372313208,1.1929013153973653,0.7941018729029868,0.7804879596781887,0.8988173893305443,-0.49891004786546567,0.0,-1.8953644248158854,0.32371032273717815,0.0,False,0.3645384688424888,56.5
2003,00-0007091,M.Hasselbeck,SEA,16,,,65.48,6.215,3844,0,0,3844,26,0,1,0,27,15,4,19,10,13.032,559.0,0.1171,512.0,42.0,0.0,5.0,-2.66,4.0,140.0,-0.019,66.7,58.7,-0.177,,,0.0,,,0.4794,0.1109,,0.625,0.0,hasselbeck,1.178618210146402,1.5420311066116301,0.9198273534979741,1.3894477222243669,1.4969874999607728,-0.5634816686426611,0.7496090560722555,0.8971787716213124,0.09901231110562198,-0.009478832216818856,0.17694285640011953,1.158468561162786,1.0085713074508726,0.14880151752782197,1.3104123415247293,-0.05752139375390093,0.0,0.8971787716213124,0.32371032273717815,0.0,False,0.7334559778953483,70.9
2003,00-0020245,M.Vick,ATL,5,,,-8.79,4.275,585,0,60,645,4,0,1,0,5,3,1,4,5,9.061,117.0,-0.0751,100.0,9.0,0.0,8.0,-8.55,5.0,105.0,-0.0815,14.8,15.6,-0.117,,,0.0,,,0.4017,0.1368,,0.3125,0.0,vick,-0.06996628881416056,0.040963728779214344,-0.4952677752721082,-1.3649544582700657,-1.0615002272449117,1.4530390237079784,-0.20066321511732735,-0.49909282659728654,-0.17790805748772343,-0.11962151274255246,0.49680109681572016,-1.3944742170867257,-1.192293604219096,0.19988128373944192,-0.32963523721825266,-0.95064374855777,0.0,-0.49909282659728654,0.32371032273717815,0.0,False,-0.3056127453310482,30.4
2003,00-0010346,P.Manning,IND,16,,,120.21,7.316,4267,0,1,4268,29,0,0,0,29,10,5,15,12,17.192,593.0,0.2027,567.0,19.0,0.0,7.0,9.39,6.0,136.0,0.069,71.7,63.0,3.252,,,0.0,,,0.4975,0.0624,,0.75,1.0,manning,1.7346995478728546,2.648176489522201,1.7229303105989333,1.7545200962567642,1.7295772933431077,-0.02574281734915721,1.745109597031375,1.455687410908752,0.6655471908254541,0.14560206196341405,0.8166593372313208,1.4044168056954944,1.228147157107041,3.0680101565219022,1.6924568868947163,1.614927803465699,0.0,1.455687410908752,-2.719166710992296,0.5,True,1.4804773192732699,100.0
2003,00-0021379,P.Ramsey,WAS,11,,,-29.59,4.954,2169,0,1,2170,14,0,1,0,15,9,6,15,5,9.567,375.0,-0.0789,341.0,30.0,0.0,4.0,0.0,0.0,0.0,0.0,45.1,48.4,-1.31,,,0.0,,,0.3947,0.12,,0.3125,0.0,ramsey,-0.09465214259173671,-0.3794240652010502,1.5519797420246725e-05,-0.05189933940354188,0.10144873966676311,-0.02574281734915721,-0.07957588970258822,-0.49909282659728654,0.2240731227284231,0.02400454266300416,-1.102490105262283,0.09597214478148641,0.4826105512977244,-0.8157547344349348,-0.4773872713392422,-0.37132114003634126,0.0,-0.49909282659728654,0.32371032273717815,0.0,False,-0.19484141203351826,34.7
2003,00-0020404,Q.Carter,DAL,16,,,-63.67,4.643,3302,0,32,3334,17,0,1,0,18,21,3,24,10,9.633,572.0,-0.1113,504.0,37.0,0.0,31.0,-26.26,5.0,135.0,-0.1945,65.1,58.1,-0.992,,,0.0,,,0.3934,0.1294,,0.625,0.0,carter,-0.3051315274321229,-1.0682132968764066,-0.2268373590930414,0.9503276496853983,0.4503334297402655,-1.235655232759541,-0.0637818907354486,0.8971787716213124,-1.0105497769763732,-0.31875947913307884,0.49680109681572016,1.079765122912319,0.9779328168011745,-0.5450319735133491,-0.5048269348188539,-0.6954659328995212,0.0,0.8971787716213124,0.32371032273717815,0.0,False,-0.18457011269900145,35.1
2003,00-0005741,R.Gannon,LV,7,,,-26.22,4.667,1270,0,1,1271,6,0,0,0,6,4,0,4,0,0.0,241.0,-0.1088,223.0,17.0,0.0,1.0,0.0,0.0,0.0,0.0,27.3,25.0,-0.909,,,0.0,,,0.3776,0.0871,,0.0,0.0,gannon,-0.28889083415740174,-0.31131315819559385,-0.2093310276031022,-0.8259560947222336,-0.9452053305537441,1.4530390237079784,-2.36898783089391,-1.8953644248158854,0.2240731227284231,0.02400454266300416,-1.102490105262283,-0.779603605754955,-0.7122905840404951,-0.4743716302539415,-0.8383243832633736,0.7631856349847894,0.0,-1.8953644248158854,0.32371032273717815,0.0,False,-0.35723853824339863,28.4
2003,00-0011378,R.Mirer,LV,9,,,-41.5,4.066,1267,0,3,1270,3,0,0,0,3,5,2,7,0,0.0,243.0,-0.1708,219.0,22.0,0.0,2.0,-49.48,1.0,106.0,-0.4668,27.3,12.5,-1.425,,,0.0,,,0.3539,0.1235,,0.0,0.0,mirer,-0.6916600273704866,-0.6201364991580189,-0.6477187453303288,-0.82681711447231,-1.2940900206272465,1.0497348852378505,-2.36898783089391,-1.8953644248158854,-2.102246034826539,-0.7986291096475949,-0.7826318648466823,-0.779603605754955,-1.3505924725758687,-0.9136576196738732,-1.3385705559301517,-0.4920133501449723,0.0,-1.8953644248158854,0.32371032273717815,0.0,False,-0.8543748769047027,9.0
2003,00-0011024,S.McNair,TEN,14,,,101.36,7.874,3246,0,28,3274,24,0,3,0,27,7,7,14,12,15.536,433.0,0.2341,399.0,20.0,0.0,14.0,5.94,5.0,78.0,0.0762,58.7,58.7,2.733,,,0.0,,,0.4942,0.0785,,0.75,0.0,mcnair,1.9386826554033527,2.2672000512275865,2.1299525177400187,0.8986664646808137,1.4969874999607728,0.10869189547421876,1.3488238047649561,1.455687410908752,0.5033442584575354,0.15829049875997855,0.49680109681572016,0.764951369910453,1.0085713074508726,2.62617017879139,1.6228023565233922,1.0597436369659967,0.0,1.455687410908752,0.32371032273717815,0.5,True,1.3950991621980449,96.7
2003,00-0000722,T.Banks,HOU,6,,,5.21,5.272,693,0,2,695,5,0,0,0,5,3,0,3,5,8.793,116.0,0.0449,101.0,13.0,0.0,2.0,0.0,0.0,0.0,0.0,16.2,15.6,-0.241,,,0.0,,,0.4569,0.1466,,0.3125,0.0,banks,0.709586988372455,0.3239170516505462,0.23197441203911456,-1.3219034707662451,-1.0615002272449117,1.5874737365313545,-0.26479642304450157,-0.49909282659728654,0.2240731227284231,0.02400454266300416,-1.102490105262283,-1.3256087086175674,-1.192293604219096,0.09431643356876068,0.8354950889929773,-1.2885819368619367,0.0,-0.49909282659728654,0.32371032273717815,0.0,False,-0.15622789524767192,36.2
2003,00-0019596,T.Brady,NE,16,,,22.23,5.941,3620,0,59,3679,23,0,0,0,23,12,8,20,14,11.226,579.0,0.0384,527.0,32.0,0.0,20.0,5.77,8.0,132.0,0.0437,70.0,69.7,1.19,,,0.0,,,0.4318,0.0898,,0.875,0.0,brady,0.66736118585818,0.6679074484555511,0.7199634023211685,1.2473794634617594,1.0318079131961029,-0.6979163814660371,0.31742781160779165,2.0141960501961917,0.49535165019592775,0.10101630488659709,1.4563758180625221,1.3207944025543734,1.5702769693620013,1.3125688577158965,0.30569850950200206,0.670080215758131,0.0,2.0141960501961917,0.32371032273717815,0.0,False,0.7998081710953729,73.5
2003,00-0003535,T.Couch,CLE,10,,,-43.37,4.79,1319,0,2,1321,7,0,0,0,7,6,3,9,5,8.759,226.0,-0.1919,205.0,19.0,0.0,2.0,-19.74,3.0,90.0,-0.2193,27.9,24.1,-0.828,,,0.0,,,0.4027,0.1239,,0.3125,0.0,couch,-0.8287314786091331,-0.6579309787129753,-0.11961107871716384,-0.7829051072184131,-0.8289104338625767,0.7808654595910987,-0.2729327255427249,-0.49909282659728654,-0.7040097424723641,-0.3624640947656899,-0.1429153840154811,-0.7500898164110301,-0.7582483200150418,-0.4054139458682545,-0.308527803772397,-0.5058067455859586,0.0,-0.49909282659728654,0.32371032273717815,0.0,False,-0.4420600425154413,25.1
2003,00-0006355,T.Green,KC,16,,,93.28,7.049,4039,0,3,4042,24,0,2,0,26,12,2,14,13,17.926,549.0,0.1699,526.0,20.0,0.0,3.0,31.53,6.0,144.0,0.219,67.9,45.6,1.958,,,0.0,,,0.4663,0.0619,,0.8125,1.5,green,1.521621652108513,2.1038955620275606,1.5281723727733605,1.5599296327394958,1.3806926032696052,0.10869189547421876,1.9207580097871424,1.734941730552472,1.7064668785430548,0.4099444952251747,0.8166593372313208,1.2174961398506363,0.3396309282658009,1.966389865224632,1.0339049633840207,1.6321695477669322,0.0,1.734941730552472,-4.240605227857033,0.0,False,1.1925864707617633,88.8
2003,00-0019816,T.Hasselbeck,WAS,7,,,-31.49,4.048,1012,0,-1,1011,5,0,0,0,5,7,3,10,5,9.567,189.0,-0.1666,177.0,9.0,0.0,3.0,-26.67,4.0,111.0,-0.2403,21.0,16.1,-0.622,,,0.0,,,0.3862,0.1058,,0.3125,0.0,hasselbeck,-0.664375662668955,-0.41782487330501666,-0.660848493947783,-1.0498212297421,-1.0615002272449117,0.6464307467677226,-0.07957588970258822,-0.49909282659728654,-1.029826067489662,-0.3994720354223364,0.17694285640011953,-1.0894983938661675,-1.1667615286776811,-0.23004008187502603,-0.6568004556290151,0.11834439811867534,0.0,-0.49909282659728654,0.32371032273717815,0.0,False,-0.48249990409061433,23.5
2003,00-0010261,T.Maddox,PIT,16,,,-29.67,4.968,3414,0,0,3414,18,0,0,0,18,17,3,20,6,10.345,559.0,-0.0531,516.0,41.0,0.0,2.0,-11.85,4.0,118.0,-0.1004,68.0,56.2,-1.834,,,0.0,,,0.4347,0.1091,,0.375,0.0,maddox,0.07295181200338564,-0.3810409413317435,0.010227546499884931,1.019209229691511,0.4503334297402655,-0.6979163814660371,0.10660185569793956,-0.21983850695356674,-0.3330586884483413,-0.1529286593335343,0.17694285640011953,1.2224151047412901,0.8809109297437978,-1.2618513593497491,0.3669100664949825,0.004548885730537697,0.0,-0.21983850695356674,0.32371032273717815,0.0,False,-0.028277948465936627,41.2
2003,00-0019623,T.Rattay,SF,8,,,20.69,6.816,856,0,6,862,7,0,0,0,7,2,0,2,7,13.241,126.0,0.1642,118.0,7.0,0.0,1.0,1.94,0.0,1.0,1.9417,15.5,15.9,0.208,,,0.0,,,0.4365,0.0714,,0.4375,0.0,rattay,1.484592871442149,0.6367825829397046,1.3582150712252006,-1.1781131725034848,-0.8289104338625767,1.7219084493547305,0.7996233861348649,0.059415812690153044,0.31528288759618034,3.4458292270920747,-1.102490105262283,-1.3600414628521464,-1.1769743588942472,0.47656335071905,0.4049034466975231,1.304576406043505,0.0,0.059415812690153044,0.32371032273717815,0.0,False,0.4926027110985886,61.5
2003,00-0016193,V.Testaverde,NYJ,7,,,-1.95,6.799,1385,0,2,1387,7,0,0,0,7,2,1,3,6,10.481,207.0,-0.0094,198.0,6.0,0.0,3.0,0.0,0.0,0.0,0.0,27.1,23.3,-0.496,,,0.0,,,0.3961,0.0483,,0.375,0.0,testaverde,0.3568391304455115,0.17920663795349365,1.3458147530864941,-0.7260778037133702,-0.8289104338625767,1.5874737365313545,0.13914706569083368,-0.21983850695356674,0.2240731227284231,0.02400454266300416,-1.102490105262283,-0.7894415355362633,-0.7990996408813058,-0.12277257283062414,-0.44783686451504406,2.101144992760469,0.0,-0.21983850695356674,0.32371032273717815,0.0,False,0.14470717271937575,47.9
2004,00-0001823,A.Brooks,NO,16,,,7.28,5.604,3810,0,9,3819,21,0,3,0,24,16,4,20,8,12.0,600.0,0.0121,544.0,42.0,0.0,14.0,-3.05,6.0,119.0,-0.0256,72.7,61.5,0.658,,,0.0,,,0.4117,0.1033,,0.5,0.0,brooks,0.23879865704154613,0.012023361219798129,0.1764306652490159,0.9987932843812121,0.6694727709595755,-0.6978275934232918,0.3987315169794155,0.3746250246010979,-0.21071376018721608,-0.030286626149905366,0.6123282513863681,1.2393872274345312,0.9080639438573143,0.411255811716966,-0.15695775153670788,0.40341639209357466,0.0,0.3746250246010979,0.34529606302095023,0.0,False,0.2965995477835121,50.2
2004,00-0020305,A.Feeley,MIA,11,,,-97.39,3.399,1893,0,2,1895,11,0,0,0,11,15,6,21,4,8.333,388.0,-0.251,360.0,23.0,0.0,5.0,-14.67,3.0,126.0,-0.1165,40.6,28.9,-4.421,,,0.0,,,0.3814,0.1134,,0.25,0.0,feeley,-1.0401723201009963,-1.4317455323285007,-1.1387048715113997,-0.5392231366084976,-0.5369039054230258,-0.864354632762941,-0.49169775870413884,-0.769684141453165,-0.7786842866523045,-0.253982275821232,-0.37681738546853444,-0.3655900658391549,-0.6505685645160528,-2.261023796063952,-0.5762365815232995,0.12018363220265375,0.0,-0.769684141453165,0.34529606302095023,0.0,False,-0.8336637917615162,15.6
2004,00-0005106,B.Favre,GB,16,,,121.84,6.933,4086,0,9,4095,30,0,0,0,30,17,4,21,10,15.143,553.0,0.2203,539.0,12.0,0.0,2.0,35.48,8.0,142.0,0.2499,63.9,63.8,3.059,,,0.0,,,0.5027,0.0597,,0.625,0.0,favre,1.2508919958521783,1.5922102767150987,0.9690905874052934,1.219423498618821,1.2262620062130838,-0.864354632762941,1.1619219215262964,0.9467796076282293,1.672582658461653,0.6476908379254576,1.2717586759563033,0.7993934523314644,1.018028814079975,1.6745248289018415,1.1022624969378747,1.6260845437019067,0.0,0.9467796076282293,0.34529606302095023,0.0,False,1.128722355879222,75.7
2004,00-0006423,B.Griese,TB,11,,,37.68,6.435,2632,0,-6,2626,20,0,0,0,20,12,5,17,5,10.75,365.0,0.1032,335.0,26.0,0.0,4.0,-0.37,7.0,119.0,-0.0031,50.5,52.6,0.679,,,0.0,,,0.5068,0.1205,,0.3125,0.0,griese,0.6816502572607998,0.4313467047171544,0.6720667791029409,0.04512717718748871,0.2982799474572367,-0.19824647540434417,0.09520367552742667,-0.48360684993959924,-0.07971883669957086,0.02508358416477944,0.9420434636713357,0.12940293115179494,0.48254770690875703,0.42230481186727103,1.1589965960449713,-0.07892058514640936,0.0,-0.48360684993959924,0.34529606302095023,0.0,False,0.3265246205562629,51.1
2004,00-0008442,B.Johnson,TB,4,,,-15.79,4.814,674,0,1,675,3,0,0,0,3,3,2,5,5,10.75,114.0,-0.1385,105.0,8.0,0.0,1.0,0.0,0.0,0.0,0.0,13.0,7.9,-0.951,,,0.0,,,0.386,0.114,,0.3125,0.0,johnson,-0.49329191368314756,-0.30619339978296534,-0.2947516812547158,-1.5144726343254653,-1.2792895524277035,1.8000779966714462,0.09520367552742667,-0.48360684993959924,-0.06163371666582881,0.0327123686970249,-1.3659630223234371,-1.7455705422987726,-1.6545956404620867,-0.43530805694211977,-0.5125836898421668,0.10335792369428212,0.0,-0.48360684993959924,0.34529606302095023,0.0,False,-0.45327004711447866,27.3
2004,00-0022177,B.Leftwich,JAX,14,,,13.22,5.696,2941,0,-2,2939,15,0,1,0,16,10,5,15,9,9.321,476.0,0.0278,445.0,25.0,0.0,6.0,-23.05,4.0,115.0,-0.2004,59.5,53.3,1.178,,,0.0,,,0.4202,0.0924,,0.5625,0.0,leftwich,0.31511885598163697,0.09395693557421578,0.23130253344945026,0.2953346302902845,-0.07291287604510217,0.13480760327495422,-0.251789352820487,0.6607023161146637,-1.1882878160651653,-0.4604516378391011,-0.047102173183566916,0.5793965647799312,0.516015276106958,0.6848501011530906,-0.03933827777809294,0.7090834299956579,0.0,0.6607023161146637,0.34529606302095023,0.0,False,0.17015954735548308,46.3
2004,00-0022924,B.Roethlisberger,PIT,14,,,55.01,6.932,2621,0,27,2648,17,0,0,0,17,11,3,14,15,14.308,334.0,0.1647,295.0,30.0,0.0,9.0,19.02,3.0,72.0,0.2642,49.9,43.6,1.282,,,0.0,,,0.509,0.1347,,0.9375,0.0,roethlisberger,0.9806115461025572,0.6703885975727197,0.968494154055289,0.0627136435397619,0.019885329830482534,0.3013346426146034,0.9591653234363676,2.377166065196058,0.8680392104741008,0.6828816827032349,-0.37681738546853444,0.09940335557658579,0.0522503886461711,0.7395689590403156,1.1894392833707301,-0.4771290198445356,0.0,2.377166065196058,0.34529606302095023,0.0,False,0.5449085067951143,57.8
2004,00-0019041,B.Volek,TEN,10,,,-0.52,5.689,2485,0,6,2491,18,0,1,0,19,10,3,13,5,10.424,387.0,-0.0013,353.0,30.0,0.0,4.0,19.45,10.0,164.0,0.1186,44.2,45.2,0.419,,,0.0,,,0.4186,0.1111,,0.3125,0.0,volek,0.17365912418822013,-0.0955661808617604,0.2271274999994174,-0.06278977542873312,0.20548174158165194,0.4678616819542526,0.016043614476747868,-0.48360684993959924,0.8890570526754767,0.324574899511319,1.9311891005262383,-0.18559261238790029,0.12874768967063088,0.28550766714920867,-0.06147841401500854,0.18468218148474458,0.0,-0.48360684993959924,0.34529606302095023,0.0,False,0.23669706878438176,48.4
2004,00-0020562,C.Hutchinson,CHI,5,,,-57.5,3.719,903,0,0,903,4,0,0,0,4,3,4,7,5,6.417,189.0,-0.3042,162.0,23.0,0.0,4.0,-62.3,1.0,153.0,-0.4072,21.8,18.2,-1.215,,,0.0,,,0.3122,0.1587,,0.3125,0.0,hutchinson,-1.298785987847037,-0.8815215792985815,-0.9478461995098882,-1.3322128921291796,-1.1864913465521187,1.4670239179921478,-0.9569452340817474,-0.48360684993959924,-3.1067769007256407,-0.9693653930869596,-1.0362478100384696,-1.3055767671957061,-1.1621442651171272,-0.5742097731173831,-1.5337974737699054,-1.1501573601793977,0.0,-0.48360684993959924,0.34529606302095023,0.0,False,-0.9649300966802483,11.6
2004,00-0022818,C.Krenzel,CHI,6,,,-93.48,2.349,718,0,0,718,3,0,0,0,3,6,7,13,5,6.417,152.0,-0.615,126.0,23.0,0.0,3.0,0.0,0.0,0.0,0.0,17.3,13.6,-2.344,,,0.0,,,0.2368,0.2368,,0.3125,0.0,krenzel,-2.809634257310747,-1.3778128259773605,-1.7649598890163594,-1.4800990864551131,-1.2792895524277035,0.4678616819542526,-0.9569452340817474,-0.48360684993959924,-0.06163371666582881,0.0327123686970249,-1.3659630223234371,-1.5305735840097743,-1.3820740055624487,-1.1682250669123537,-2.577151393934559,-3.3403037510190936,0.0,-0.48360684993959924,0.34529606302095023,0.0,False,-1.3438008578707763,0.0
2004,00-0021429,C.Palmer,CIN,13,,,-31.5,5.031,2897,0,0,2897,18,0,1,0,19,18,3,21,8,12.467,453.0,-0.0695,426.0,25.0,0.0,2.0,9.15,2.0,23.0,0.3977,55.0,44.2,-0.853,,,0.0,,,0.4393,0.1038,,0.5,0.0,palmer,-0.15787193108020026,-0.5228897723600531,-0.16532564430369096,0.2617604672541266,0.20548174158165194,-0.864354632762941,0.5121295185458786,0.3746250246010979,0.385606413898333,1.0114115972370314,-0.706532597753502,0.35439974796586304,0.08093687653034357,-0.3837460562406963,0.2249595985500887,0.38939496833659837,0.0,0.3746250246010979,0.34529606302095023,0.0,False,0.008398570350097508,41.4
2004,00-0019559,C.Pennington,NYJ,13,,,23.2,6.355,2673,0,23,2696,16,0,1,0,17,9,3,12,10,11.483,402.0,0.0577,373.0,18.0,0.0,11.0,2.14,5.0,141.0,0.0151,49.0,50.0,0.016,,,0.0,,,0.4751,0.0771,,0.625,1.0,pennington,0.46046751510958084,0.2316163753144663,0.6243521111025635,0.10108411558108521,0.019885329830482534,0.6343887212939018,0.273192401754873,0.9467796076282293,0.04296670731311177,0.06987193206376893,0.2826130391014006,0.054403992213772234,0.35823959274400996,0.07347209283621206,0.7203451468510782,1.138138996959132,0.0,0.9467796076282293,-3.2803125986990276,0.0,False,0.23760811451783206,48.4
2004,00-0001361,D.Bledsoe,BUF,16,,,-37.28,4.994,2932,0,-1,2931,20,0,0,0,20,16,7,23,9,12.344,484.0,-0.077,439.0,38.0,0.0,7.0,-22.71,3.0,124.0,-0.1831,60.9,51.3,-1.154,,,0.0,,,0.4256,0.1281,,0.5625,0.0,bledsoe,-0.19433062484139013,-0.6026163817486953,-0.1873936782538657,0.2889395516167306,0.2982799474572367,-1.1974087114422394,0.48226237894700263,0.6607023161146637,-1.1716690571152402,-0.41787809835269907,-0.37681738546853444,0.649395574455419,0.42039364982638333,-0.5421150583950685,0.03538468202149711,-0.29204622625244875,0.0,0.6607023161146637,0.34529606302095023,0.0,False,-0.19849786646209078,35.1
2004,00-0020531,D.Brees,LAC,15,,,121.6,7.841,3159,0,17,3176,27,0,2,0,29,7,3,10,0,0.0,442.0,0.2751,399.0,17.0,0.0,26.0,26.15,6.0,71.0,0.3683,56.8,54.7,2.689,,,0.0,,,0.5,0.0792,,0.0,0.0,brees,1.5172835182672728,1.5888998292664354,1.5106520692095826,0.4847888359943184,1.133463800337499,0.9674427999732003,-2.515135760959677,-1.9139933075074278,1.2165443613945897,0.93906118909251,0.6123282513863681,0.4443984746914902,0.5829504145033605,1.4798519691107528,1.064901017038079,1.0792490171798315,0.0,-1.9139933075074278,0.34529606302095023,0.0,False,0.9474112967671191,70.1
2004,00-0020608,D.Carr,HOU,16,,,9.55,5.678,3539,0,3,3542,16,0,0,0,16,14,5,19,7,11.036,530.0,0.018,465.0,50.0,0.0,15.0,-4.99,4.0,115.0,-0.0434,69.0,47.1,0.471,,,0.0,,,0.4453,0.1396,,0.4375,0.0,carr,0.2674794961336822,0.04333467667173889,0.22056673314936534,0.7773636853094087,-0.07291287604510217,-0.5313005540836425,0.16465084565164162,0.0885477330875322,-0.30553844360737714,-0.07409061475441156,-0.047102173183566916,1.0543898447207416,0.21958823463717675,0.31286709609282115,0.30798510943852203,-0.6145389726629036,0.0,0.0885477330875322,0.34529606302095023,0.0,False,0.08929347832152536,43.9
2004,00-0003739,D.Culpepper,MIN,16,,,170.64,8.034,4717,0,38,4755,39,0,2,0,41,11,4,15,8,15.577,615.0,0.2775,548.0,45.0,0.0,22.0,42.82,9.0,147.0,0.2913,76.4,87.2,3.992,,,0.0,,,0.5252,0.0992,,0.5,0.5,culpepper,1.5289503002708535,2.2653345912766443,1.6257637057604946,1.7470174891870167,2.2470422708445157,0.13480760327495422,1.2673067880784266,0.3746250246010979,2.0313523369688604,0.7495720249044775,1.601473888241271,1.4243846101483206,2.136801841562699,2.1654161212939655,1.4136081627695019,0.5183920669007803,0.0,0.3746250246010979,-1.4675082678390385,0.04,False,1.4585954206084515,85.8
2004,00-0011022,D.McNabb,PHI,15,,,99.13,7.855,3875,0,12,3887,31,0,1,0,32,8,8,16,13,13.31,509.0,0.1948,471.0,31.0,0.0,7.0,-2.82,3.0,81.0,-0.0348,69.0,74.4,1.057,,,0.0,,,0.4833,0.0923,,0.8125,0.0,mcnabb,1.1269324370641327,1.2789591868853303,1.5190021361096488,1.05315145310642,1.4118584179642533,-0.031719436064694975,0.7168286948210999,1.8050114821689265,-0.19947165854461962,-0.052926889923020914,-0.37681738546853444,1.0543898447207416,1.524823433367021,0.6211868145727616,0.8338133450652712,0.7118877147470531,0.0,1.8050114821689265,0.34529606302095023,0.0,False,0.8505680639826662,67.2
2004,00-0022803,E.Manning,NYG,8,,,-38.65,3.245,1043,0,0,1043,6,0,0,0,6,9,1,10,6,8.912,209.0,-0.1849,195.0,13.0,0.0,1.0,-6.76,5.0,111.0,-0.0609,21.1,20.0,-1.039,,,0.0,,,0.3589,0.11,,0.375,0.0,manning,-0.7188496990857092,-0.6215135192681485,-1.230555607412127,-1.2202990153419866,-1.0008949348009493,0.9674427999732003,-0.3511036625435775,-0.19752955842603354,-0.3920537475525756,-0.1171563338880553,0.2826130391014006,-1.34057627203345,-1.07608480146461,-0.48160862900054086,-0.8875822473549273,0.2155293137500925,0.0,-0.19752955842603354,0.34529606302095023,0.0,False,-0.5148908920927734,25.4
2004,00-0004161,J.Delhomme,CAR,16,,,55.41,6.241,3886,0,7,3893,29,0,1,0,30,15,6,21,7,12.241,576.0,0.0962,535.0,33.0,0.0,8.0,15.5,9.0,155.0,0.1,72.0,71.4,1.519,,,0.0,,,0.4514,0.0938,,0.4375,1.0,delhomme,0.6476221430836892,0.6759060099871586,0.5563587092020246,1.0579477621115854,1.2262620062130838,-0.864354632762941,0.45725168481135886,0.0885477330875322,0.6959861766395818,0.27880219231784625,1.601473888241271,1.2043877225967872,1.381390993946159,0.8642648178794724,0.3923943788417639,0.6698234434761243,0.0,0.0885477330875322,-3.2803125986990276,0.0,False,0.5590815739681988,58.2
2004,00-0005180,J.Fiedler,MIA,8,,,-47.87,3.726,1186,0,2,1188,7,0,0,0,7,8,4,12,4,8.333,218.0,-0.2196,190.0,25.0,0.0,3.0,0.0,0.0,0.0,0.0,25.5,18.4,-1.644,,,0.0,,,0.3257,0.1697,,0.25,0.0,fiedler,-0.8875319222208145,-0.748689875420965,-0.9436711660598551,-1.1043882143838224,-0.9080967289253646,0.6343887212939018,-0.49169775870413884,-0.769684141453165,-0.06163371666582881,0.0327123686970249,-1.3659630223234371,-1.1205793844819167,-1.1525821024890697,-0.7999250619021859,-1.3469900742709289,-1.4586286828328756,0.0,-0.769684141453165,0.34529606302095023,0.0,False,-0.7557825949470991,18.0
2004,00-0005755,J.Garcia,CLE,11,,,-35.67,5.119,1731,0,18,1749,10,0,1,0,11,9,7,16,4,9.2,284.0,-0.1256,252.0,25.0,0.0,7.0,-4.26,0.0,2.0,-2.1325,38.4,34.4,-1.321,,,0.0,,,0.3873,0.1479,,0.25,0.0,garcia,-0.43058296041390076,-0.5804087967805787,-0.11283950950327525,-0.6559333224008561,-0.5369039054230258,-0.031719436064694975,-0.28117084787303964,-0.769684141453165,-0.26985699056783197,-5.21515312001699,-1.3659630223234371,-0.4755885096149216,-0.3876090922444725,-0.6299809167332084,-0.4945948291496733,-0.84729460702871,0.0,-0.769684141453165,0.34529606302095023,0.0,False,-0.748882210622771,18.2
2004,00-0021141,J.Harrington,DET,16,,,-61.52,5.155,3047,0,10,3057,19,0,0,0,19,12,4,16,6,10.963,529.0,-0.1163,487.0,35.0,0.0,7.0,-20.78,4.0,154.0,-0.1349,64.8,65.5,-1.672,,,0.0,,,0.3913,0.0983,,0.375,0.0,harrington,-0.38537418015002534,-0.9369715740636926,-0.09136790890310491,0.38966204072520433,0.20548174158165194,-0.031719436064694975,0.14692481971084537,-0.19752955842603354,-1.077333160723018,-0.2992628033674631,-0.047102173183566916,0.8443928156942779,1.0993071964184635,-0.8146570621025926,-0.4392444885573839,0.5436306296633376,0.0,-0.19752955842603354,0.34529606302095023,0.0,False,-0.16061110267679882,36.2
2004,00-0009311,J.Kitna,CIN,4,,,-0.83,4.523,623,0,0,623,5,0,0,0,5,4,1,5,8,12.467,112.0,-0.0074,105.0,6.0,0.0,1.0,-0.83,5.0,112.0,-0.0074,11.8,11.6,-0.007,,,0.0,,,0.4375,0.0982,,0.5,0.0,kitna,0.14400605326245233,-0.09984217548295055,-0.46831378610609053,-1.5560406457035656,-1.093693140676534,1.8000779966714462,0.5121295185458786,0.3746250246010979,-0.10220303998476368,0.014501721749084123,0.2826130391014006,-1.8055696934491907,-1.4776956318430234,0.06137080695730654,0.20005194528355819,0.5464349144147329,0.0,0.3746250246010979,0.34529606302095023,0.0,False,-0.1533145122595252,36.4
2004,00-0021206,J.McCown,ARI,14,,,-49.98,4.586,2511,0,14,2525,11,0,1,0,12,10,6,16,6,9.467,448.0,-0.1116,409.0,31.0,0.0,8.0,-2.04,6.0,157.0,-0.013,53.2,38.7,-2.014,,,0.0,,,0.3906,0.1071,,0.375,0.0,mccown,-0.36252673205967967,-0.7777942259071302,-0.4307384850557926,-0.03561069106612911,-0.444105699547441,-0.031719436064694975,-0.2163373009388945,-0.19752955842603354,-0.16134627036537963,0.0007206916263181293,0.6123282513863681,0.26440102124023596,-0.18202259574123675,-0.9945979216932745,-0.4489307981610342,0.2968535715405549,0.0,-0.19752955842603354,0.34529606302095023,0.0,False,-0.27947276488173844,32.6
2004,00-0013042,J.Plummer,DEN,16,,,45.44,6.765,4089,0,21,4110,27,0,0,0,27,20,3,23,10,13.138,547.0,0.0831,519.0,17.0,0.0,11.0,16.77,5.0,137.0,0.1224,65.9,65.9,0.329,,,0.0,,,0.4607,0.0731,,0.625,0.0,plummer,0.5839409579808107,0.538384505557269,0.8688897846044997,1.2314142711317346,0.9478673885863297,-1.1974087114422394,0.6750632638373061,0.9467796076282293,0.7580621291878317,0.3339263128089102,0.2826130391014006,0.8993920375821617,1.1184315216745788,0.2381548093621871,0.5210839207188362,1.2503103870149423,0.0,0.9467796076282293,0.34529606302095023,0.0,False,0.6077206722411506,59.7
2004,00-0013338,J.Quinn,CHI,5,,,-44.43,1.673,413,0,0,413,1,0,0,0,1,3,0,3,5,6.417,113.0,-0.3932,98.0,15.0,0.0,0.0,0.0,0.0,0.0,0.0,10.0,4.5,-1.773,,,0.0,,,0.2655,0.1593,,0.3125,0.0,quinn,-1.7314291538131572,-0.7012401286567905,-2.1681488336195525,-1.723911460884355,-1.464885964178873,2.1331320753507446,-0.9569452340817474,-0.48360684993959924,-0.06163371666582881,0.0327123686970249,-1.3659630223234371,-1.8955684201748182,-1.8171524051390635,-0.8677974913969169,-2.180012700184883,-1.1669830686877691,0.0,-0.48360684993959924,0.34529606302095023,0.0,False,-1.0043410361882965,10.4
2004,00-0022164,K.Boller,BAL,16,,,-87.7,4.23,2559,0,28,2587,13,0,0,0,13,11,8,19,9,10.567,499.0,-0.1758,456.0,35.0,0.0,8.0,-11.71,6.0,139.0,-0.0843,58.0,50.0,-1.409,,,0.0,,,0.3788,0.1082,,0.5625,0.0,boller,-0.6746131506554655,-1.2980862165887184,-0.6430687576574742,0.013951168653913514,-0.3513074936718563,-0.5313005540836425,0.050767199538855556,0.6607023161146637,-0.6340033263823681,-0.1747413526153275,0.6123282513863681,0.5043976258419085,0.35823959274400996,-0.6762814887916296,-0.6122143029082874,0.266006439275207,0.0,0.6607023161146637,0.34529606302095023,0.0,False,-0.32752298117682255,31.1
2004,00-0003292,K.Collins,LV,14,,,-32.39,5.328,3495,0,-1,3494,21,0,0,0,21,20,7,27,0,0.0,543.0,-0.0597,515.0,24.0,0.0,4.0,-18.15,7.0,149.0,-0.1218,66.5,55.3,-1.171,,,0.0,,,0.4125,0.0958,,0.0,0.0,collins,-0.1102325712322454,-0.5351660149821796,0.011815060647712303,0.7389932132680854,0.39107815333282137,-1.8635168688008361,-2.515135760959677,-1.9139933075074278,-0.9487821723750677,-0.2670250364731355,0.9420434636713357,0.9293916131573705,0.6116369023875327,-0.5510594870881725,-0.14588768341825045,0.6137377484482192,0.0,-1.9139933075074278,0.34529606302095023,0.0,False,-0.17668426878712276,35.7
2004,00-0022039,K.Dorsey,SF,8,,,-57.37,3.565,1231,0,1,1232,6,0,0,0,6,9,4,13,2,9.25,241.0,-0.238,226.0,13.0,0.0,2.0,-15.95,6.0,117.0,-0.1364,25.5,19.4,-1.788,,,0.0,,,0.3734,0.1079,,0.125,0.0,dorsey,-0.9769772509149337,-0.8797284202638889,-1.0396969354106156,-1.069215281679276,-1.0008949348009493,0.4678616819542526,-0.2690297342149599,-1.3418387244802965,-0.8412490262284933,-0.3029541507217754,0.6123282513863681,-1.1205793844819167,-1.1047712893487824,-0.8756896343614204,-0.6869372627078782,0.27441929352939304,0.0,-1.3418387244802965,0.34529606302095023,0.0,False,-0.6478430953154262,21.3
2004,00-0017200,K.Warner,NYG,10,,,-2.95,5.708,2054,0,3,2057,6,0,0,0,6,4,6,10,6,8.912,321.0,-0.0092,276.0,39.0,0.0,6.0,6.97,0.0,8.0,0.8718,41.6,20.0,-0.867,,,0.0,,,0.4704,0.1558,,0.375,0.0,warner,0.13525596675976675,-0.1290844612794767,0.2384597336495072,-0.40972279346903145,-1.0008949348009493,0.9674427999732003,-0.3511036625435775,-0.19752955842603354,0.2790508418076365,2.1781234510233456,-1.3659630223234371,-0.31559077321380635,-1.07608480146461,-0.3911120563408996,0.6553084966551377,-1.068833102388935,0.0,-0.19752955842603354,0.34529606302095023,0.0,False,-0.11070188739666834,37.7
2004,00-0022864,L.McCown,CLE,5,,,-47.93,2.161,608,0,0,608,4,0,0,0,4,7,2,9,4,9.2,113.0,-0.4241,99.0,13.0,0.0,1.0,-42.06,2.0,74.0,-0.5684,13.3,12.5,-1.184,,,0.0,,,0.2743,0.1947,,0.25,0.0,mccown,-1.8816389721092597,-0.7495174872831308,-1.8770893588172475,-1.5680314182164792,-1.1864913465521187,1.1339698393128494,-0.28117084787303964,-0.769684141453165,-2.1174719561771562,-1.3660621887637239,-0.706532597753502,-1.730570754511168,-1.434665900016765,-0.5578993443240756,-2.058241950881847,-2.1596998706816906,0.0,-0.769684141453165,0.34529606302095023,0.0,False,-1.1804934018885782,5.0
2004,00-0002110,M.Brunell,WAS,9,,,-70.79,3.791,1194,0,-4,1190,7,0,0,0,7,6,4,10,6,8.276,257.0,-0.2754,238.0,15.0,0.0,4.0,0.0,0.0,0.0,0.0,26.1,25.0,-2.266,,,0.0,,,0.3424,0.1012,,0.375,0.0,brunell,-1.1587846038040674,-1.064837606768314,-0.9049029983095481,-1.1027894447154338,-0.9080967289253646,0.9674427999732003,-0.5055386282743496,-0.19752955842603354,-0.06163371666582881,0.0327123686970249,-1.3659630223234371,-1.0905798089067076,-0.8370307357631733,-1.1271859234969352,-1.115902402298121,0.46230637187287515,0.0,-0.19752955842603354,0.34529606302095023,0.0,False,-0.6361911706236909,21.7
2004,00-0019599,M.Bulger,LA,14,,,46.65,6.588,3964,0,10,3974,21,0,1,0,22,14,10,24,0,0.0,527.0,0.0885,483.0,41.0,0.0,3.0,11.8,4.0,71.0,0.1663,64.6,57.9,2.231,,,0.0,,,0.4687,0.1271,,0.0,0.0,bulger,0.6101912174888674,0.5550746781109467,0.763321081653664,1.1226979336813185,0.4838763592084061,-1.3639357507818886,-2.515135760959677,-1.9139933075074278,0.5151349763021613,0.4419597453784508,-0.047102173183566916,0.8343929571692081,0.7359450165522797,1.238878537261243,0.631784601903415,-0.26400337873849616,0.0,-1.9139933075074278,0.34529606302095023,0.0,False,0.3490022648007319,51.8
2004,00-0007091,M.Hasselbeck,SEA,14,,,39.16,5.956,3390,0,1,3391,22,0,1,0,23,15,5,20,9,11.968,510.0,0.0768,474.0,29.0,0.0,7.0,21.63,8.0,102.0,0.2121,59.4,56.1,0.263,,,0.0,,,0.4608,0.098,,0.5625,0.5,hasselbeck,0.5533156552214111,0.4517611306505783,0.3863752044506788,0.6566565753460791,0.5766745650839908,-0.6978275934232918,0.39096120423824454,0.6607023161146637,0.9956126247661732,0.554668884596787,1.2717586759563033,0.5743966355173963,0.6498855528997627,0.2034293803183713,0.5224676792336433,0.5520434839175232,0.0,0.6607023161146637,-1.4675082678390385,0.0,False,0.42092088676745465,54.0
2004,00-0020245,M.Vick,ATL,15,,,-66.52,4.91,2313,0,199,2512,14,0,0,0,14,12,8,20,11,13.077,394.0,-0.1688,320.0,45.0,0.0,29.0,-11.01,3.0,65.0,-0.1693,54.1,38.9,-1.165,,,0.0,,,0.3959,0.1802,,0.6875,0.0,vick,-0.6405850364783549,-1.0059392292441787,-0.23749407965426225,-0.046002693910654174,-0.2585092877962716,-0.6978275934232918,0.6602511051744491,1.232856899141795,-0.5997882344266399,-0.38391770269302566,-0.37681738546853444,0.3094003846030495,-0.1724604331131795,-0.5479026299023712,-0.37559159687625127,-1.753078581729378,0.0,1.232856899141795,0.34529606302095023,0.0,False,-0.4250367671777963,28.1
2004,00-0010346,P.Manning,IND,16,,,206.61,9.815,4557,0,17,4574,49,0,0,0,49,10,4,14,12,20.077,517.0,0.3996,495.0,13.0,0.0,9.0,34.36,5.0,118.0,0.2912,69.6,80.3,5.352,,,0.0,,,0.5687,0.0619,,0.75,0.0,manning,2.1224978347030254,2.7614879026450625,2.688011502118907,1.60232883419786,2.989427917849193,0.3013346426146034,2.3600070173055867,1.5189341906553608,1.6178385113324878,0.7493259350808568,0.2826130391014006,1.0843894202959505,1.8069072308947158,2.880970416742292,2.015543116710648,1.5643902791712112,0.0,1.5189341906553608,0.34529606302095023,0.96,True,1.9237914386020198,100.0
2004,00-0021379,P.Ramsey,WAS,9,,,-9.21,4.204,1665,0,0,1665,10,0,0,0,10,11,1,12,6,8.276,296.0,-0.0311,272.0,22.0,0.0,2.0,9.2,4.0,136.0,0.0677,36.6,35.7,-0.823,,,0.0,,,0.4189,0.1149,,0.375,0.0,ramsey,0.028796580977092187,-0.2154319655654455,-0.6585760247575974,-0.7230816484731719,-0.6297021112986104,0.6343887212939018,-0.5055386282743496,-0.19752955842603354,0.3880503490380278,0.19931517928832096,-0.047102173183566916,-0.5655872363405487,-0.3254550351620987,-0.3679617703116891,-0.0573271384705873,0.07811936093172486,0.0,-0.19752955842603354,0.34529606302095023,0.0,False,-0.181483930984916,35.6
2004,00-0011024,S.McNair,TEN,8,,,1.22,4.38,1343,0,9,1352,8,0,1,0,9,9,3,12,5,10.424,239.0,0.0051,216.0,13.0,0.0,10.0,0.0,0.0,0.0,0.0,24.0,21.4,-0.958,,,0.0,,,0.4603,0.113,,0.3125,0.0,mcnair,0.20477054286443555,-0.0715654368589512,-0.553603755156766,-0.9732891015759677,-0.7225003171741952,0.6343887212939018,0.016043614476747868,-0.48360684993959924,-0.06163371666582881,0.0327123686970249,-1.3659630223234371,-1.1955783234199395,-1.0091496630682077,-0.43899105699222146,0.5155488866596072,0.1314007712082347,0.0,-0.48360684993959924,0.34529606302095023,0.0,False,-0.2778725443735093,32.6
2004,00-0019596,T.Brady,NE,16,,,108.11,6.944,3690,0,29,3719,28,0,0,0,28,14,7,21,14,16.185,511.0,0.2116,472.0,26.0,0.0,13.0,19.51,9.0,125.0,0.1561,63.2,60.9,1.733,,,0.0,,,0.4932,0.0939,,0.875,0.0,brady,1.208599911089198,1.4028250955894837,0.9756513542553454,0.9188548009617884,1.0406655944619143,-0.864354632762941,1.4149427301606736,2.0910887736824924,0.8919897748431107,0.41685858336912696,1.601473888241271,0.7643939474937207,0.8793774559731418,0.9768593908397237,0.9708054380311876,0.6670191587247289,0.0,2.0910887736824924,0.34529606302095023,0.0,False,0.9284304993278901,69.5
2004,00-0006355,T.Green,KC,16,,,133.65,7.036,4589,0,0,4589,27,0,0,0,27,17,6,23,7,17.889,589.0,0.2269,556.0,32.0,0.0,1.0,38.03,9.0,156.0,0.2438,67.2,45.8,2.533,,,0.0,,,0.5076,0.0934,,0.4375,1.0,green,1.2829756463620254,1.7551118782514072,1.0305232224557799,1.6143196067107737,0.9478673885863297,-1.1974087114422394,1.828711883628025,0.0885477330875322,1.7972233505860917,0.6326793586845872,1.601473888241271,0.9643911179951146,0.15743417755480302,1.3977736822799154,1.1700666641634294,0.6810405824817053,0.0,0.0885477330875322,-3.2803125986990276,0.0,False,0.8708390422063326,67.8
2004,00-0019623,T.Rattay,SF,9,,,-28.42,4.667,2169,0,1,2170,10,0,0,0,10,10,7,17,2,9.25,369.0,-0.077,329.0,37.0,0.0,3.0,0.0,0.0,0.0,0.0,44.8,32.3,-1.46,,,0.0,,,0.4444,0.1463,,0.125,0.0,rattay,-0.19433062484139013,-0.4804056967688736,-0.3824273837054103,-0.3193923072050828,-0.6297021112986104,-0.19824647540434417,-0.2690297342149599,-1.3418387244802965,-0.06163371666582881,0.0327123686970249,-1.3659630223234371,-0.1555930368126915,-0.48801179983907594,-0.7031147748709418,0.29553128280525753,-0.8024260510063861,0.0,-1.3418387244802965,0.34529606302095023,0.0,False,-0.4242685242607631,28.1
2004,00-0016193,V.Testaverde,DAL,16,,,-10.56,5.27,3518,0,-5,3513,17,0,0,0,17,20,9,29,6,10.464,534.0,-0.0198,491.0,35.0,0.0,8.0,-7.51,3.0,145.0,-0.0518,65.6,45.9,-1.154,,,0.0,,,0.4494,0.1292,,0.375,0.0,testaverde,0.083727679577285,-0.23405323246417678,-0.022778073652562094,0.7541815251177759,0.019885329830482534,-2.1965709474801347,0.025756505403211734,-0.19752955842603354,-0.4287127746479987,-0.09476215993856055,-0.37681738546853444,0.8843922497945566,0.1622152588688318,-0.5421150583950685,0.36471920854561923,-0.3228933585177971,0.0,-0.19752955842603354,0.34529606302095023,0.0,False,-0.15571662407204612,36.4
2005,00-0001823,A.Brooks,NO,13,,,-26.42,4.728,2882,0,54,2936,13,0,2,0,15,17,6,23,3,8.103,474.0,-0.0557,427.0,33.0,0.0,14.0,-11.32,1.0,49.0,-0.2309,58.1,51.7,-0.318,,,0.0,,,0.4219,0.1203,,0.1875,0.0,brooks,-0.10178119821864604,-0.4587309074535186,-0.26347065739784825,0.5731658931156494,0.14794273878200623,-1.289027899442269,-0.3983127549978894,-0.9569266567587431,-0.576283258218466,-0.9803333018222857,-0.8238136611232033,0.7656617944209381,0.781614788127148,-0.025457232292041915,-0.19157971862199222,-0.12190520627806346,0.0,-0.9569266567587431,0.36071250972379076,0.0,False,-0.21223723409783124,43.2
2005,00-0023436,A.Smith,SF,9,,,-96.46,1.108,875,0,16,891,1,0,0,0,1,11,4,15,4,8.241,202.0,-0.4775,165.0,29.0,0.0,8.0,-39.71,1.0,110.0,-0.361,23.9,5.6,-2.2,,,0.0,,,0.297,0.2228,,0.25,0.0,smith,-2.688343389177055,-1.7135342651846568,-2.832606563580997,-1.3250110322633029,-1.5843322389563945,0.021365103305672914,-0.36490733865081243,-0.705391649839302,-2.0229344667951024,-1.513649304120814,-0.8238136611232033,-1.149344779478936,-2.034854744077492,-1.3833645113965714,-2.693175435373829,-2.9519546774797734,0.0,-0.705391649839302,0.36071250972379076,0.0,False,-1.6898462538310794,0.0
2005,00-0018272,A.Wright,BAL,8,,,-30.05,4.093,1582,0,7,1589,6,0,0,0,6,9,4,13,6,9.138,288.0,-0.1043,262.0,19.0,0.0,7.0,0.0,0.0,0.0,0.0,32.6,24.0,-1.436,,,0.0,,,0.3854,0.1111,,0.375,0.5,wright,-0.39980614482978566,-0.5237642625158263,-0.7141340000570469,-0.6771247271706335,-0.9656626040498228,0.3489633539926584,-0.14777213239481204,-0.20232163600041989,0.0005427960642928198,-0.033810127873552434,-1.222712907561807,-0.6621939843640556,-0.9107107225467896,-0.8321205362446794,-0.9226305085454668,0.13210899016150462,0.0,-0.20232163600041989,-1.4829292066422508,0.0,False,-0.5526691156655531,33.3
2005,00-0022026,B.Bollinger,NYJ,11,,,-59.74,4.107,1558,0,7,1565,7,0,0,0,7,6,3,9,4,8.571,311.0,-0.1921,267.0,33.0,0.0,11.0,-17.82,4.0,128.0,-0.1392,37.6,30.4,-1.732,,,0.0,,,0.4051,0.1447,,0.25,0.0,bollinger,-0.9382133529050543,-1.0556761941411474,-0.7041981153370014,-0.6994016201824158,-0.8419286770685085,1.0041598553666293,-0.2850248212991066,-0.705391649839302,-0.9074996321440785,-0.6044295553905021,0.37288407819260794,-0.3822222630336647,-0.5197041063621977,-1.0456915004396534,-0.5280633698744407,-0.7955950316177873,0.0,-0.705391649839302,0.36071250972379076,0.0,False,-0.6150978769380181,31.4
2005,00-0005106,B.Favre,GB,16,,,-9.68,4.433,3881,0,0,3881,20,0,0,0,20,29,8,37,4,10.643,635.0,-0.0152,609.0,24.0,0.0,2.0,-11.24,1.0,155.0,-0.0725,73.9,55.6,-1.973,,,0.0,,,0.4614,0.0961,,0.25,0.0,favre,0.14657292395730365,-0.1588250221248598,-0.47283394257023187,1.4503185554545783,0.7666123736885779,-3.582215654251167,0.21654056037584646,-0.705391649839302,-0.5722067490009201,-0.3310077463719637,-0.8238136611232033,1.6503724338249737,1.0198844448646336,-1.2195786706119125,0.5995574375965625,0.5462625713129744,0.0,-0.705391649839302,0.36071250972379076,0.0,False,-0.13716963267336882,45.4
2005,00-0006423,B.Griese,TB,6,,,-8.85,4.784,1136,0,3,1139,7,0,0,0,7,7,1,8,11,10.345,188.0,-0.0471,173.0,12.0,0.0,3.0,0.0,0.0,0.0,0.0,22.9,21.9,-0.6,,,0.0,,,0.3883,0.1064,,0.6875,0.0,griese,-0.04904427350967897,-0.1439551365321007,-0.2237271185176669,-1.094816471141552,-0.8419286770685085,1.167958980710122,0.1444042265249121,1.0553533985967856,0.0005427960642928198,-0.033810127873552434,-1.222712907561807,-1.2053391237450142,-1.039009768482359,-0.2289268670994156,-0.8645470211268902,0.2618771122556321,0.0,1.0553533985967856,0.36071250972379076,0.0,False,-0.241926708450996,42.4
2005,00-0008442,B.Johnson,MIN,11,,,1.4,5.768,1885,0,1,1886,12,0,0,0,12,4,3,7,9,10.2,318.0,0.0044,291.0,23.0,0.0,4.0,-1.8,4.0,134.0,-0.0134,39.5,42.9,-0.037,,,0.0,,,0.4057,0.0943,,0.5625,0.0,johnson,0.2667640546893682,0.039678992776068456,0.47462363609123326,-0.4014481761498273,-0.22325904216193682,1.3317581060536148,0.10930433253704105,0.5522833847579034,-0.09117866133049217,-0.0887404463270519,0.37288407819260794,-0.2758330089281162,0.24398069087333368,0.17729087898764606,-0.5160460966154248,0.595961001051151,0.0,0.5522833847579034,0.36071250972379076,0.0,False,0.16403564125111214,54.2
2005,00-0022177,B.Leftwich,JAX,11,,,25.39,6.464,2123,0,28,2151,15,0,2,0,17,5,6,11,12,12.893,331.0,0.0767,300.0,23.0,0.0,8.0,0.0,0.0,0.0,0.0,41.8,41.5,0.484,,,0.0,,,0.4381,0.1027,,0.75,0.0,leftwich,0.710122154277545,0.4694724329812371,0.9685790478877728,-0.1554741491447308,0.3954105927446349,0.6765616046796439,0.7611940877738407,1.3068884055162266,0.0005427960642928198,-0.033810127873552434,-1.222712907561807,-0.14704601711613655,0.15844799358295425,0.5532046369119074,0.1328866593714404,0.3640349956063278,0.0,1.3068884055162266,0.36071250972379076,0.0,False,0.364578205165787,60.1
2005,00-0022924,B.Roethlisberger,PIT,12,,,67.37,7.529,2385,0,25,2410,17,0,1,0,18,9,2,11,11,13.414,301.0,0.2238,268.0,23.0,0.0,10.0,23.05,2.0,80.0,0.2881,46.1,41.9,1.569,,,0.0,,,0.485,0.1196,,0.6875,0.0,roethlisberger,1.6121688548227846,1.2215661645282558,1.7244159926626492,0.08493065460742011,0.5191445197259492,0.6765616046796439,0.8873116378957759,1.0553533985967856,1.1750870143697338,1.1471917188766863,-0.42491441468459956,0.09372966322799989,0.18288590709449118,1.3360576644509161,1.0722368524511932,-0.10257803915766138,0.0,1.0553533985967856,0.36071250972379076,0.0,False,0.8527272883654186,74.4
2005,00-0023502,C.Frye,CLE,7,,,-39.89,3.686,1002,0,10,1012,4,0,1,0,5,6,3,9,6,8.286,192.0,-0.2078,163.0,22.0,0.0,7.0,-43.2,3.0,155.0,-0.2787,21.3,25.0,-0.49,,,0.0,,,0.3906,0.1719,,0.375,0.0,frye,-1.0344889015016572,-0.7000530266516687,-1.0029843629897932,-1.2126983633289001,-1.0893965310311373,1.0041598553666293,-0.3540142681028526,-0.20232163600041989,-2.2007721814105468,-1.1762787661564107,-0.026015168245995837,-1.294930074570739,-0.849615938767947,-0.14955927905398614,-0.8184808069673283,-1.5465935254391192,0.0,-0.20232163600041989,0.36071250972379076,0.0,False,-0.7729386295310645,26.8
2005,00-0021429,C.Palmer,CIN,16,,,107.06,7.223,3836,0,11,3847,32,0,1,0,33,12,6,18,11,14.517,536.0,0.1997,510.0,20.0,0.0,6.0,19.34,6.0,115.0,0.1682,66.3,68.8,2.531,,,0.0,,,0.5093,0.0709,,0.6875,1.0,palmer,1.4643828216267256,1.932633344259108,1.5072459409245156,1.4187596236878868,2.3751534244456645,-0.4700322727248053,1.1543129004379926,1.0553533985967856,0.9860388994060381,0.6556883470427617,1.1706825710698154,1.224815417402779,1.8263355907453545,2.0301632980845814,1.5589364194413422,1.2420405876474436,0.0,1.0553533985967856,-3.3265709230082923,0.0,False,1.2880122235551665,87.1
2005,00-0022005,C.Simms,TB,11,,,-23.34,5.074,2035,0,20,2055,10,0,0,0,10,7,4,11,11,10.345,344.0,-0.0678,310.0,28.0,0.0,6.0,-13.53,4.0,139.0,-0.0973,41.3,31.2,0.207,,,0.0,,,0.4331,0.1134,,0.6875,0.0,simms,-0.17598082484405322,-0.40355109103701503,-0.017912363602442232,-0.24458172119186009,-0.47072689612456553,0.6765616046796439,0.1444042265249121,1.0553533985967856,-0.6888968253531742,-0.432669828285903,0.37288407819260794,-0.17504318924917564,-0.4708282793391236,0.35334261974296227,0.032742715546306735,0.0686054410516127,0.0,1.0553533985967856,0.36071250972379076,0.0,False,-0.0485571972228708,48.0
2005,00-0001361,D.Bledsoe,DAL,16,,,13.77,5.576,3639,0,9,3648,23,0,1,0,24,17,11,28,9,11.607,562.0,0.0245,496.0,49.0,0.0,17.0,-1.78,6.0,147.0,-0.0121,66.8,60.0,0.3,,,0.0,,,0.4484,0.1441,,0.5625,0.0,bledsoe,0.3900212856952099,0.26129403468261014,0.3383600742163258,1.2340470524651916,1.2615480816138354,-2.1080235261597324,0.44989433833658676,0.5522833847579034,-0.09015953402610566,-0.08341138558156315,1.1706825710698154,1.252812589535818,1.2887014934915406,0.42044430781773445,0.3391831836512162,-0.7790288883717288,0.0,0.5522833847579034,0.36071250972379076,0.0,False,0.34160711601704924,59.4
2005,00-0020531,D.Brees,LAC,16,,,58.0,6.027,3576,0,14,3590,24,0,1,0,25,15,8,23,0,0.0,537.0,0.108,497.0,27.0,0.0,13.0,-18.91,5.0,143.0,-0.1322,62.2,50.0,-0.242,,,0.0,,,0.4711,0.1006,,0.0,0.0,brees,0.902060031415995,1.0536976970533733,0.6584375034120721,1.1802112276867176,1.3852820085951496,-1.289027899442269,-2.3597916583338656,-1.7115316775170664,-0.9630420702331427,-0.5757346129147936,0.7717833246312117,0.9952386059118588,0.6777536557031155,0.029378555812072993,0.7938366886173226,0.4220164969675337,0.0,-1.7115316775170664,0.36071250972379076,0.0,False,0.3472291225894718,59.6
2005,00-0020608,D.Carr,HOU,16,,,-62.07,3.773,2488,0,124,2612,14,0,0,0,14,11,6,17,2,9.63,514.0,-0.1208,422.0,68.0,0.0,24.0,-18.48,3.0,113.0,-0.1636,60.8,50.0,-2.222,,,0.0,,,0.428,0.1654,,0.125,0.0,carr,-0.5009874538644319,-1.0974193669497363,-0.9412399365152258,0.272427837456588,0.02420881180069188,-0.3062331473813126,-0.028674561070450442,-1.2084616636781842,-0.941130833188833,-0.7044519263058295,-0.026015168245995837,0.916846523939349,0.6777536557031155,-1.3992380290056572,-0.06940410715532938,-1.3671269736068155,0.0,-1.2084616636781842,0.36071250972379076,0.0,False,-0.5430406231130058,33.6
2005,00-0003739,D.Culpepper,MIN,7,,,-38.35,3.956,1564,0,59,1623,6,0,1,0,7,12,4,16,9,10.2,258.0,-0.1487,217.0,31.0,0.0,10.0,0.0,0.0,0.0,0.0,34.0,25.0,-0.267,,,0.0,,,0.438,0.186,,0.5625,0.0,culpepper,-0.6720758491411971,-0.6724631184434169,-0.8113637291032048,-0.6455657954039419,-0.8419286770685085,-0.14243402203781982,0.10930433253704105,0.5522833847579034,0.0005427960642928198,-0.033810127873552434,-1.222712907561807,-0.5838019023915463,-0.849615938767947,0.011340467619929916,0.13088378049493796,-1.9358978917215008,0.0,0.5522833847579034,0.36071250972379076,0.0,False,-0.5006314250202887,34.8
2005,00-0021231,D.Garrard,JAX,7,,,12.93,6.146,1117,0,46,1163,4,0,1,0,5,1,3,4,12,12.893,187.0,0.0692,168.0,10.0,0.0,9.0,8.59,2.0,133.0,0.0646,22.6,12.2,0.662,,,0.0,,,0.4759,0.0749,,0.75,0.0,garrard,0.6641306501708877,0.24624499384174556,0.7428925235324572,-1.0725395781297697,-1.0893965310311373,1.823155482084093,0.7611940877738407,1.3068884055162266,0.43825797329829447,0.23100319840227337,-0.42491441468459956,-1.2221374270248375,-1.6316291711371311,0.681635824839966,0.8899748746894502,1.1315996326737185,0.0,1.3068884055162266,0.36071250972379076,0.0,False,0.2556954908482415,56.9
2005,00-0011022,D.McNabb,PHI,9,,,2.61,6.16,2507,0,2,2509,16,0,0,0,16,9,4,13,6,10.0,382.0,0.0068,356.0,19.0,0.0,7.0,0.0,0.0,0.0,0.0,48.5,42.1,-0.874,,,0.0,,,0.4503,0.0864,,0.375,0.0,mcnabb,0.2814813360034985,0.061356777796837694,0.7528284082525027,0.1768228382810222,0.27167666576332056,0.3489633539926584,0.06089068565721952,-0.20232163600041989,0.0005427960642928198,-0.033810127873552434,-1.222712907561807,0.22811608946658746,0.19510486385025985,-0.4266243136853035,0.37723788230476607,0.8140818871242581,0.0,-0.20232163600041989,0.36071250972379076,0.0,False,0.14481355172269536,53.7
2005,00-0022803,E.Manning,NYG,16,,,34.96,5.619,3762,0,6,3768,24,0,1,0,25,17,4,21,11,14.067,591.0,0.0592,559.0,27.0,0.0,5.0,21.49,5.0,147.0,0.1462,63.9,58.1,0.55,,,0.0,,,0.4349,0.0829,,0.6875,0.0,manning,0.6028086446953446,0.6409240054182301,0.36887743442789367,1.3454315175241032,1.3852820085951496,-0.9614296487552835,1.045382194958394,1.0553533985967856,1.0955950846275868,0.5655042421191059,0.7717833246312117,1.0904289911641913,1.17262140431174,0.6008251897391651,0.0687945353233553,0.9107177227262678,0.0,1.0553533985967856,0.36071250972379076,0.0,False,0.6960325671170052,69.8
2005,00-0005589,G.Frerotte,MIA,16,,,-35.69,5.064,2996,0,38,3034,18,0,0,0,18,13,9,22,9,10.258,531.0,-0.0672,490.0,26.0,0.0,15.0,14.71,6.0,117.0,0.1258,57.0,52.9,-1.063,,,0.0,,,0.4011,0.096,,0.5625,0.0,frerotte,-0.17230150451552062,-0.6248078224473457,-0.025009424116760173,0.6641298729137605,0.5191445197259492,-1.1252287740987763,0.12334429013218931,0.5522833847579034,0.7501109284405635,0.4818789811898978,1.1706825710698154,0.7040680157282521,0.8549285286617587,-0.5629922604179051,-0.6081785249345476,0.5490235951873176,0.0,0.5522833847579034,0.36071250972379076,0.0,False,0.10307000199111058,52.5
2005,00-0004161,J.Delhomme,CAR,16,,,31.86,6.415,3421,0,7,3428,24,0,1,0,25,16,8,24,11,13.483,469.0,0.0679,436.0,27.0,0.0,6.0,12.08,7.0,113.0,0.1069,66.6,55.6,-0.466,,,0.0,,,0.4499,0.1087,,0.6875,1.0,delhomme,0.656158789459067,0.5853858785055156,0.9338034513676139,1.029842199857187,1.3852820085951496,-1.4528270247857618,0.9040143460693146,1.0553533985967856,0.6160956879137387,0.40440263650548436,1.569581817508419,1.2416137206826023,1.0198844448646336,-0.13224271438952884,0.36922636679875626,0.19837356314573978,0.0,1.0553533985967856,-3.3265709230082923,0.0,False,0.45886319155814564,62.9
2005,00-0005755,J.Garcia,DET,6,,,-26.84,3.872,937,0,9,946,3,0,1,0,4,6,1,7,5,9.407,185.0,-0.1451,173.0,6.0,0.0,6.0,-8.5,2.0,47.0,-0.1809,21.7,14.8,-1.114,,,0.0,,,0.3838,0.0703,,0.3125,0.0,garcia,-0.6499999271700017,-0.46625542787395086,-0.8709790374234768,-1.2739598191113015,-1.2131304580124516,1.3317581060536148,-0.08265577734145182,-0.453856642919861,-0.4325863082999695,-0.7753694269957953,-0.42491441468459956,-1.272532336864308,-1.4727827333121406,-0.599789960329877,-0.9546765705695105,1.2586067308935025,0.0,-0.453856642919861,0.36071250972379076,0.0,False,-0.4997733665193821,34.8
2005,00-0021141,J.Harrington,DET,12,,,-55.97,4.49,2021,0,-5,2016,12,0,0,0,12,12,8,20,5,9.407,356.0,-0.1572,330.0,23.0,0.0,3.0,13.76,4.0,72.0,0.1911,46.2,44.4,-1.672,,,0.0,,,0.3764,0.1236,,0.3125,0.0,harrington,-0.7241995537954089,-0.9881346656053623,-0.4323806976386185,-0.28078167233600637,-0.22325904216193682,-0.7976305234117907,-0.08265577734145182,-0.453856642919861,0.7017023814822047,0.7495618017132943,0.37288407819260794,0.09932909765460779,0.33562286654159745,-1.00240008877851,-1.1028896074307075,-0.21301899413138675,0.0,-0.453856642919861,0.36071250972379076,0.0,False,-0.3394441945901549,39.5
2005,00-0022912,J.Losman,BUF,9,,,-49.73,3.78,1340,0,79,1419,8,0,0,0,8,8,3,11,5,10.037,265.0,-0.1877,225.0,25.0,0.0,15.0,-17.35,1.0,30.0,-0.5785,32.3,30.8,-1.221,,,0.0,,,0.3585,0.1434,,0.3125,0.0,losman,-0.9112316704958154,-0.8763417907875111,-0.9362719941552032,-0.8349193860040917,-0.7181947500871942,0.6765616046796439,0.06984721032998673,-0.453856642919861,-0.8835501404909958,-2.405242159616048,-0.8238136611232033,-0.6789922876438793,-0.4952661928506605,-0.6769929777922492,-1.4614049263246862,-0.7597017212513267,0.0,-0.453856642919861,0.36071250972379076,0.0,False,-0.773700582219885,26.8
2005,00-0010455,J.Martin,LA,8,,,-4.65,5.19,1277,0,0,1277,5,0,0,0,5,7,2,9,0,0.0,189.0,-0.0246,178.0,11.0,0.0,0.0,7.25,1.0,87.0,0.0833,22.0,13.5,-0.32,,,0.0,,,0.4815,0.1058,,0.0,0.0,martin,0.08893023881029309,-0.06870993232777775,0.06441353836364802,-0.9667243363238037,-1.0893965310311373,1.0041598553666293,-2.3597916583338656,-1.7115316775170664,0.369976443904399,0.3076596875873808,-0.8238136611232033,-1.2557340335844844,-1.5522059522246359,-0.02690027934741336,1.0021360917735997,0.2784432555016906,0.0,-1.7115316775170664,0.36071250972379076,0.0,False,-0.21893261562479835,43.0
2005,00-0021206,J.McCown,ARI,9,,,-20.68,4.917,1832,0,30,1862,9,0,0,0,9,11,4,15,5,10.032,301.0,-0.0687,270.0,18.0,0.0,13.0,3.8,3.0,93.0,0.0409,32.5,34.6,-0.989,,,0.0,,,0.4286,0.113,,0.3125,0.0,mccown,-0.1814998053368521,-0.3558957950409438,-0.12933621367723627,-0.4237250691616096,-0.5944608231058799,0.021365103305672914,0.068636869157991,-0.453856642919861,0.19417698389772778,0.13385032173451683,-0.026015168245995837,-0.6677934187906635,-0.2631060144910589,-0.5095995193691616,-0.057386833896313556,0.07964953654898517,0.0,-0.453856642919861,0.36071250972379076,0.0,False,-0.20956511634710193,43.3
2005,00-0013042,J.Plummer,DEN,16,,,60.16,6.829,3366,0,78,3444,18,0,2,0,20,7,5,12,13,14.107,496.0,0.1213,456.0,23.0,0.0,17.0,26.02,4.0,123.0,0.2115,59.4,45.5,0.956,,,0.0,,,0.4778,0.0706,,0.8125,0.0,plummer,0.9836182986984674,1.092395230644168,1.2276217566603826,1.0446934618650419,0.7666123736885779,0.5127624793361512,1.055064924334358,1.5584234124356677,1.326427419071129,0.8331870626425025,0.37288407819260794,0.8384544419668396,0.40282712869832427,0.8937637419795684,0.9280295733430012,1.2503236592704732,0.0,1.5584234124356677,0.36071250972379076,0.0,False,0.9317647849311463,76.7
2005,00-0022164,K.Boller,BAL,9,,,-17.62,4.232,1799,0,19,1818,11,0,1,0,12,12,3,15,6,9.138,325.0,-0.0542,292.0,23.0,0.0,10.0,23.32,7.0,145.0,0.1609,37.4,48.0,-0.669,,,0.0,,,0.4215,0.1231,,0.375,0.5,boller,-0.09258289739731457,-0.3010742891206514,-0.6154848589080253,-0.46456603968321053,-0.22325904216193682,0.021365103305672914,-0.14777213239481204,-0.20232163600041989,1.1888452329789516,0.625763621318094,1.569581817508419,-0.3934211318868805,0.5555640881454306,-0.2787119905097305,-0.19959123412800314,-0.19921387475967106,0.0,-0.20232163600041989,-1.4829292066422508,0.0,False,-0.07577135441142052,47.2
2005,00-0003292,K.Collins,LV,15,,,2.49,5.499,3759,0,20,3779,20,0,1,0,21,13,3,16,0,0.0,613.0,0.0041,568.0,37.0,0.0,8.0,-11.13,4.0,129.0,-0.0863,72.5,58.3,0.412,,,0.0,,,0.4176,0.0881,,0.0,0.0,collins,0.26492439452510186,0.05920691481957133,0.28371270825607653,1.3556417601545034,0.8903463006698923,-0.14243402203781982,-2.3597916583338656,-1.7115316775170664,-0.5666015488267943,-0.3875777758240751,0.37288407819260794,1.571980351852464,1.1848403610675082,0.5012549429185355,-0.2777035103116065,0.7671444812604251,0.0,-1.7115316775170664,0.36071250972379076,0.0,False,0.257153535492504,57.0
2005,00-0007576,K.Holcomb,BUF,10,,,-7.38,4.915,1509,0,13,1522,10,0,1,0,11,8,5,13,5,10.037,260.0,-0.0284,229.0,17.0,0.0,14.0,13.01,5.0,114.0,0.1141,34.7,42.3,-0.265,,,0.0,,,0.4385,0.1192,,0.3125,0.0,holcomb,0.0656278767295867,-0.11761931506058768,-0.13075562578009975,-0.7393143868285259,-0.3469929691432512,0.3489633539926584,0.06984721032998673,-0.453856642919861,0.663485107567711,0.43391743448049896,0.7717833246312117,-0.5446058614052913,0.20732382060602808,0.012783514675301363,0.14089817487745132,-0.09153394366028891,0.0,-0.453856642919861,0.36071250972379076,0.0,False,0.010284157010089421,49.7
2005,00-0023541,K.Orton,CHI,15,,,-113.97,3.201,1869,0,0,1869,9,0,0,0,9,13,7,20,11,8.966,404.0,-0.2821,368.0,30.0,0.0,6.0,-20.06,0.0,67.0,-0.2994,43.9,40.9,-3.747,,,0.0,,,0.354,0.1238,,0.6875,0.0,orton,-1.4901114021849426,-2.0272351046174415,-1.3471917979342205,-0.4172276420331731,-0.5944608231058799,-0.7976305234117907,-0.18940786871145884,1.0553533985967856,-1.0216418902353663,-1.2611338103345777,-1.222712907561807,-0.02945789415737228,0.12179112331564867,-2.4995614087263838,-1.5515344757673064,-0.21854104188007278,0.0,1.0553533985967856,0.36071250972379076,0.0,False,-1.0224260250500785,19.5
2005,00-0017200,K.Warner,ARI,10,,,28.42,5.97,2713,0,1,2714,11,0,0,0,11,9,5,14,5,10.032,401.0,0.0709,374.0,23.0,0.0,4.0,4.15,2.0,55.0,0.0755,47.4,42.3,0.513,,,0.0,,,0.4539,0.0923,,0.3125,0.0,warner,0.67455539110173,0.523756473157213,0.6179842584804587,0.3671046327566629,-0.3469929691432512,0.18516422864916565,0.068636869157991,-0.453856642919861,0.21201171172449151,0.2756853231144483,-0.42491441468459956,0.16652231077390137,0.20732382060602808,0.5741288192147933,0.4493415218588632,0.6511814785380137,0.0,-0.453856642919861,0.36071250972379076,0.0,False,0.2938750219105431,58.0
2005,00-0002110,M.Brunell,WAS,16,,,13.73,5.907,3050,0,6,3056,23,0,0,0,23,10,7,17,10,11.581,495.0,0.0277,455.0,27.0,0.0,13.0,-7.54,7.0,89.0,-0.0847,56.4,54.8,-0.575,,,0.0,,,0.4242,0.0949,,0.625,0.0,brunell,0.40964432744738366,0.26057741369018805,0.5732727772402549,0.684550358174561,1.137814154632521,-0.3062331473813126,0.44360056424220995,0.8038183916773445,-0.3836681976894176,-0.38101893182962737,1.569581817508419,0.670471409168605,0.9710086178415595,-0.2108887789072725,-0.14551350446243028,0.5793948578050921,0.0,0.8038183916773445,0.36071250972379076,0.0,False,0.37837537914503383,60.5
2005,00-0019599,M.Bulger,LA,8,,,35.13,6.326,2297,0,2,2299,14,0,0,0,14,9,4,13,0,0.0,316.0,0.1112,287.0,26.0,0.0,3.0,0.0,0.0,0.0,0.0,39.6,37.8,0.403,,,0.0,,,0.5032,0.1234,,0.0,0.0,bulger,0.9216830731681687,0.6439696446360242,0.8706396127901826,-0.018099975572073136,0.02420881180069188,0.3489633539926584,-2.3597916583338656,-1.7115316775170664,0.0005427960642928198,-0.033810127873552434,-1.222712907561807,-0.2702335745015083,-0.06760270639876319,0.49476123116936394,1.4367608079746794,-0.2074969463827003,0.0,-1.7115316775170664,0.36071250972379076,0.0,False,0.1864332477709615,54.9
2005,00-0007091,M.Hasselbeck,SEA,16,,,99.28,7.049,3455,0,67,3522,24,0,1,0,25,10,3,13,13,15.586,484.0,0.2051,450.0,23.0,0.0,11.0,46.53,9.0,87.0,0.5348,58.4,46.3,2.115,,,0.0,,,0.5331,0.0744,,0.8125,1.0,hasselbeck,1.4974967045835188,1.793250561233005,1.383757087975381,1.1170933641533345,1.3852820085951496,0.3489633539926584,1.4130838430106398,1.5584234124356677,2.3715424697194845,2.1584834772705905,2.367380310385627,0.7824600977007614,0.4517029557213981,1.7300095105673208,2.0356215920489786,1.1454047520454342,0.0,1.5584234124356677,-3.3265709230082923,0.0,False,1.3372989416081433,88.6
2005,00-0020308,M.McMahon,PHI,9,,,-65.01,3.518,1158,0,16,1174,5,0,2,0,7,8,4,12,6,10.0,237.0,-0.2743,205.0,21.0,0.0,11.0,-36.87,5.0,145.0,-0.2543,22.7,18.4,-2.526,,,0.0,,,0.3376,0.1435,,0.375,0.0,mcmahon,-1.4422802379140187,-1.1500910098927624,-1.1222149796303373,-1.0623293354993695,-0.8419286770685085,0.5127624793361512,0.06089068565721952,-0.20232163600041989,-1.8782183895722193,-1.0762563952410833,0.7717833246312117,-1.2165379925982298,-1.2528415117083076,-1.6185811814221167,-1.880006611513744,-0.7624627451256696,0.0,-0.20232163600041989,0.36071250972379076,0.0,False,-0.9635868422825363,21.3
2005,00-0020245,M.Vick,ATL,15,,,-11.72,4.553,2412,0,302,2714,15,0,4,0,19,13,7,20,8,13.0,466.0,-0.0252,387.0,34.0,1.0,44.0,-7.64,4.0,125.0,-0.0611,53.1,50.0,-0.156,,,0.0,,,0.4163,0.1202,,0.5,0.0,vick,0.0852509184817605,-0.1953726927383881,-0.38766921639841473,0.3671046327566629,0.6428784467072636,-0.7976305234117907,0.7870953888545451,0.30074837783846226,-0.3887638342113501,-0.28427598291152384,0.37288407819260794,0.4856900730905472,0.6777536557031155,0.0914295791930451,-0.3037409357061417,-0.11914418240372025,0.0,0.30074837783846226,0.36071250972379076,0.0,False,0.03827938615678911,50.6
2005,00-0010346,P.Manning,IND,16,,,174.25,8.017,3747,0,5,3752,28,0,0,0,28,10,3,13,14,17.56,475.0,0.3668,454.0,17.0,0.0,4.0,20.07,3.0,104.0,0.193,64.1,57.1,3.447,,,0.0,,,0.5537,0.0653,,0.875,0.0,manning,2.4890735331230514,3.13637745628017,2.070752545761372,1.3305802555162483,1.7564837895390928,0.3489633539926584,1.8909265377144797,1.8099584193551088,1.0232370460161453,0.757350428956701,-0.026015168245995837,1.1016278600174068,1.1115266205328975,2.6910788494447027,2.448214640608528,1.3966579246106592,0.0,1.8099584193551088,0.36071250972379076,0.28,False,1.7277150229716765,100.0
2005,00-0023682,R.Fitzpatrick,LA,4,,,-22.76,3.111,777,0,13,790,4,0,1,0,5,8,3,11,0,0.0,149.0,-0.1528,135.0,9.0,0.0,5.0,-28.86,2.0,74.0,-0.39,13.6,13.5,-0.204,,,0.0,,,0.4027,0.1409,,0.0,0.0,fitzpatrick,-0.6972178713861698,-0.3931600866468943,-1.4110653425630832,-1.4187596236878868,-1.0893965310311373,0.6765616046796439,-2.3597916583338656,-1.7115316775170664,-1.4700579041654263,-1.6325283515201787,-0.42491441468459956,-1.7260865254195412,-1.5522059522246359,0.05679644986413045,-0.576132462910505,-0.6906761243927484,0.0,-1.7115316775170664,0.36071250972379076,0.0,False,-0.8185903731873567,25.5
2005,00-0011024,S.McNair,TEN,14,,,-15.86,5.809,3161,0,56,3217,16,0,1,0,17,11,6,17,4,9.967,505.0,-0.0314,471.0,20.0,0.0,14.0,0.71,2.0,84.0,0.0084,62.1,50.0,-0.844,,,0.0,,,0.4594,0.0733,,0.25,0.0,mcnair,0.04723127508692378,-0.2695429654540779,0.5037215841999377,0.8339911821286007,0.3954105927446349,-0.3062331473813126,0.05290243392204907,-0.705391649839302,0.03672181537001356,0.0006238030972979775,-0.42491441468459956,0.9896391714852508,0.6777536557031155,-0.40497860785473183,0.5594998600665091,1.1757760146632084,0.0,-0.705391649839302,0.36071250972379076,0.0,False,0.1814476649604196,54.8
2005,00-0001545,T.Bouman,NO,5,,,-42.56,2.985,722,0,6,728,2,0,0,0,2,7,3,10,3,8.103,134.0,-0.3176,122.0,8.0,0.0,4.0,-21.35,2.0,118.0,-0.181,14.4,6.9,-0.51,,,0.0,,,0.3955,0.1343,,0.1875,0.0,bouman,-1.7078045216231206,-0.7478874778958454,-1.5004883050434914,-1.4763082639683245,-1.4605983119750803,0.8403607300231366,-0.3983127549978894,-0.9569266567587431,-1.0873756013682958,-0.7757793547454482,-0.42491441468459956,-1.6812910500066787,-1.9554315251649965,-0.1639897496077006,-0.7203397420186971,-0.5084485486861019,0.0,-0.9569266567587431,0.36071250972379076,0.0,False,-0.8727624041847023,23.9
2005,00-0019596,T.Brady,NE,16,,,114.41,6.844,4110,0,58,4168,26,0,1,0,27,14,5,19,10,14.037,575.0,0.199,531.0,26.0,0.0,18.0,42.07,9.0,121.0,0.3477,71.9,58.7,2.574,,,0.0,,,0.4957,0.0783,,0.625,0.0,brady,1.4600902812434375,2.064312451616673,1.2382673474318602,1.7167130677204754,1.6327498625577783,-0.633831398068298,1.0381201479264208,0.8038183916773445,2.144277080841295,1.391508657669863,2.367380310385627,1.5383837452928173,1.2092782745790456,2.061188809775067,1.2865448922369789,1.0377248209460521,0.0,0.8038183916773445,0.36071250972379076,0.12,False,1.432473194181692,91.4
2005,00-0004293,T.Dilfer,CLE,11,,,-43.45,5.245,2321,0,22,2343,11,0,0,0,11,12,8,20,6,8.286,364.0,-0.1194,332.0,23.0,0.0,9.0,0.0,0.0,0.0,0.0,49.3,55.0,-1.255,,,0.0,,,0.4286,0.1181,,0.375,0.0,dilfer,-0.49240237309785584,-0.7638322949772377,0.10344737119239732,0.022740994949527787,-0.3469929691432512,-0.7976305234117907,-0.3540142681028526,-0.20232163600041989,0.0005427960642928198,-0.033810127873552434,-1.222712907561807,0.27291156487944984,0.9832275745973281,-0.7015247777335637,-0.057386833896313556,-0.061162681042514364,0.0,-0.20232163600041989,0.36071250972379076,0.0,False,-0.25844917851708527,41.9
2005,00-0006355,T.Green,KC,16,,,65.71,6.877,4014,0,23,4037,17,0,0,0,17,10,7,17,10,15.5,547.0,0.1201,506.0,32.0,0.0,9.0,30.31,4.0,132.0,0.2296,63.7,38.6,1.605,,,0.0,,,0.4717,0.0914,,0.625,0.5,green,0.9762596580414021,1.1918263933427375,1.2616876471291096,1.5951183600311634,0.3954105927446349,-0.3062331473813126,1.3922659748523163,0.8038183916773445,1.5450302258620332,0.9073839853296921,0.37288407819260794,1.079230122310976,-0.01872687937568892,1.3620325114476022,0.8058539618763384,0.6760306934071019,0.0,0.8038183916773445,-1.4829292066422508,0.0,False,0.8099535275107846,73.1
2005,00-0019623,T.Rattay,SF,4,,,-20.68,4.094,667,0,2,669,5,0,0,0,5,6,4,10,4,8.241,108.0,-0.1915,96.0,10.0,0.0,2.0,0.0,0.0,0.0,0.0,17.9,27.8,-0.712,,,0.0,,,0.4167,0.1852,,0.25,0.0,rattay,-0.9345340325765217,-0.3558957950409438,-0.7134242940056148,-1.5310722926222893,-1.0893965310311373,0.8403607300231366,-0.36490733865081243,-0.705391649839302,0.0005427960642928198,-0.033810127873552434,-1.222712907561807,-1.4853108450754051,-0.6785505441871881,-0.3097375022002165,-0.29572942020013077,-1.9138097007267558,0.0,-0.705391649839302,0.36071250972379076,0.0,False,-0.6306158177687039,31.0
2005,00-0016193,V.Testaverde,NYJ,6,,,-36.99,3.602,777,0,2,779,1,0,2,0,3,6,6,12,4,8.571,123.0,-0.3007,106.0,12.0,0.0,5.0,6.34,1.0,7.0,0.9059,18.7,13.0,-0.634,,,0.0,,,0.3984,0.1951,,0.25,0.0,testaverde,-1.6041703323694527,-0.6480980047010647,-1.0625996713100652,-1.428969866318287,-1.336864384993766,0.5127624793361512,-0.2850248212991066,-0.705391649839302,0.3236061515548132,3.6797253562328036,-0.8238136611232033,-1.4405153696625426,-1.582753344114057,-0.25345866704073017,-0.6622562546001204,-2.187151064286726,0.0,-0.705391649839302,0.36071250972379076,0.0,False,-0.6039856965837015,31.8
2006,00-0001823,A.Brooks,LV,8,,,-66.28,2.921,1105,87,38,1230,3,0,0,0,3,8,7,15,0,0.0,237.0,-0.2797,190.0,26.0,11.0,10.0,-32.7,1.0,97.0,-0.3371,29.1,21.4,-1.869,,,0.0,,,0.3966,0.173,-2.024,0.0,0.0,brooks,-1.7346579887928981,-1.1326778977877938,-1.793456656745518,-1.0666751273048156,-1.4248128995233862,0.05855155083952131,-2.6189566247729967,-2.1522901619383177,-1.6383408382213802,-0.7526057056312591,-0.8216162544093824,-0.8673831951988917,-0.9762291301690728,-1.1283184507388277,-1.034696856384966,-1.8972225986256057,-0.37901377122831753,-2.1522901619383177,0.3581850185085396,0.0,False,-1.2308468868790343,9.9
2006,00-0023436,A.Smith,SF,16,,,-39.46,4.91,2901,75,90,3066,16,1,1,0,18,15,7,22,7,10.643,506.0,-0.078,439.0,37.0,15.0,15.0,-11.36,5.0,133.0,-0.0854,61.1,60.0,-0.74,,,0.0,,,0.3992,0.1166,-0.8338,0.4375,0.0,smith,-0.28064193028551104,-0.6296388089487096,-0.27571607169927637,0.5270818749358832,0.47310389713903955,-0.8841284176767713,0.059272710054069845,0.0,-0.4897225272793976,-0.06392410845275899,0.618168419984202,0.7155427449607515,1.0652176293742148,-0.41135560407513494,-0.9675291707446916,-0.25145748231081694,-0.0385715761355497,0.0,0.3581850185085396,0.0,False,-0.11741648930044066,39.3
2006,00-0023504,A.Walter,LV,12,,,-125.98,2.791,1677,29,2,1708,3,0,0,0,3,13,11,24,0,0.0,334.0,-0.3772,275.0,46.0,4.0,9.0,-24.36,0.0,61.0,-0.3993,40.4,21.4,-2.441,,,0.0,,,0.3533,0.2096,-6.1658,0.0,0.0,walter,-2.4375165198016746,-2.252418151467634,-1.8926553877942915,-0.6517427487258102,-1.4248128995233862,-1.1534655515385692,-2.6189566247729967,-2.1522901619383177,-1.1894431478157506,-0.9227924173694501,-1.1815624230077786,-0.30841247258001786,-0.9762291301690728,-1.491562691918307,-2.1532971595480017,-2.965219110276693,-1.5637251505219032,-2.1522901619383177,0.3581850185085396,0.0,False,-1.6075938969510626,0.0
2006,00-0005106,B.Favre,GB,16,,,-17.3,5.215,3885,14,24,3923,18,0,1,0,19,18,7,25,8,11.148,642.0,-0.027,611.0,21.0,1.0,9.0,-5.04,3.0,168.0,-0.03,69.9,65.5,-0.183,,,0.0,,,0.4221,0.0763,-5.3562,0.5,0.0,favre,0.08700714747292594,-0.21400323069837024,-0.04298058731561469,1.2710087545220918,0.5996316835832013,-1.2881341184694681,0.18635208749348223,0.3074700231340454,-0.14955065637249373,0.0876569820664659,-0.10172391721259018,1.1508473785046536,1.3560973489982582,-0.057636998590921557,-0.3759368626053499,0.9245058898077287,-1.332148943878394,0.3074700231340454,0.3581850185085396,0.0,False,0.17887908210332976,47.1
2006,00-0024408,B.Gradkowski,TB,13,,,-93.29,3.675,1661,145,20,1826,9,0,0,0,9,9,7,16,4,6.806,388.0,-0.2404,326.0,25.0,29.0,8.0,-17.78,0.0,40.0,-0.4445,41.8,39.1,-1.283,,,0.0,,,0.3686,0.1057,-6.0094,0.25,0.0,gradkowski,-1.4513519347555144,-1.6392806490757752,-1.218104016662629,-0.5493117431351769,-0.6656461808584159,-0.07611701609137765,-0.906278916153903,-0.9224100694021362,-0.8352768644981197,-1.0464650760602257,-1.1815624230077786,-0.2391594626980335,-0.04012530519715064,-0.7561836162437666,-1.7580411632802322,0.06660705257980698,-1.5189888378748617,-0.9224100694021362,0.3581850185085396,0.0,False,-0.8437302278720455,20.2
2006,00-0008442,B.Johnson,MIN,15,,,-84.26,4.41,2750,78,11,2839,9,0,1,0,10,15,6,21,6,9.724,489.0,-0.1723,438.0,28.0,17.0,6.0,-9.39,2.0,48.0,-0.1956,55.7,31.2,-2.707,,,0.0,,,0.4049,0.1002,0.9891,0.375,0.0,johnson,-0.9604322838663073,-1.4699129021623922,-0.6572496526560992,0.3300323980793263,-0.5391183944142541,-0.7494598507458724,-0.1719865926525049,-0.3074700231340454,-0.3836879409365811,-0.3654446170307117,-0.4616700858109863,0.44842399255881177,-0.45793435702077695,-1.6604839649143586,-0.8202769368410129,0.22709833165305782,0.48284673795838945,-0.3074700231340454,0.3581850185085396,0.0,False,-0.6160830948149172,26.2
2006,00-0022177,B.Leftwich,JAX,6,,,0.36,5.311,1158,41,8,1207,7,1,1,0,9,5,1,6,8,14.269,210.0,0.0017,184.0,9.0,10.0,7.0,0.0,0.0,0.0,0.0,22.6,20.9,0.092,,,0.0,,,0.4095,0.0762,-1.2312,0.5,0.0,leftwich,0.2938998637801248,0.11722981586755915,0.030273860228095358,-1.086640492801295,-0.6656461808584159,1.270568653217612,0.9717278043022086,0.3074700231340454,0.12172564574313847,0.16974060509131692,-1.1815624230077786,-1.1889150267938193,-1.0026727410439857,0.1169996558222897,-0.7014418007082195,0.9274239130636062,-0.15224299970290472,0.3074700231340454,0.3581850185085396,0.0,False,-0.05258260363358107,41.0
2006,00-0022924,B.Roethlisberger,PIT,15,,,-4.22,5.035,3528,78,28,3634,18,1,1,0,20,23,5,28,8,13.074,535.0,-0.0079,465.0,46.0,14.0,10.0,28.37,6.0,119.0,0.2384,61.3,46.5,0.691,,,0.0,,,0.4542,0.1383,1.547,0.5,0.0,roethlisberger,0.2246953314961837,0.03132679473098177,-0.18033267646007067,1.0201395967619817,0.7261594700273629,-1.692139819262165,0.6710152180841925,0.3074700231340454,1.6487313384059332,0.822031796062133,0.9781145885825981,0.7254360320867491,0.35124013575156243,0.49739004125324804,0.45332571779958003,-0.8846685288361882,0.6424272291718454,0.3074700231340454,0.3581850185085396,0.0,False,0.30241849807135,50.4
2006,00-0023502,C.Frye,CLE,13,,,-79.48,3.746,2449,111,110,2670,10,0,3,0,13,17,8,25,4,8.207,473.0,-0.168,389.0,44.0,15.0,25.0,-13.42,0.0,40.0,-0.3354,59.7,48.1,-3.018,,,0.0,,,0.4271,0.148,4.9269,0.25,0.0,frye,-0.9294344204474587,-1.3802586573953968,-1.16392624816676,0.1833303646486737,-0.15953503508176903,-1.2881341184694681,-0.553728009633869,-0.9224100694021362,-0.6006013333028505,-0.7479543003265174,-1.1815624230077786,0.6462897350787672,0.43585969055128426,-1.8579821449962084,-0.24676823637405237,-1.1677167846562846,1.60920640510366,-0.9224100694021362,0.3581850185085396,0.0,False,-0.7707918309986531,22.1
2006,00-0021429,C.Palmer,CIN,16,,,59.81,6.848,4036,38,7,4081,28,0,0,0,28,13,8,21,8,13.815,568.0,0.1053,516.0,36.0,6.0,10.0,9.59,6.0,141.0,0.068,71.9,65.1,1.155,,,0.0,,,0.493,0.1021,5.4532,0.5,1.0,palmer,1.0407321080109888,1.2322810400093769,1.2031080880893685,1.4081621348892108,1.7383817615806567,-0.7494598507458724,0.8574821857725187,0.3074700231340454,0.6379041650464943,0.3557968172809792,0.9781145885825981,1.2497802497646313,1.3349424602983275,0.7920497054268119,1.455674257354448,0.17165588979138943,1.7597481016902201,0.3074700231340454,-3.7609426943396667,0.0,False,0.7705571643761435,62.8
2006,00-0019559,C.Pennington,NYJ,16,,,28.31,5.512,3352,94,27,3473,17,0,0,0,17,16,6,22,10,12.154,534.0,0.053,479.0,29.0,17.0,9.0,-0.57,4.0,149.0,-0.0038,69.4,51.5,1.195,,,0.0,,,0.4644,0.0955,2.8658,0.625,0.0,pennington,0.6637115831724348,0.6414633182185062,0.18365035977273783,0.8803820382866264,0.3465761106948778,-0.8841284176767713,0.4395042730460547,0.9224100694021362,0.09104558776577532,0.15934334617483578,0.2582222513858059,1.1261141606896592,0.6156762445006929,0.8174514006141881,0.7168297153114265,0.3642454246792901,1.0196538859424236,0.9224100694021362,0.3581850185085396,0.0,False,0.458484573616744,54.5
2006,00-0022005,C.Simms,TB,3,,,-41.5,2.367,585,8,0,593,1,1,0,0,2,7,0,7,4,6.806,112.0,-0.3705,105.0,4.0,3.0,0.0,0.0,0.0,0.0,0.0,13.6,8.7,-0.625,,,0.0,,,0.3661,0.0982,-6.8547,0.25,0.0,simms,-2.3892175233118405,-0.6679012899789756,-2.216195864445677,-1.619628945620352,-1.5513406859675478,1.135900086286713,-0.906278916153903,-0.9224100694021362,0.12172564574313847,0.16974060509131692,-1.1815624230077786,-1.6341129474637188,-1.6478968463918642,-0.33832573041142844,-1.822625476395881,0.2854587967706036,-1.7607765941443263,-0.9224100694021362,0.3581850185085396,0.0,False,-0.9140297821450745,18.3
2006,00-0020434,C.Weinke,CAR,3,,,-26.91,4.057,625,13,0,638,2,0,0,0,2,4,0,4,8,9.31,108.0,-0.2492,96.0,10.0,1.0,1.0,-26.91,2.0,108.0,-0.2492,12.5,7.7,-0.523,,,0.0,,,0.3981,0.1296,-4.9556,0.5,0.5,weinke,-1.5147894226824603,-0.39424952613996594,-0.9266123608116159,-1.5805662739968056,-1.5513406859675478,1.5399057870794097,-0.27616651791966684,0.3074700231340454,-1.3266960387671123,-0.5121006901684455,-0.4616700858109863,-1.6885260266567068,-1.7007840681416901,-0.27355140768361913,-0.9959462685155767,-0.630800505574864,-1.2175621993361634,0.3074700231340454,-1.7013788379155634,0.0,False,-0.8046421079106137,21.2
2006,00-0023645,D.Anderson,CLE,4,,,-23.74,3.766,793,4,44,841,5,0,0,0,5,8,1,9,4,8.207,127.0,-0.1869,116.0,8.0,1.0,2.0,-33.2,3.0,103.0,-0.3223,18.8,18.5,-0.687,,,0.0,,,0.4331,0.1339,-2.2456,0.25,0.0,anderson,-1.0656808433814677,-0.33479263159783706,-1.1486649049284872,-1.4043502220061401,-1.1717573266350627,0.866562952424915,-0.553728009633869,-0.9224100694021362,-1.6652531697804707,-0.7121111182723324,-0.10172391721259018,-1.376887482187777,-1.1296020732435683,-0.3776983579518616,-0.09176588489649533,-0.7562755055775872,-0.44239974873844806,-0.9224100694021362,0.3581850185085396,0.0,False,-0.7014439676070059,23.9
2006,00-0001361,D.Bledsoe,DAL,6,,,-3.91,4.524,1164,26,3,1193,7,1,1,0,9,8,1,9,9,14.655,192.0,-0.0204,169.0,16.0,4.0,3.0,0.0,0.0,0.0,0.0,20.3,18.4,-0.552,,,0.0,,,0.4219,0.1302,-3.6852,0.5625,0.0,bledsoe,0.13458526341813543,0.037141191358130016,-0.5702599961979437,-1.098793323973065,-0.6656461808584159,0.866562952424915,1.068861744285601,0.6149400462680908,0.12172564574313847,0.16974060509131692,-1.1815624230077786,-1.3026878287427937,-1.134890795418551,-0.2919676366944669,-0.3811036076546013,-0.6483086451101282,-0.8541797723105776,0.6149400462680908,0.3581850185085396,0.0,False,-0.2801723662302288,35.0
2006,00-0020531,D.Brees,NO,16,,,109.63,7.581,4424,62,-2,4484,26,0,0,0,26,11,6,17,10,14.241,589.0,0.1861,555.0,18.0,12.0,4.0,23.6,6.0,120.0,0.1967,70.6,51.0,2.817,,,0.0,,,0.489,0.0611,1.6749,0.625,0.0,brees,1.6232035880674929,2.1667108463465565,1.7624363177720712,1.7579900607623054,1.4853261886923332,-0.2107855830222766,0.9646818190184391,0.9224100694021362,1.3919876953322101,0.7079355600575901,0.9781145885825981,1.1854738834456453,0.5892326336257798,1.8474901404622925,1.3523393563694102,1.3680454247010763,0.6790114643864017,0.9224100694021362,0.3581850185085396,0.04,False,1.3479025395933932,78.0
2006,00-0020608,D.Carr,HOU,16,,,-51.41,4.59,2765,163,38,2966,11,1,1,0,13,12,9,21,6,9.536,527.0,-0.0976,441.0,40.0,25.0,21.0,-26.62,1.0,102.0,-0.261,65.1,44.8,-0.918,,,0.0,,,0.4402,0.1233,3.6349,0.375,0.0,carr,-0.4219345170318908,-0.8537744208661986,-0.5198975635116432,0.44027593799466874,-0.15953503508176903,-0.7494598507458724,-0.21929535098638542,-0.3074700231340454,-1.3110868864628398,-0.5443869152248869,-0.8216162544093824,0.9134084874807066,0.2613318587768579,-0.5243931476589591,0.0916535643519469,-0.4469650404545954,1.2396455614976645,-0.3074700231340454,0.3581850185085396,0.0,False,-0.361714238430298,32.9
2006,00-0003739,D.Culpepper,MIA,4,,,-17.76,4.442,929,20,3,952,2,1,0,0,3,3,0,3,6,9.63,162.0,-0.1096,134.0,20.0,5.0,3.0,0.0,0.0,0.0,0.0,18.3,12.0,-0.836,,,0.0,,,0.4136,0.142,-0.7762,0.375,0.0,culpepper,-0.5084401823868171,-0.22263104504833217,-0.6328315034748625,-1.307995632001392,-1.4248128995233862,1.6745743540103086,-0.19564097181944495,-0.3074700231340454,0.12172564574313847,0.16974060509131692,-1.1815624230077786,-1.4016207000027714,-1.473369014617438,-0.4723196725248378,-0.5955235271985543,-0.9926353893036473,-0.022095798587790146,-0.3074700231340454,0.3581850185085396,0.0,False,-0.5249299110422874,28.6
2006,00-0021231,D.Garrard,JAX,10,,,-15.41,5.406,1735,220,40,1995,10,0,0,0,10,9,4,13,8,14.269,299.0,-0.0516,241.0,20.0,26.0,12.0,-29.15,3.0,110.0,-0.265,37.3,23.3,-0.791,,,0.0,,,0.4515,0.1104,1.736,0.5,0.0,garrard,-0.09032946650467306,-0.17855416739091798,0.1027652406098915,-0.4026097097045244,-0.5391183944142541,0.3278886847013192,0.9717278043022086,0.3074700231340454,-1.4472632841518374,-0.5553313982948671,-0.10172391721259018,-0.46175842303298337,-0.875743408844403,-0.4437427654390396,0.3835746596346799,-0.07054004044642533,0.6964883742504314,0.3074700231340454,0.3581850185085396,0.0,False,-0.2227025638745018,36.5
2006,00-0007835,D.Huard,KC,10,,,20.53,7.46,1878,12,0,1890,11,0,0,0,11,1,5,6,9,12.731,267.0,0.0769,245.0,16.0,2.0,4.0,2.66,0.0,3.0,0.8867,35.4,29.7,0.466,,,0.0,,,0.4232,0.0824,-3.2746,0.5625,0.5,huard,0.8360020333376631,0.4955407189952372,1.6701051911805198,-0.49375594349279966,-0.41259060797009245,1.270568653217612,0.5847018983580172,0.6149400462680908,0.26489924963749995,2.5958588896291634,-1.1815624230077786,-0.555744650729962,-0.5372651896455161,0.35450550582425705,-0.34751976483446334,0.7465064711992145,-0.7367326497218609,0.6149400462680908,-1.7013788379155634,0.0,False,0.36027735405874767,51.9
2006,00-0011022,D.McNabb,PHI,10,,,38.42,7.588,2612,195,21,2828,17,1,2,0,20,6,5,11,10,13.267,363.0,0.1058,314.0,21.0,19.0,9.0,0.0,0.0,0.0,0.0,47.3,40.8,1.04,,,0.0,,,0.4518,0.0964,-2.4699,0.625,0.0,mcnabb,1.0443365107341107,0.8310876727361475,1.7677777879054666,0.3204837450157927,0.7261594700273629,0.5972258185631171,0.7195821880758888,0.9224100694021362,0.12172564574313847,0.16974060509131692,-1.1815624230077786,0.03290593326690516,0.049782971777553496,0.7190198317631052,0.3913247772085569,0.3379832153763946,-0.5065580283211298,0.9224100694021362,0.3581850185085396,0.0,False,0.573268576181762,57.5
2006,00-0022803,E.Manning,NYG,16,,,-24.53,5.006,3244,34,2,3280,24,0,0,0,24,18,5,23,8,11.833,556.0,-0.0441,520.0,25.0,5.0,6.0,-23.88,5.0,131.0,-0.1823,61.0,60.0,-0.148,,,0.0,,,0.4586,0.0881,-3.9664,0.5,0.0,manning,-0.03626342565784411,-0.3496099649379891,-0.20246162415556634,0.7128465799900824,1.2322706158040098,-1.0187969846076703,0.3587270846142698,0.3074700231340454,-1.1636073095190238,-0.3290542108230277,0.618168419984202,0.7105961013977525,1.0652176293742148,-0.03541051530196739,0.5669941088831222,0.5801791456142094,-0.934613602977765,0.3074700231340454,0.3581850185085396,0.0,False,0.15477815305379405,46.5
2006,00-0023460,J.Campbell,WAS,7,,,3.4,5.453,1297,97,22,1416,10,0,0,0,10,6,1,7,5,10.964,231.0,0.0147,206.0,8.0,12.0,5.0,12.26,5.0,126.0,0.0973,26.8,29.4,-0.418,,,0.0,,,0.4199,0.0649,-5.0398,0.3125,0.0,campbell,0.38761433458129496,0.17424841504991617,0.1386293972198333,-0.9052160845941566,-0.5391183944142541,1.135900086286713,0.14004989848585483,-0.6149400462680908,0.7816160155720375,0.4359651557685837,0.618168419984202,-0.981155997147866,-0.5531313561704639,-0.20687195781675663,-0.4327710581471203,1.2571605409777395,-1.2416465824875758,-0.6149400462680908,0.3581850185085396,0.0,False,0.07756214576769768,44.5
2006,00-0024226,J.Cutler,DEN,5,,,-24.23,5.807,1001,9,11,1021,9,0,0,0,9,5,4,9,9,10.29,160.0,-0.1514,137.0,13.0,2.0,8.0,-1.2,7.0,132.0,-0.0091,20.1,25.7,-0.259,,,0.0,,,0.4,0.1437,0.1451,0.5625,0.0,cutler,-0.8097682500398106,-0.34398312949236176,0.4087551725372639,-1.248099535511954,-0.6656461808584159,0.866562952424915,-0.029557032987737774,0.6149400462680908,0.057136050001321284,0.14484190610711212,1.3380607571809942,-1.3125811158687914,-0.7488140766448205,-0.1059002194469363,-0.9468621905476834,-1.0422417846535612,0.24143083083496822,0.6149400462680908,0.3581850185085396,0.0,False,-0.2447425679396461,36.0
2006,00-0004161,J.Delhomme,CAR,13,,,-4.97,5.481,2805,26,0,2831,17,0,0,0,17,11,5,16,8,9.31,457.0,-0.0109,431.0,22.0,4.0,0.0,11.44,2.0,27.0,0.4237,55.3,65.4,-0.707,,,0.0,,,0.4376,0.0832,1.265,0.5,0.5,delhomme,0.20306891515745212,0.01725970611691343,0.15999527775341507,0.3230879231240291,0.3465761106948778,-0.07611701609137765,-0.27616651791966684,0.3074700231340454,0.737479791815129,1.3290349742789629,-0.4616700858109863,0.42863741830681595,1.350808626823276,-0.3903992055455496,0.024485878711672456,0.7231622851521964,0.5617645682609391,0.3074700231340454,-1.7013788379155634,0.0,False,0.20459869799131802,47.8
2006,00-0005755,J.Garcia,PHI,8,,,19.03,7.072,1309,92,2,1403,10,0,0,0,10,2,2,4,10,13.267,212.0,0.0898,189.0,6.0,13.0,4.0,13.49,4.0,92.0,0.1466,23.5,20.4,0.891,,,0.0,,,0.4528,0.0472,0.6109,0.625,0.0,garcia,0.9289956235942091,0.4674065417671005,1.3740351323580253,-0.9165008563965145,-0.5391183944142541,1.5399057870794097,0.7195821880758888,0.9224100694021362,0.8478203512074001,0.5708559096060889,0.2582222513858059,-1.1443952347268294,-1.0291163519188988,0.624398517190129,0.4171585024548164,1.773650657268019,0.3746672402402877,0.9224100694021362,0.3581850185085396,0.0,False,0.4930005912633388,55.4
2006,00-0021141,J.Harrington,MIA,11,,,-41.49,4.219,2236,20,4,2260,12,0,0,0,12,15,0,15,6,9.63,413.0,-0.1005,387.0,14.0,4.0,8.0,-32.63,1.0,69.0,-0.4729,43.4,48.0,-1.938,,,0.0,,,0.4407,0.0726,-2.7181,0.375,0.0,harrington,-0.442840052825998,-0.6677137287974546,-0.8029954805816054,-0.1725739768103059,-0.28606282152593077,0.05855155083952131,-0.19564097181944495,-0.3074700231340454,-1.6345731118031075,-1.1241709058570846,-0.8216162544093824,-0.16001316569005128,0.43057096837630154,-1.1721363749370517,0.10457042697507664,1.0324727502751887,-0.5775526114349131,-0.3074700231340454,0.3581850185085396,0.0,False,-0.42087834092615783,31.3
2006,00-0009311,J.Kitna,DET,16,,,-51.79,4.939,4208,95,68,4371,21,0,2,0,23,22,13,35,3,11.296,686.0,-0.0755,595.0,63.0,14.0,14.0,-24.43,8.0,181.0,-0.135,83.4,69.7,-2.277,,,0.0,,,0.4563,0.1443,-0.0512,0.1875,0.0,kitna,-0.26261991666990137,-0.8609017457639933,-0.25358712400378075,1.6598993520187328,1.1057428293598481,-2.634819787778458,0.22359515256483475,-1.2298800925361817,-1.193210874234023,-0.1996356985205127,1.6980069257793904,1.8186442595095031,1.578223680347528,-1.3874157416500648,0.5075765408167247,-1.0597499241888255,0.18528160978244734,-1.2298800925361817,0.3581850185085396,0.0,False,-0.1802847647464303,37.7
2006,00-0022912,J.Losman,BUF,16,,,-28.72,5.196,3050,111,32,3193,19,0,1,0,20,14,11,25,7,11.111,510.0,-0.0563,428.0,47.0,15.0,20.0,5.16,7.0,117.0,0.0441,71.1,64.5,0.22,,,0.0,,,0.449,0.1471,3.3405,0.4375,0.0,losman,-0.12421085210201924,-0.4281980999952509,-0.057478863391974055,0.6373254148512257,0.7261594700273629,-1.2881341184694681,0.1770413212256443,0.0,0.39946090743295243,0.29040353093784793,1.3380607571809942,1.2102071012606397,1.3032101272484322,0.1982850804218935,0.31899034651903113,-1.1414545753533893,1.1554360318091157,0.0,0.3581850185085396,0.0,False,0.1465492070713356,46.3
2006,00-0013042,J.Plummer,DEN,12,,,-20.36,4.545,1994,69,56,2119,11,0,1,0,12,13,3,16,9,10.29,357.0,-0.057,316.0,18.0,11.0,12.0,-7.33,0.0,4.0,-1.8328,41.7,34.3,-0.648,,,0.0,,,0.4314,0.0952,-3.5628,0.5625,0.0,plummer,-0.12925701591438993,-0.2713969522437691,-0.5542355857977572,-0.2949703478974184,-0.28606282152593077,-0.07611701609137765,-0.029557032987737774,0.6149400462680908,-0.27280913491312825,-4.845021537573581,-1.1815624230077786,-0.24410610626103213,-0.2939839695963161,-0.35293170514416977,-0.13568321781513593,0.3729994944469218,-0.8191687450215887,0.6149400462680908,0.3581850185085396,0.0,False,-0.46573457589956097,30.1
2006,00-0017200,K.Warner,ARI,6,,,2.6,6.418,1377,10,-2,1385,6,0,0,0,6,5,4,9,5,10.467,190.0,0.0137,168.0,14.0,2.0,6.0,15.75,1.0,48.0,0.3282,26.5,18.8,-0.782,,,0.0,,,0.4632,0.1263,1.602,0.3125,0.0,warner,0.3804055291350511,0.15924352052824328,0.8749892084665012,-0.9321259250459331,-1.045229540190901,0.866562952424915,0.014983659698947788,-0.6149400462680908,0.9694640898544893,1.067735440983187,-0.8216162544093824,-0.9959959278368627,-1.1137359067186205,-0.43802738402187996,0.6858292450159156,-0.5345057381309136,0.6581593084275186,-0.6149400462680908,0.3581850185085396,0.0,False,-0.04271418348865154,41.3
2006,00-0002110,M.Brunell,WAS,10,,,-5.24,6.12,1789,32,4,1825,8,0,0,0,8,4,3,7,5,10.964,285.0,-0.0184,262.0,12.0,5.0,6.0,-0.39,0.0,1.0,-0.3853,34.6,23.5,-0.356,,,0.0,,,0.4246,0.0667,-1.571,0.3125,0.0,brunell,0.14900287431062315,0.012195554215848815,0.6475951942162348,-0.5501798025045891,-0.7921739673025776,1.135900086286713,0.14004989848585483,-0.6149400462680908,0.10073402712704789,-0.8844867266245195,-1.1815624230077786,-0.595317799233953,-0.8651659644944378,-0.16749933027632355,-0.31135254948970115,1.2046361223719486,-0.24943864572250016,-0.6149400462680908,0.3581850185085396,0.0,False,-0.08994342431595498,40.0
2006,00-0019599,M.Bulger,LA,16,,,42.19,6.426,4301,47,6,4354,24,0,0,0,24,8,6,14,0,0.0,640.0,0.0659,582.0,49.0,3.0,6.0,37.6,8.0,152.0,0.2473,71.4,63.2,1.094,,,0.0,,,0.4672,0.1016,1.6351,0.0,0.0,bulger,0.7567051734289808,0.901798238169531,0.8810937457618104,1.6451423427387264,1.2322706158040098,0.19322011777042025,-2.6189566247729967,-2.1522901619383177,2.145532978986744,0.8463832708928387,1.6980069257793904,1.225047031949637,1.2344567389736585,0.7533121202660632,0.7891641460009536,0.18624600607077588,0.6676271597613874,-2.1522901619383177,0.3581850185085396,0.0,False,0.7733235852298611,62.8
2006,00-0007091,M.Hasselbeck,SEA,12,,,-3.96,4.71,2442,75,40,2557,18,0,0,0,18,15,3,18,9,11.167,417.0,-0.0095,369.0,34.0,9.0,5.0,4.15,5.0,149.0,0.0278,49.6,47.4,0.002,,,0.0,,,0.4317,0.1247,-2.4641,0.5625,0.0,hasselbeck,0.2131612427821935,0.03620338545052546,-0.42832950408200565,0.08523965590510128,0.47310389713903955,-0.3454541499531755,0.19113329179318292,0.6149400462680908,0.3450979976835896,0.24580476242767882,0.618168419984202,0.14667873521587974,0.39883863532640584,0.0598458416506933,-0.12793310024125892,-0.48781736603687736,-0.504899009054168,0.6149400462680908,0.3581850185085396,0.0,False,0.0963265238117359,45.0
2006,00-0024225,M.Leinart,ARI,12,,,-6.7,5.305,2542,39,12,2593,11,1,1,0,13,12,3,15,5,10.467,409.0,-0.0164,370.0,20.0,8.0,11.0,11.19,3.0,87.0,0.1286,49.7,40.6,0.246,,,0.0,,,0.4156,0.0905,-4.985,0.3125,0.0,leinart,0.16342048520311087,-0.015188378286204233,0.025695457256613312,0.11648979320393851,-0.15953503508176903,0.05855155083952131,0.014983659698947788,-0.6149400462680908,0.7240236260355838,0.5216057357911782,-0.10172391721259018,0.1516253787788787,0.0392055274275885,0.21479618229368805,-0.5438560767060353,0.5101465874731546,-1.2259717107928325,-0.6149400462680908,0.3581850185085396,0.0,False,0.08268613358481643,44.6
2006,00-0020245,M.Vick,ATL,16,,,-18.41,4.576,2474,493,550,3517,20,0,2,0,22,13,4,17,7,10.815,553.0,-0.0333,389.0,45.0,48.0,71.0,-6.14,5.0,111.0,-0.0553,68.7,68.8,0.523,,,0.0,,,0.4304,0.1212,-4.085,0.4375,0.0,vick,0.041591673161589585,-0.23482252184719138,-0.5305805037784345,0.9185766505407608,0.9792150429156864,-0.2107855830222766,0.1025551910829388,0.0,-0.20875778580249282,0.018433126648841534,0.618168419984202,1.0914876557486668,1.5306251807726843,0.3907029214662681,-0.16151694306139544,-0.38568655208117225,-0.9685376866090892,0.0,0.3581850185085396,0.0,False,0.1906862288119844,47.5
2006,00-0010346,P.Manning,IND,16,,,176.19,7.954,4397,47,2,4446,31,1,3,0,35,9,4,13,12,18.565,579.0,0.3043,555.0,14.0,6.0,4.0,56.27,11.0,156.0,0.3607,72.6,70.0,6.027,,,0.0,,,0.5613,0.0484,5.053,0.75,1.0,manning,2.4752843918135174,3.4151180705497426,2.0470603691658606,1.7250038047246439,2.6240762666897886,0.3278886847013192,2.0527832606976872,1.537350115670227,3.150439439403183,1.1566593659267757,2.777845431574579,1.284406754705623,1.5940898468724758,3.885976179249231,3.2201176916739715,1.7386343781974916,1.645275772269849,1.537350115670227,-3.7609426943396667,0.02,False,2.1821796189383846,100.0
2006,00-0022942,P.Rivers,LAC,16,,,69.96,6.709,3387,48,10,3445,22,0,0,0,22,9,3,12,0,0.0,530.0,0.132,460.0,28.0,9.0,33.0,3.47,6.0,117.0,0.0296,57.9,38.6,1.596,,,0.0,,,0.4528,0.0981,1.8715,0.0,0.0,rivers,1.2332072134257,1.4226556392531016,1.0970417525833718,0.8560763759430864,0.9792150429156864,0.46255725163221817,-2.6189566247729967,-2.1522901619383177,0.30849722676322655,0.25072977980916994,0.9781145885825981,0.557250150944787,-0.0665689160720637,1.0721033948676344,0.4171585024548164,0.2883768200264805,0.7352464967803172,-2.1522901619383177,0.3581850185085396,0.0,False,0.6156359709840291,58.7
2006,00-0022121,R.Grossman,CHI,16,,,-44.81,5.23,3197,22,2,3221,23,0,0,0,23,20,8,28,13,12.939,508.0,-0.0882,479.0,21.0,1.0,7.0,-10.66,5.0,123.0,-0.0867,60.0,54.8,-1.543,,,0.0,,,0.4035,0.0984,-3.7685,0.8125,0.0,grossman,-0.3541717458371984,-0.7299840410623972,-0.03153457988690957,0.6616310771947658,1.1057428293598481,-1.692139819262165,0.6370435033231615,1.8448201388042724,-0.4520452630966709,-0.06748106545050253,0.618168419984202,0.6611296657677637,0.7902040762751189,-0.9212946349617118,-0.8564441521857751,0.27962275025884886,-0.8780067214378061,1.8448201388042724,0.3581850185085396,0.0,False,-0.02762170357636485,41.7
2006,00-0011024,S.McNair,BAL,16,,,37.62,5.757,3050,111,29,3190,16,0,1,0,17,12,4,16,13,11.767,501.0,0.0751,463.0,14.0,11.0,13.0,16.37,4.0,104.0,0.1574,63.2,53.1,1.292,,,0.0,,,0.4611,0.0619,3.1698,0.8125,0.0,mcnair,0.8230261835344241,0.8160827782144745,0.3706018144415811,0.6347212367429893,0.3465761106948778,-0.07611701609137765,0.3421186907310988,1.8448201388042724,1.0028353809877613,0.6004060138950352,0.2582222513858059,0.8194222597837282,0.7002957993004147,0.8790505114435753,0.6315784219987709,1.3447012386540582,1.106609378555599,1.8448201388042724,0.3581850185085396,0.0,False,0.705950965181861,61.0
2006,00-0022055,S.Wallace,SEA,6,,,-21.85,4.494,927,67,53,1047,8,0,0,0,8,7,6,13,9,11.167,166.0,-0.1316,141.0,13.0,6.0,6.0,0.0,0.0,0.0,0.0,20.3,21.1,-0.679,,,0.0,,,0.4277,0.1627,-0.2017,0.5625,0.0,wallace,-0.667033902204182,-0.2993435682903849,-0.5931520110553532,-1.2255299919072382,-0.7921739673025776,0.3278886847013192,0.19113329179318292,0.6149400462680908,0.12172564574313847,0.16974060509131692,-1.1815624230077786,-1.3026878287427937,-0.9920952966940204,-0.3726180189143863,-0.23126800122629554,-1.596666203270246,0.14223292018283254,0.6149400462680908,0.3581850185085396,0.0,False,-0.48445752187679353,29.6
2006,00-0019596,T.Brady,NE,16,,,57.6,6.062,3533,92,31,3656,24,0,0,0,24,12,9,21,12,13.75,570.0,0.1011,518.0,26.0,14.0,12.0,-3.46,4.0,126.0,-0.0274,66.5,52.2,1.326,,,0.0,,,0.4561,0.0825,0.9628,0.75,0.0,brady,1.0104551251367646,1.1908300188932555,0.6033372988252435,1.0392369028890491,1.2322706158040098,-0.7494598507458724,0.8411254342209112,1.537350115670227,-0.06450768864576777,0.09477089606195298,0.2582222513858059,0.9826614973626913,0.6526972997255713,0.900641952352845,0.5024097957674734,0.7435884479433371,0.4753239436961312,1.537350115670227,0.3581850185085396,0.0,False,0.7115536940136278,61.2
2006,00-0006355,T.Green,KC,8,,,-5.43,4.279,1342,53,12,1407,7,0,0,0,7,9,3,12,9,12.731,233.0,-0.0233,198.0,24.0,8.0,3.0,-17.02,3.0,133.0,-0.128,26.4,18.9,-0.813,,,0.0,,,0.4592,0.1545,0.7418,0.5625,0.5,green,0.11367972762402821,0.00863189176695151,-0.757211450866787,-0.9130286189188659,-0.9187017537467393,0.46255725163221817,0.5847018983580172,0.6149400462680908,-0.794370120528302,-0.18048285314804743,-0.10172391721259018,-1.0009425713998616,-1.1084471845436379,-0.4577136977920965,0.5824943440308775,-1.3573882962883081,0.4121095888687899,0.6149400462680908,-1.7013788379155634,0.0,False,-0.4353919581014496,30.9
2006,00-0019623,T.Rattay,TB,4,,,-4.22,6.857,748,4,0,752,4,0,0,0,4,2,3,5,4,6.806,108.0,-0.0391,101.0,4.0,1.0,2.0,-4.22,4.0,108.0,-0.0391,17.2,17.4,-0.468,,,0.0,,,0.4722,0.0833,-0.1498,0.25,0.0,rattay,-0.00021939842662481514,0.03132679473098177,1.2099756925465917,-1.4816075058838212,-1.2982851130792246,1.4052372201485108,-0.906278916153903,-0.9224100694021362,-0.10541443261558531,0.06275828308226108,0.2582222513858059,-1.4560337791957592,-1.1877780171683772,-0.2386240768009769,0.9183327722322512,0.720244261896319,0.15707828224409506,-0.9224100694021362,0.3581850185085396,0.0,False,-0.07112350315073386,40.5
2006,00-0021678,T.Romo,DAL,13,,,86.32,7.15,2903,103,14,3020,19,0,0,0,19,13,4,17,9,14.655,384.0,0.2248,339.0,21.0,16.0,8.0,2.38,6.0,146.0,0.0163,51.3,38.8,2.89,,,0.0,,,0.5339,0.099,7.9338,0.5625,0.0,romo,1.9021843588371303,1.7295057322213125,1.43355437098729,0.4871511439429246,0.5996316835832013,-0.2107855830222766,1.068861744285601,0.6149400462680908,0.24982834396440926,0.21433937360148594,0.9781145885825981,0.23077167578686056,-0.0559914717220987,1.893848234179254,2.512273619926462,0.26211461072358505,2.469293479901546,0.6149400462680908,0.3581850185085396,0.0,False,0.996316904187538,68.7
2006,00-0024218,V.Young,TEN,15,,,-25.3,4.561,2199,443,117,2759,12,4,3,0,19,13,5,18,8,12.0,455.0,-0.0556,352.0,26.0,43.0,34.0,4.08,5.0,130.0,0.0314,60.9,63.3,0.403,,,0.0,,,0.3978,0.1121,-4.8653,0.5,0.0,young,-0.11916468828964849,-0.36405217591509925,-0.5420265112071389,0.26058764852635463,0.5996316835832013,-0.3454541499531755,0.40075135398532297,0.3074700231340454,0.34133027126531695,0.255654797190661,0.618168419984202,0.7056494578347536,1.2397454611486407,0.3144978359041396,-1.0036963860894552,-0.12014643579633938,-1.1917329855763947,0.3074700231340454,0.3581850185085396,0.0,False,0.0886363038186938,44.8
2007,00-0020305,A.Feeley,PHI,3,,,-5.89,3.877,681,14,9,704,5,0,0,0,5,8,0,8,8,10.839,113.0,-0.0521,103.0,3.0,4.0,3.0,0.0,0.0,0.0,0.0,12.2,12.5,-0.519,,,0.0,,,0.4425,0.0973,-0.4135,0.5,0.5,feeley,-0.15232635146561305,-0.16272893328470858,-0.940374057460506,-1.222809442808544,-0.8014355188881911,0.9021963731937122,0.07162185579366427,0.3386596448402663,-0.0007884484705747029,0.1923794130940067,-1.1000381964338535,-1.4453790326525517,-1.150699351019867,-0.3670916742981308,-0.08780800046502532,0.23857181008645642,-0.049921120605565604,0.3386596448402663,-1.3955413899505749,0.0,False,-0.38641433992367863,26.2
2007,00-0023436,A.Smith,SF,7,,,-66.28,3.139,914,92,0,1006,2,0,0,0,2,4,5,9,5,7.3,217.0,-0.3054,191.0,17.0,9.0,0.0,0.0,0.0,0.0,0.0,24.9,7.4,-2.069,,,0.0,,,0.3226,0.1198,-10.8421,0.3125,0.0,smith,-1.6902689119487933,-1.1337397137443446,-1.4557852029906206,-0.982898725534845,-1.0679999414749155,0.7561264842004445,-0.7076268710941966,-0.45849305762989906,-0.0007884484705747029,0.1923794130940067,-1.1000381964338535,-0.8266268849664593,-1.3950832011058207,-1.5083878614005939,-2.455255716706543,-0.636903572306281,-2.3613548807221574,-0.45849305762989906,0.2990445835608375,0.0,False,-0.9628716680173175,10.4
2007,00-0024300,B.Croyle,KC,9,,,-36.56,4.096,1227,14,6,1247,6,0,0,0,6,6,4,10,4,7.793,244.0,-0.1498,223.0,16.0,4.0,1.0,-33.22,4.0,137.0,-0.2425,26.2,22.2,-0.626,,,0.0,,,0.3934,0.1066,-4.9027,0.25,0.0,croyle,-0.7455240939022758,-0.6558718482821757,-0.7874268476080734,-0.7914467955250388,-0.7125807113592829,0.6100565952071768,-0.599073714169722,-0.7242106251199542,-1.9945275049139413,-0.7571944979213698,0.14667175952451383,-0.7632900509513474,-0.6858908518367789,-0.4458779272142363,-1.0572965981919518,-0.1232913479692084,-1.0449241350001541,-0.7242106251199542,0.2990445835608375,0.0,False,-0.6056428274768425,20.2
2007,00-0005106,B.Favre,GB,16,,,83.74,7.219,4157,3,26,4186,28,0,0,0,28,15,7,22,13,15.0,558.0,0.1501,532.0,15.0,1.0,10.0,5.28,6.0,99.0,0.0534,69.2,63.6,2.163,,,0.0,,,0.4946,0.0681,4.4403,0.8125,0.0,favre,1.075356182011288,1.278431792871893,1.3936422682327783,1.5433134629762901,1.2422250542766962,-1.1427820727120357,0.9878281153529714,1.6672474822905419,0.31609722937472856,0.4014814619526505,0.7700267375036975,1.3316975357023517,1.2979309900374332,1.6077188894494867,0.9409161531311634,1.3747443063472533,1.0258931962590099,1.6672474822905419,0.2990445835608375,0.0,False,1.0448612397040933,65.3
2007,00-0006423,B.Griese,CHI,7,,,-2.15,4.941,1803,24,6,1833,10,0,0,0,10,12,1,13,7,10.438,284.0,-0.0076,258.0,15.0,4.0,7.0,2.81,1.0,49.0,0.0573,36.7,35.7,0.255,,,0.0,,,0.4472,0.0986,-1.3815,0.4375,0.0,griese,0.11786095189601947,-0.10259347511416647,-0.19728806986695296,-0.3259246752522322,-0.3571614812436504,0.17184692822737366,-0.01667391687715574,0.07294207735021119,0.16785714901906587,0.4167529599030008,-0.7883607074442617,-0.251723314675444,-0.03899242513866614,0.20282009913238971,0.00499437039681864,0.187988787992654,-0.2644722472949449,0.07294207735021119,0.2990445835608375,0.0,False,-0.023168528782561728,36.1
2007,00-0022924,B.Roethlisberger,PIT,15,,,99.53,6.569,3158,198,8,3364,32,2,0,0,34,11,3,14,10,13.1,480.0,0.2073,403.0,47.0,22.0,8.0,9.98,7.0,105.0,0.095,62.3,77.3,1.805,,,0.0,,,0.4938,0.1271,6.6926,0.625,0.0,roethlisberger,1.422653120264892,1.5323191951480588,0.9396893622780699,0.8903114444366194,1.7753538994501452,0.025777039234105972,0.5694690927231507,0.8700947798203765,0.5981734956385402,0.5643774400897212,1.0817042264932892,0.995525109006758,1.9544130971310731,1.344116286234853,0.9251200048993607,-0.9209466963714797,1.5251013601458787,0.8700947798203765,0.2990445835608375,0.0,False,0.9657618274696508,63.1
2007,00-0020565,C.Lemon,MIA,9,,,-8.72,4.473,1773,56,37,1866,6,1,3,0,10,6,3,9,1,9.536,362.0,-0.0241,307.0,23.0,11.0,21.0,-15.5,3.0,169.0,-0.0917,39.0,35.7,0.202,,,0.0,,,0.4061,0.0939,-3.5763,0.0625,0.0,lemon,0.017679142784402923,-0.2082325019003862,-0.5241341621543428,-0.29970926574881473,-0.3571614812436504,0.7561264842004445,-0.21528435814668137,-1.5213633275901195,-0.9310399648725067,-0.1666965771744883,-0.165005729465078,-0.13966583911024627,-0.03899242513866614,0.1637951327346926,-0.8065327450120747,0.37086586787024783,-0.7509358969414838,-1.5213633275901195,0.2990445835608375,0.0,False,-0.2071170540675569,31.1
2007,00-0021429,C.Palmer,CIN,16,,,45.95,6.154,4130,9,16,4155,26,0,0,0,26,20,4,24,7,13.103,598.0,0.0768,573.0,17.0,2.0,6.0,0.1,5.0,115.0,0.0009,73.0,66.7,0.627,,,0.0,,,0.4816,0.0686,5.3324,0.4375,0.0,palmer,0.6303060845639247,0.6708064013572442,0.6498578915531409,1.5186868661700494,1.06451543921888,-1.434921850698571,0.5701296596009873,0.07294207735021119,0.005213174215889375,0.19590360492870293,0.4583492485141057,1.5168359735926784,1.4464780361681109,0.47673118403698095,0.6842287443643598,1.355289297849637,1.2236215641511539,0.07294207735021119,0.2990445835608375,0.0,False,0.623157796880322,53.7
2007,00-0019559,C.Pennington,NYJ,9,,,-3.01,4.853,1766,15,21,1802,10,0,1,0,11,9,2,11,4,9.926,301.0,-0.01,259.0,26.0,4.0,12.0,-8.18,1.0,83.0,-0.0986,36.5,42.3,-1.241,,,0.0,,,0.4718,0.1229,7.2049,0.25,0.0,pennington,0.10328905238887523,-0.11642141469348898,-0.25874630944235966,-0.3505512720584728,-0.26830667371474226,0.4639867062139091,-0.12941066402792858,-0.7242106251199542,-0.4917211842233362,-0.19371538124049278,-0.7883607074442617,-0.2614674429854613,0.2772690279137442,-0.8987148014516654,0.49072592852477,-0.7575246249915023,1.63864944093407,-0.7242106251199542,0.2990445835608375,0.0,False,-0.24296079869838405,30.1
2007,00-0019709,C.Redman,ATL,6,,,-15.17,6.348,1079,18,0,1097,10,0,0,0,10,5,1,6,4,8.931,164.0,-0.0925,149.0,9.0,6.0,0.0,-17.94,8.0,137.0,-0.1309,21.8,31.2,0.407,,,0.0,,,0.4207,0.0915,-3.1912,0.25,0.0,redman,-0.39761999316920754,-0.31194204874530507,0.7853453742534691,-0.9106077478133,-0.3571614812436504,1.1943361511802475,-0.3484986785103875,-0.7242106251199542,-1.07747955842223,-0.3201947104190357,1.3933817154828811,-0.9776608737717258,-0.25462523403803716,0.31474075748050223,-0.5182530397816646,0.46424990865880644,-0.6655808980901615,-0.7242106251199542,0.2990445835608375,0.0,False,-0.06267802006086967,35.0
2007,00-0023645,D.Anderson,CLE,16,,,33.08,6.336,3786,63,26,3875,29,0,3,0,32,19,5,24,10,13.862,553.0,0.0598,521.0,15.0,10.0,7.0,-15.19,5.0,126.0,-0.1206,67.8,71.1,1.966,,,0.0,,,0.4684,0.0705,-1.2321,0.625,0.0,anderson,0.5270884630549865,0.4638696776527316,0.7769647052204594,1.2962530885652954,1.5976442843923289,-1.434921850698571,0.7372530796936367,0.8700947798203765,-0.912434934544468,-0.2798622927552899,0.4583492485141057,1.263488637532231,1.6573190048697175,1.4626638256693671,0.4235922985396057,1.2813602655586946,-0.23135867464267912,0.8700947798203765,0.2990445835608375,0.0,False,0.6854504089280224,55.4
2007,00-0020531,D.Brees,NO,16,,,47.13,6.096,4428,23,37,4488,28,0,1,0,29,18,7,25,7,13.536,684.0,0.0689,654.0,15.0,4.0,11.0,15.57,8.0,182.0,0.0855,76.4,65.9,0.949,,,0.0,,,0.5132,0.0585,4.6717,0.4375,0.0,brees,0.5823402486862417,0.6897796207800357,0.6093513245602593,1.783224180249989,1.3310798618056043,-1.5809917396918387,0.6654714789687306,0.07294207735021119,0.9336642038118821,0.5271776373901498,1.3933817154828811,1.6824861548629713,1.4081433145860007,0.7138262629060088,1.30817659952059,1.7482804695014875,1.077181554436616,0.07294207735021119,0.2990445835608375,0.0,False,0.8455868509768801,59.8
2007,00-0020608,D.Carr,CAR,6,,,-34.89,2.658,635,56,4,695,3,0,0,0,3,5,1,6,7,9.207,164.0,-0.2127,136.0,13.0,11.0,4.0,0.0,0.0,0.0,0.0,14.9,11.1,-0.744,,,0.0,,,0.3659,0.1159,-6.1819,0.4375,0.0,carr,-1.1274292934853474,-0.6290199190990727,-1.7917103533971046,-1.2299590999458396,-0.9791451339460074,1.1943361511802475,-0.28772652574942376,0.07294207735021119,-0.0007884484705747029,0.1923794130940067,-1.1000381964338535,-1.3138333004673195,-1.2177851137885602,-0.5327637014581658,-1.6002891936601902,-0.48515450602487326,-1.3284507891954578,0.07294207735021119,0.2990445835608375,0.0,False,-0.6939312810469982,17.8
2007,00-0003739,D.Culpepper,LV,7,,,2.22,5.199,1332,34,14,1380,5,1,2,0,8,5,6,11,0,0.0,223.0,0.01,185.0,21.0,8.0,9.0,0.0,0.0,0.0,0.0,28.4,27.6,-0.569,,,0.0,,,0.4126,0.148,-2.3557,0.0,0.0,culpepper,0.2247215482817438,-0.032328247251795054,-0.017103685657238046,-0.6857907511627807,-0.5348710963014667,0.4639867062139091,-2.3150062738298236,-1.7870808950801746,-0.0007884484705747029,0.1923794130940067,-1.1000381964338535,-0.6561046395411582,-0.42713148115753374,-0.40390768033369406,-0.6781890406286729,-1.7341660515718447,-0.48039756508502063,-1.7870808950801746,0.2990445835608375,0.0,False,-0.4232555016704379,25.2
2007,00-0021231,D.Garrard,JAX,12,,,89.6,7.669,2509,116,80,2705,18,0,1,0,19,3,5,8,11,14.679,383.0,0.234,324.0,20.0,18.0,21.0,20.58,8.0,95.0,0.2166,47.1,40.4,1.866,,,0.0,,,0.5117,0.0757,4.4724,0.6875,0.0,garrard,1.5847655022818716,1.3726547300054162,1.7079173569706527,0.36679766071685893,0.4425317865165229,0.9021963731937122,0.9171474594244597,1.1358123473104316,1.2343455004037325,1.0405349146442358,1.3933817154828811,0.2549713574454506,0.1862240641562321,1.3890318135982405,1.2785588215859598,1.079028177183484,1.033007959861003,1.1358123473104316,0.2990445835608375,0.0,False,1.0643150284150313,65.8
2007,00-0007835,D.Huard,KC,11,,,-43.52,4.473,2257,3,-1,2259,11,0,0,0,11,13,5,18,4,7.793,375.0,-0.116,333.0,37.0,2.0,3.0,6.92,2.0,40.0,0.1731,47.4,40.7,-1.366,,,0.0,,,0.4107,0.152,2.169,0.25,0.0,huard,-0.540303175843328,-0.767781684877623,-0.5241341621543428,0.0124924292464293,-0.26830667371474226,-0.5585025167389648,-0.599073714169722,-0.7242106251199542,0.4145238414327394,0.8701989759672508,-0.4766832184546698,0.26958754991047623,0.2005995847495237,-0.9907548165405737,-0.7157048926792059,-1.8898061195527758,0.5224738015796845,-0.7242106251199542,0.2990445835608375,0.0,False,-0.4471255614728937,24.5
2007,00-0011022,D.McNabb,PHI,14,,,37.66,6.116,3324,183,63,3570,19,0,0,0,19,7,7,14,8,10.839,555.0,0.0679,473.0,44.0,25.0,13.0,20.9,6.0,171.0,0.1222,61.6,47.5,0.299,,,0.0,,,0.4667,0.1045,-0.584,0.5,0.5,mcnabb,0.5762686238915983,0.5375114954123794,0.6233191062819423,1.0539591522458311,0.4425317865165229,0.025777039234105972,0.07162185579366427,0.3386596448402663,1.2535506930004174,0.6708863488716522,0.7700267375036975,0.9614206599216979,0.5264447181974617,0.23521818444368545,0.39002548354702415,-0.04158031227921942,-0.08771137587471763,0.3386596448402663,-1.3955413899505749,0.0,False,0.4371506458471361,48.7
2007,00-0022803,E.Manning,NYG,16,,,-58.18,4.836,3336,80,4,3420,23,1,0,0,24,20,9,29,10,13.815,572.0,-0.1017,527.0,27.0,9.0,9.0,-21.98,6.0,145.0,-0.1516,62.6,57.1,-1.072,,,0.0,,,0.4213,0.0997,-5.0181,0.625,0.0,manning,-0.45347894127992694,-1.0034998177065395,-0.2706189239057901,0.9347981999575702,0.8868058241610637,-2.1652712956649096,0.7269041986075305,0.8700947798203765,-1.319945114955379,-0.40125112261704937,0.7700267375036975,1.010141301471784,0.9864613771827863,-0.7742767010514613,-0.5064059286078124,0.1451877692978978,-1.0705018209711812,0.8700947798203765,0.2990445835608375,0.0,False,-0.1701761059512725,32.1
2007,00-0005589,G.Frerotte,LA,8,,,-50.07,3.118,1014,2,3,1019,7,0,0,0,7,12,1,13,0,0.0,182.0,-0.2751,167.0,11.0,1.0,3.0,-8.8,0.0,12.0,-0.7333,20.1,25.0,-1.523,,,0.0,,,0.4286,0.1319,-4.3083,0.0,0.0,frerotte,-1.5062986806710974,-0.8730991316736259,-1.4704513737983882,-0.9725714430031958,-0.6237259038303749,0.17184692822737366,-2.3150062738298236,-1.7870808950801746,-0.5289312448794136,-2.6790537784423876,-1.1000381964338535,-1.060485964406872,-0.5517193262993926,-1.1063570754922425,-0.3622660759926079,-1.107714777948597,-0.913179104314031,-1.7870808950801746,0.2990445835608375,0.0,False,-1.0102752518509475,9.1
2007,00-0025427,J.Beck,MIA,5,,,-46.72,3.233,559,11,2,572,1,0,1,0,2,3,5,8,1,9.536,124.0,-0.3768,106.0,10.0,2.0,6.0,-13.07,2.0,28.0,-0.4668,11.9,7.1,-1.185,,,0.0,,,0.379,0.1532,-5.3977,0.0625,0.0,beck,-2.123782922286334,-0.8192344833123115,-1.390136628898709,-1.3276710808222139,-1.0679999414749155,0.9021963731937122,-0.21528435814668137,-1.5213633275901195,-0.7852005335914296,-1.6355014185017782,-0.4766832184546698,-1.4599952251175776,-1.4094587216991121,-0.8574808746918344,-1.3416272663644113,-1.9364981399470553,-1.1546377793299505,-1.5213633275901195,0.2990445835608375,0.0,False,-1.0930019320634579,6.9
2007,00-0023460,J.Campbell,WAS,13,,,11.75,5.356,2700,184,7,2891,12,0,1,0,13,11,9,20,9,11.929,468.0,0.0251,416.0,20.0,22.0,10.0,-0.4,0.0,18.0,-0.0222,54.4,37.1,-0.724,,,0.0,,,0.4594,0.0876,1.6494,0.5625,0.0,campbell,0.31640308268085954,0.12090461808651147,0.09254340085797609,0.5145572415543027,-0.09059705865692595,-0.8506422947255002,0.31162782140761397,0.6043772123303214,-0.02479493921643101,0.10544934783816604,-1.1000381964338535,0.6106320407610784,0.02809333763002695,-0.5180372990439404,0.24588563093181856,0.6159989749402143,0.40730772159228623,0.6043772123303214,0.2990445835608375,0.0,False,0.039719611668156116,37.8
2007,00-0024226,J.Cutler,DEN,16,,,45.03,6.329,3497,129,86,3712,20,0,1,0,21,14,6,20,7,11.034,526.0,0.0856,465.0,27.0,12.0,22.0,10.0,7.0,151.0,0.0662,66.3,61.8,1.186,,,0.0,,,0.481,0.0894,2.0814,0.4375,0.0,cutler,0.6837363827567868,0.6560137218072712,0.7720759816178698,1.166764853745385,0.6202414015743393,-0.8506422947255002,0.11455870285304066,0.07294207735021119,0.599373820175833,0.45160330137944144,1.0817042264932892,1.190407675207102,1.2116778664776846,0.888334131514579,0.6723816331905075,0.5459609443487955,0.5030578111891992,0.07294207735021119,0.2990445835608375,0.0,False,0.6295368272619721,53.9
2007,00-0005755,J.Garcia,TB,13,,,26.36,7.064,2440,124,1,2565,13,1,0,0,14,4,6,10,9,12.37,367.0,0.0718,323.0,19.0,20.0,5.0,2.81,2.0,49.0,0.0574,49.2,40.0,-0.2,,,0.0,,,0.4496,0.079,2.5183,0.5625,0.0,garcia,0.5999479605907075,0.3558188009398859,1.2853919598897323,0.2555807719144819,-0.0017422511280178006,0.6100565952071768,0.4087311524495879,0.6043772123303214,0.16785714901906587,0.41714453677352265,-0.4766832184546698,0.3572847047006313,0.167056703365177,-0.13220555579123666,0.052382815092228766,0.9506251210992159,0.5998939550431144,0.6043772123303214,0.2990445835608375,0.0,False,0.36022866022135336,46.6
2007,00-0021141,J.Harrington,ATL,12,,,-54.04,4.745,2215,37,0,2252,7,0,0,0,7,8,2,10,4,8.931,389.0,-0.1389,348.0,32.0,8.0,1.0,0.0,0.0,0.0,0.0,44.7,21.9,-1.111,,,0.0,,,0.3882,0.108,-3.8666,0.25,0.0,harrington,-0.6793433836406625,-0.9369327597316612,-0.33417233073944935,0.006931584806310449,-0.6237259038303749,0.6100565952071768,-0.3484986785103875,-0.7242106251199542,-0.0007884484705747029,0.1923794130940067,-1.1000381964338535,0.13804181772524418,-0.7002663724300703,-0.8029931857592006,-1.1599715616986739,-0.17776537176253424,-0.8152790705757057,-0.7242106251199542,0.2990445835608375,0.0,False,-0.45175420781117365,24.4
2007,00-0009311,J.Kitna,DET,16,,,-39.01,5.184,4066,56,14,4136,18,0,0,0,18,21,7,28,7,12.357,631.0,-0.0618,562.0,48.0,14.0,7.0,-19.79,3.0,151.0,-0.1311,75.9,51.4,-0.664,,,0.0,,,0.4532,0.122,1.727,0.4375,0.0,kitna,-0.21122111197365429,-0.6952653970837339,-0.027579521948500316,1.5035931455468698,0.3536769789876148,-2.019201406671642,0.40586869597896286,0.07294207735021119,-1.1885095781218153,-0.32097786416007934,-0.165005729465078,1.6581258340879281,0.7133264859102497,-0.4738580918012644,0.1234654821353434,-0.7225056096957929,0.42450727472358357,0.07294207735021119,0.2990445835608375,0.0,False,-0.1603335793348029,32.3
2007,00-0022912,J.Losman,BUF,8,,,-29.24,4.846,1204,91,21,1316,4,0,0,0,4,6,3,9,7,9.0,206.0,-0.1419,174.0,14.0,10.0,8.0,0.0,0.0,0.0,0.0,29.2,17.4,0.574,,,0.0,,,0.4369,0.1165,1.5693,0.4375,0.0,losman,-0.6975582580245928,-0.5381735718628258,-0.2636350330449486,-0.7366327574724387,-0.8902903264170993,0.7561264842004445,-0.3333056403201465,0.07294207735021119,-0.0007884484705747029,0.1923794130940067,-1.1000381964338535,-0.6171281263010894,-0.9158991813294411,0.43770621763928375,-0.19838103808764823,-0.508500516222013,0.3895540591461919,0.07294207735021119,0.2990445835608375,0.0,False,-0.29119342061463993,28.8
2007,00-0021206,J.McCown,LV,9,,,-24.94,3.68,1151,86,63,1300,10,0,0,0,10,11,4,15,0,0.0,233.0,-0.107,191.0,15.0,13.0,14.0,-2.22,2.0,55.0,-0.0404,26.7,34.5,-1.191,,,0.0,,,0.4249,0.1288,-1.2072,0.0,0.0,mccown,-0.4856585526915371,-0.46903387396621327,-1.0779567074190866,-0.7493432590498533,-0.3571614812436504,-0.12029284975916173,-2.3150062738298236,-1.7870808950801746,-0.13402447211007723,0.03418235740319757,-0.4766832184546698,-0.7389297301763044,-0.09649450751183183,-0.861898795416102,-0.43532326156469775,-0.9870937252633757,-0.2258397458673015,-1.7870808950801746,0.2990445835608375,0.0,False,-0.5816369297831804,20.8
2007,00-0022164,K.Boller,BAL,12,,,-33.77,4.454,1743,82,7,1832,9,0,0,0,9,10,5,15,5,9.483,314.0,-0.1075,271.0,24.0,12.0,7.0,-11.45,2.0,59.0,-0.194,37.0,33.3,-0.853,,,0.0,,,0.4204,0.1274,2.4607,0.3125,0.0,boller,-0.48869436508885883,-0.6110114396469316,-0.5374035547899421,-0.3267190816008206,-0.4460162887725585,-0.12029284975916173,-0.22695437298846036,-0.45849305762989906,-0.6879742460707116,-0.5672797157182946,-0.4766832184546698,-0.23710712221041833,-0.15399658988499754,-0.6130225946156939,-0.5241765953685913,-0.9326197014700505,0.5871272764301927,-0.45849305762989906,0.2990445835608375,0.0,False,-0.4748482283336427,23.8
2007,00-0024264,K.Clemens,NYJ,10,,,-47.28,3.799,1529,85,27,1641,5,0,1,0,6,10,2,12,4,9.926,300.0,-0.1576,247.0,27.0,11.0,15.0,-17.15,2.0,83.0,-0.2066,33.2,23.1,-1.64,,,0.0,,,0.4167,0.1333,-6.3859,0.25,0.0,clemens,-0.7928827673004946,-0.828238723038382,-0.9948484061750709,-0.4784506941812064,-0.7125807113592829,0.31791681722064136,-0.12941066402792858,-0.7242106251199542,-1.0300667391991638,-0.616618401404042,-0.4766832184546698,-0.42224556010074504,-0.6427642900569046,-1.1925065296154607,-0.5972337809406811,-1.1621888017419233,-1.373666109282889,-0.7242106251199542,0.2990445835608375,0.0,False,-0.7202256050646819,17.1
2007,00-0017200,K.Warner,ARI,14,,,4.86,6.504,3409,19,1,3429,27,0,1,0,28,17,11,28,8,14.429,479.0,0.0102,448.0,20.0,3.0,8.0,18.26,12.0,177.0,0.1031,61.1,60.9,0.895,,,0.0,,,0.4781,0.1002,2.8405,0.5,0.0,warner,0.22593587324067246,0.010120311456822918,0.8942940716825988,0.9419478570948658,1.2422250542766962,-2.019201406671642,0.8621002196047465,0.3386596448402663,1.095107854077766,0.5960951666019875,2.6400916714412483,0.9370603391466549,1.1685513046978104,0.6740649763876004,0.6151205958502214,0.12573276080028142,0.6713075635341454,0.3386596448402663,0.2990445835608375,0.0,False,0.5902922881990935,52.8
2007,00-0022864,L.McCown,TB,5,,,-6.9,5.613,1009,118,0,1127,5,0,0,0,5,3,3,6,9,12.37,166.0,-0.0416,140.0,15.0,10.0,1.0,-14.09,3.0,117.0,-0.1204,21.6,14.3,-0.392,,,0.0,,,0.4578,0.1265,3.3941,0.5625,0.0,mccown,-0.08857429112185704,-0.17896872279065712,0.27202939598160725,-0.8867755573556477,-0.8014355188881911,1.1943361511802475,0.4087311524495879,0.6043772123303214,-0.8464170849933632,-0.27907913901424625,-0.165005729465078,-0.987405002081743,-1.0644462274601187,-0.2735790189677999,0.21429333446821217,-0.8976006861743405,0.7940095302027821,0.6043772123303214,0.2990445835608375,0.0,False,-0.2406310819354579,30.2
2007,00-0019599,M.Bulger,LA,12,,,-55.49,4.029,2392,19,0,2411,11,0,0,0,11,15,4,19,0,0.0,418.0,-0.1328,377.0,37.0,2.0,2.0,-27.0,5.0,109.0,-0.2477,47.5,39.3,-0.727,,,0.0,,,0.3995,0.134,-1.3613,0.0,0.0,bulger,-0.6423064723933376,-0.9602473090223794,-0.8342189163757127,0.1332421942318672,-0.26830667371474226,-0.7045724057322326,-2.3150062738298236,-1.7870808950801746,-1.6212265738158755,-0.7775564951885038,0.4583492485141057,0.2744596140654849,0.13351382198083028,-0.5202462594060742,-0.9368509679244518,-1.1894258136385865,-0.2599950440313855,-1.7870808950801746,0.2990445835608375,0.0,False,-0.6514745617960481,18.9
2007,00-0007091,M.Hasselbeck,SEA,16,,,50.88,6.378,3966,85,27,4078,28,0,0,0,28,12,7,19,10,12.281,617.0,0.0825,560.0,33.0,15.0,9.0,18.8,8.0,141.0,0.1334,71.3,70.0,-0.071,,,0.0,,,0.5008,0.0859,2.6099,0.625,0.0,hasselbeck,0.6649143458933923,0.7500758689456862,0.8062970468359942,1.457517577328742,1.2422250542766962,-0.7045724057322326,0.3891343350737703,0.8700947798203765,1.127516616584672,0.7147429583700943,1.3933817154828811,1.4340108829575322,1.604608762694316,-0.03722026021948323,1.0633363019276396,0.6821460038321097,0.6201965203372747,0.8700947798203765,0.2990445835608375,0.0,False,0.7718700664726253,57.8
2007,00-0024225,M.Leinart,ARI,5,,,-7.62,4.172,647,40,3,690,2,0,0,0,2,4,0,4,8,14.429,126.0,-0.0605,112.0,4.0,5.0,5.0,0.0,0.0,0.0,0.0,12.3,4.3,-0.073,,,0.0,,,0.4444,0.0714,-8.6609,0.5,0.0,leinart,-0.2033279997406178,-0.19054560243846205,-0.734349277065677,-1.2339311316887818,-1.0679999414749155,1.4864759291667828,0.8621002196047465,0.3386596448402663,-0.0007884484705747029,0.1923794130940067,-1.1000381964338535,-1.4405069684975431,-1.5436302472364987,-0.03869290046090576,-0.05029214841449226,1.2463412502629847,-1.8779055857481137,0.3386596448402663,0.2990445835608375,0.0,False,-0.224302168646914,30.6
2007,00-0025708,M.Moore,CAR,8,,,-1.67,4.487,730,5,0,735,3,0,0,0,3,5,0,5,7,9.207,119.0,-0.014,111.0,6.0,1.0,1.0,3.96,3.0,97.0,0.0408,15.8,11.1,0.458,,,0.0,,,0.4118,0.0924,-3.5399,0.4375,0.0,moore,0.07900255321030153,-0.09487555534896319,-0.5143567149491644,-1.1981828460023034,-0.9791451339460074,1.3404060401735152,-0.28772652574942376,0.07294207735021119,0.23687580991340276,0.3521427762669031,-0.165005729465078,-1.2699847230722419,-1.2177851137885602,0.35229308363677686,-0.6939851888604766,0.42923089336309705,-0.7428680653180402,0.07294207735021119,0.2990445835608375,0.0,False,-0.16587541982451606,32.2
2007,00-0022787,M.Schaub,HOU,11,,,-20.47,6.279,2241,22,32,2295,9,0,0,0,9,9,10,19,8,13.069,316.0,-0.0648,285.0,16.0,7.0,8.0,0.0,0.0,0.0,0.0,42.1,23.1,-0.17,,,0.0,,,0.4873,0.1108,5.7863,0.5,0.0,schaub,-0.22943598635758453,-0.3971607461527578,0.7371565273136617,0.041091057795611965,-0.4460162887725585,-0.7045724057322326,0.5626432349855065,0.3386596448402663,-0.0007884484705747029,0.1923794130940067,-1.1000381964338535,0.011368149695020464,-0.6427642900569046,-0.11011595216989864,0.7967763005159589,-0.28671341934918587,1.3242256513456883,0.3386596448402663,0.2990445835608375,0.0,False,-0.07875471960013875,34.6
2007,00-0010346,P.Manning,IND,16,,,138.16,7.287,4040,8,4,4052,31,0,3,0,34,14,5,19,13,18.75,542.0,0.2549,515.0,21.0,2.0,4.0,47.96,8.0,112.0,0.4283,68.8,65.4,2.85,,,0.0,,,0.5406,0.0738,4.1016,0.8125,1.0,manning,1.711662460489919,2.1534509462518137,1.4411327260865012,1.4368630122654436,1.7753538994501452,-0.7045724057322326,1.8135367126486701,1.6672474822905419,2.877589791957597,1.8695031495388965,1.3933817154828811,1.312209279082317,1.3841841135971817,2.113570812378127,1.8491946764598521,1.1529572094744263,0.9508224662903192,1.6672474822905419,-3.090127363461987,0.0,False,1.4789990276604517,77.1
2007,00-0022942,P.Rivers,LAC,16,,,11.92,5.672,3152,35,1,3188,21,0,1,0,22,15,6,21,0,0.0,508.0,0.0235,460.0,22.0,7.0,19.0,15.94,6.0,119.0,0.1339,61.5,48.9,-0.593,,,0.0,,,0.4469,0.1004,2.1663,0.0,0.0,rivers,0.30668848300943,0.12363804800335429,0.31323435206057254,0.7504959270850596,0.7090962091032473,-0.9967121837187679,-2.3150062738298236,-1.7870808950801746,0.9558702077517992,0.7167008427227033,0.7700267375036975,0.9565485957666893,0.5935304809661548,-0.42157936323076445,-0.0009291851901069405,0.11795075740123463,0.5218753635197038,-1.7870808950801746,0.2990445835608375,0.0,False,0.16454276578495117,41.2
2007,00-0020613,Q.Gray,JAX,7,,,31.88,5.799,986,45,20,1051,10,0,0,0,10,5,1,6,11,14.679,164.0,0.1944,144.0,10.0,6.0,4.0,29.21,6.0,55.0,0.5311,18.3,21.3,0.442,,,0.0,,,0.4634,0.0976,-3.2145,0.6875,0.0,gray,1.3443291604139915,0.44457487823972347,0.40192976599326213,-0.9471504398483667,-0.3571614812436504,1.1943361511802475,0.9171474594244597,1.1358123473104316,1.7522855382455824,2.272044172435312,0.7700267375036975,-1.1481831191970269,-0.729017413616653,0.3405119617053966,0.3248663720908351,0.22689880498788625,-0.6707451969040692,1.1358123473104316,0.2990445835608375,0.0,False,0.4709309453879385,49.6
2007,00-0022121,R.Grossman,CHI,8,,,-54.41,3.976,1411,25,5,1441,4,0,0,0,4,7,4,11,7,10.438,254.0,-0.2142,221.0,25.0,4.0,4.0,-3.11,0.0,6.0,-0.5178,28.9,14.3,-0.88,,,0.0,,,0.3937,0.1417,-4.7625,0.4375,0.0,grossman,-1.1365367306773126,-0.9428819895506722,-0.8712335379381734,-0.6373319638988878,-0.8902903264170993,0.4639867062139091,-0.01667391687715574,0.07294207735021119,-0.1874389140196075,-1.8352056224678988,-1.1000381964338535,-0.6317443187661151,-1.0644462274601187,-0.632903237874898,-1.051373042605026,-1.4890329445018782,-1.0138496846263412,0.07294207735021119,0.2990445835608375,0.0,False,-0.7876582456458002,15.2
2007,00-0011024,S.McNair,BAL,6,,,-47.83,4.13,1113,28,6,1147,2,0,0,0,2,4,8,12,5,9.483,223.0,-0.2145,204.0,11.0,4.0,4.0,0.0,0.0,0.0,0.0,23.2,7.4,-0.988,,,0.0,,,0.4619,0.1031,3.403,0.3125,0.0,mcnair,-1.1383582181157057,-0.837082172769344,-0.7636816186812119,-0.8708874303838796,-1.0679999414749155,0.31791681722064136,-0.22695437298846036,-0.45849305762989906,-0.0007884484705747029,0.1923794130940067,-1.1000381964338535,-0.9094519756016055,-1.3950832011058207,-0.7124258109117149,0.29524859415620386,0.012893711514106395,0.7959821593634593,-0.45849305762989906,0.2990445835608375,0.0,False,-0.5457381702750747,21.8
2007,00-0020480,S.Rosenfels,HOU,9,,,35.1,5.675,1684,48,13,1745,15,1,0,0,16,12,3,15,8,13.069,257.0,0.1366,240.0,6.0,5.0,6.0,10.8,8.0,123.0,0.0878,32.0,41.0,0.841,,,0.0,,,0.5409,0.0817,1.0015,0.5,0.0,rosenfels,0.9933892472836016,0.49634925666462876,0.31532951931882514,-0.39583243392801204,0.1759673639297985,-0.12029284975916173,0.5626432349855065,0.3386596448402663,0.6473868016675457,0.5361839054121513,1.3933817154828811,-0.48071032996084845,0.21497510534281497,0.6343036898691921,1.85511823204678,0.8455680752120877,0.2637047515695085,0.3386596448402663,0.2990445835608375,0.0,False,0.5166833119129779,50.8
2007,00-0019596,T.Brady,NE,16,,,264.03,8.878,4806,93,19,4918,50,1,1,0,52,8,5,13,16,21.815,623.0,0.4238,578.0,21.0,15.0,9.0,39.5,9.0,161.0,0.2453,74.3,75.4,5.037,,,0.0,,,0.5843,0.0546,7.8124,1.0,1.5,brady,2.737159888305194,4.177314614681261,2.5522697620464103,2.1248189101430044,3.374740434970492,0.17184692822737366,2.4884158728383547,2.464400184760707,2.3698525126827357,1.1529174764839938,1.705059204472473,1.58017280760779,1.8633681333735612,3.7239029163736674,2.712059273622108,1.9000295357828954,1.773298004429729,2.464400184760707,-4.7847133369734,0.96,True,2.317005062670529,100.0
2007,00-0003315,T.Collins,WAS,4,,,24.01,8.254,888,4,2,894,5,0,0,0,5,0,2,2,9,11.929,117.0,0.2052,107.0,7.0,1.0,2.0,24.01,5.0,117.0,0.2052,16.8,14.3,0.044,,,0.0,,,0.453,0.0769,4.1052,0.5625,0.0,collins,1.4099027081961406,0.31803315208941163,2.11647497232989,-1.0718722365767466,-0.8014355188881911,1.7786157071533184,0.31162782140761397,0.6043772123303214,1.4402011585494505,0.99589515140475,0.4583492485141057,-1.221264081522156,-1.0644462274601187,0.04745655366231244,0.11951644507739302,1.0323361567892049,0.9516203837036267,0.6043772123303214,0.2990445835608375,0.0,False,0.46542864871217154,49.4
2007,00-0004293,T.Dilfer,SF,7,,,-97.81,2.403,1166,26,0,1192,7,0,0,0,7,12,2,14,5,7.3,251.0,-0.3897,216.0,27.0,4.0,4.0,-20.02,0.0,22.0,-0.9101,29.5,25.9,-1.928,,,0.0,,,0.3705,0.1633,-6.6875,0.3125,0.0,dilfer,-2.202106882137234,-1.6407105683211343,-1.969799570348567,-0.8351391446974012,-0.6237259038303749,0.025777039234105972,-0.7076268710941966,-0.45849305762989906,-1.202313310300683,-3.371361685524939,-1.1000381964338535,-0.6025119338360635,-0.5085927645195184,-1.4045667243803055,-1.5094613413273215,-2.3294893115989064,-1.4405138570199931,-0.45849305762989906,0.2990445835608375,0.0,False,-1.3446827521589695,0.0
2007,00-0025479,T.Edwards,BUF,10,,,-45.86,4.677,1630,49,3,1682,7,0,0,0,7,8,2,10,7,9.0,290.0,-0.1581,267.0,12.0,7.0,4.0,-28.49,6.0,120.0,-0.2374,37.3,30.4,-1.129,,,0.0,,,0.3966,0.0759,-3.6452,0.4375,0.0,edwards,-0.7959185796978163,-0.805406543732989,-0.38166278859317304,-0.4458800338890817,-0.6237259038303749,0.6100565952071768,-0.3333056403201465,0.07294207735021119,-1.71065075184419,-0.7372240775247578,0.7700267375036975,-0.22249092974539264,-0.2929599556201476,-0.8162469479320035,-0.9941120052647389,1.0712461737844376,-0.7662071496572878,0.07294207735021119,0.2990445835608375,0.0,False,-0.4040946742842561,25.7
2007,00-0006355,T.Green,MIA,5,,,-5.37,4.959,987,23,9,1019,5,0,0,0,5,7,1,8,1,9.536,151.0,-0.0356,138.0,7.0,1.0,5.0,0.0,0.0,0.0,0.0,21.3,17.9,-0.555,,,0.0,,,0.4437,0.0993,0.4983,0.0625,0.0,green,-0.05214454235399649,-0.15436785353907173,-0.18471706631743812,-0.9725714430031958,-0.8014355188881911,0.9021963731937122,-0.21528435814668137,-1.5213633275901195,-0.0007884484705747029,0.1923794130940067,-1.1000381964338535,-1.0020211945467687,-0.8919399803406222,-0.3935991986437364,-0.0641137781173208,0.1607517760959908,0.15217362868717824,-1.5213633275901195,0.2990445835608375,0.0,False,-0.3048005339306744,28.4
2007,00-0024279,T.Jackson,MIN,12,,,-6.99,4.84,1911,200,71,2182,9,2,1,0,12,12,6,18,8,13.036,350.0,-0.02,287.0,19.0,31.0,13.0,-8.64,6.0,153.0,-0.0565,40.7,35.3,-0.781,,,0.0,,,0.4743,0.1086,0.5131,0.5,0.0,jackson,0.04257280444244097,-0.18041583274663275,-0.26782536756145375,-0.04867685959487806,-0.17945186618583409,-0.5585025167389648,0.5553769993293041,0.3386596448402663,-0.5193286485810711,-0.02886151875081301,0.7700267375036975,-0.0568407484750999,-0.0581597859297216,-0.5600075459244827,0.5400888917491553,-0.201111381959674,0.15545395583077617,0.3386596448402663,0.2990445835608375,0.0,False,-0.09914756262082017,34.0
2007,00-0021678,T.Romo,DAL,16,,,129.46,7.127,4190,130,4,4324,36,2,0,0,38,19,5,24,13,18.2,566.0,0.2287,519.0,25.0,17.0,5.0,0.7,3.0,151.0,0.0047,73.2,71.7,2.76,,,0.0,,,0.5283,0.0866,4.8948,0.8125,1.0,romo,1.5525858908702612,2.0135636505075043,1.3293904723130345,1.6529415390814903,2.1307731295657777,-1.434921850698571,1.692432785045301,1.6672474822905419,0.04122291033467384,0.21078352600853154,-0.165005729465078,1.5265801019026959,1.6860700460563007,2.047302001514113,1.6063288973958771,0.654908991935447,1.1266302696890955,1.6672474822905419,-3.090127363461987,0.0,False,1.1127278768112532,67.1
2007,00-0016193,V.Testaverde,CAR,6,,,-34.65,3.956,936,4,22,962,5,0,0,0,5,6,2,8,7,9.207,187.0,-0.1853,173.0,9.0,1.0,4.0,-19.43,0.0,30.0,-0.6476,20.7,18.5,-0.696,,,0.0,,,0.3743,0.0963,-8.9653,0.4375,0.0,testaverde,-0.9610667741121175,-0.6251609592164709,-0.8852013196598567,-1.017852604872735,-0.8014355188881911,0.9021963731937122,-0.28772652574942376,0.07294207735021119,-1.1669037364505448,-2.343472400405201,-1.1000381964338535,-1.0312535794768205,-0.8631889391540393,-0.49742033566402494,-1.4344296372262553,0.2774818270816892,-1.9453739359177904,0.07294207735021119,0.2990445835608375,0.0,False,-0.7074849932605733,17.4
2007,00-0024218,V.Young,TEN,15,,,-12.08,4.443,2546,304,107,2957,9,1,2,0,12,17,4,21,10,9.71,481.0,-0.0251,381.0,25.0,50.0,25.0,2.25,2.0,107.0,0.021,60.4,42.9,-0.389,,,0.0,,,0.4595,0.0977,1.9638,0.625,0.0,young,0.011607517989759489,-0.2622579402568091,-0.545085834736868,0.5669880605611376,-0.17945186618583409,-0.9967121837187679,-0.17697147923216067,0.8700947798203765,0.13424806197486705,0.2746105559035857,-0.4766832184546698,0.9029558900615945,0.30602006910032703,-0.2713700586056661,0.24786014946079485,0.22300780328836342,0.47699250902115076,0.8700947798203765,0.2990445835608375,0.0,False,-0.020993164980032192,36.1
2008,00-0023459,A.Rodgers,GB,16,,,98.11,6.67,4038,147,65,4250,28,1,3,0,32,13,3,16,6,14.964,614.0,0.1598,533.0,34.0,22.0,25.0,31.09,8.0,148.0,0.2101,74.4,80.0,2.55,,,0.0,,,0.4772,0.0831,4.6072,0.375,0.5,rodgers,1.0893767425720686,1.4069927862802671,0.8709185966721688,1.2135239087322118,1.8176017335690229,-0.1935969861340588,0.8415898611467652,-0.26641147189442854,1.0884717920741345,0.8774528566511178,1.253683544515458,1.1573319657040302,2.0892201041389704,1.3953967482519773,0.5928445653523394,0.49631002015001646,1.226795163343208,-0.26641147189442854,-0.9940898014304963,0.0,False,0.9909582284187972,81.5
2008,00-0005106,B.Favre,NYJ,16,,,8.99,4.899,3472,19,31,3522,22,0,1,0,23,22,4,26,9,15.0,567.0,0.0159,523.0,30.0,7.0,7.0,-17.21,3.0,141.0,-0.122,63.9,47.9,-0.25,,,0.0,,,0.485,0.0988,3.5823,0.5625,0.0,favre,0.13612362150227927,-0.10427744760920125,-0.5355014331953445,0.6112515549662443,0.7825785241755515,-2.0395217376448516,0.850394887019534,0.49564925003614607,-0.9371843397221332,-0.6557503312150722,-0.3937852159054965,0.616774939301095,0.28287233179808274,-0.4819872767263649,0.7593575567449944,0.04108807661829014,0.969387350789606,0.49564925003614607,0.46154169352130187,0.0,False,-0.0633281706079708,44.7
2008,00-0006423,B.Griese,TB,5,,,-26.38,4.109,1073,3,0,1076,5,0,0,0,5,7,2,9,9,12.893,193.0,-0.1367,183.0,9.0,1.0,0.0,-4.93,1.0,41.0,-0.1201,19.7,14.7,-0.796,,,0.0,,,0.4301,0.0933,-1.5056,0.5625,0.0,griese,-0.8747618981311458,-0.7040713005341395,-1.1628711811317283,-1.4123173699122678,-1.2874678946113913,1.0985503399234964,0.33505628941052906,0.49564925003614607,-0.42217280145177777,-0.6469786177042448,-1.0527727200738781,-1.65871273374745,-1.5853752084423367,-0.8480771615971416,-0.4126377288263893,0.20056073199564659,-0.30845947279461816,0.49564925003614607,0.46154169352130187,0.0,False,-0.6493209098059785,24.2
2008,00-0022924,B.Roethlisberger,PIT,16,,,-19.84,5.23,3314,99,10,3423,17,1,1,0,19,15,9,24,12,12.393,538.0,-0.0369,467.0,47.0,16.0,8.0,-24.95,4.0,146.0,-0.1709,65.7,51.4,0.124,,,0.0,,,0.4535,0.132,-0.0765,0.75,0.0,roethlisberger,-0.21364541805633705,-0.5931679418084088,-0.27264145019921376,0.5293491332315866,0.3225682088895642,-1.670336787342693,0.21276426339984916,1.2577099719667206,-1.261792589413709,-0.8815065368358391,-0.06429146382130559,0.7094418581130268,0.479826138751139,-0.23122241053282916,0.08690124535157817,-0.9215468612959336,0.05046481730232058,1.2577099719667206,0.46154169352130187,0.0,False,-0.21354615355127765,39.4
2008,00-0021429,C.Palmer,CIN,4,,,-14.09,3.921,736,36,2,774,3,0,0,0,3,4,0,4,4,6.581,145.0,-0.0971,129.0,11.0,4.0,1.0,0.0,0.0,0.0,0.0,20.0,15.8,0.311,,,0.0,,,0.4207,0.1034,-2.9501,0.25,0.0,palmer,-0.6124351184621837,-0.4956611661703428,-1.312169298362159,-1.6621611210624356,-1.517473052254385,2.0215127156788926,-1.208758246948294,-0.7744519531814782,-0.21541328323737616,-0.0925139899935269,-1.382266472158069,-1.6432682472787945,-1.5234754405428046,-0.10583997743606131,-0.6133072312739478,-0.09228905333368079,-0.6712515356628764,-0.7744519531814782,0.46154169352130187,0.0,False,-0.6079011937317127,25.6
2008,00-0019559,C.Pennington,MIA,16,,,93.91,7.231,3653,70,3,3726,19,1,0,0,20,7,2,9,11,14.375,513.0,0.1831,475.0,23.0,11.0,4.0,27.86,8.0,118.0,0.2361,66.7,50.0,2.671,,,0.0,,,0.5107,0.0643,5.0504,0.6875,0.0,pennington,1.2437255801045641,1.3357704458142015,1.316430531599145,0.7800201815709934,0.43757078771106106,1.0985503399234964,0.6975298545061841,1.0036897313231958,0.9530086594509057,0.9974868310098078,1.253683544515458,0.7609234796752111,0.4010446159699166,1.476526557902827,1.3079965155643865,1.0414165512580706,1.3381066498528735,1.0036897313231958,0.46154169352130187,0.0,False,1.0410650082571133,83.3
2008,00-0023645,D.Anderson,CLE,10,,,-33.03,4.483,1615,47,14,1676,9,0,0,0,9,8,3,11,4,8.593,320.0,-0.1032,285.0,15.0,8.0,12.0,0.0,0.0,0.0,0.0,40.9,39.1,-1.267,,,0.0,,,0.4,0.0813,-10.1054,0.25,0.0,anderson,-0.6528440415930086,-0.8168400062720769,-0.8658632245137443,-0.9159390563688878,-0.827457579325404,0.7293653896213377,-0.7166551342813182,-0.7744519531814782,-0.21541328323737616,-0.0925139899935269,-1.382266472158069,-0.5673023566291433,-0.21232581139817286,-1.1638799743702841,-1.0552070930467645,0.5485010710007875,-2.4683342960929555,-0.7744519531814782,0.46154169352130187,0.0,False,-0.5726561250864471,26.9
2008,00-0020531,D.Brees,NO,16,,,146.49,7.608,5069,24,-16,5077,34,0,0,0,34,17,4,21,8,17.808,655.0,0.2236,630.0,13.0,5.0,7.0,54.63,10.0,166.0,0.3291,76.4,59.6,2.539,,,0.0,,,0.5191,0.0534,2.7816,0.5,0.0,brees,1.51201433203873,2.2274063176488994,1.6158209049814445,1.8976986842328372,2.0476068912120167,-1.1165593618894551,1.5371869050955123,0.2416290093926212,2.0757170372601417,1.4268391239081988,1.9126710486838396,1.2602952088283987,0.9412607721840138,1.3880213110109911,1.4873181986026303,1.3574623591877402,0.7682882820885922,0.2416290093926212,0.46154169352130187,0.0,False,1.4243851140107118,96.7
2008,00-0003739,D.Culpepper,DET,5,,,-56.62,3.945,786,8,17,811,4,0,1,0,5,6,4,10,0,9.241,139.0,-0.4073,113.0,14.0,2.0,10.0,-1.01,1.0,29.0,-0.0347,17.8,15.2,-1.235,,,0.0,,,0.3237,0.1799,-3.8103,0.0,0.0,culpepper,-2.667328225869054,-1.2168721518898118,-1.2931099642476358,-1.6315511250605939,-1.2874678946113913,0.913957864772417,-0.5581646685714772,-1.7905329157555776,-0.25777172408860244,-0.25271317884916317,-1.0527727200738781,-1.7565278147155998,-1.5572389503061859,-1.1424241569419604,-2.6840457139774863,-2.3104087144914547,-0.8872942718894433,-1.7905329157555776,0.46154169352130187,0.0,False,-1.2713923115846653,2.4
2008,00-0021231,D.Garrard,JAX,16,,,35.49,5.29,3620,246,84,3950,15,0,2,0,17,13,7,20,5,10.786,640.0,0.0554,534.0,42.0,36.0,28.0,0.21,6.0,159.0,0.0013,76.6,50.0,0.484,,,0.0,,,0.4922,0.1,3.3828,0.3125,0.0,garrard,0.39778795980844106,0.34510160533145084,-0.22499311491290644,0.965334751960522,0.09256305124657059,-0.9319668867383759,-0.18028230819847632,-0.5204317125379534,-0.2066060826643489,-0.08651229127559242,0.5946960403470761,1.270591533140835,0.4010446159699166,0.010155535535814835,0.913061856492062,0.006294042717775851,0.9192821126156927,-0.5204317125379534,0.46154169352130187,0.0,False,0.16631356049813945,52.7
2008,00-0011022,D.McNabb,PHI,16,,,51.81,6.315,3914,148,8,4070,23,1,1,0,25,11,7,18,9,12.235,623.0,0.0832,566.0,24.0,24.0,9.0,32.11,6.0,143.0,0.2246,72.5,62.5,0.533,,,0.0,,,0.4671,0.069,-0.39,0.5625,0.0,mcnabb,0.5819466586669549,0.6218512711424486,0.5889992795615158,1.064610414669198,1.0125836818185452,-0.5627819364362173,0.174119983180474,0.49564925003614607,1.131249623428838,0.9443948808126948,0.5946960403470761,1.0595168847358798,1.1044510693736889,0.043009755972935854,0.37723158931825973,0.9051399184810568,-0.028271985542400086,0.49564925003614607,0.46154169352130187,0.0,False,0.6186438971278193,68.5
2008,00-0023578,D.Orlovsky,DET,10,,,-25.26,4.893,1616,17,13,1646,8,0,0,0,8,8,3,11,0,9.241,276.0,-0.0915,256.0,14.0,2.0,4.0,0.77,3.0,102.0,0.0075,36.1,24.2,-0.905,,,0.0,,,0.3804,0.0906,-1.3479,0.0,0.0,orlovsky,-0.5753384021453607,-0.6850786764098554,-0.5402662667239754,-0.9407579720460568,-0.9424601581469008,0.7293653896213377,-0.5581646685714772,-1.7905329157555776,-0.1831202144696096,-0.05788880508236634,-0.3937852159054965,-0.8144141401276277,-1.0507863038554697,-0.92116103971237,-1.4736243534693352,0.27884730827180315,-0.26885247500000115,-1.7905329157555776,0.46154169352130187,0.0,False,-0.5805082253788727,26.6
2008,00-0022803,E.Manning,NYG,16,,,47.04,5.984,3238,21,5,3264,21,0,1,0,22,10,2,12,12,16.423,514.0,0.0915,480.0,27.0,3.0,4.0,-12.02,2.0,121.0,-0.0993,55.7,50.0,2.324,,,0.0,,,0.4767,0.0759,0.4716,0.75,0.0,manning,0.636929291779389,0.5409630416131312,0.32613929656538504,0.3978088801425909,0.6675759453540547,0.5447729144702584,1.1984379930459286,1.2577099719667206,-0.7195206684173169,-0.5509514382172929,-0.7232789679896873,0.1946256424911841,0.4010446159699166,1.2438650376644398,0.582170655647682,0.705074223553101,0.1881223663906504,1.2577099719667206,0.46154169352130187,0.0,False,0.46315457793275533,63.1
2008,00-0005589,G.Frerotte,MIN,11,,,-39.21,4.736,2157,14,5,2176,12,0,1,0,13,15,3,18,10,12.633,338.0,-0.116,300.0,29.0,4.0,5.0,-7.15,0.0,11.0,-0.6498,40.2,33.3,-0.893,,,0.0,,,0.4112,0.1391,-3.8102,0.625,0.5,frerotte,-0.7376365360314611,-0.921638592957859,-0.6649460773898137,-0.5022904617494046,-0.3674472640394167,-0.5627819364362173,0.2714644358849751,0.7496694906796709,-0.5152774932237801,-3.0924400106964787,-1.382266472158069,-0.6033394917226721,-0.5387064057775235,-0.9131151081767486,-0.8161115156624388,-1.1274115618739753,-0.8872691564818374,0.7496694906796709,-0.9940898014304963,0.0,False,-0.8109265833329384,18.5
2008,00-0023460,J.Campbell,WAS,16,,,-0.98,5.468,3245,217,56,3518,13,0,1,0,14,6,5,11,8,10.192,574.0,-0.0017,505.0,38.0,24.0,7.0,-2.26,4.0,144.0,-0.0157,67.9,50.0,1.198,,,0.0,,,0.446,0.0871,-1.7461,0.5,0.0,campbell,0.019533941649407176,-0.27334571771555227,-0.08363638689686054,0.6079423662092884,-0.25244468521791985,0.7293653896213377,-0.3255652350991639,0.2416290093926212,-0.31019553702328845,-0.1649960437408897,-0.06429146382130559,0.8227014255498324,0.4010446159699166,0.4888884619052921,-0.07320740021828312,0.3803299071483027,-0.36886202808697965,0.2416290093926212,0.46154169352130187,0.0,False,0.11394171035034592,50.9
2008,00-0024226,J.Cutler,DEN,16,,,107.7,6.644,4525,147,68,4740,25,0,2,0,27,18,6,24,8,14.231,667.0,0.1615,613.0,11.0,23.0,20.0,10.18,6.0,188.0,0.0542,75.5,64.3,2.828,,,0.0,,,0.4993,0.057,1.5544,0.5,0.0,cutler,1.1006382457396757,1.5696171303444504,0.850270984714769,1.6188995314593055,1.2425888394615388,-1.670336787342693,0.6623097510151083,0.2416290093926212,0.21152624930270672,0.1577106796311268,0.5946960403470761,1.2139617494224326,1.205741598663832,1.5817941621605414,1.064631374298197,1.253080257486198,0.4600719999481098,0.2416290093926212,0.46154169352130187,0.0,False,0.9083987094260507,78.7
2008,00-0004161,J.Delhomme,CAR,16,,,24.89,6.73,3284,24,10,3318,15,1,1,0,17,12,6,18,12,13.355,440.0,0.0566,413.0,20.0,3.0,4.0,29.1,3.0,87.0,0.3345,58.1,37.0,1.434,,,0.0,,,0.4477,0.0864,-1.1453,0.75,0.0,delhomme,0.4057372561620459,0.16534998415519,0.9185669319584768,0.4424829283614951,0.09256305124657059,-0.5627819364362173,0.4480541214443972,1.2577099719667206,1.0050130818821144,1.4517692570442344,-0.3937852159054965,0.3181815342404263,-0.3304980955700067,0.6471251154391809,-0.03691610722244837,0.4006264269236024,-0.21796865919030284,1.2577099719667206,0.46154169352130187,0.0,False,0.40526819428711297,61.1
2008,00-0026158,J.Flacco,BAL,16,,,-9.51,5.28,2971,142,64,3177,14,1,1,0,16,12,6,18,11,12.833,494.0,-0.0193,428.0,33.0,13.0,20.0,-9.8,2.0,111.0,-0.0883,59.5,41.0,-0.379,,,0.0,,,0.413,0.1053,-1.0445,0.6875,0.0,flacco,-0.09705573820346493,-0.41799489966210934,-0.23293450412729086,0.32583402467880085,-0.02243952757492623,-0.5627819364362173,0.32038124628924736,1.0036897313231958,-0.6264159766453146,-0.500167833680924,-0.7232789679896873,0.3902558044274842,-0.10540803048079955,-0.5684810407342956,-0.7776854407256728,-0.14737960700949473,-0.19265232832348356,1.0036897313231958,0.46154169352130187,0.0,False,-0.2191962812507265,39.2
2008,00-0005755,J.Garcia,TB,12,,,39.43,6.464,2712,149,7,2868,12,0,1,0,13,6,7,13,9,12.893,428.0,0.0921,375.0,24.0,26.0,3.0,12.41,5.0,124.0,0.1001,52.4,38.2,0.734,,,0.0,,,0.4883,0.0864,3.7141,0.5625,0.0,garcia,0.6409039399561914,0.4119149437686648,0.7073259788558464,0.07019919320396022,-0.3674472640394167,0.3601804393191791,0.33505628941052906,0.49564925003614607,0.30505033157818656,0.36961681128742946,0.2652022882628853,0.024736291335975796,-0.2629710760432444,0.1777791091945954,0.8298053607957339,0.4006264269236024,1.0024894580142765,0.49564925003614607,0.46154169352130187,0.0,False,0.30771825759876187,57.7
2008,00-0009311,J.Kitna,DET,4,,,-39.21,4.06,758,31,-5,784,5,0,0,0,5,5,1,6,0,9.241,140.0,-0.2801,119.0,15.0,4.0,2.0,0.0,0.0,0.0,0.0,17.2,15.2,-0.736,,,0.0,,,0.4071,0.1571,-7.9471,0.0,0.0,kitna,-1.8247028123869333,-0.921638592957859,-1.201783988282213,-1.653888149170046,-1.2874678946113913,1.652327765376734,-0.5581646685714772,-1.7905329157555776,-0.21541328323737616,-0.0925139899935269,-1.382266472158069,-1.7874167876529108,-1.5572389503061859,-0.8078475039190343,-0.9036375752406294,-1.6493220703816864,-1.9262684537332724,-1.7905329157555776,0.46154169352130187,0.0,False,-0.9687171399107495,13.0
2008,00-0022912,J.Losman,BUF,4,,,-41.64,2.414,584,70,2,656,2,1,1,0,4,5,5,10,7,11.586,124.0,-0.3358,101.0,15.0,6.0,2.0,-25.43,2.0,76.0,-0.3347,13.1,12.5,-1.49,,,0.0,,,0.4113,0.2016,-1.9747,0.4375,0.0,losman,-2.1936826514667613,-0.9628458042275113,-2.5089366529699184,-1.7597821893926335,-1.402470473432888,0.913957864772417,0.015384933418611699,-0.012391231250903663,-1.2819233335806284,-1.637720575295586,-0.7232789679896873,-1.998491436057866,-1.7091747442414007,-1.3134002020739164,-0.8139767337215076,-2.9396008275257515,-0.42627584987423045,-0.012391231250903663,0.46154169352130187,0.0,False,-1.340851305088739,0.0
2008,00-0021296,J.O'Sullivan,SF,9,,,-56.76,4.548,1678,152,0,1830,8,0,0,0,8,11,7,18,7,12.107,275.0,-0.2064,220.0,32.0,21.0,2.0,0.0,0.0,0.0,0.0,36.0,22.9,-1.322,,,0.0,,,0.4182,0.1818,-0.531,0.4375,0.0,osullivan,-1.3364835280030314,-1.2192462299053475,-0.814244194620244,-0.788535289226087,-0.9424601581469008,-0.5627819364362173,0.14281322452173992,-0.012391231250903663,-0.21541328323737616,-0.0925139899935269,-1.382266472158069,-0.8195623022838462,-1.123940575009462,-1.200757160575216,-0.6666767797972349,-2.365499268167268,-0.0636847102668199,-0.012391231250903663,0.46154169352130187,0.0,False,-0.9027469634982209,15.3
2008,00-0025388,J.Russell,LV,15,,,-52.46,5.348,2423,82,47,2552,13,0,1,0,14,8,7,15,0,0.0,413.0,-0.127,367.0,30.0,8.0,8.0,-5.22,6.0,96.0,-0.0543,56.4,60.9,-1.455,,,0.0,,,0.3898,0.1114,-5.0862,0.0,0.0,russell,-0.8105050859395061,-1.146328119428185,-0.17893305746947588,-0.19122671859555318,-0.25244468521791985,-0.009004510982979486,-2.818365893300863,-1.7905329157555776,-0.4343351260526249,-0.3432003287503294,0.5946960403470761,0.23066277758471287,1.014415043338006,-1.2899329017616872,-1.2729548510217765,-0.32424927933710795,-1.2077417575340337,-1.7905329157555776,0.46154169352130187,0.0,False,-0.5239701185922703,28.6
2008,00-0003292,K.Collins,TEN,16,,,16.58,5.991,2681,48,13,2742,12,0,0,0,12,7,4,11,13,12.931,435.0,0.0381,417.0,8.0,5.0,5.0,-17.64,3.0,89.0,-0.1982,54.4,32.4,0.724,,,0.0,,,0.4368,0.0437,-2.3987,0.8125,0.0,collins,0.28318560404397025,0.024431496233045864,0.33169826901545396,-0.03404025264014956,-0.4824498428609135,0.7293653896213377,0.34435048338734037,1.5117302126102454,-0.9552181313716652,-1.0075422099124636,-0.3937852159054965,0.12769953446034435,-0.5893516704225951,0.17107416624824417,-0.2696073387839792,1.638714133216896,-0.5327651781235496,1.5117302126102454,0.46154169352130187,0.0,False,0.09163566996448994,50.1
2008,00-0023541,K.Orton,CHI,15,,,-44.29,5.364,2979,48,12,3039,18,1,2,0,21,12,8,20,9,11.719,508.0,-0.0872,465.0,27.0,8.0,8.0,-18.21,7.0,150.0,-0.1214,62.5,55.3,-0.633,,,0.0,,,0.4429,0.0925,-2.4026,0.5625,0.0,orton,-0.546853423544943,-1.0077837095215765,-0.1662268347264605,0.21166701256382348,0.5525733665325578,-0.9319668867383759,0.04791461233745234,0.49564925003614607,-0.979123390069882,-0.6529803164221792,0.924189792431267,0.544700669114037,0.6992889522131159,-0.7387865915716167,-0.1393856403871589,0.22375675459598918,-0.5337446790201826,0.49564925003614607,0.46154169352130187,0.0,False,-0.17627696666217382,40.7
2008,00-0017200,K.Warner,ARI,16,,,79.72,6.992,4582,11,0,4593,30,0,0,0,30,14,11,25,9,16.423,630.0,0.1265,599.0,26.0,1.0,4.0,-8.28,6.0,133.0,-0.0622,75.9,65.2,2.484,,,0.0,,,0.5063,0.081,5.6297,0.5625,1.0,warner,0.8687837687595323,1.0951406812395656,1.1266313293753532,1.4972868446411773,1.5875965759260293,-1.8549292624937723,1.1984379930459286,0.49564925003614607,-0.5626686201167362,-0.3796721901900852,0.5946960403470761,1.2345543980473066,1.256386863308904,1.3511441248060594,1.2140661101633998,0.5571995794759159,1.4836002061142666,0.49564925003614607,-2.4497212963822945,0.0,False,0.678459131343402,70.6
2008,00-0019599,M.Bulger,LA,15,,,-93.4,4.373,2727,45,5,2777,11,0,0,0,11,13,6,19,0,0.0,488.0,-0.1914,442.0,38.0,6.0,2.0,-13.64,4.0,146.0,-0.0934,57.0,42.3,-1.644,,,0.0,,,0.3668,0.1168,-5.7057,0.0,0.0,bulger,-1.2371173235829698,-1.8405763619712152,-0.9532185058719744,-0.005084851016785733,-0.5974524216824103,-0.7473744115872967,-2.818365893300863,-1.7905329157555776,-0.78746192998067,-0.5237129594205131,-0.06429146382130559,0.2615517505220235,-0.03225375932680738,-1.4166563234477254,-1.7639546974360167,-0.4808224318894215,-1.3633317076530274,-1.7905329157555776,0.46154169352130187,0.0,False,-0.9028601289474111,15.3
2008,00-0023662,M.Cassel,NE,16,,,95.16,6.059,3693,252,39,3984,21,1,1,0,23,11,6,17,11,15.185,616.0,0.1545,517.0,44.0,38.0,17.0,57.19,8.0,139.0,0.4114,68.2,54.8,2.853,,,0.0,,,0.4886,0.1006,1.3744,0.6875,0.0,cassel,1.054267350343647,1.3569675709529114,0.3856997156732697,0.9934628563946468,0.7825785241755515,-0.3781894612851381,0.8956429366434857,1.0036897313231958,2.183081006150378,1.8067928196666674,1.253683544515458,0.8381459120184875,0.671152694076965,1.5985565195264195,0.8362097066185276,-0.011102974232480895,0.4148642662573611,1.0036897313231958,0.46154169352130187,0.0,False,0.9556721241521734,80.3
2008,00-0007091,M.Hasselbeck,SEA,7,,,-33.68,3.262,1216,69,0,1285,5,0,0,0,5,10,2,12,4,10.889,240.0,-0.1404,210.0,19.0,11.0,0.0,0.0,0.0,0.0,0.0,29.0,17.2,-0.904,,,0.0,,,0.3833,0.1292,-6.917,0.25,0.0,hasselbeck,-0.899272228554761,-0.8278625113442059,-1.8355068475901042,-1.2394122573613238,-1.2874678946113913,0.5447729144702584,-0.1550901508402763,-0.7744519531814782,-0.21541328323737616,-0.0925139899935269,-1.382266472158069,-1.179933653219136,-1.4446939177615823,-0.9204905454177348,-1.4117156771823232,-0.8403607821947341,-1.66755463998416,-0.7744519531814782,0.46154169352130187,0.0,False,-0.8933199020840987,15.7
2008,00-0026143,M.Ryan,ATL,16,,,63.24,7.024,3440,69,53,3562,16,1,0,0,17,11,4,15,11,14.481,486.0,0.1301,433.0,17.0,14.0,22.0,5.43,4.0,117.0,0.0464,61.1,41.5,2.42,,,0.0,,,0.4691,0.0761,1.1862,0.6875,1.0,ryan,0.892631657820347,0.815677783410813,1.1520437748613839,0.644343442535803,0.09256305124657059,-0.009004510982979486,0.7234557640204482,1.0036897313231958,0.01231576015089987,0.1217004873235198,-0.06429146382130559,0.4726263989269791,-0.07727177234464865,1.3082324899494115,0.41992722813688943,0.6992752179030152,0.3675970691429227,1.0036897313231958,-2.4497212963822945,0.0,False,0.4772618672887946,63.6
2008,00-0022787,M.Schaub,HOU,11,,,30.54,6.877,3043,62,17,3122,15,1,1,0,17,10,7,17,8,14.077,422.0,0.0724,376.0,23.0,12.0,11.0,15.36,5.0,165.0,0.0931,50.0,43.6,2.053,,,0.0,,,0.4645,0.0948,4.9736,0.5,1.0,schaub,0.5104029914845107,0.2611609897821592,1.03530535340993,0.2803326792706577,0.09256305124657059,-0.3781894612851381,0.6246438070038188,0.2416290093926212,0.42877053010404553,0.337299972037013,0.2652022882628853,-0.09881960041326639,0.04090051182718519,1.0621610838183215,0.3217272588540414,0.15706818962000393,1.3188180168114876,0.2416290093926212,-2.4497212963822945,0.0,False,0.28787139174337906,57.0
2008,00-0010346,P.Manning,IND,16,,,128.8,6.894,4002,28,3,4033,27,0,1,0,28,12,2,14,12,15.08,578.0,0.2228,554.0,14.0,4.0,6.0,74.2,8.0,115.0,0.6452,74.3,62.2,3.578,,,0.0,,,0.5156,0.0484,4.8766,0.75,0.0,manning,1.5067148011363267,1.9274246026858755,1.0488057150743841,1.0340004186673561,1.3575914182830355,0.1755879641680998,0.8699616111812428,1.2577099719667206,2.8964642525655857,2.88617525063058,1.253683544515458,1.1521838035478114,1.0875693144919987,2.084664883136883,1.412600830670027,1.5024375004398824,1.2944560714336952,1.2577099719667206,0.46154169352130187,0.48,True,1.5186609825657256,100.0
2008,00-0022942,P.Rivers,LAC,16,,,130.06,7.949,4004,60,29,4093,34,0,0,0,34,11,6,17,0,0.0,534.0,0.2436,483.0,25.0,9.0,17.0,43.18,11.0,140.0,0.3084,72.1,69.4,1.708,,,0.0,,,0.515,0.088,5.0999,0.0,0.0,rivers,1.644502604598812,1.9487913048256948,1.8866222771919596,1.0836382500216941,2.0476068912120167,-0.3781894612851381,-2.818365893300863,-1.7905329157555776,1.5955149107784177,1.3312736135533958,2.2421648007680304,1.0389242361110058,1.4927314316525717,0.8308405521692045,1.3997921390244397,0.3542343817229172,1.3505387766178294,-1.7905329157555776,0.46154169352130187,0.1,False,1.152242095935429,87.2
2008,00-0023682,R.Fitzpatrick,CIN,12,,,-62.58,3.587,1905,291,23,2219,8,0,2,0,10,9,7,16,4,6.581,457.0,-0.1369,371.0,38.0,37.0,11.0,-12.43,3.0,118.0,-0.1054,57.2,52.6,-1.453,,,0.0,,,0.4201,0.1182,-3.4079,0.25,0.0,fitzpatrick,-0.8760867808567466,-1.3179400445511813,-1.5774116981226043,-0.466716682612129,-0.7124550005039072,-0.1935969861340588,-1.208758246948294,-0.7744519531814782,-0.7367156790598939,-0.5791132552783701,-0.3937852159054965,0.2718480748344605,0.5473531582779013,-1.288591913172417,-0.6261159229195377,-0.5214154714400212,-0.7862298716830142,-0.7744519531814782,0.46154169352130187,0.0,False,-0.729617695098728,21.4
2008,00-0020679,S.Hill,SF,9,,,29.31,5.838,2046,101,18,2165,13,0,2,0,15,8,2,10,7,12.107,327.0,0.0896,285.0,23.0,12.0,7.0,6.38,6.0,168.0,0.038,42.6,42.9,0.723,,,0.0,,,0.4648,0.1009,3.3456,0.4375,0.0,hill,0.6243429058861811,0.24030301864566855,0.2101950140353699,-0.5113907308310333,-0.13744210639642304,0.913957864772417,0.14281322452173992,-0.012391231250903663,0.05215785798126125,0.08292028022301998,0.5946960403470761,-0.47978359997342995,0.001509750436573777,0.17040367195360906,0.32813160467683516,-0.01980148270760967,0.9099391809862715,-0.012391231250903663,0.46154169352130187,0.0,False,0.1683625562440846,52.8
2008,00-0020480,S.Rosenfels,HOU,6,,,-1.99,5.762,1431,29,9,1469,6,0,0,0,6,10,2,12,8,14.077,191.0,-0.0104,172.0,9.0,5.0,5.0,0.0,0.0,0.0,0.0,23.5,15.4,-0.241,,,0.0,,,0.5288,0.1099,2.1707,0.5,1.0,rosenfels,-0.03809845691422846,-0.2904729948276299,0.14984045600604648,-1.0871895745413538,-1.1724653157898943,0.5447729144702584,0.6246438070038188,0.2416290093926212,-0.21541328323737616,-0.0925139899935269,-1.382266472158069,-1.4630825718111495,-1.5459844470517254,-0.4759528280746488,1.6943920468729847,-0.28075673696146525,0.6148582570237123,0.2416290093926212,-2.4497212963822945,0.0,False,-0.3815776794217952,33.5
2008,00-0022055,S.Wallace,SEA,9,,,9.27,6.043,1532,77,4,1613,11,0,0,0,11,3,4,7,4,10.889,268.0,0.0346,241.0,14.0,9.0,4.0,17.92,6.0,134.0,0.1337,36.4,37.9,0.015,,,0.0,,,0.4142,0.0784,-3.0047,0.25,0.0,wallace,0.2600001563459559,-0.09952929157813022,0.3729934929302543,-0.9680587792909428,-0.5974524216824103,1.4677352902256549,-0.1550901508402763,-0.7744519531814782,0.5361344989942826,0.5247376396894289,0.5946960403470761,-0.7989696536589725,-0.2798528309249352,-0.3043062886480575,-0.7520680574344943,0.63258665292703,-0.684964548215737,-0.7744519531814782,0.46154169352130187,0.0,False,0.0017353594917826447,47.0
2008,00-0025479,T.Edwards,BUF,14,,,11.81,5.874,2699,87,43,2829,11,0,3,0,14,10,7,17,7,11.586,422.0,0.028,373.0,23.0,15.0,11.0,2.19,1.0,58.0,0.0378,56.6,43.8,-0.073,,,0.0,,,0.4834,0.0948,2.4738,0.4375,0.0,edwards,0.21627902640112884,-0.056456733296271475,0.23878401520715412,0.03793460282364052,-0.25244468521791985,-0.3781894612851381,0.015384933418611699,-0.012391231250903663,-0.12356676297580627,0.08199694195872237,-1.0527727200738781,0.2409591018971499,0.05215501508164531,-0.3633097865759482,0.7252010456900909,0.15706818962000393,0.6909830574774118,-0.012391231250903663,0.46154169352130187,0.0,False,-0.013775053703846775,46.4
2008,00-0024279,T.Jackson,MIN,7,,,6.97,6.429,1056,137,4,1197,9,0,0,0,9,2,4,6,10,12.633,184.0,0.0379,148.0,15.0,12.0,9.0,15.11,8.0,108.0,0.1399,22.1,23.1,0.154,,,0.0,,,0.4511,0.125,0.8801,0.625,0.5,jackson,0.28186072131836937,-0.13853200183335665,0.6795311166055001,-1.3122144100143527,-0.827457579325404,1.652327765376734,0.2714644358849751,0.7496694906796709,0.41828576751710833,0.5533611258826548,1.253683544515458,-1.5351568419982076,-1.1126860717550016,-0.21110758169377547,0.03566647876922232,-0.7185816635429345,0.290718806461044,0.7496694906796709,-0.9940898014304963,0.0,False,-0.059550886606334105,44.8
2008,00-0021678,T.Romo,DAL,13,,,21.51,6.826,3448,56,-1,3503,26,0,0,0,26,14,7,21,9,13.407,485.0,0.0443,451.0,20.0,10.0,4.0,-49.66,5.0,171.0,-0.2904,61.8,57.8,0.59,,,0.0,,,0.4619,0.0866,4.5715,0.5625,1.0,romo,0.3242569685375956,0.10803295778011818,0.9948042684165683,0.5955329083707039,1.127586260640042,-1.1165593618894551,0.46077249214950783,0.49564925003614607,-2.2981065235065823,-1.433201149753664,0.2652022882628853,0.5086635340205079,0.8399702428938703,0.08122793076713779,0.26622292838982187,0.39482742127351694,1.2178289628278762,0.49564925003614607,-2.4497212963822945,0.0,False,0.0646202540321457,49.2
2008,00-0025604,T.Thigpen,KC,14,,,-5.19,5.092,2608,280,112,3000,18,1,2,1,22,12,3,15,2,10.778,501.0,-0.0104,419.0,26.0,29.0,27.0,5.11,7.0,165.0,0.031,61.3,64.7,-0.133,,,0.0,,,0.4451,0.0858,-5.7937,0.125,0.0,thigpen,-0.03809845691422846,-0.34473763518272754,-0.3822326213577219,0.1794024221835038,0.6675759453540547,-0.009004510982979486,-0.18223898061464697,-1.282492434468528,-0.0011047359603797258,0.05060344097260345,0.924189792431267,0.48292272323941576,1.228250605172753,-0.4035394442540556,-0.09242043768666672,0.41802344387385953,-1.3854332663462823,-1.282492434468528,0.46154169352130187,0.0,False,0.04567110327594316,48.5
2009,00-0023459,A.Rodgers,GB,16,,,134.27,7.475,4434,161,158,4753,30,2,3,0,35,7,7,14,11,16.464,637.0,0.2108,543.0,49.0,18.0,27.0,51.09,7.0,135.0,0.3785,76.4,68.6,2.325,,,0.0,,,0.4835,0.1005,3.9253,0.6875,0.0,rodgers,1.2701968700893072,1.6687558388342931,1.2398721490352562,1.5060792484074714,1.8074378988403597,0.0655243655610813,1.241924967014168,1.1455592171318127,2.1880032261258973,1.2567944293665647,1.0857560187163948,1.2958473195294995,1.230526228520858,1.1273917189960996,0.8827199921003506,-0.034814242479368054,1.0464420801972676,1.1455592171318127,0.33759760091493607,0.0,False,1.1843115094018597,93.0
2009,00-0023436,A.Smith,SF,11,,,-25.82,5.181,2350,48,13,2411,18,0,0,0,18,12,3,15,8,11.0,407.0,-0.0634,371.0,22.0,8.0,6.0,-26.64,5.0,143.0,-0.1863,50.2,50.0,-1.698,,,0.0,,,0.4005,0.0934,-1.5763,0.5,0.0,smith,-0.19003692793747531,-0.47159852941002617,-0.07514452186747529,-0.12252474036498694,0.20128285691631273,-0.08518167522940563,0.11268416423146388,0.3590558740263891,-1.3179280995344234,-0.47249932714687887,0.42423579539249867,0.14189786667228602,0.37267709536478705,-1.1216554079804564,-0.5123561441026196,0.22597317939589398,-0.06623703404795503,0.3590558740263891,0.33759760091493607,0.0,False,-0.21949267084278967,42.3
2009,00-0005106,B.Favre,MIN,16,,,126.16,7.638,4202,2,4,4208,33,0,0,0,33,7,4,11,12,18.077,565.0,0.2233,529.0,34.0,1.0,1.0,23.57,7.0,139.0,0.1696,66.4,58.9,2.222,,,0.0,,,0.508,0.0796,6.0361,0.75,0.5,favre,1.3367647857542773,1.560327617668315,1.3333105611351452,1.1270915567418054,1.6184784821434128,0.5176424879325421,1.5752824733993267,1.4077269981669538,0.9467420646416309,0.6171884347920987,1.0857560187163948,0.8554085970649142,0.7831532934878533,1.0698098512161878,1.2945195744735172,0.7328557740266841,1.4733439040937368,1.4077269981669538,-0.9565265359256522,0.04,False,1.0822919891623801,89.3
2009,00-0024408,B.Gradkowski,LV,7,,,-1.77,5.81,1004,92,16,1112,6,0,0,0,6,3,3,6,0,0.0,174.0,-0.0102,147.0,11.0,10.0,6.0,-0.07,0.0,23.0,-0.0032,25.1,35.3,1.741,,,0.0,,,0.4195,0.0977,-2.2771,0.0,0.0,gradkowski,0.09327612113263715,-0.15005738032965965,0.28542456531553156,-1.0258366880231524,-0.9324736432653674,1.2711726918849768,-2.1606776276078024,-1.7382863742547405,-0.1195157063426735,0.08811272458401963,-1.229564762917242,-0.963603326713823,-0.3053004453553339,0.8009081191565995,-0.19300136593567518,0.06803150135876372,-0.20797135193058042,-1.7382863742547405,0.33759760091493607,0.0,False,-0.16654375401742422,44.2
2009,00-0022177,B.Leftwich,TB,3,,,-13.99,4.9,594,5,2,601,4,0,0,0,4,3,0,3,3,8.133,115.0,-0.1217,108.0,2.0,2.0,3.0,0.0,0.0,0.0,0.0,13.5,16.0,-0.403,,,0.0,,,0.3217,0.0435,-1.9231,0.1875,0.0,leftwich,-0.5005096865988956,-0.3134350452677918,-0.2362254654261794,-1.3811811108509604,-1.1214330599623141,1.7232908142564376,-0.47983658642337046,-0.9517830311493168,-0.1163584286790144,0.09791042292120629,-1.229564762917242,-1.474512244772742,-1.1954342233076012,-0.39768920628156496,-1.836838066184477,2.058831257082592,-0.1363761057398707,-0.9517830311493168,0.33759760091493607,0.0,False,-0.3564851154818694,37.3
2009,00-0025409,B.Quinn,CLE,10,,,-43.74,3.927,1339,40,61,1440,8,0,1,0,9,7,4,11,5,8.448,293.0,-0.1493,256.0,19.0,5.0,13.0,-7.7,0.0,41.0,-0.1878,33.4,36.0,-0.996,,,0.0,,,0.3618,0.1024,-7.2693,0.3125,0.0,quinn,-0.6474916443871493,-0.7111834521343575,-0.793989729065394,-0.7977486827638157,-0.6490345182199473,0.5176424879325421,-0.41473577147524576,-0.42744746907903447,-0.46365897168151626,-0.47709199824243514,-1.229564762917242,-0.5980391870682173,-0.27301580055913754,-0.7292042314610573,-1.1628314027900293,-0.10460242579810002,-1.217626120386121,-0.42744746907903447,0.33759760091493607,0.0,False,-0.5584207350708578,30.1
2009,00-0022924,B.Roethlisberger,PIT,15,,,85.64,7.135,4328,75,21,4424,26,0,2,0,28,12,5,17,9,14.154,580.0,0.1476,505.0,50.0,10.0,15.0,22.93,7.0,165.0,0.139,71.0,68.3,1.997,,,0.0,,,0.5,0.119,5.3932,0.5625,0.0,roethlisberger,0.9336294884872188,1.0185876026688783,1.0449699397471444,1.277295852888198,1.1460799404010462,-0.3865937568103795,0.7645189907279225,0.6212236550615303,0.9178755260024619,0.5234979444427514,1.0857560187163948,1.0580104093986231,1.2166899521796313,0.9440242177163806,1.1600544047190138,-0.7143307642670214,1.3433196561389142,0.6212236550615303,0.33759760091493607,0.0,False,0.7859211160943645,78.6
2009,00-0026197,C.Henne,MIA,14,,,9.05,4.857,2878,17,22,2917,12,0,1,0,13,14,1,15,7,12.0,487.0,0.0186,450.0,26.0,3.0,8.0,12.21,4.0,165.0,0.074,52.1,32.5,0.231,,,0.0,,,0.4538,0.0862,-0.0909,0.4375,0.0,henne,0.24664859882472812,-0.005397287479365855,-0.2608748624832054,0.22934273116313603,-0.27111568482605397,-0.08518167522940563,0.31935341803503353,0.09688809299124791,0.4343610037963815,0.3244821969686475,0.09347568373055053,0.22558122394055713,-0.43443902454011873,-0.04325324344210769,0.3835180493867573,0.49043366355108886,0.2341798549115938,0.09688809299124791,0.33759760091493607,0.0,False,0.08009566734968354,53.1
2009,00-0021429,C.Palmer,CIN,16,,,33.99,5.543,3094,89,15,3198,21,1,2,0,24,13,7,20,10,10.893,519.0,0.0655,464.0,26.0,15.0,14.0,-3.24,5.0,112.0,-0.029,62.6,75.0,1.358,,,0.0,,,0.474,0.0886,0.2366,0.625,0.0,palmer,0.4964114183996957,0.32804288957112654,0.1323690068451616,0.42474739420543356,0.7681611070071528,-0.8387118791818403,0.09057055407448207,0.8833914360966715,-0.26249528053980736,0.009118781740452272,0.42423579539249867,0.6880418825283716,1.5257001238003667,0.5867930185769274,0.723042603016878,0.4022801688326906,0.30041556996090857,0.8833914360966715,0.33759760091493607,0.0,False,0.4053816082233517,64.8
2009,00-0019709,C.Redman,ATL,4,,,3.0,5.536,781,0,7,788,4,0,0,0,4,3,0,3,9,14.52,127.0,0.0237,117.0,8.0,0.0,2.0,10.62,1.0,36.0,0.2949,14.2,9.3,0.31,,,0.0,,,0.4488,0.0866,-5.3786,0.5625,0.0,redman,0.2738083084160359,-0.08628393828752459,0.12835631430099426,-1.251143132242741,-1.1214330599623141,1.7232908142564376,0.8401599376200289,0.6212236550615303,0.36264569686469594,1.0008295603075634,-0.8988046512552939,-1.443681534200221,-1.5044443949283364,0.0009114900978246704,0.29947731829019275,0.4757414144313559,-0.8352387419319542,0.6212236550615303,0.33759760091493607,0.0,False,-0.0395733124275079,48.8
2009,00-0023645,D.Anderson,CLE,8,,,-82.51,2.203,888,0,10,898,3,0,2,0,5,10,6,16,5,8.448,200.0,-0.4125,181.0,11.0,0.0,8.0,5.86,1.0,31.0,0.1891,20.8,20.0,-1.614,,,0.0,,,0.31,0.135,-14.1394,0.3125,0.0,anderson,-2.0491456766287586,-1.2295265020239963,-1.7822585785145264,-1.1746502036496709,-1.0269533516138407,-0.23588771601989256,-0.41473577147524576,-0.42744746907903447,0.14795081573587665,0.6768931590343298,-0.8988046512552939,-1.1529919773735946,-1.0109505387579085,-1.0746954381405283,-2.033493376950438,-1.302020729056344,-2.6070795126313047,-0.42744746907903447,0.33759760091493607,0.0,False,-1.0028306208881992,14.0
2009,00-0020531,D.Brees,NO,15,,,156.02,8.311,4388,36,9,4433,34,0,2,0,36,11,9,20,13,17.586,544.0,0.2868,514.0,20.0,5.0,5.0,18.44,5.0,128.0,0.1441,67.3,62.1,4.122,,,0.0,,,0.5423,0.0754,7.5257,0.8125,0.0,brees,1.6749297973323252,1.959546690913211,1.7191022871672021,1.283554365227631,1.9019176071888328,-0.8387118791818403,1.4738078697817734,1.669894779202095,0.715358715862042,0.5391130261676426,0.42423579539249867,0.8950480820867265,0.9307402411276077,2.131999645214561,1.8710389897959496,0.8871243897838814,1.7746102281775822,1.669894779202095,0.33759760091493607,0.0,False,1.3232165970720293,98.0
2009,00-0003739,D.Culpepper,DET,8,,,-31.59,3.673,945,75,17,1037,3,0,0,0,3,6,1,7,2,9.357,188.0,-0.168,157.0,14.0,10.0,7.0,-24.24,2.0,109.0,-0.2224,21.2,10.7,-0.101,,,0.0,,,0.383,0.1117,-4.1549,0.125,0.0,culpepper,-0.7470772462219445,-0.5487416658006172,-0.9395931442394541,-1.0779909575184274,-1.2159127683107873,1.1204666510944898,-0.2268734197678012,-1.213950812184458,-1.2096785796375396,-0.5830296115132657,-0.5680445395933457,-1.1353744284750114,-1.4398751053359442,-0.22885693376182345,-0.8064987029405958,-0.4461972178318931,-0.5877497510744074,-1.213950812184458,0.33759760091493607,0.0,False,-0.6632093969119011,26.3
2009,00-0021231,D.Garrard,JAX,16,,,-7.83,5.795,3597,249,90,3936,15,3,0,0,18,10,11,21,7,11.6,618.0,-0.0127,513.0,42.0,35.0,28.0,3.65,6.0,154.0,0.0237,73.0,50.0,-1.041,,,0.0,,,0.445,0.1052,1.8395,0.4375,0.0,garrard,0.07996253799964315,-0.23107772808130297,0.27682593843517384,0.9379454060389409,0.20128285691631273,-0.9894179199723272,0.2366857165136056,0.09688809299124791,0.04827104949749622,0.1704746262309949,0.7549959070544467,1.1460981538915402,0.37267709536478705,-0.7543613581610188,0.2356063626568042,-0.20744816963623128,0.6245964177549443,0.09688809299124791,0.33759760091493607,0.0,False,0.05519000101660015,52.2
2009,00-0011022,D.McNabb,PHI,14,,,45.01,6.843,3553,126,29,3708,22,1,1,0,24,10,4,14,11,15.321,503.0,0.0895,443.0,36.0,12.0,12.0,3.35,7.0,151.0,0.0222,62.9,57.1,0.93,,,0.0,,,0.4473,0.0994,0.0285,0.6875,0.0,mcnabb,0.6242218164764382,0.4753769212911115,0.8775833364761777,0.7793964267733046,0.7681611070071528,0.0655243655610813,1.0057020099166882,1.1455592171318127,0.034739859510385766,0.16588195513543869,1.0857560187163948,0.7012550442023091,0.7001356354404917,0.3475207912972939,0.27426509896122336,0.005589442599897984,0.25832808201659585,1.1455592171318127,0.33759760091493607,0.0,False,0.5139650599072222,68.8
2009,00-0022803,E.Manning,NYG,16,,,90.32,6.918,4021,67,5,4093,27,0,0,0,27,14,9,23,8,15.462,548.0,0.1648,507.0,30.0,7.0,4.0,23.66,7.0,145.0,0.1632,68.3,62.8,2.224,,,0.0,,,0.4672,0.0967,2.2707,0.5,0.0,manning,1.0252269404422176,1.0811577722196521,0.9205764708779672,1.0471216768490503,1.0516002320525728,-1.2908300015533012,1.0348423747029916,0.3590558740263891,0.950801421637764,0.5975930381177255,1.0857560187163948,0.939091954333185,0.9630248859238036,1.0709279457361862,0.6087472087255507,0.10476212415809638,0.7118050905160576,0.3590558740263891,0.33759760091493607,0.0,False,0.7451592490221728,77.1
2009,00-0023460,J.Campbell,WAS,16,,,8.74,5.609,3618,238,10,3866,20,0,1,0,21,15,5,20,4,9.852,584.0,0.015,505.0,42.0,27.0,10.0,-4.33,5.0,160.0,-0.027,76.1,63.6,-0.77,,,0.0,,,0.4555,0.1062,1.4414,0.25,0.0,campbell,0.22747703911321673,-0.009541892727387218,0.17020296511873617,0.8892680878433508,0.4847219819617328,-0.8387118791818403,-0.12457213913503401,-0.6896152501141757,-0.311658604159642,0.015242343201193933,0.42423579539249867,1.2826341578555613,0.9999216228337424,-0.6028595507012507,0.41209189795958984,-0.24417879243556395,0.5440821027591208,-0.6896152501141757,0.33759760091493607,0.0,False,0.08826153195834437,53.4
2009,00-0024226,J.Cutler,CHI,16,,,-42.89,4.834,3666,154,27,3847,27,1,0,0,28,26,2,28,7,11.679,618.0,-0.0694,552.0,34.0,18.0,14.0,-3.45,10.0,149.0,-0.0231,76.6,84.8,0.162,,,0.0,,,0.4223,0.1019,0.5614,0.4375,0.0,cutler,-0.22198952745666095,-0.69981921193817,-0.27405942369975445,0.8760556729045478,1.1460799404010462,-2.0443602055057357,0.25301258756408773,0.09688809299124791,-0.27196711353078473,0.027183288049640163,2.078036353702239,1.3046560939787906,1.9776851509471138,-0.08182750438204862,-0.14593855652159865,-0.08623711439843368,0.3661052195731756,0.09688809299124791,0.33759760091493607,0.0,False,0.1384868898781153,55.2
2009,00-0004161,J.Delhomme,CAR,11,,,-56.39,3.465,2015,45,20,2080,8,0,0,0,8,18,3,21,8,11.25,352.0,-0.1602,317.0,23.0,6.0,6.0,0.0,0.0,0.0,0.0,37.6,20.5,-1.642,,,0.0,,,0.4261,0.1278,-4.6311,0.5,0.0,delhomme,-0.7055388668470034,-0.8803100856423258,-1.0588274369804167,-0.35269891640413453,-0.7435142265684207,-0.9894179199723272,0.16435147768235628,0.3590558740263891,-0.1163584286790144,0.09791042292120629,-1.229564762917242,-0.41305492363309143,-0.9878900781891969,-1.0903487614205043,-0.08206760088821012,-1.0375602449011485,-0.6840595144529837,0.3590558740263891,0.33759760091493607,0.0,False,-0.641165456442698,27.1
2009,00-0026158,J.Flacco,BAL,16,,,47.18,6.09,3610,50,18,3678,20,0,0,0,20,12,4,16,9,14.481,563.0,0.0838,496.0,37.0,14.0,16.0,13.37,7.0,107.0,0.1249,63.5,46.5,0.411,,,0.0,,,0.4618,0.0995,2.7304,0.5625,0.0,flacco,0.5938668469332118,0.504389158027261,0.4459322670822121,0.7585347189751944,0.3902422736132594,-0.23588771601989256,0.8320998367216897,0.6212236550615303,0.4866816050798752,0.48032683614452265,1.0857560187163948,0.7276813675501842,0.21125387138380589,0.05737526335773819,0.5179832191412607,0.0019163803199646152,0.8047777873348972,0.6212236550615303,0.33759760091493607,0.0,False,0.40829079676226215,65.0
2009,00-0026993,J.Freeman,TB,10,,,-55.09,3.706,1857,162,4,2023,10,0,0,0,10,18,3,21,3,8.133,337.0,-0.1635,290.0,19.0,21.0,7.0,-26.57,3.0,139.0,-0.1911,45.4,40.0,-1.101,,,0.0,,,0.4095,0.1187,-4.1644,0.1875,0.0,freeman,-0.7231127965825553,-0.862929482989333,-0.9206761651026668,-0.39233616122054366,-0.554554809871474,-0.9894179199723272,-0.47983658642337046,-0.9517830311493168,-1.3147708218707643,-0.48719587465265884,-0.2372844279313976,-0.06951272011071509,-0.08853211600944483,-0.7879041937609674,-0.3610828281288044,-0.7033115774272217,-0.589671092426983,-0.9517830311493168,0.33759760091493607,0.0,False,-0.6400898112509875,27.1
2009,00-0026300,J.Johnson,TB,5,,,-31.35,2.544,685,147,2,834,4,0,0,0,4,8,1,9,3,8.133,157.0,-0.1997,125.0,11.0,18.0,3.0,0.0,0.0,0.0,0.0,18.7,16.0,-1.1,,,0.0,,,0.3949,0.1274,-9.076,0.1875,0.0,johnson,-0.9158934803483085,-0.5455329391569878,-1.5867831274343904,-1.2191551802856389,-1.1214330599623141,0.819054569513516,-0.47983658642337046,-0.9517830311493168,-0.1163584286790144,0.09791042292120629,-1.229564762917242,-1.2454841090911577,-1.1954342233076012,-0.7873451465009683,-0.6064817629307728,-1.0228679957814162,-1.583024796354356,-0.9517830311493168,0.33759760091493607,0.0,False,-0.7537772437336149,23.0
2009,00-0025388,J.Russell,LV,12,,,-117.56,2.331,1290,44,9,1343,3,0,0,0,3,11,7,18,0,0.0,291.0,-0.404,246.0,32.0,8.0,5.0,-17.46,1.0,52.0,-0.3357,30.3,17.6,-2.231,,,0.0,,,0.323,0.1718,-12.0079,0.0,0.0,russell,-2.003879493976579,-1.6981342889373787,-1.7088836291354725,-0.8652015379777049,-1.2159127683107873,-0.5372997976008664,-2.1606776276078024,-1.7382863742547405,-0.9038736859288433,-0.9299293682642806,-0.8988046512552939,-0.7345751910322387,-1.121640749487724,-1.41962759756,-1.8149874760993698,-2.653707648071785,-2.175991187050802,-1.7382863742547405,0.33759760091493607,0.0,False,-1.3912557346864678,0.0
2009,00-0022164,K.Boller,LA,7,,,-79.84,2.979,899,68,8,975,3,0,0,0,3,6,4,10,0,0.0,205.0,-0.3894,175.0,17.0,7.0,6.0,-12.19,0.0,16.0,-0.7619,20.9,13.6,-1.463,,,0.0,,,0.3805,0.1366,-8.4403,0.0,0.0,boller,-1.926128168479894,-1.1938294181136189,-1.337422947904012,-1.1211051536345216,-1.2159127683107873,0.668348528723029,-2.1606776276078024,-1.7382863742547405,-0.6661757818219362,-2.2348603155483273,-1.229564762917242,-1.1485875901489488,-1.306124434037417,-0.9902793018806575,-0.848519068488878,-1.3607897255352759,-1.4544567228983274,-1.7382863742547405,0.33759760091493607,0.0,False,-1.1550606753290518,8.5
2009,00-0003292,K.Collins,TEN,7,,,-33.26,4.27,1225,13,5,1243,6,1,0,0,7,8,4,12,8,12.207,231.0,-0.144,217.0,5.0,2.0,7.0,8.42,1.0,19.0,0.443,22.6,20.0,-1.322,,,0.0,,,0.4069,0.0736,-4.6718,0.5,1.0,collins,-0.619266848145202,-0.5710690553625387,-0.5973677944012108,-0.9347405639714051,-0.837993934916894,0.36693644714205514,0.3621339535723726,0.3590558740263891,0.26341697029255257,1.454279286475483,-0.8988046512552939,-1.0737130073299692,-1.0109505387579085,-0.9114536382207783,-0.4047840082990178,0.9532395108226801,-0.6922909453003337,0.3590558740263891,-2.2506506727662403,0.0,False,-0.39245919641937366,36.0
2009,00-0025423,K.Kolb,PHI,3,,,-2.29,6.53,741,5,1,747,4,0,1,0,5,3,1,4,11,15.321,103.0,-0.0222,96.0,4.0,1.0,2.0,0.0,0.0,0.0,0.0,12.7,11.9,0.158,,,0.0,,,0.4563,0.0777,1.5924,0.6875,0.0,kolb,0.02937092209426592,-0.15700962139085675,0.6981586555727102,-1.279654132900158,-1.0269533516138407,1.5725847734659506,1.0057020099166882,1.1455592171318127,-0.1163584286790144,0.09791042292120629,-1.229564762917242,-1.5097473425699086,-1.3845299999710363,-0.0840636934220452,0.42553841493503963,0.802643957345416,0.5746213179421636,1.1455592171318127,0.33759760091493607,0.0,False,-0.046871806195387056,48.5
2009,00-0027131,K.Null,LA,4,,,-58.45,1.0,558,6,0,564,3,0,0,0,3,9,1,10,0,0.0,136.0,-0.4298,118.0,13.0,3.0,2.0,-58.45,3.0,136.0,-0.4298,12.1,13.6,-1.151,,,0.0,,,0.3529,0.1691,-3.76,0.0,0.0,null,-2.141275671909077,-0.9078516560001452,-2.471868454319228,-1.4069105504686295,-1.2159127683107873,0.668348528723029,-2.1606776276078024,-1.7382863742547405,-2.7526852778343693,-1.2180429349921755,-0.2372844279313976,-1.5361736659177838,-1.306124434037417,-0.8158565567609245,-1.3124239041419143,-2.5545349665135864,-0.5078826247447146,-1.7382863742547405,0.33759760091493607,0.0,False,-1.36259428061454,1.0
2009,00-0023541,K.Orton,DEN,16,,,25.03,6.181,3802,65,11,3878,21,0,0,0,21,12,4,16,8,11.643,590.0,0.0424,541.0,29.0,9.0,11.0,-5.1,7.0,192.0,-0.0265,69.2,63.6,1.157,,,0.0,,,0.4373,0.078,-1.1252,0.5,0.0,orton,0.3733939102508311,0.20825042820896084,0.49809727015638333,0.8976127709625948,0.4847219819617328,-0.23588771601989256,0.2455724944271593,0.3590558740263891,-0.3463886584598922,0.016773233566379348,1.0857560187163948,0.978731439354998,0.9999216228337424,0.47442451931709956,0.10618363676809513,0.7916247705056164,0.024996343230658465,0.3590558740263891,0.33759760091493607,0.0,False,0.40825423192849963,64.9
2009,00-0017200,K.Warner,ARI,15,,,31.56,6.584,3758,25,-5,3778,27,0,0,0,27,14,9,23,10,12.5,540.0,0.0584,507.0,24.0,5.0,4.0,-18.23,4.0,119.0,-0.1532,66.5,58.7,0.991,,,0.0,,,0.5074,0.0889,4.0374,0.625,0.0,warner,0.45860084230199266,0.29555453230437845,0.7291137123419982,0.8280737449688946,1.0516002320525728,-1.2908300015533012,0.42268804493681833,0.8833914360966715,-0.9386037402290934,-0.3711543849716045,0.09347568373055053,0.8598129842895598,0.7739291092603688,0.38162267415724166,1.2844346867419285,0.39126098199289044,1.069113908157659,0.8833914360966715,0.33759760091493607,0.0,False,0.39532830109568873,64.5
2009,00-0019599,M.Bulger,LA,9,,,-48.78,4.651,1469,19,7,1495,5,0,0,0,5,6,2,8,0,0.0,267.0,-0.1827,247.0,14.0,5.0,1.0,0.0,0.0,0.0,0.0,32.0,22.7,-1.041,,,0.0,,,0.4007,0.0824,-5.695,0.0,0.0,bulger,-0.8253611150439493,-0.7785667116505758,-0.3789626716401205,-0.7595022184672806,-1.0269533516138407,0.9697606103040028,-2.1606776276078024,-1.7382863742547405,-0.1163584286790144,0.09791042292120629,-1.229564762917242,-0.6597006082132593,-0.886424051686866,-0.7543613581610188,-0.5089945148587575,0.6300100301885528,-0.899229521295628,-1.7382863742547405,0.33759760091493607,0.0,False,-0.5250570546339401,31.3
2009,00-0023662,M.Cassel,KC,15,,,-100.12,4.266,2924,162,34,3120,16,0,0,0,16,16,3,19,4,9.484,579.0,-0.1729,491.0,42.0,25.0,21.0,-16.33,3.0,153.0,-0.1068,63.1,57.1,-2.34,,,0.0,,,0.3661,0.1088,-4.9918,0.25,0.0,cassel,-0.7731718691626129,-1.4649668195003063,-0.5996607615693059,0.3705069539303474,0.012323440219366058,-0.6880058383913533,-0.20062642453474772,-0.6896152501141757,-0.8529062036440604,-0.22908775908239812,-0.2372844279313976,0.710063818651601,0.7001356354404917,-1.4805637488999066,-1.0905563740469844,-0.33967841171382845,-0.7570098119134046,-0.6896152501141757,0.33759760091493607,0.0,False,-0.5487010469631073,30.4
2009,00-0007091,M.Hasselbeck,SEA,14,,,-74.99,4.597,3029,81,40,3150,17,0,0,0,17,17,6,23,5,9.655,544.0,-0.1378,489.0,32.0,14.0,9.0,-53.24,4.0,163.0,-0.3266,60.0,60.7,-1.523,,,0.0,,,0.4081,0.1011,-2.3949,0.3125,0.0,hasselbeck,-0.586249161975377,-1.1289864005236072,-0.4099177284094085,0.39136866172845747,0.1068031485678394,-1.2908300015533012,-0.16528598213433743,-0.42744746907903447,-2.5176936117248845,-0.9020671636179061,0.09347568373055053,0.5735278146875794,0.8661709515352153,-1.023822137480606,-0.38461423283584173,-0.056852616158967244,-0.23179598470251714,-0.42744746907903447,0.33759760091493607,0.0,False,-0.49282310729345746,32.4
2009,00-0025708,M.Moore,CAR,7,,,17.12,7.061,1053,6,0,1059,8,0,0,0,8,2,0,2,8,11.25,151.0,0.1134,139.0,9.0,2.0,1.0,20.21,8.0,117.0,0.1727,19.1,20.5,0.199,,,0.0,,,0.4371,0.0728,0.7621,0.5,0.0,moore,0.7514996712278608,0.10249614591267397,1.002550047137379,-1.0626923717998136,-0.7435142265684207,1.8739968550469244,0.16435147768235628,0.3590558740263891,0.7951927367859938,0.6266799550562483,1.4165161303783431,-1.2278665601925742,-0.9878900781891969,-0.061142755762080295,0.10282200752423198,0.982624009062146,0.406696083727061,0.3590558740263891,0.33759760091493607,0.0,False,0.27030389011913825,60.0
2009,00-0026143,M.Ryan,ATL,14,,,49.03,5.652,2916,47,14,2977,22,0,1,0,23,14,4,18,9,14.52,485.0,0.1011,447.0,19.0,11.0,8.0,11.68,6.0,108.0,0.1082,53.7,53.5,1.216,,,0.0,,,0.468,0.0763,-0.6694,0.5625,0.0,ryan,0.6859968422135304,0.5291230925719045,0.19485236217576218,0.27106614675935614,0.6736813986586795,-0.5372997976008664,0.8401599376200289,0.6212236550615303,0.4104559014858196,0.42919509794732985,0.7549959070544467,0.29605141953489084,0.5341003193457682,0.507408307657049,0.6221937257010013,0.8540668292644816,0.11718027886265142,0.6212236550615303,0.33759760091493607,0.0,False,0.4767009469078869,67.4
2009,00-0026898,M.Sanchez,NYJ,15,,,-64.64,4.054,2444,96,23,2563,12,1,2,0,15,20,5,25,9,11.226,420.0,-0.1539,366.0,26.0,16.0,12.0,-5.91,1.0,78.0,-0.0758,48.6,39.5,-1.349,,,0.0,,,0.419,0.1214,-5.5309,0.5625,0.0,sanchez,-0.6719886373518583,-0.9906100640170877,-0.7211880214783638,-0.016825420854562647,-0.08215626812910728,-1.592242083134275,0.15939141559107078,0.6212236550615303,-0.38292287142509046,-0.13417255644090248,-0.8988046512552939,0.07142767107795231,-0.11159257657815642,-0.926547914240755,-0.20140543904533165,-0.8024842589854196,-0.8660408775106128,0.6212236550615303,0.33759760091493607,0.0,False,-0.494123226111862,32.4
2009,00-0022787,M.Schaub,HOU,16,,,105.87,7.462,4770,78,5,4853,29,0,0,0,29,15,6,21,9,12.933,634.0,0.167,580.0,26.0,17.0,11.0,26.12,7.0,154.0,0.1696,78.0,64.4,2.813,,,0.0,,,0.5189,0.0773,5.0244,0.5625,1.0,schaub,1.0369428935992524,1.289056519338143,1.232420005738946,1.5756182744011717,1.2405596487495194,-0.9894179199723272,0.5121758318337639,0.6212236550615303,1.06175717953207,0.6171884347920987,1.0857560187163948,1.366317515123833,1.036818359743681,1.4002067818756818,1.477728368264028,0.8173362064651495,1.2687311623673498,0.6212236550615303,-2.2506506727662403,0.0,False,0.9250190218153397,83.6
2009,00-0026498,M.Stafford,DET,10,,,-73.6,3.691,2267,110,0,2377,13,1,1,0,15,20,2,22,2,9.357,414.0,-0.1778,372.0,23.0,13.0,6.0,0.0,0.0,0.0,0.0,48.6,53.6,-0.455,,,0.0,,,0.3986,0.1111,-7.6632,0.125,0.0,stafford,-0.7992664921032813,-1.1104025253792533,-0.9292747919830248,-0.146168009202845,-0.08215626812910728,-1.1401239607628142,-0.2268734197678012,-1.213950812184458,-0.1163584286790144,0.09791042292120629,-1.229564762917242,0.07142767107795231,0.5387124114595105,-0.42675966380152036,-0.5442916219193145,-0.4241588441522939,-1.2972910002576477,-1.213950812184458,0.33759760091493607,0.0,False,-0.4965962881143414,32.3
2009,00-0010346,P.Manning,IND,16,,,166.44,7.502,4500,5,-1,4504,33,0,0,0,33,16,1,17,14,15.407,586.0,0.284,572.0,10.0,2.0,2.0,34.17,8.0,111.0,0.3079,76.4,64.7,5.248,,,0.0,,,0.5427,0.0478,6.4634,0.875,2.0,manning,1.6600185842233717,2.0988589060241223,1.2553496774199004,1.332927073683158,1.6184784821434128,-0.3865937568103795,1.0234755657437953,1.9320625602372363,1.4248441108528673,1.0406327098023842,1.4165161303783431,1.2958473195294995,1.050654636084908,2.7614868599735973,1.877762248283674,1.9008895790454619,1.5597638156680034,1.9320625602372363,-4.838898946447418,0.96,True,1.3793745194737246,100.0
2009,00-0022942,P.Rivers,LAC,16,,,167.22,8.334,4254,46,10,4310,28,0,1,0,29,9,4,13,0,0.0,529.0,0.3161,484.0,25.0,9.0,11.0,50.15,7.0,118.0,0.425,73.1,63.0,4.045,,,0.0,,,0.5104,0.0794,6.5705,0.0,0.0,rivers,1.830964991651015,2.109287267615918,1.7322868483837508,1.1980213632553796,1.2405596487495194,0.21623040635156823,-2.1606776276078024,-1.7382863742547405,2.1456054974996177,1.399167233328808,1.0857560187163948,1.1505025411161858,0.9722490701512885,2.088953006194627,1.3348591253998674,0.7402018985865508,1.5814244113375653,-1.7382863742547405,0.33759760091493607,0.0,False,1.256956515890643,95.6
2009,00-0023682,R.Fitzpatrick,BUF,10,,,-39.28,4.093,1422,102,44,1568,9,1,0,0,10,10,3,13,6,9.214,274.0,-0.1434,226.0,22.0,15.0,11.0,-9.78,5.0,81.0,-0.1208,35.2,37.0,-0.917,,,0.0,,,0.3686,0.1277,-3.033,0.375,0.0,fitzpatrick,-0.6160715881932836,-0.6515546153402438,-0.6988315915894335,-0.7087387294918795,-0.554554809871474,0.21623040635156823,-0.25642712306171145,-0.16527968804389329,-0.5574752222588154,-0.27195268930758976,0.42423579539249867,-0.5187602170245919,-0.22689487942171438,-0.6850394979211248,-1.0485360084987019,-1.0338871826212157,-0.360849449658144,-0.16527968804389329,0.33759760091493607,0.0,False,-0.5028255308891446,32.1
2009,00-0020679,S.Hill,SF,6,,,-15.78,4.89,943,55,17,1015,5,0,0,0,5,2,1,3,8,11.0,179.0,-0.0882,155.0,18.0,5.0,1.0,0.0,0.0,0.0,0.0,21.1,13.9,-0.177,,,0.0,,,0.3352,0.1173,-4.6492,0.5,0.0,hill,-0.32210767261677586,-0.33736679815152804,-0.24195788334641835,-1.0932895432370415,-1.0269533516138407,1.7232908142564376,0.11268416423146388,0.3590558740263891,-0.1163584286790144,0.09791042292120629,-1.229564762917242,-1.139778815699657,-1.29228815769619,-0.2713445255217584,-1.6099280922237527,-0.6518887055081561,-0.6877201753457857,0.3590558740263891,0.33759760091493607,0.0,False,-0.4248990543279041,34.9
2009,00-0022055,S.Wallace,SEA,10,,,-14.36,4.736,700,11,-4,707,3,1,0,0,4,2,3,5,5,9.655,140.0,-0.1026,120.0,9.0,4.0,7.0,-4.94,0.0,4.0,-1.234,13.5,14.3,-0.267,,,0.0,,,0.4286,0.1143,1.6547,0.3125,0.0,wallace,-0.39879391146282134,-0.31838183217672056,-0.3302371193180925,-1.307469743297638,-1.1214330599623141,1.4218787326754636,-0.16528598213433743,-0.42744746907903447,-0.33917202380010003,-3.6803269983563953,-1.229564762917242,-1.474512244772742,-1.2738397892412208,-0.3216587789216814,-0.04004723533992782,-0.5416968371101581,0.5872212722858959,-0.42744746907903447,0.33759760091493607,0.0,False,-0.6393820141491606,27.1
2009,00-0019596,T.Brady,NE,16,,,137.03,7.341,4398,35,20,4453,28,0,1,0,29,13,4,17,10,15.25,602.0,0.2276,568.0,16.0,6.0,12.0,22.26,6.0,111.0,0.2005,69.4,58.0,1.422,,,0.0,,,0.5199,0.0548,3.7827,0.625,0.5,brady,1.3596641487430272,1.7056561952360316,1.1630577489040594,1.297462170426371,1.2405596487495194,-0.3865937568103795,0.9910284928966349,0.8833914360966715,0.887655868364582,0.7117974593605573,0.7549959070544467,0.9875402138042898,0.7416444644641725,0.6225720432168727,1.4945365144833411,1.6437752194501334,1.017601735262818,0.8833914360966715,-0.9565265359256522,0.0,False,0.9959738871387871,86.2
2009,00-0025479,T.Edwards,BUF,8,,,-24.58,4.122,1169,102,4,1275,6,0,0,0,6,7,1,8,6,9.214,219.0,-0.1122,183.0,22.0,11.0,3.0,-3.06,0.0,3.0,-1.0217,28.6,22.2,-1.129,,,0.0,,,0.3653,0.137,0.1901,0.375,0.0,edwards,-0.4499180706935183,-0.45502010841794077,-0.6822075796207416,-0.912488075653421,-0.9324736432653674,0.9697606103040028,-0.25642712306171145,-0.16527968804389329,-0.2543765665475411,-3.0303109492986686,-1.229564762917242,-0.8094497738512182,-0.9094845122555776,-0.8035575170409435,-1.104002891022434,-1.3754819746550093,0.2910111096561967,-0.16527968804389329,0.33759760091493607,0.0,False,-0.7559393622615246,22.9
2009,00-0021678,T.Romo,DAL,16,,,104.16,7.564,4483,92,29,4604,26,0,1,0,27,9,6,15,11,13.885,600.0,0.1736,548.0,34.0,12.0,6.0,46.08,6.0,145.0,0.3178,70.7,65.9,2.777,,,0.0,,,0.485,0.0817,0.7207,0.6875,0.0,romo,1.0720907530703567,1.2661943420022832,1.2908906685253798,1.402466099676858,1.0516002320525728,-0.08518167522940563,0.7089249614547622,1.1455592171318127,1.9620323533411526,1.0709443390330555,0.7549959070544467,1.0447972477246859,1.105999741449816,1.3800810805157127,0.90793221142932,0.6557214661480859,0.398323080358995,1.1455592171318127,0.33759760091493607,0.0,False,1.0631243037359903,88.6
2009,00-0024218,V.Young,TEN,12,,,32.53,6.472,1879,182,107,2168,10,0,2,0,12,7,4,11,8,12.207,314.0,0.1036,258.0,9.0,27.0,20.0,11.76,5.0,95.0,0.1238,39.3,34.3,1.957,,,0.0,,,0.4522,0.0701,-0.918,0.5,1.0,young,0.6993104253465244,0.3085231358223808,0.6649106316353264,-0.2915045735296784,-0.36559539317452733,0.5176424879325421,0.3621339535723726,0.3590558740263891,0.4140642188157157,0.47695887734111475,0.42423579539249867,-0.33818034081411213,-0.3514213664927571,0.9216623273164147,0.35662501543585684,1.0817966906203444,0.0669018093626219,0.3590558740263891,-2.2506506727662403,0.0,False,0.288568861103029,60.6
2010,00-0023459,A.Rodgers,GB,15,,,111.66,7.528,3922,317,51,4290,28,1,3,0,32,11,6,17,10,13.857,556.0,0.2008,473.0,31.0,37.0,15.0,2.05,5.0,92.0,0.0223,76.2,74.4,1.91,,,0.0,,,0.5108,0.0881,5.9004,0.625,0.0,rodgers,1.3660083626516808,1.7085898257363863,1.4624441988387509,1.2769834931069837,1.511307730722196,-0.44416233272720246,0.6985585504015464,0.9662035259441523,0.12251762889111502,0.3528949532789098,0.3948889046054087,1.296035761875059,1.4531456279346833,1.276371644202771,1.5859440734874135,0.3879501253423538,1.4813303376230411,0.9662035259441523,0.324733244247898,0.0,False,1.0433077453398867,80.1
2010,00-0023436,A.Smith,SF,11,,,-15.41,5.651,2367,40,26,2433,14,0,0,0,14,10,3,13,6,10.893,375.0,-0.0411,339.0,25.0,6.0,5.0,1.45,5.0,113.0,0.0128,47.5,45.2,-0.368,,,0.0,,,0.4027,0.1013,-2.1584,0.375,0.0,smith,-0.2292091232502836,-0.5107649837922953,0.08082752741707862,-0.10092915302318028,-0.20719541469578506,0.10160576238857574,-0.010159575162601287,-0.18345636568559848,0.09272289678754964,0.31524619177670365,0.3948889046054087,0.028197166477809288,0.1647568045109743,-0.41751509359054906,-0.711072960683316,-0.12611279170676315,-0.28042622371636566,-0.18345636568559848,0.324733244247898,0.0,False,-0.12535447305233025,41.8
2010,00-0005106,B.Favre,MIN,13,,,-67.21,4.554,2509,14,2,2525,11,0,0,0,11,19,7,26,6,10.036,389.0,-0.1728,359.0,22.0,3.0,5.0,-5.48,1.0,9.0,-0.6093,49.6,32.4,-1.869,,,0.0,,,0.4242,0.1234,-1.4843,0.375,0.0,favre,-1.0977090938715681,-1.4154834785871777,-0.7266490248203076,-0.03266422925151896,-0.4936126055987819,-1.6721405467377035,-0.21507571335709372,-0.18345636568559848,-0.2514062590086308,-2.1501532324888175,-0.9075516930405007,0.12096584418980323,-0.4000163783596928,-1.5336362496167883,-0.25421943399811053,-0.9867787361602085,-0.13305935793003343,-0.18345636568559848,0.324733244247898,0.0,False,-0.8426217417309215,18.2
2010,00-0024408,B.Gradkowski,LV,6,,,-21.88,4.565,1059,32,14,1105,5,0,0,0,5,7,1,8,0,0.0,177.0,-0.1236,158.0,10.0,5.0,4.0,0.0,0.0,0.0,0.0,19.3,13.5,-0.275,,,0.0,,,0.4011,0.1017,-7.3995,0.0,0.0,gradkowski,-0.7732580797898126,-0.6237674676016175,-0.7185521769856573,-1.0863184874662917,-1.0664469874047755,0.7838158812832985,-2.6147704192146475,-1.9079462031302246,0.020718960870599906,0.26451943943688905,-1.233161842451978,-1.2175536485118228,-1.233939281192162,-0.34836168418985597,-0.7450713626691916,-0.1416904558597666,-1.4261975933540243,-1.9079462031302246,0.324733244247898,0.0,False,-0.6202117000110736,25.5
2010,00-0022924,B.Roethlisberger,PIT,12,,,82.21,7.533,3195,161,22,3378,17,1,1,0,19,5,5,10,12,13.889,435.0,0.189,380.0,31.0,14.0,10.0,34.63,5.0,149.0,0.2324,60.2,50.0,1.295,,,0.0,,,0.4805,0.0943,3.6382,0.75,0.5,roethlisberger,1.2881928755345118,1.1942276699118826,1.4661245842181378,0.600270335718341,0.270166570142543,0.5109318337254094,0.7062100281404305,1.5410334717590277,1.7403715821147163,1.1855270366066482,0.3948889046054087,0.5892267888312962,0.3765467480874743,0.8190668401014138,0.9420993358798908,0.14649633097079903,0.9867845376203104,1.5410334717590277,-1.5830745657085028,0.0,False,0.7962100338283893,72.0
2010,00-0026197,C.Henne,MIA,15,,,-14.66,5.029,3298,70,-2,3366,15,0,0,0,15,18,4,22,7,9.1,543.0,-0.027,489.0,30.0,19.0,5.0,-22.76,3.0,141.0,-0.1614,63.4,55.6,-1.426,,,0.0,,,0.4438,0.0976,-0.3813,0.4375,0.0,henne,-0.13622621067807317,-0.4976657777865779,-0.37701241377859535,0.5913662152263852,-0.11172301772811945,-1.1263724516219251,-0.4388814372194562,0.10395860722183922,-1.1094945435913144,-0.37511320334796083,-0.25633139421754597,0.7305885834400486,0.6236350155933911,-1.2042280736543474,0.16226099032886607,0.017980601708519398,0.10807052333732221,0.10395860722183922,0.324733244247898,0.0,False,-0.2793757190054362,36.7
2010,00-0027688,C.McCoy,CLE,8,,,1.33,4.75,1576,134,8,1718,6,1,0,0,7,9,2,11,5,10.037,266.0,0.005,221.0,23.0,16.0,6.0,-6.84,3.0,111.0,-0.0616,36.4,24.1,-0.581,,,0.0,,,0.4586,0.1316,1.9652,0.3125,0.0,mccoy,0.07479883913119868,-0.21839070574468272,-0.582377917948359,-0.6314663323355483,-0.8755021934694444,0.37448980994646486,-0.2148366046777533,-0.47087133859303615,-0.31894098511004565,0.02039694380153118,-0.25633139421754597,-0.46215155857130125,-0.7662364891273907,-0.5758987086695556,0.4767462086982173,-1.306120851296781,0.6210453795420819,-0.47087133859303615,0.324733244247898,0.0,False,-0.370363966131553,33.7
2010,00-0021429,C.Palmer,CIN,16,,,13.38,5.509,3936,47,14,3997,26,0,0,0,26,20,6,26,4,11.5,629.0,0.0213,583.0,26.0,9.0,11.0,8.65,6.0,127.0,0.0681,73.0,65.0,-1.874,,,0.0,,,0.4817,0.0827,0.7752,0.25,0.0,palmer,0.18228972387779654,-0.00793012925282298,-0.023695417357496085,1.0595745510950623,0.9384733489162023,-1.6721405467377035,0.134979393196858,-0.7582863115004739,0.45025968203033445,0.5344016139948089,0.7204990540168861,1.1546739672663064,1.0383903217640371,-1.537354174853385,0.9675981373692983,0.5982485914079017,0.3608961876035931,-0.7582863115004739,0.324733244247898,0.0,False,0.14861449179312333,50.7
2010,00-0024296,C.Whitehurst,SEA,5,,,-24.26,3.764,507,39,11,557,2,1,0,0,3,3,1,4,7,11.071,119.0,-0.2038,101.0,5.0,9.0,4.0,-8.96,2.0,87.0,-0.1029,11.4,10.3,-0.598,,,0.0,,,0.3529,0.0756,-5.6802,0.4375,0.0,whitehurst,-1.3021396108743004,-0.6653356146597608,-1.3081499147633666,-1.4929399899322744,-1.2573917813401068,1.3295839763990767,0.03240176975994179,0.10395860722183922,-0.4242157052093101,-0.14327609304490194,-0.5819415436290233,-1.5665405789521807,-1.3751325769098286,-0.5885396544739835,-1.7692732224936984,0.8747521301237143,-1.0503366641944918,0.10395860722183922,0.324733244247898,0.0,False,-0.6478541893976894,24.6
2010,00-0023645,D.Anderson,ARI,12,,,-63.18,4.473,2065,25,0,2090,7,0,0,0,7,10,4,14,5,9.323,358.0,-0.1765,328.0,25.0,3.0,2.0,0.0,0.0,0.0,0.0,45.7,28.0,-1.799,,,0.0,,,0.3911,0.1089,-8.1657,0.3125,0.0,anderson,-1.1221088652557651,-1.3450970783164562,-0.7862712679663684,-0.35543859708491765,-0.8755021934694444,-0.034836261390368814,-0.3855602017266069,-0.47087133859303615,0.020718960870599906,0.26451943943688905,-1.233161842451978,-0.05131884298961391,-0.5941571599714844,-1.4815852963044387,-0.9575613750809151,-0.42208841061383023,-1.5936986949197975,-0.47087133859303615,0.324733244247898,0.0,False,-0.7097815616711928,22.6
2010,00-0020531,D.Brees,NO,16,,,77.93,6.013,4620,9,0,4629,33,0,0,0,33,22,3,25,11,15.36,685.0,0.1138,655.0,26.0,2.0,2.0,6.05,8.0,182.0,0.0333,75.2,70.2,2.738,,,0.0,,,0.4949,0.0759,5.9919,0.6875,0.0,brees,0.7922840084827231,1.1194748676392554,0.34728742888465747,1.5285248970047358,1.6067801276898617,-1.535698522958759,1.057938895449763,1.25361849885159,0.3211491762482177,0.39648825607093796,1.3717193528398408,1.2518602010598239,1.2678294273052455,1.892060063383135,1.248084953752773,0.8630688820089619,1.5013334057426813,1.25361849885159,0.324733244247898,0.0,False,0.9560140041976632,77.2
2010,00-0021231,D.Garrard,JAX,14,,,32.85,5.713,2734,124,154,3012,23,1,4,0,28,15,5,20,8,12.607,455.0,0.0722,365.0,32.0,23.0,35.0,1.27,7.0,118.0,0.0108,53.9,66.7,1.75,,,0.0,,,0.4769,0.1209,4.417,0.5,0.0,garrard,0.5179514437306696,0.332125258655601,0.12646430612147078,0.3286946607136883,1.1294181428515335,-0.8534884040640361,0.39967270122638276,0.3913735801292769,0.08378447715648,0.30732013672360764,1.0461092034283634,0.31092075569531435,1.1133992601140477,1.1573980366316863,0.8656029314116707,-0.8894183352039363,1.157040160041903,0.3913735801292769,0.324733244247898,0.0,False,0.4346398782197777,60.1
2010,00-0011022,D.McNabb,WAS,13,,,-31.5,5.337,3377,144,14,3535,14,0,0,0,14,15,5,20,6,9.152,530.0,-0.0594,471.0,37.0,14.0,8.0,8.03,2.0,37.0,0.217,63.3,42.4,0.008,,,0.0,,,0.4189,0.1094,-3.2843,0.375,0.0,mcnabb,-0.34988907360996097,-0.7917866166349529,-0.15030067440839032,0.716765912154763,-0.20719541469578506,-0.8534884040640361,-0.4264477858937695,-0.18345636568559848,0.4194717921899835,1.1244964126978085,-0.5819415436290233,0.726171027358525,0.04121267075801573,-0.13792711579849967,-0.3668391405763245,-0.4415604908050847,-0.5265623373327897,-0.18345636568559848,0.324733244247898,0.0,False,-0.13291922019267935,41.5
2010,00-0025430,D.Stanton,DET,6,,,5.09,5.553,780,67,49,896,4,0,1,0,5,3,2,5,6,11.677,138.0,0.0369,117.0,6.0,7.0,8.0,4.59,2.0,66.0,0.0695,16.5,12.8,0.146,,,0.0,,,0.4348,0.0797,-4.9761,0.375,0.0,stanton,0.2851644356598166,-0.15272001963601944,0.008691973981104353,-1.2413985860345222,-1.0664469874047755,1.1931419526201321,0.1773016294400611,-0.18345636568559848,0.24864866146287523,0.5399498525319762,-0.5819415436290233,-1.3412452187944812,-1.2648253146304014,-0.03531237926843901,-0.028980020841683884,0.7150810725554283,-0.8964114154181134,-0.18345636568559848,0.324733244247898,0.0,False,-0.12911440389654583,41.6
2010,00-0022803,E.Manning,NYG,16,,,32.21,6.101,4002,84,3,4089,31,0,0,0,31,25,8,33,10,12.71,567.0,0.0568,538.0,16.0,10.0,3.0,15.67,8.0,143.0,0.1096,66.6,62.0,0.979,,,0.0,,,0.4691,0.0864,2.5469,0.625,0.0,manning,0.4163956385099576,0.3209472695307221,0.412062211561859,1.1278394748667238,1.4158353337545304,-2.6272347131903153,0.42430089519841657,0.9662035259441523,0.7988580476420496,0.6988672563465517,1.3717193528398408,0.8719503780488009,0.9060216070287245,0.5840939651485213,0.699860721730527,0.4541551979926186,0.7482124257190726,0.9662035259441523,0.324733244247898,0.0,False,0.5546951834644934,64.1
2010,00-0023460,J.Campbell,LV,13,,,15.86,5.775,2387,212,17,2616,13,0,1,0,14,8,3,11,0,0.0,396.0,0.0401,327.0,33.0,25.0,11.0,14.29,5.0,138.0,0.1035,45.7,37.8,0.796,,,0.0,,,0.4141,0.1162,-0.1387,0.0,0.0,campbell,0.3062669406407437,0.035384578606082566,0.17210108482586292,0.03485868447914606,-0.20719541469578506,0.37448980994646486,-2.6147704192146475,-1.9079462031302246,0.7303301638038492,0.6746927884346087,0.3948889046054087,-0.05131884298961391,-0.16175269183613025,0.44801790148909315,-0.46883434653395106,-0.7063807814061449,0.16110598045016036,-1.9079462031302246,0.324733244247898,0.0,False,-0.007901677602813892,45.6
2010,00-0027659,J.Clausen,CAR,13,,,-113.24,2.991,1558,59,0,1617,3,0,0,0,3,9,2,11,2,6.759,352.0,-0.3217,298.0,33.0,12.0,9.0,-41.12,2.0,116.0,-0.3545,36.7,14.3,-2.204,,,0.0,,,0.3153,0.125,-8.8565,0.125,0.0,clausen,-2.079635028765336,-2.2194254151780743,-1.8771374944165111,-0.7064093464761765,-1.2573917813401068,0.37448980994646486,-0.9986348555547024,-1.3331162573153492,-2.0212133459604154,-1.1403738187243828,-0.5819415436290233,-0.4488988903267305,-1.198640957262745,-1.7827372404687476,-2.568235669161777,-1.049089392772223,-1.744716393903922,-1.3331162573153492,0.324733244247898,0.0,False,-1.3991013305946598,0.0
2010,00-0024226,J.Cutler,CHI,15,,,-19.36,5.416,3239,248,3,3490,23,1,0,0,24,16,10,26,11,11.133,517.0,-0.0375,433.0,52.0,28.0,4.0,-28.83,7.0,131.0,-0.2201,72.9,66.7,-0.648,,,0.0,,,0.4429,0.1528,1.5514,0.6875,0.0,cutler,-0.2054688051467405,-0.5797541354224071,-0.09215058541408398,0.6833754603099287,0.7475285549808711,-1.6721405467377035,0.04722650787902975,1.25361849885159,-1.4109179167057175,-0.6077429191563294,1.0461092034283634,1.150256411184783,1.1133992601140477,-0.6257189068399475,0.14313688921181192,-2.1317370514059686,0.530583416832715,1.25361849885159,0.324733244247898,0.0,False,-0.18272508213404645,39.9
2010,00-0004161,J.Delhomme,CLE,5,,,-52.28,3.558,872,0,3,875,2,0,0,0,2,7,2,9,5,10.037,158.0,-0.3309,148.0,6.0,0.0,4.0,-12.0,0.0,21.0,-0.5712,18.5,6.9,-1.332,,,0.0,,,0.3734,0.0949,2.1229,0.3125,0.0,delhomme,-2.1403047305855023,-1.1547219510333633,-1.4597817923940881,-1.256980796895445,-1.3528641783077724,0.647373857504354,-0.2148366046777533,-0.47087133859303615,-0.575175681200708,-1.9991618837273384,-1.233161842451978,-1.252894097164011,-1.5251504536098495,-1.134331079206335,-1.3336686970496652,0.1231298347412936,0.65552061279309,-0.47087133859303615,0.324733244247898,0.0,False,-1.0373626373425355,11.9
2010,00-0026158,J.Flacco,BAL,16,,,35.07,6.383,3608,79,23,3710,25,0,1,0,26,10,5,15,12,13.222,553.0,0.0634,487.0,40.0,13.0,13.0,1.22,6.0,108.0,0.0113,68.7,72.2,0.75,,,0.0,,,0.4304,0.0995,2.8019,0.75,0.0,flacco,0.4599195550331199,0.3708989084325245,0.6196359469592546,0.8466176693291189,0.9384733489162023,-0.17127828516931337,0.5467245390205633,1.5410334717590277,0.08130158281451623,0.30930165048688163,0.7204990540168861,0.9647190557607952,1.3560752371287872,0.41381298931240623,-0.12247562630284246,-0.056013303018247376,0.8039586811344631,1.5410334717590277,0.324733244247898,0.0,False,0.5041527215372579,62.4
2010,00-0026993,J.Freeman,TB,16,,,90.65,7.034,3451,330,43,3824,25,0,0,0,25,5,5,10,10,13.115,560.0,0.1619,474.0,28.0,39.0,19.0,44.05,9.0,133.0,0.3312,73.2,67.6,2.719,,,0.0,,,0.4768,0.0696,1.7863,0.625,0.0,freeman,1.1094810364772847,1.3416374014962227,1.0988221233553699,0.9312068140026992,0.8430009519485367,0.5109318337254094,0.5211399103311695,0.9662035259441523,2.208148876140693,1.5770741562295922,1.6973295022513182,1.1635090794293534,1.153109874534641,1.8779319474840686,0.8634780312875536,1.1084170924187677,0.5819355556447747,0.9662035259441523,0.324733244247898,0.0,False,1.2025873909488507,85.3
2010,00-0009311,J.Kitna,DAL,10,,,24.62,6.015,2365,120,34,2519,16,0,1,0,17,12,3,15,6,14.593,363.0,0.0678,319.0,21.0,16.0,7.0,1.09,5.0,107.0,0.0102,43.6,39.5,0.393,,,0.0,,,0.4711,0.1047,2.1379,0.375,0.0,kitna,0.48893549938189473,0.18838330475286194,0.3487595830364119,-0.037116289497496874,0.07922177620721178,-0.17127828516931337,0.8745425383958828,-0.18345636568559848,0.07484605752541039,0.3049423202076788,0.3948889046054087,-0.14408752070160785,-0.08674375348611968,0.1483531274194232,0.7423587242128717,-0.25852293700729323,0.658799804288113,-0.18345636568559848,0.324733244247898,0.0,False,0.16782095613793618,51.4
2010,00-0027754,J.Skelton,ARI,5,,,-41.09,4.082,662,49,0,711,2,0,0,0,2,2,1,3,5,9.323,142.0,-0.2894,125.0,9.0,7.0,1.0,-39.2,2.0,135.0,-0.2904,15.5,8.0,-0.689,,,0.0,,,0.331,0.0845,-12.7421,0.3125,0.0,skelton,-1.8666316191141024,-0.9592817974280595,-1.0740774046343886,-1.3786704436188413,-1.3528641783077724,1.4660260001780212,-0.3855602017266069,-0.47087133859303615,-1.9258702032290065,-0.886343754272655,-0.5819415436290233,-1.3854207796097164,-1.4766152582069014,-0.6562058937800379,-2.2346263496753718,0.5281491027193853,-2.5941581587746723,-0.47087133859303615,0.324733244247898,0.0,False,-0.9108011002139531,16.0
2010,00-0027796,J.Webb,MIN,4,,,-18.37,3.031,477,107,13,597,0,2,0,0,2,3,2,5,6,10.036,115.0,-0.1598,89.0,8.0,14.0,4.0,-18.37,2.0,115.0,-0.1598,11.7,5.9,0.019,,,0.0,,,0.4348,0.1217,-4.2151,0.375,0.0,webb,-1.0119801673865514,-0.56246318349486,-1.8476944113814195,-1.4632595882924218,-1.3528641783077724,1.1931419526201321,-0.21507571335709372,-0.18345636568559848,-0.8914964203668942,-0.3687723593054841,-0.5819415436290233,-1.55328791070761,-1.5692733585216203,-0.12974768027798758,-0.028980020841683884,-0.9205736635099437,-0.7300471002372816,-0.18345636568559848,0.324733244247898,0.0,False,-0.717771454480579,22.3
2010,00-0003292,K.Collins,TEN,10,,,11.26,5.697,1823,4,1,1828,14,0,0,0,14,8,5,13,6,12.714,295.0,0.0382,277.0,13.0,1.0,4.0,21.75,9.0,148.0,0.147,37.3,36.8,-0.35,,,0.0,,,0.4441,0.0915,-0.8489,0.375,0.0,collins,0.2937373283083182,-0.04495721822898421,0.11468707290743413,-0.5498452278259531,-0.20719541469578506,0.10160576238857574,0.425257329915777,-0.18345636568559848,1.1007779996248457,0.8470844858394475,1.6973295022513182,-0.42239355383758964,-0.2058755967479011,-0.404130562738802,0.16863569070121825,0.2555399800418237,0.00584719379913953,-0.18345636568559848,0.324733244247898,0.0,False,0.13043954810345745,50.1
2010,00-0025423,K.Kolb,PHI,6,,,-15.28,4.592,1197,69,1,1267,7,0,0,0,7,7,3,10,10,15.138,213.0,-0.0717,187.0,14.0,7.0,5.0,-18.4,1.0,45.0,-0.4089,21.3,14.3,-1.214,,,0.0,,,0.4225,0.1221,0.575,0.625,0.0,kolb,-0.43100182713039975,-0.5084944547513043,-0.698678095936971,-0.966112860824888,-0.8755021934694444,0.5109318337254094,1.0048567686362542,0.9662035259441523,-0.8929861569720724,-1.355962516168595,-0.9075516930405007,-1.1292025268813524,-1.198640957262745,-1.04658804362266,-0.29034273610810424,-0.9361513276629472,0.3171299117833532,0.9662035259441523,0.324733244247898,0.0,False,-0.6183972037880232,25.6
2010,00-0023541,K.Orton,DEN,13,,,24.09,6.404,3641,99,5,3745,20,0,0,0,20,9,5,14,4,11.097,547.0,0.044,496.0,34.0,13.0,4.0,-35.36,0.0,43.0,-0.8224,66.0,50.0,-0.297,,,0.0,,,0.4333,0.0878,-1.8891,0.25,1.0,orton,0.33198561858624875,0.17912653250882163,0.6350935655526777,0.87258802076399,0.3656389671102086,-0.034836261390368814,0.03861859542278514,-0.7582863115004739,-1.7351839177661879,-2.9946743983962,-1.233161842451978,0.8454450415596602,0.3765467480874743,-0.3647205552308801,-0.06085352270344241,0.39963337345710626,-0.22155380574238664,-0.7582863115004739,-3.4908823756649037,0.0,False,-0.2606762841190762,37.3
2010,00-0023662,M.Cassel,KC,15,,,61.68,6.679,3116,118,16,3250,27,0,0,0,27,7,2,9,10,12.2,497.0,0.1241,447.0,26.0,19.0,5.0,-6.45,4.0,111.0,-0.0581,57.0,64.3,1.06,,,0.0,,,0.4648,0.0704,-0.8021,0.625,0.5,cassel,0.8602076963900824,0.8356587375153782,0.8375147614189326,0.5052930504708122,1.033945745883868,0.647373857504354,0.30235546873494945,0.9662035259441523,-0.29957440924272816,0.03426754014444925,0.06927875519393138,0.4478649942225435,1.0075042883257974,0.6443243539813831,0.6084900163934854,1.0772617641127602,0.016078271263611183,0.9662035259441523,-1.5830745657085028,0.0,False,0.5860772345663536,65.1
2010,00-0007091,M.Hasselbeck,SEA,14,,,-30.9,4.768,2935,50,20,3005,12,3,0,0,15,17,7,24,7,11.071,482.0,-0.0641,440.0,29.0,8.0,5.0,-25.54,3.0,67.0,-0.3811,61.5,51.7,-0.525,,,0.0,,,0.4523,0.11,-0.8803,0.4375,0.0,hasselbeck,-0.3808833778006978,-0.7813072518303787,-0.569128530582568,0.3235005904267141,-0.11172301772811945,-1.3992564991798144,0.03240176975994179,0.10395860722183922,-1.2475434690045006,-1.2457903509305601,-0.25633139421754597,0.6466550178911018,0.45155568643748484,-0.534257946019676,0.34287750087883107,-0.4649269870345901,-0.001017247063775214,0.10395860722183922,0.324733244247898,0.0,False,-0.37908938162495387,33.4
2010,00-0025708,M.Moore,CAR,6,,,-40.28,2.69,857,23,2,882,5,0,0,0,5,10,4,14,2,6.759,160.0,-0.2517,142.0,13.0,4.0,1.0,0.0,0.0,0.0,0.0,20.0,23.8,-0.666,,,0.0,,,0.3937,0.1688,-3.3891,0.125,0.0,moore,-1.618017732307554,-0.9451346549418846,-2.0986966942555756,-1.2517867266084708,-1.0664469874047755,-0.034836261390368814,-0.9986348555547024,-1.3331162573153492,0.020718960870599906,0.26451943943688905,-1.233161842451978,-1.1866307559411582,-0.779473360600922,-0.6391034376916945,-0.9023139718538672,-2.754843617526111,-0.5494729552446835,-1.3331162573153492,0.324733244247898,0.0,False,-1.028150145653162,12.2
2010,00-0026143,M.Ryan,ATL,16,,,95.6,6.387,3456,131,10,3597,28,0,0,0,28,8,5,13,13,16.56,579.0,0.1651,529.0,21.0,22.0,7.0,19.6,7.0,144.0,0.1361,65.3,65.1,2.825,,,0.0,,,0.4732,0.0587,0.6748,0.8125,0.0,ryan,1.130583541458212,1.4280921611339574,0.6225802552627635,0.7627705346965348,1.1294181428515335,0.10160576238857574,1.34486931065792,1.8284484446664653,0.994013542920403,0.8038874858000741,1.0461092034283634,0.8145221489889953,1.0428026122552139,1.9567519624999126,0.7869816268193334,1.532908440588114,0.33894746586357266,1.8284484446664653,0.324733244247898,0.0,False,1.1033954328700875,82.0
2010,00-0026898,M.Sanchez,NYJ,15,,,-6.28,5.425,3291,101,14,3406,17,1,2,0,20,13,2,15,11,12.233,553.0,-0.0114,503.0,27.0,12.0,11.0,0.42,2.0,121.0,0.0035,59.8,57.1,1.838,,,0.0,,,0.4159,0.0759,-5.3718,0.6875,0.0,sanchez,-0.03335149889605314,-0.35130398268269536,-0.08552589173118878,0.621046616866238,0.3656389671102086,-0.17127828516931337,0.3102460551531741,1.25361849885159,0.041575273343095694,0.2783900357798071,-0.5819415436290233,0.5715565645052019,0.6898193729610473,1.222833520795783,-0.43058614429984154,0.8630688820089619,-0.9829164870568196,1.25361849885159,0.324733244247898,0.0,False,0.28039818905897035,55.1
2010,00-0022787,M.Schaub,HOU,16,,,74.31,6.782,4369,28,8,4405,24,0,0,0,24,12,4,16,6,15.0,615.0,0.1208,570.0,32.0,5.0,8.0,33.57,7.0,180.0,0.1865,68.9,52.2,1.126,,,0.0,,,0.4748,0.078,0.5747,0.375,1.0,schaub,0.8384457381285013,1.0562493666516592,0.9133307002342932,1.3623146478215604,0.7475285549808711,-0.3077203089482579,0.9718597708873161,-0.18345636568559848,1.687734222065084,1.003624073138094,1.0461092034283634,0.9735541679238424,0.47361713889337026,0.6934009671044555,0.8209800288052089,0.7812861452056931,0.31706432795345274,-0.18345636568559848,-3.4908823756649037,0.0,False,0.6628711251978538,67.6
2010,00-0026498,M.Stafford,DET,3,,,-3.36,5.683,535,10,1,546,6,0,1,0,7,1,2,3,6,11.677,105.0,-0.032,97.0,4.0,2.0,2.0,0.0,0.0,0.0,0.0,10.0,17.9,0.308,,,0.0,,,0.381,0.0667,-4.6915,0.375,0.0,stafford,-0.1691988747107719,-0.30030440730043556,0.1043819938451519,-1.5011021003832339,-0.8755021934694444,1.4660260001780212,0.1773016294400611,-0.18345636568559848,0.020718960870599906,0.26451943943688905,-1.233161842451978,-1.62838636409351,-1.0397984995803702,0.08514839839728437,-1.1721762876167556,1.2213551575280432,-0.834194222119211,-0.18345636568559848,0.324733244247898,0.0,False,-0.21407674233806082,38.9
2010,00-0020245,M.Vick,PHI,12,,,97.18,7.301,3018,525,160,3703,21,2,7,0,30,6,6,12,10,15.138,495.0,0.1963,370.0,35.0,54.0,36.0,-5.44,9.0,136.0,-0.04,62.1,61.2,1.696,,,0.0,,,0.4909,0.099,5.987,0.625,0.0,vick,1.336332965022252,1.4556878217860023,1.2953547026146066,0.8414235990421446,1.3203629367868648,0.2380477861675203,1.0048567686362542,0.9662035259441523,-0.24941994353505972,0.10599833837496835,1.6973295022513182,0.673160354380243,0.8707232830993079,1.1172444440764453,1.1630889487880836,-0.03654122282699293,1.5002622031876405,0.9662035259441523,0.324733244247898,0.04,False,0.9048401322787557,75.5
2010,00-0010346,P.Manning,IND,16,,,117.88,6.481,4700,6,27,4733,33,0,0,0,33,17,4,21,10,15.0,698.0,0.1689,679.0,16.0,1.0,2.0,33.73,9.0,149.0,0.2264,76.4,66.0,1.674,,,0.0,,,0.5086,0.053,4.13,0.625,1.0,manning,1.1556427661230628,1.8172259075438026,0.6917715003952289,1.605693941268353,1.6067801276898617,-0.9899304278429807,0.9718597708873161,0.9662035259441523,1.695679483959368,1.16174887144736,1.6973295022513182,1.3048708740381063,1.082513226675808,1.100885573035421,1.5391962707568347,1.7548901547684144,1.0942982961037968,0.9662035259441523,-3.4908823756649037,0.0,False,1.080772072572591,81.3
2010,00-0022942,P.Rivers,LAC,16,,,141.13,7.782,4710,62,0,4772,30,0,0,0,30,13,8,21,0,0.0,600.0,0.2352,540.0,38.0,12.0,10.0,37.63,6.0,139.0,0.2707,73.4,60.0,1.172,,,0.0,,,0.495,0.1067,6.0711,0.0,0.0,rivers,1.592860291196648,2.2233012937210423,1.6494077761115826,1.6346323328672094,1.3203629367868648,-0.9899304278429807,-2.6147704192146475,-1.9079462031302246,1.8893452426325434,1.337310990873437,0.7204990540168861,1.1723441915924007,0.8177757972051828,0.7276058792811424,1.25020985387689,-0.336411257772311,1.5186475368364025,-1.9079462031302246,0.324733244247898,0.0,False,0.9353649594118059,76.5
2010,00-0023682,R.Fitzpatrick,BUF,13,,,-8.93,5.66,2992,178,93,3263,23,0,0,0,23,15,9,24,4,10.481,503.0,-0.0178,441.0,24.0,25.0,13.0,-17.52,3.0,101.0,-0.1735,66.7,71.9,-0.239,,,0.0,,,0.4294,0.0954,-1.1836,0.25,0.0,fitzpatrick,-0.07555650885790752,-0.39758784390289686,0.08745222109997448,0.5149391810037643,0.6520561580132055,-1.3992564991798144,-0.10867235105073542,-0.7582863115004739,-0.8492872165535098,-0.4230658364191918,-0.25633139421754597,0.8763679341303249,1.3428383656552563,-0.32159262248636183,-0.1437246275440148,0.10365775455003916,-0.06732249909313964,-0.7582863115004739,0.324733244247898,0.0,False,-0.06837378582730183,43.6
2010,00-0022121,R.Grossman,WAS,4,,,-17.71,5.364,884,2,5,891,7,0,0,0,7,4,5,9,6,9.152,145.0,-0.1221,134.0,9.0,1.0,1.0,-8.86,7.0,137.0,-0.0647,16.0,21.2,-0.841,,,0.0,,,0.4276,0.1241,-6.5443,0.375,0.0,grossman,-0.763366280580003,-0.5509358822098287,-0.13042659335970339,-1.2451086362395039,-0.8755021934694444,0.647373857504354,-0.4264477858937695,-0.18345636568559848,-0.41924991652538246,0.00811155846923236,1.0461092034283634,-1.3633329992020988,-0.8941929133715263,-0.7692308209725685,-0.1819728297781255,-1.014039648427965,-1.2392399555844482,-0.18345636568559848,0.324733244247898,0.0,False,-0.4670770653517325,30.6
2010,00-0027854,S.Bradford,LA,16,,,-53.75,4.711,3475,71,1,3547,18,0,1,0,19,15,3,18,0,0.0,637.0,-0.0844,585.0,34.0,16.0,2.0,-35.58,2.0,161.0,-0.221,70.5,65.5,-1.591,,,0.0,,,0.4066,0.0816,-4.4203,0.0,0.0,bradford,-0.5147523937734546,-1.1803963948045693,-0.6110849239075731,0.7256700326467189,0.270166570142543,-0.5806043565061471,-2.6147704192146475,-1.9079462031302246,-1.7461086528708283,-0.6113096439302227,-0.5819415436290233,1.0442350652282184,1.0604517742199224,-1.3269196064620286,-0.6282018558427437,0.641087167828661,-0.7749064398891959,-1.9079462031302246,0.324733244247898,0.0,False,-0.4854882148486852,30.0
2010,00-0020679,S.Hill,DET,11,,,20.87,5.447,2686,101,20,2807,16,0,0,0,16,12,2,14,6,11.677,452.0,0.0462,415.0,17.0,12.0,8.0,5.79,3.0,71.0,0.0816,51.6,41.0,-0.751,,,0.0,,,0.4602,0.0708,-2.0362,0.375,0.0,hill,0.3464935907606362,0.1228872747242749,-0.06933219606188824,0.17658260230944295,-0.01625062076045383,-0.034836261390368814,0.1773016294400611,-0.18345636568559848,0.308238125670006,0.5879024856032072,-0.25633139421754597,0.2093169658202736,-0.0205593961184634,-0.7023081667138333,0.5107446106840928,1.0616840999597568,-0.25371174367024524,-0.18345636568559848,0.324733244247898,0.0,False,0.11288461014300177,49.6
2010,00-0022055,S.Wallace,CLE,5,,,1.07,6.028,694,12,0,706,4,0,0,0,4,2,0,2,5,10.037,112.0,0.0096,102.0,6.0,3.0,1.0,-1.34,0.0,2.0,-0.6697,15.0,13.8,-0.079,,,0.0,,,0.4196,0.0714,1.5902,0.3125,0.0,wallace,0.10513369004128152,-0.22293176382666474,0.3583285850228166,-1.3823804938238229,-1.1619193843724411,1.6024680239569657,-0.2148366046777533,-0.47087133859303615,-0.04582260749402949,-2.3895200950923177,-1.233161842451978,-1.407508560017334,-1.2207024097186305,-0.20261901491527703,-0.3519648397075043,1.0383176037302513,0.5390655921665077,-0.47087133859303615,0.324733244247898,0.0,False,-0.3394535223489736,34.7
2010,00-0019596,T.Brady,NE,16,,,146.53,8.234,3900,20,22,3942,36,0,1,0,37,4,3,7,14,19.923,536.0,0.2734,493.0,25.0,4.0,14.0,32.5,9.0,117.0,0.2778,65.8,66.1,3.038,,,0.0,,,0.5,0.0634,3.1804,0.875,0.0,brady,1.8447714444064662,2.3176155769622078,1.9821146144081174,1.0187639988402648,1.988669715560524,0.920257905062243,2.14899179927878,2.115863417573903,1.634600283147059,1.365448486311928,1.6973295022513182,0.8366099293966129,1.0869255171669847,2.115135577578919,1.3564548600827517,1.3498708867903224,0.8867036131922094,2.115863417573903,0.324733244247898,0.96,True,1.6509982965672547,100.0
2010,00-0025479,T.Edwards,BUF,4,,,-40.01,2.152,521,39,19,579,2,0,0,0,2,5,2,7,4,10.481,126.0,-0.3175,101.0,11.0,7.0,7.0,-7.14,1.0,31.0,-0.2302,11.8,6.2,-0.825,,,0.0,,,0.3571,0.1429,-6.8217,0.25,0.0,edwards,-2.051937990977869,-0.9404189407798262,-2.494706161077557,-1.4766157690303554,-1.3528641783077724,0.920257905062243,-0.10867235105073542,-0.7582863115004739,-0.3338383511618283,-0.6477694971744644,-0.9075516930405007,-1.5488703546260867,-1.556036487048089,-0.75733346021546,-1.680027417280775,-1.7461898636191313,-1.2998831369657395,-0.7582863115004739,0.324733244247898,0.0,False,-1.13750255310306,8.6
2010,00-0021678,T.Romo,DAL,6,,,19.4,6.677,1605,35,5,1645,11,0,0,0,11,7,2,9,6,14.593,224.0,0.0866,213.0,7.0,3.0,1.0,0.0,0.0,0.0,0.0,28.5,25.6,0.91,,,0.0,,,0.4955,0.0714,6.1023,0.375,0.0,romo,0.612912716144842,0.09721283095306872,0.8360426072671775,-0.6856330653282795,-0.4936126055987819,0.647373857504354,0.8745425383958828,-0.18345636568559848,0.020718960870599906,0.26451943943688905,-1.233161842451978,-0.8111384890116591,-0.7000521317597345,0.532786596883491,1.260834354497476,1.0383176037302513,1.5254682551460501,-0.18345636568559848,0.324733244247898,0.0,False,0.2117716915720481,52.8
2010,00-0025561,T.Smith,SF,6,,,-4.8,5.84,1138,113,9,1260,5,0,1,0,6,4,1,5,6,10.893,184.0,-0.0261,144.0,18.0,16.0,6.0,-2.45,1.0,25.0,-0.0979,24.6,19.4,0.845,,,0.0,,,0.375,0.1359,-8.9845,0.375,0.0,smith,-0.1302911311521874,-0.325454882831413,0.21994609475788637,-0.9713069311118623,-0.97097459043711,1.1931419526201321,-0.010159575162601287,-0.18345636568559848,-0.1009428618856255,-0.12346095541216183,-0.9075516930405007,-0.9834231761910762,-0.9736141422127138,0.4844535688077378,-1.2996702950637897,-1.473580740941569,-1.772698827994785,-0.18345636568559848,0.324733244247898,0.0,False,-0.3578563841691743,34.1
2010,00-0024218,V.Young,TEN,9,,,20.08,7.294,1255,105,26,1386,10,0,0,0,10,3,4,7,6,12.714,188.0,0.1068,157.0,13.0,12.0,6.0,0.0,0.0,0.0,0.0,28.3,26.3,0.14,,,0.0,,,0.4468,0.117,1.6695,0.375,0.0,young,0.7461222788369449,0.10908944439825251,1.290202163083465,-0.8778136659463261,-0.5890850025664475,0.920257905062243,0.425257329915777,-0.18345636568559848,0.020718960870599906,0.26451943943688905,-1.233161842451978,-0.8199736011747061,-0.6691660983214949,-0.039773889552354676,0.22600799405238312,-0.7375361097121523,0.5564015845368625,-0.18345636568559848,0.324733244247898,0.0,False,0.0015458428206518871,45.9
2011,00-0027973,A.Dalton,CIN,16,,,-2.51,5.643,3398,136,24,3558,20,0,1,0,21,13,3,16,9,11.862,570.0,-0.0044,517.0,24.0,24.0,5.0,-9.58,3.0,143.0,-0.067,69.0,65.6,-1.08,,,0.0,,,0.4246,0.0702,-1.4935,0.5625,0.0,dalton,0.06878435356733059,-0.19787917692737816,0.07225047814016014,0.5801056887404007,0.3558408136492788,-0.2512047216984133,0.3040428599088467,0.6150130324997883,-0.4197064669885586,-0.021776692418143548,-0.2722413079819946,0.9301891806038604,0.9779479506559826,-0.7169032034090398,-0.2542915770750188,1.1736095832017208,0.037764869933751666,0.6150130324997883,0.33365249753240234,0.0,False,0.1110516198178299,45.0
2011,00-0020305,A.Feeley,LA,4,,,-28.92,3.794,548,6,0,554,1,0,0,0,1,2,3,5,0,0.0,108.0,-0.2678,97.0,10.0,1.0,0.0,0.0,0.0,0.0,0.0,11.4,5.0,-0.282,,,0.0,,,0.3611,0.1389,-8.8933,0.0,0.0,feeley,-1.4956774143783595,-0.560029901526182,-1.1837573837950923,-1.419014691583731,-1.2445915539599173,1.2589445936280939,-2.114116730938547,-1.667009009144163,-0.04631524012825474,0.19099030858940858,-0.99650591978315,-1.5468993003431895,-1.60494462450942,-0.26479600271192594,-1.5105955197672776,-1.14127617318193,-1.516678206364428,-1.667009009144163,0.33365249753240234,0.0,False,-0.8250876936607257,17.1
2011,00-0023459,A.Rodgers,GB,15,,,222.93,9.304,4424,260,8,4692,43,3,0,0,46,6,0,6,15,19.31,565.0,0.3946,481.0,35.0,42.0,7.0,20.38,7.0,86.0,0.237,72.5,73.0,4.609,,,0.0,,,0.5345,0.0761,8.811,0.9375,0.0,rodgers,2.4386410179953124,2.89349754982591,2.5591324589649087,1.3347669774513078,2.356381273160774,1.121658292234775,1.8223747291241044,2.1363610602624226,0.7480180796434565,0.9436138793176153,0.6934448410862126,1.0807067098280734,1.2933506743560486,2.506201890282539,1.9200045379152053,0.9748057118383504,2.2023853569353724,2.1363610602624226,0.33365249753240234,0.968,True,1.8177713832776854,96.0
2011,00-0023436,A.Smith,SF,16,,,30.56,6.154,3144,163,32,3339,17,1,1,0,19,5,3,8,13,12.667,522.0,0.0585,445.0,43.0,25.0,9.0,4.83,3.0,141.0,0.0343,65.6,59.4,0.149,,,0.0,,,0.4349,0.0996,-0.7351,0.8125,0.0,smith,0.44237829891199243,0.2555977054081933,0.41936784831263946,0.4343642229311514,0.19579757688835914,0.8470856894481373,0.46814827810410475,1.629245051008211,0.14193941809045796,0.2999143105977524,-0.2722413079819946,0.7839721522146245,0.7136916145829547,-0.02061279030533952,-0.05051314227611637,0.1829597835266214,0.1970785850428816,1.629245051008211,0.33365249753240234,0.0,False,0.3356494965032062,51.7
2011,00-0027948,B.Gabbert,JAX,15,,,-116.94,3.686,2214,102,10,2326,12,0,0,0,12,11,5,16,5,8.379,486.0,-0.2406,412.0,40.0,21.0,13.0,-38.26,4.0,129.0,-0.2966,53.2,52.2,-3.026,,,0.0,,,0.3333,0.1152,-10.9005,0.3125,0.5,gabbert,-1.3341232758509385,-1.767016148371571,-1.2571207418745987,-0.23977324220478244,-0.36435375177485946,-0.2512047216984133,-0.4059933780713821,-0.3992189860086344,-1.537541580386629,-0.7509006242290982,-0.030819770714942775,0.25071004867741276,0.4068132888207288,-1.819410236687966,-2.0605994505837306,-0.3426911305866968,-1.9383217835889077,-0.3992189860086344,-0.9731531178028404,0.0,False,-0.935359981143349,13.8
2011,00-0022924,B.Roethlisberger,PIT,15,,,70.42,6.53,4077,75,6,4158,21,0,0,0,21,14,9,23,12,13.0,569.0,0.1238,511.0,40.0,13.0,5.0,-0.04,2.0,112.0,-0.0004,67.5,60.0,1.718,,,0.0,,,0.471,0.1125,2.9447,0.75,0.0,roethlisberger,0.8302270211855444,0.8021833881991182,0.6747810208857359,0.9793973758890288,0.3558408136492788,-1.212208831451645,0.536032879668106,1.3756870463811053,-0.04787428491681551,0.1897200578371247,-0.5136628452490464,0.8656816680791976,0.7392648083964737,0.8683047509149253,0.6637005952229466,-0.25171308775939194,0.9700778055842532,1.3756870463811053,0.33365249753240234,0.0,False,0.4550019332392319,55.3
2011,00-0025970,C.Hanie,CHI,4,,,-60.39,1.144,613,97,1,711,3,0,0,0,3,9,1,10,8,11.767,131.0,-0.461,99.0,19.0,12.0,1.0,-29.23,1.0,56.0,-0.5219,13.8,9.1,-1.711,,,0.0,,,0.374,0.2214,-7.2106,0.5,0.0,hanie,-2.6431869571540143,-0.9915665657868543,-2.9838768181533504,-1.3145333667798398,-1.0845483171989976,0.5725130866614997,0.2846763819851826,0.36145502787268263,-1.1855872193690355,-1.4663693604530013,-0.7550843825160982,-1.443687280303729,-1.4301944667837079,-1.0743964911783113,-1.2553778684171961,-3.921160815127363,-1.163200900966046,0.36145502787268263,0.33365249753240234,0.0,False,-1.3960743021131472,0.0
2011,00-0026197,C.Henne,MIA,4,,,17.13,5.699,868,103,10,981,4,0,1,0,5,4,0,4,6,10.281,137.0,0.125,112.0,11.0,11.0,3.0,0.0,0.0,0.0,0.0,18.7,15.6,-0.131,,,0.0,,,0.4599,0.1095,1.1564,0.375,0.0,henne,0.8373544096499894,0.07143699994200872,0.1102907378850894,-1.1348521075629572,-0.9245050804380781,1.3962308950214126,-0.018256104273393095,-0.14566098138152875,-0.04631524012825474,0.19099030858940858,-0.99650591978315,-1.2329627393898306,-1.1531515338039204,-0.17924689581309872,0.44409470917752814,-0.15062637350683067,0.5944175778289037,-0.14566098138152875,0.33365249753240234,0.0,False,-0.11486116204246807,38.3
2011,00-0027688,C.McCoy,CLE,13,,,-31.67,4.644,2682,204,16,2902,14,0,0,0,14,11,2,13,4,8.385,546.0,-0.058,462.0,32.0,38.0,14.0,-6.33,0.0,44.0,-0.1439,63.6,66.7,-1.261,,,0.0,,,0.4176,0.0842,-3.7007,0.25,0.0,mccoy,-0.24957233117788205,-0.5977396513424149,-0.6063605840952736,0.14354677745790057,-0.20431051501393985,0.16065418248154323,-0.4047702320972559,-0.6527769906357401,-0.29303407791799624,-0.265982399544722,-0.99650591978315,0.6979621355150745,1.0248321393141009,-0.8194488216122697,-0.39278177548203846,0.7018715833564353,-0.42589181781528773,-0.6527769906357401,0.33365249753240234,0.0,False,-0.22146554976376306,35.1
2011,00-0027939,C.Newton,CAR,16,,,78.4,6.254,4051,364,349,4764,21,1,13,0,35,17,6,23,6,15.615,670.0,0.117,516.0,35.0,47.0,72.0,12.44,9.0,135.0,0.0921,77.6,72.9,0.816,,,0.0,,,0.4627,0.0925,-0.3575,0.375,0.0,newton,0.7898384865536889,0.9116102258476776,0.4872968835714414,1.3826819799091432,1.476143470975716,-1.212208831451645,1.0691206667247521,-0.14566098138152875,0.438547689114144,0.48346554430277505,1.1762879156203163,1.3000322524119265,1.289088475387129,0.35727631102921537,0.4994907885403369,0.422198340591016,0.27639933771325004,-0.14566098138152875,0.33365249753240234,0.0,False,0.6491437052255525,61.1
2011,00-0027134,C.Painter,IND,9,,,-58.01,4.431,1541,106,3,1650,6,0,0,0,6,9,5,14,2,9.0,275.0,-0.2109,244.0,16.0,9.0,6.0,0.0,0.0,0.0,0.0,35.0,24.0,-1.734,,,0.0,,,0.3964,0.1091,-7.9609,0.125,0.0,painter,-1.1577204113559232,-0.958930491400442,-0.7510494291965223,-0.6896418763922368,-0.8444834620576183,0.023367881088224393,-0.27939776974932573,-1.1598929998899514,-0.04631524012825474,0.19099030858940858,-0.99650591978315,-0.5319811032884953,-0.7951268204146568,-1.08742714984502,-0.8122092335147306,-0.1371481449398226,-1.320813085098931,-1.1598929998899514,0.33365249753240234,0.0,False,-0.6561941681625924,22.1
2011,00-0021429,C.Palmer,LV,10,,,34.57,6.707,2689,23,-2,2710,13,0,1,0,14,14,3,17,0,0.0,342.0,0.1011,311.0,17.0,5.0,9.0,26.52,5.0,142.0,0.1868,44.3,35.0,1.176,,,0.0,,,0.4912,0.1082,2.7707,0.0,0.0,palmer,0.695400589399792,0.3105853769584093,0.7950154132938155,0.015773437570339558,-0.20431051501393985,-0.3884910230917321,-2.114116730938547,-1.667009009144163,0.9873314546875342,0.7841974099059867,0.21060176655210902,-0.13203452563558646,-0.32628493383347806,0.5612344466820486,1.063343739197493,-0.10682213066405431,0.9335263994278864,-1.667009009144163,0.33365249753240234,0.0,False,0.2252619816894497,48.4
2011,00-0027950,C.Ponder,MIN,11,,,-45.93,4.225,1841,204,18,2063,13,0,0,0,13,13,4,17,3,11.724,345.0,-0.1331,290.0,30.0,21.0,4.0,-32.21,4.0,92.0,-0.3501,39.8,31.0,-1.101,,,0.0,,,0.3884,0.1362,-6.9174,0.1875,0.0,ponder,-0.6956280592444019,-0.7932818449349535,-0.8909832418296552,-0.4147960984049311,-0.28433213339439967,-0.3884910230917321,0.27591050250394533,-0.9063349952628458,-1.301736056116813,-0.920796662347069,-0.030819770714942775,-0.3255570632095747,-0.49677289259027035,-0.7288007613221217,-0.9704837459798961,-1.0502981303546246,-1.1016096809370415,-0.9063349952628458,0.33365249753240234,0.0,False,-0.6564472261751376,22.1
2011,00-0020531,D.Brees,NO,16,,,212.91,8.309,5535,82,8,5625,46,1,0,0,47,14,3,17,13,21.038,699.0,0.3046,658.0,24.0,12.0,5.0,74.33,16.0,169.0,0.4398,73.7,74.6,4.74,,,0.0,,,0.5479,0.0601,7.2989,0.8125,0.0,brees,1.904086883161933,2.756096934131854,1.8832385581398263,1.9556655509674246,2.4364028915412335,-0.3884910230917321,2.1746407696724352,1.629245051008211,2.8507797382147917,1.5876310107255494,2.866238676489679,1.1323127198478038,1.3615458578587651,2.580419989645098,2.1851143462943607,1.5139348545186766,1.8847452348144398,1.629245051008211,0.33365249753240234,0.032,False,1.951204216799862,100.0
2011,00-0011022,D.McNabb,MIN,6,,,-15.46,5.25,1026,65,-4,1087,4,1,0,0,5,2,2,4,3,11.724,184.0,-0.084,156.0,16.0,8.0,4.0,0.0,0.0,0.0,0.0,21.0,11.9,-1.002,,,0.0,,,0.3967,0.1196,-3.1374,0.1875,0.0,mcnabb,-0.40399908124085826,-0.37545781697109304,-0.19471063042693235,-1.0643105761666996,-0.9245050804380781,1.3962308950214126,0.27591050250394533,-0.9063349952628458,-0.04631524012825474,0.19099030858940858,-0.99650591978315,-1.1340512201853477,-1.3108528956539536,-0.6727122740175925,-0.8062739392972864,-0.49095164482378656,-0.3075618920228657,-0.9063349952628458,0.33365249753240234,0.0,False,-0.4514761098218072,28.2
2011,00-0023578,D.Orlovsky,IND,8,,,2.52,5.181,1201,9,0,1210,6,0,0,0,6,4,4,8,2,9.0,206.0,0.0122,190.0,14.0,2.0,0.0,-12.25,4.0,144.0,-0.0851,25.7,24.0,-0.038,,,0.0,,,0.4757,0.1068,2.7126,0.125,0.0,orlovsky,0.16737989399215392,-0.128904616354414,-0.24158166475550583,-0.9824557803012307,-0.8444834620576183,0.8470856894481373,-0.27939776974932573,-1.1598929998899514,-0.5237727066249899,-0.0792555389589897,-0.030819770714942775,-0.9319276809414044,-0.7951268204146568,-0.12655771076945013,0.7566868712962326,-0.05964833067952582,0.9213215908205018,-1.1598929998899514,0.33365249753240234,0.0,False,-0.21467018429328802,35.3
2011,00-0022803,E.Manning,NYG,16,,,78.72,7.446,4926,43,-9,4960,29,1,0,0,30,16,6,22,9,12.71,629.0,0.1252,588.0,28.0,10.0,3.0,16.68,6.0,157.0,0.1062,78.3,61.2,2.324,,,0.0,,,0.469,0.0811,1.4393,0.5625,0.5,manning,0.8385423077273969,0.9159982694626574,1.2970109838563637,1.5131172643776951,1.076035379073417,-1.0749225300583263,0.4769141575853424,0.6150130324997883,0.6038064367015854,0.5282418833207823,0.45202330381916084,1.3301357582567692,0.7904111960235114,1.2116342792638612,0.624131967106655,0.8063278547507483,0.6538451226658933,0.6150130324997883,-0.9731531178028404,0.0,False,0.7610351768764004,64.4
2011,00-0025427,J.Beck,WAS,4,,,-27.52,4.255,858,42,2,902,2,1,1,0,4,4,4,8,5,10.286,158.0,-0.1742,133.0,16.0,8.0,1.0,0.0,0.0,0.0,0.0,16.1,14.3,-0.959,,,0.0,,,0.4177,0.1519,-2.0425,0.3125,0.0,beck,-0.9397411141516451,-0.5408322107106452,-0.8706045312520143,-1.1874255130375266,-1.004526698818538,0.8470856894481373,-0.017236815961621507,-0.3992189860086344,-0.04631524012825474,0.19099030858940858,-0.99650591978315,-1.344775761099246,-1.208560120399878,-0.6483506078146151,-0.39080334407622414,-1.5793186016096956,-0.07756111845616434,-0.3992189860086344,0.33365249753240234,0.0,False,-0.6395432211088309,22.6
2011,00-0023460,J.Campbell,LV,6,,,13.03,6.38,1170,62,3,1235,6,0,2,0,8,4,2,6,0,0.0,186.0,0.07,166.0,5.0,8.0,7.0,0.0,0.0,0.0,0.0,20.2,20.0,0.585,,,0.0,,,0.4624,0.0645,2.7263,0.0,0.0,campbell,0.5106824383629243,0.015215191125079686,0.5728874679975324,-0.9658186266700379,-0.6844402252966987,1.121658292234775,-2.114116730938547,-1.667009009144163,-0.04631524012825474,0.19099030858940858,-0.99650591978315,-1.168455226865168,-0.9656147791714491,0.22640317398531404,0.4935554943228927,1.365674340281587,0.9241994888914341,-1.667009009144163,0.33365249753240234,0.0,False,-0.013127592932749736,41.3
2011,00-0024226,J.Cutler,CHI,10,,,-9.36,6.246,2319,47,2,2368,13,0,1,0,14,7,4,11,8,11.767,350.0,-0.0267,314.0,23.0,7.0,6.0,0.0,0.0,0.0,0.0,46.0,42.4,0.374,,,0.0,,,0.4257,0.1,-1.1358,0.5,0.0,cutler,-0.06366628206360674,-0.2918107355605401,0.4818625607507378,-0.21182282410437847,-0.20431051501393985,0.43522678526818087,0.2846763819851826,0.36145502787268263,-0.04631524012825474,0.19099030858940858,-0.99650591978315,-0.05892601144096855,-0.010882210133412422,0.10686104447768126,-0.2325288316110575,0.16948155495961287,0.11290531810692649,0.36145502787268263,0.33365249753240234,0.0,False,0.006139019898758785,41.9
2011,00-0026158,J.Flacco,BAL,16,,,41.85,5.702,3610,91,18,3719,20,0,1,0,21,12,6,18,12,12.194,592.0,0.0707,542.0,31.0,9.0,10.0,13.67,7.0,120.0,0.1139,66.9,56.8,1.15,,,0.0,,,0.4307,0.0828,-1.8753,0.75,0.0,flacco,0.5148400816338505,0.4104133691992004,0.11232860894285354,0.6872489581252825,0.3558408136492788,-0.525777324485051,0.3717236038104937,1.3756870463811053,0.4864883163623876,0.5526942103022472,0.6934448410862126,0.8398786630693327,0.6028744413910397,0.5465041368848995,-0.13360726132032838,0.7490453833409638,-0.04243815805763254,1.3756870463811053,0.33365249753240234,0.0,False,0.4401501366528789,54.9
2011,00-0026993,J.Freeman,TB,15,,,-44.77,4.841,3587,212,35,3834,16,1,3,0,20,21,10,31,4,11.038,623.0,-0.0719,549.0,29.0,27.0,18.0,-36.23,6.0,167.0,-0.217,75.8,69.0,-0.798,,,0.0,,,0.4639,0.0963,-1.0074,0.25,0.0,freeman,-0.33213124755770396,-0.7773751868306517,-0.4725403846354332,0.7637798648287696,0.27581919526881893,-2.310499242598196,0.13606414612885578,-0.6527769906357401,-1.45842005736717,-0.4981207245246035,0.45202330381916084,1.2226232373823314,1.1228627155992563,-0.5571359971476537,0.5232319654101114,0.2941551692044386,0.1398777350636937,-0.6527769906357401,0.33365249753240234,0.0,False,-0.21512679238064306,35.3
2011,00-0027754,J.Skelton,ARI,8,,,-50.94,4.515,1913,128,7,2048,11,0,0,0,11,14,2,16,8,10.759,319.0,-0.1597,274.0,23.0,17.0,5.0,-21.18,7.0,183.0,-0.1158,38.0,32.4,-0.391,,,0.0,,,0.4138,0.1223,-5.864,0.5,0.0,skelton,-0.8536185035396008,-0.8619821527819813,-0.6939890395791287,-0.4247783905836468,-0.44437537015531925,-0.2512047216984133,0.07918785833198995,0.36145502787268263,-0.8718294556711813,-0.17674728419677851,0.6934448410862126,-0.4029660782391699,-0.4371021070253931,-0.32654999378458943,-0.467962168902993,-0.5819296876510919,-0.8803266278041864,0.36145502787268263,0.33365249753240234,0.0,False,-0.42105409035598795,29.1
2011,00-0024264,K.Clemens,LA,3,,,-13.5,4.73,546,37,0,583,2,1,0,0,3,1,0,1,0,0.0,105.0,-0.1285,91.0,9.0,5.0,0.0,-13.5,3.0,105.0,-0.1285,12.0,15.0,-0.507,,,0.0,,,0.4286,0.0952,-9.8102,0.0,0.0,clemens,-0.6683064034640291,-0.3485810498293416,-0.5479416137727035,-1.399715593371547,-1.0845483171989976,1.8080897992013691,-2.114116730938547,-1.667009009144163,-0.5724928562675138,-0.21707774558179213,-0.2722413079819946,-1.5210962953333242,-1.1787247276174395,-0.3922698374949468,-0.1751543208424355,0.3312202977637107,-1.7092873115642715,-1.667009009144163,0.33365249753240234,0.0,False,-0.4878571924885044,27.1
2011,00-0003292,K.Collins,IND,3,,,-29.7,4.317,481,0,0,481,2,0,0,0,2,1,3,4,2,9.0,102.0,-0.2912,96.0,5.0,0.0,1.0,0.0,0.0,0.0,0.0,10.2,8.0,-0.919,,,0.0,,,0.3824,0.0882,-10.8268,0.125,0.0,collins,-1.6346614894350384,-0.5707257578376953,-0.8284885293915567,-1.467595180186814,-1.1645699355794574,1.3962308950214126,-0.27939776974932573,-1.1598929998899514,-0.04631524012825474,0.19099030858940858,-0.99650591978315,-1.5985053103629194,-1.4770786554418258,-0.6256885927420782,-1.0891896303287711,0.5670892976863536,-1.922839952360608,-1.1598929998899514,0.33365249753240234,0.0,False,-0.6403789613846177,22.6
2011,00-0025423,K.Kolb,ARI,9,,,-13.34,5.498,1955,58,10,2023,9,0,0,0,9,8,4,12,8,10.759,296.0,-0.0451,253.0,30.0,8.0,5.0,-2.56,0.0,2.0,-1.2811,37.5,26.5,-1.379,,,0.0,,,0.4122,0.1419,-4.9468,0.5,0.0,kolb,-0.17295290518509762,-0.3463870280218517,-0.02624662298510276,-0.44141554421483964,-0.6044186069162388,0.29794048387486205,0.07918785833198995,0.36145502787268263,-0.14609410659614389,-3.87730528828783,-0.99650591978315,-0.4244685824140575,-0.6885718461916617,-0.886301766076254,-0.4996170713960261,-1.2423628874344914,-0.6876545029385561,0.36145502787268263,0.33365249753240234,0.0,False,-0.6058820425021236,23.6
2011,00-0023541,K.Orton,DEN,9,,,8.83,5.667,1758,23,0,1781,9,0,0,0,9,9,4,13,8,10.3,264.0,0.0334,251.0,10.0,3.0,0.0,15.43,1.0,98.0,0.1575,35.1,25.0,-0.17,,,0.0,,,0.4659,0.0871,-1.8654,0.5,0.0,orton,0.29329709019734995,-0.04237788132153054,0.08855344660227268,-0.6024631913647863,-0.6044186069162388,0.16065418248154323,-0.014382808688660268,0.36145502787268263,0.5550862870590614,0.6911515423011916,-0.7550843825160982,-0.5276806024535178,-0.7525048307254587,-0.20134236050882232,0.5628005935264031,0.6041544262456262,-0.040358509086666834,0.36145502787268263,0.33365249753240234,0.0,False,0.011123412419964316,42.0
2011,00-0023662,M.Cassel,KC,9,,,-20.99,4.786,1713,103,1,1817,10,0,0,0,10,9,3,12,7,7.31,310.0,-0.0677,268.0,22.0,18.0,2.0,0.0,0.0,0.0,0.0,35.9,55.6,0.516,,,0.0,,,0.4032,0.1097,-1.0548,0.4375,0.0,cassel,-0.30718538793214617,-0.45128869569246316,-0.5099013540277748,-0.5785056901358686,-0.5243969885357791,0.29794048387486205,-0.6239172191281908,0.10789702324557693,-0.04631524012825474,0.19099030858940858,-0.99650591978315,-0.4932765957736978,0.5517280537640022,0.1873111979851877,-0.6776758979193386,-0.15736548779033493,0.1299206278693731,0.10789702324557693,0.33365249753240234,0.0,False,-0.21822959499019773,35.2
2011,00-0007091,M.Hasselbeck,TEN,16,,,-8.0,5.818,3518,44,20,3582,18,0,0,0,18,14,5,19,9,11.607,541.0,-0.0148,513.0,19.0,7.0,2.0,-16.52,3.0,128.0,-0.1291,65.7,54.5,0.089,,,0.0,,,0.4288,0.0721,-1.0235,0.5625,0.0,hasselbeck,0.007013653542140093,-0.2731615501968758,0.19112628984306387,0.5960773562263457,0.11577595850789935,-0.6630636258783698,0.2520591560084853,0.6150130324997883,-0.6902007378038517,-0.21898312171021794,-0.2722413079819946,0.7882726530496024,0.5048438651058843,-0.05460581291414506,-0.1711974580308057,1.1095879975084322,0.13649567966646667,0.6150130324997883,0.33365249753240234,0.0,False,0.08611478883395467,44.3
2011,00-0025708,M.Moore,MIA,13,,,-19.5,5.685,2497,69,5,2571,16,0,2,0,18,9,9,18,6,10.281,406.0,-0.048,348.0,36.0,11.0,11.0,-15.24,7.0,119.0,-0.128,49.0,56.2,-0.732,,,0.0,,,0.3966,0.1404,2.8532,0.375,0.0,moore,-0.1901774273075065,-0.43085686761021336,0.10078067294885694,-0.07672913661909263,0.11577595850789935,-0.525777324485051,-0.018256104273393095,-0.14566098138152875,-0.6403113045699073,-0.21548993214143727,0.6934448410862126,0.07008901360835695,0.5773012475775211,-0.5197436722779676,-0.8082523707031007,-1.1918195303082106,0.9508568075192672,-0.14566098138152875,0.33365249753240234,0.0,False,-0.2295829716492379,34.8
2011,00-0026143,M.Ryan,ATL,16,,,85.48,6.901,4177,101,6,4284,29,0,2,0,31,12,4,16,10,14.889,608.0,0.1406,560.0,26.0,15.0,7.0,42.66,10.0,131.0,0.3257,69.9,66.0,1.651,,,0.0,,,0.4737,0.0707,1.9866,0.625,0.0,ryan,0.9300104596877752,1.0086956908291063,0.9267977416958918,1.0632486301902406,1.1560569974538768,-0.2512047216984133,0.921120003855488,0.868571037126894,1.6164060268718037,1.2252919836365685,1.417709452887368,0.9688936881186582,0.994996746531662,0.8303458756684259,0.717118243179941,1.1567617974929605,0.7688139996163506,0.868571037126894,0.33365249753240234,0.0,False,0.9534518345030769,70.2
2011,00-0026898,M.Sanchez,NYJ,16,,,-72.79,5.079,3474,93,17,3584,26,0,6,0,32,18,10,28,8,12.567,608.0,-0.1197,540.0,39.0,16.0,13.0,-44.44,10.0,162.0,-0.2743,69.6,66.7,-2.051,,,0.0,,,0.4046,0.1102,-3.8988,0.5,0.0,sanchez,-0.6160388880580987,-1.1616032558673228,-0.3108692807194843,0.5974083285168412,1.2360786158343366,-1.8986403384182393,0.44776251186866906,0.36145502787268263,-1.7784140002192677,-0.6800841447892711,1.417709452887368,0.9559921856137251,1.0248321393141009,-1.267023619294876,-0.6499778582379342,-0.17421327349909516,-0.467505803789864,0.36145502787268263,0.33365249753240234,0.0,False,-0.2843210905124698,33.2
2011,00-0022787,M.Schaub,HOU,10,,,65.63,7.879,2479,13,3,2495,15,1,1,0,17,6,1,7,10,12.29,314.0,0.209,290.0,16.0,5.0,3.0,0.0,0.0,0.0,0.0,40.9,42.5,1.167,,,0.0,,,0.4904,0.0732,-0.1225,0.625,0.0,schaub,1.3362716021611434,0.7364998603373888,1.5911437065269771,-0.12730608365791884,0.03575434012743955,0.9843719908414562,0.3912939393965117,0.868571037126894,-0.04631524012825474,0.19099030858940858,-0.99650591978315,-0.27825155402482193,-0.0066200111644925536,0.5561354932907279,1.0475162879509758,1.0725228689491595,0.3257647425796075,0.868571037126894,0.33365249753240234,0.0,False,0.555294966212497,58.3
2011,00-0026498,M.Stafford,DET,16,,,85.41,6.912,5100,71,12,5183,41,0,0,0,41,16,5,21,10,15.29,731.0,0.1168,676.0,38.0,11.0,6.0,60.04,14.0,194.0,0.3095,78.5,74.5,2.52,,,0.0,,,0.4884,0.0807,1.2825,0.625,1.0,stafford,0.7886505884762814,1.0077358062883293,0.9342699355743601,1.6615206747679352,1.9562731812584748,-0.9376362286650074,1.0028669264595855,0.868571037126894,2.2938109875014576,1.173846828169071,2.3833956019555753,1.3387367599267244,1.3572836588898456,1.3226781531192928,1.0079476598346842,0.8198060833177568,0.6209068440146385,0.868571037126894,-2.279958733138083,0.0,False,1.0700910790969793,73.7
2011,00-0020245,M.Vick,PHI,13,,,60.11,6.592,3303,531,65,3899,18,1,0,0,19,14,7,21,8,12.774,508.0,0.1183,418.0,23.0,51.0,16.0,26.06,8.0,138.0,0.1889,65.5,43.2,1.55,,,0.0,,,0.5098,0.0886,1.0852,0.5,1.0,vick,0.7975598240568378,0.6608061079789868,0.7168970227461928,0.807036464269871,0.19579757688835914,-0.9376362286650074,0.4899610479760209,0.36145502787268263,0.9694024396190855,0.7908662263554772,0.9348663783532645,0.7796716513796472,0.023215381617946215,0.7731242876102699,1.431331980679005,0.5536110691193455,0.5794609104821605,0.36145502787268263,-2.279958733138083,0.0,False,0.4980596098604818,56.6
2011,00-0022942,P.Rivers,LAC,16,,,96.61,6.666,4624,49,-8,4665,27,1,0,0,28,20,5,25,0,0.0,631.0,0.1531,580.0,30.0,9.0,12.0,50.62,8.0,136.0,0.3722,72.4,58.3,1.335,,,0.0,,,0.4976,0.1014,3.86,0.0,0.0,rivers,1.0042540895257446,1.1613173328126234,0.767164508837707,1.3167988515296196,0.9159921423124974,-1.4867814342382828,-2.114116730938547,-1.667009009144163,1.9266559397953966,1.3729586335895712,0.9348663783532645,1.0764062089930961,0.6668074259248368,0.6513159565953833,1.1899633491696253,0.12230775497508437,1.1623508058999001,-1.667009009144163,0.33365249753240234,0.0,False,0.6723801347239599,61.8
2011,00-0023682,R.Fitzpatrick,BUF,16,,,-8.46,5.308,3808,178,45,4031,24,0,0,0,24,23,3,26,6,12.4,633.0,-0.0134,563.0,22.0,26.0,22.0,-28.46,4.0,175.0,-0.1626,72.0,61.5,-0.261,,,0.0,,,0.4534,0.0806,1.1319,0.375,0.0,fitzpatrick,0.015328940083992663,-0.27946936289340935,-0.1553117899768272,0.8948806354425691,0.5959056687906582,-1.6240677356316016,0.41371828225549134,-0.14566098138152875,-1.1555756071892411,-0.325366622213994,-0.030819770714942775,1.0592042056531858,0.8031977929302707,-0.25289844479884405,0.3154966677995814,0.8231756404595085,0.5892709717896452,-0.14566098138152875,0.33365249753240234,0.0,False,0.03089846657603745,42.6
2011,00-0022121,R.Grossman,WAS,13,,,-17.57,4.917,3151,16,6,3173,16,0,1,0,17,20,6,26,5,10.286,491.0,-0.0358,457.0,25.0,4.0,5.0,0.3,6.0,149.0,0.002,56.6,60.7,-0.308,,,0.0,,,0.4318,0.1039,-1.215,0.3125,0.0,grossman,-0.11771564458564841,-0.40439147955736626,-0.4209143178387438,0.3238935228200309,0.03575434012743955,-1.6240677356316016,-0.017236815961621507,-0.3992189860086344,-0.03462240421404898,0.19734156235082806,0.45202330381916084,0.3969270770666483,0.7691002011789124,-0.27952631250907506,-0.1118445158563682,0.038068826431283315,0.09626812633920087,-0.3992189860086344,0.33365249753240234,0.0,False,-0.11143516656290961,38.4
2011,00-0027854,S.Bradford,LA,10,,,-111.67,4.462,2147,41,-8,2180,6,0,0,0,6,6,9,15,0,0.0,404.0,-0.2764,356.0,36.0,4.0,8.0,-7.29,0.0,33.0,-0.221,45.0,30.0,-2.787,,,0.0,,,0.3663,0.1287,-8.007,0.0,0.0,bradford,-1.5467570317068824,-1.6947505550873716,-0.7299914282662938,-0.33693421941094864,-0.8444834620576183,-0.11391842030509444,-2.114116730938547,-1.667009009144163,-0.33045115284345467,-0.5108232320474424,-0.99650591978315,-0.10193101979074372,-0.5393948822794684,-1.6840046966295574,-1.4077170866649187,-0.7975813447232225,-1.3304971070748421,-1.667009009144163,0.33365249753240234,0.0,False,-0.9653695861146128,12.9
2011,00-0022055,S.Wallace,CLE,5,,,-14.49,4.387,567,74,-3,638,2,0,0,0,2,2,1,3,4,8.385,117.0,-0.1239,105.0,6.0,5.0,1.0,-13.69,2.0,116.0,-0.118,14.0,9.5,-0.803,,,0.0,,,0.359,0.0855,-10.287,0.25,0.0,wallace,-0.6409847476836564,-0.3621565597631854,-0.7809382047103957,-1.363113855382923,-1.1645699355794574,1.5335171964147316,-0.4047702320972559,-0.6527769906357401,-0.5798983190131775,-0.1837336633343399,-0.5136628452490464,-1.435086278633774,-1.4131456709080288,-0.5599687490317208,-1.5521425792893835,0.6580673405136586,-1.8094465670548217,-0.6527769906357401,0.33365249753240234,0.0,False,-0.5479521102025877,25.3
2011,00-0019596,T.Brady,NE,16,,,202.47,8.158,5162,73,46,5281,39,0,3,0,42,12,3,15,13,19.731,675.0,0.3,609.0,32.0,13.0,21.0,53.22,12.0,177.0,0.3007,75.9,72.4,5.015,,,0.0,,,0.557,0.0696,3.9087,0.8125,2.0,brady,1.8767652273815603,2.612937011193137,1.7806657148990352,1.726738317002211,2.0362947996389344,-0.11391842030509444,1.9081988049752896,1.629245051008211,2.0279938510518467,1.1459013116188255,1.9005525274214716,1.2269237382173093,1.26777748054253,2.73622134326879,2.3651516042234877,1.1938269260522332,1.1725809983126303,1.629245051008211,-4.893569963808568,0.0,False,1.5974682722734617,89.4
2011,00-0024279,T.Jackson,SEA,15,,,-19.37,5.092,3091,102,13,3206,14,1,0,0,15,13,5,18,7,10.7,521.0,-0.0372,449.0,41.0,20.0,11.0,-12.6,4.0,145.0,-0.0869,63.0,46.9,-1.407,,,0.0,,,0.4242,0.1171,1.438,0.4375,0.0,jackson,-0.12603093112750097,-0.42907422489162783,-0.30203850613584005,0.3458545656132055,-0.12428889663348006,-0.525777324485051,0.06716025625308261,0.10789702324557693,-0.5374143485248966,-0.08497166734426724,-0.030819770714942775,0.6721591305052093,0.1809167434679789,-0.9021651766270299,-0.26220530269827624,-0.4067127162799855,0.6535720374474835,0.10789702324557693,0.33365249753240234,0.0,False,-0.2232549616850621,35.0
2011,00-0024812,T.Palko,KC,6,,,-31.19,3.063,796,20,-5,811,2,0,0,0,2,7,1,8,7,7.31,148.0,-0.2108,132.0,11.0,2.0,3.0,-8.92,1.0,38.0,-0.2347,16.0,11.1,-0.636,,,0.0,,,0.3851,0.1351,-2.5643,0.4375,0.0,palko,-1.1571264623172193,-0.5911575859199452,-1.6803186315369363,-1.2479847522550684,-1.1645699355794574,0.8470856894481373,-0.6239172191281908,0.10789702324557693,-0.3939822279773059,-0.5543293203131657,-0.7550843825160982,-1.3490762619342236,-1.3449504874053118,-0.46535483610387873,-1.0357719823717777,-1.0132330017953526,-0.18717332381474022,0.10789702324557693,0.33365249753240234,0.0,False,-0.7678688712237682,18.8
2011,00-0021678,T.Romo,DAL,16,,,83.26,7.449,4184,51,2,4237,31,0,1,0,32,10,6,16,8,13.667,565.0,0.1474,518.0,36.0,7.0,4.0,24.84,10.0,112.0,0.2218,68.4,78.0,2.816,,,0.0,,,0.4867,0.092,4.4282,0.5,0.0,romo,0.9703989943196305,0.9782536382501837,1.299048854914128,1.031970781363598,1.2360786158343366,-0.2512047216984133,0.6720059404584627,0.36145502787268263,0.9218515735679821,0.8953443507308274,1.417709452887368,0.9043861755939955,1.5064606228020387,1.4903770646560668,0.9743143259358367,0.43904612629977624,1.281710052900174,0.36145502787268263,0.33365249753240234,0.0,False,0.9688798823568321,70.7
2011,00-0027876,T.Tebow,DEN,13,,,-50.85,4.881,1729,248,415,2392,12,0,6,0,18,6,7,13,8,10.3,423.0,-0.1202,269.0,33.0,32.0,89.0,-36.5,5.0,165.0,-0.2212,47.1,50.0,-0.492,,,0.0,,,0.3783,0.1395,-8.0983,0.5,0.0,tebow,-0.6190086332516175,-0.8607480155152684,-0.4453687705319123,-0.19585115661843336,0.11577595850789935,0.16065418248154323,-0.014382808688660268,0.36145502787268263,-1.4689436096899553,-0.5114583574235844,0.21060176655210902,-0.0116205022562158,0.31304491150449293,-0.3837715818427454,-1.1703053179671687,-1.1614935160324429,-1.3496760920293036,0.36145502787268263,0.33365249753240234,0.0,False,-0.4117725352302121,29.4
2011,00-0028090,T.Yates,HOU,6,,,-2.08,5.479,949,48,17,1014,3,0,0,0,3,3,4,7,10,12.29,155.0,-0.0134,131.0,15.0,6.0,3.0,2.32,2.0,110.0,0.0211,16.6,7.5,0.404,,,0.0,,,0.4452,0.1419,-1.7048,0.625,0.0,yates,0.015328940083992663,-0.19198274331974902,-0.039153139684275265,-1.1128910647697827,-1.0845483171989976,0.9843719908414562,0.3912939393965117,0.868571037126894,0.04410935760826978,0.257996035772384,-0.5136628452490464,-1.3232732569243584,-1.498389650286425,0.12385755578208404,0.15326529252278495,-1.2423628874344914,-0.00662198133544553,0.868571037126894,0.33365249753240234,0.0,False,-0.2548292030362722,34.1
2011,00-0024218,V.Young,PHI,5,,,-4.66,4.156,866,79,4,949,4,0,0,0,4,9,0,9,8,12.774,137.0,-0.034,114.0,8.0,13.0,2.0,-3.46,0.0,3.0,-1.153,15.9,9.1,-0.025,,,0.0,,,0.438,0.1241,-1.8211,0.5,1.0,young,-0.10702456188898085,-0.22736134496552388,-0.9378542761582286,-1.1561476642108839,-1.004526698818538,0.7097993880548186,0.4899610479760209,0.36145502787268263,-0.18117261433876114,-3.4705074848689135,-0.99650591978315,-1.353376762769201,-1.4301944667837079,-0.11919255587087559,0.010818231304135468,-0.6425817162026285,-0.031052605105476888,0.36145502787268263,-2.279958733138083,0.0,False,-0.686948755301033,21.2
2012,00-0027973,A.Dalton,CIN,16,,,3.86,5.709,3669,113,22,3804,27,1,3,0,31,16,8,24,10,13.033,602.0,0.0064,525.0,46.0,19.0,12.0,-27.04,4.0,141.0,-0.1918,69.7,72.1,-0.046,,,0.0,,,0.4535,0.1196,1.4555,0.625,1.0,dalton,-0.01709808848676365,-0.2541759708033072,-0.026428053802073952,0.397737176729758,0.9494401198490136,-1.2908162415177205,0.43747223126489315,0.7974908604845937,-0.9938086449827871,-0.520801279853122,-0.2051704190260559,0.5972223624789164,0.9484703331367835,-0.31241365091795736,0.0970993254658022,-1.0190302901212434,0.5208633705299385,0.7974908604845937,-2.735710654736419,0.0,False,-0.16238462785571145,48.4
2012,00-0029668,A.Luck,IND,16,,,47.6,5.716,4374,241,29,4644,23,2,3,0,28,18,6,24,11,12.75,704.0,0.0676,620.0,41.0,34.0,9.0,-1.03,6.0,145.0,-0.0071,79.8,75.7,3.206,,,0.0,,,0.4616,0.0923,-4.3137,0.6875,0.0,luck,0.34630099967180694,0.3615070655969677,-0.02108371403320966,1.058280110404445,0.6791615455854259,-1.2908162415177205,0.37090325458603945,1.0610683482718748,-0.0797634813845883,0.1113157012020094,0.3110648288459558,1.1251529921477788,1.113401265478132,1.524100764777185,0.2570246482741806,0.23366749292007696,-0.8254888544976221,1.0610683482718748,0.4023103904024145,0.0,False,0.4579704703878655,69.4
2012,00-0023459,A.Rodgers,GB,16,,,127.75,7.333,4295,255,21,4571,39,1,1,0,41,8,5,13,11,14.931,644.0,0.1984,552.0,51.0,35.0,6.0,42.1,12.0,159.0,0.2648,78.7,83.7,2.827,,,0.0,,,0.514,0.0994,5.836,0.6875,0.0,rodgers,1.1229774822067913,1.4896962600981574,1.2134587725743426,1.0008757840255735,1.8503687007276395,0.4783855719362798,0.8839313045386193,1.0610683482718748,1.4359138698645586,1.041865821120202,1.8597705724619908,1.067655596837309,1.4799144484589055,1.3100666431448174,1.2916032797752957,-0.09212570340202501,1.543136115751673,1.0610683482718748,0.4023103904024145,0.0,False,1.1730464179289772,93.5
2012,00-0023436,A.Smith,SF,10,,,38.64,6.756,1737,103,39,1879,13,0,0,0,13,5,1,6,11,13.69,264.0,0.1464,218.0,24.0,13.0,9.0,-0.57,0.0,1.0,-0.566,32.7,31.0,0.905,,,0.0,,,0.5038,0.1136,5.2337,0.6875,0.0,smith,0.8142070151439535,0.23538635215054649,0.7729324801979928,-1.1160070462747331,-0.672231325732513,1.6042412714070071,0.5920157566288753,1.0610683482718748,-0.06359813054817265,-1.8014627541943788,-1.2376409147700793,-1.3367809343278085,-0.9344911444269403,0.22464822156853723,1.0902158362388192,-0.7437120960462283,1.4025779889517525,1.0610683482718748,0.4023103904024145,0.0,False,-0.020603814799407535,53.2
2012,00-0027948,B.Gabbert,JAX,10,,,-45.0,4.651,1662,50,8,1720,9,0,0,0,9,6,4,10,2,8.793,320.0,-0.1406,282.0,22.0,9.0,7.0,0.0,0.0,0.0,0.0,34.3,30.0,-0.346,,,0.0,,,0.4094,0.1,-5.2153,0.125,0.0,gabbert,-0.8899684472990166,-0.9419279863158228,-0.8341868360103547,-1.2410383872917274,-1.0326027580839634,0.9608951574237343,-0.5598862885878991,-1.311129041813654,-0.0435671523378315,0.13561472971035501,-1.2376409147700793,-1.2531483593307613,-0.9803052922995369,-0.48183379996732467,-0.773605209824259,-0.11965752280952671,-1.03589431211477,-1.311129041813654,0.4023103904024145,0.0,False,-0.6216350998412906,32.9
2012,00-0025409,B.Quinn,KC,10,,,-78.55,3.202,1141,66,3,1210,2,0,0,0,2,8,0,8,2,7.536,233.0,-0.3371,197.0,21.0,12.0,3.0,-57.88,0.0,111.0,-0.5214,23.6,9.1,-1.217,,,0.0,,,0.3519,0.1245,-4.2067,0.125,0.0,quinn,-2.0567645391807017,-1.4141768631157594,-1.9404651681651741,-1.642082311308502,-1.6632527646990014,1.2825682144153707,-0.8555654535536915,-1.311129041813654,-2.0775899923633503,-1.648823786381391,-1.2376409147700793,-1.8124412046235168,-1.9378209828368076,-0.9737169660406547,-1.9088775630936121,-1.2438734819491726,-0.8005183753882223,-1.311129041813654,0.4023103904024145,0.0,False,-1.3720212497747368,7.6
2012,00-0022924,B.Roethlisberger,PIT,13,,,62.94,6.827,3265,90,13,3368,26,0,0,0,26,8,5,13,8,11.2,492.0,0.1279,445.0,30.0,12.0,5.0,-1.34,9.0,151.0,-0.0089,61.9,66.7,2.039,,,0.0,,,0.5,0.0874,2.4679,0.5,0.0,roethlisberger,0.7043559835927516,0.5774324834840325,0.8271393549964688,0.05488393972718233,0.49897582940970064,0.4783855719362798,0.006302852281362849,0.27033588491003174,-0.09065752216565105,0.10515538411538658,1.0854177006539734,0.18951355936830921,0.7010739346247618,0.8650563849751459,1.0151891415879746,0.45851068474800566,0.7571261093183151,0.27033588491003174,0.4023103904024145,0.0,False,0.5438416556184992,72.3
2012,00-0029677,B.Weeden,CLE,15,,,-25.4,4.989,3385,103,13,3501,14,0,0,0,14,17,2,19,5,9.438,566.0,-0.0449,516.0,28.0,14.0,8.0,-8.74,1.0,95.0,-0.092,68.0,46.7,-1.954,,,0.0,,,0.417,0.083,-4.6545,0.3125,0.0,weeden,-0.3217120300314479,-0.6660389256517765,-0.5761315728852139,0.15946990422567445,-0.5821384676446504,-0.4866335990386294,-0.4081654760159529,-0.5203965784518112,-0.35070881822972916,-0.17924592138370068,-0.9795232908340734,0.5083627515445531,-0.21520902282717203,-1.3899257988719336,-0.6235518205225705,0.6604106937363503,-0.9050209973058785,-0.5203965784518112,0.4023103904024145,0.0,False,-0.42792083847366413,39.5
2012,00-0026197,C.Henne,JAX,10,,,-52.78,4.91,2084,57,10,2151,11,0,1,0,12,11,3,14,2,8.793,350.0,-0.1508,306.0,28.0,11.0,5.0,-33.26,3.0,188.0,-0.1769,42.9,40.0,-0.581,,,0.0,,,0.4,0.12,-4.9404,0.125,0.0,henne,-0.9505349619921116,-1.0514390522324697,-0.6364462645623916,-0.9021169534657869,-0.7623241838203756,0.3175490434404616,-0.5598862885878991,-1.311129041813654,-1.2123923019447553,-0.46980754396941077,-0.4632880429620618,-0.8036232687216306,-0.52216381357357,-0.6145462500559958,-0.9591975597500307,-1.037384836392911,-0.9717411840103402,-1.311129041813654,0.4023103904024145,0.0,False,-0.7289375949879067,29.3
2012,00-0027974,C.Kaepernick,SF,13,,,49.83,7.551,1814,204,220,2238,10,0,5,0,15,3,4,7,11,13.69,291.0,0.1712,218.0,16.0,24.0,33.0,18.07,8.0,139.0,0.13,38.9,35.7,1.239,,,0.0,,,0.4811,0.0928,4.4803,0.6875,0.0,kaepernick,0.9614667763585376,0.39289648423374435,1.3798967825189599,-0.8337035781923372,-0.49204560955678783,1.443404742911189,0.5920157566288753,1.0610683482718748,0.5914499989970186,0.5805265192997816,0.8273000767179676,-1.0127047062142496,-0.7191646494257357,0.4132693208434996,0.642030055035092,0.21072431008049233,1.2267578117459417,1.0610683482718748,0.4023103904024145,0.0,False,0.4096393220923859,67.8
2012,00-0027939,C.Newton,CAR,16,,,101.1,6.676,3869,291,462,4622,19,1,7,0,27,12,3,15,7,12.75,636.0,0.159,483.0,36.0,35.0,82.0,47.54,7.0,162.0,0.2935,80.9,61.4,1.278,,,0.0,,,0.4654,0.0943,-1.6395,0.4375,0.0,newton,0.8890244744707181,1.1145715934299514,0.7118543114109771,1.0409801764272508,0.5890686874975632,0.1567125149446434,0.37090325458603945,0.006758397122750771,1.6270867145386916,1.1400886546680218,0.5691824527819617,1.1826503874582495,0.45825895089999913,0.4352939402199173,0.3320513429250242,0.14189476156173841,-0.20141357193354004,0.006758397122750771,0.4023103904024145,0.0,False,0.670327451750897,76.6
2012,00-0021429,C.Palmer,LV,15,,,12.24,6.151,4018,25,14,4057,22,0,1,0,23,14,7,21,0,0.0,604.0,0.0203,564.0,26.0,4.0,10.0,3.58,2.0,66.0,0.0542,71.8,76.7,-0.243,,,0.0,,,0.4536,0.0795,-0.4272,0.0,0.0,palmer,0.06543863251657182,-0.13621932139694456,0.3110288287461872,0.5966864174674912,0.22869725514611286,-0.8083066560302657,-2.6282290869524276,-1.838284017388216,0.08224144764992519,0.3211087219853313,-0.7214056668980676,0.7069901171625409,1.1592154133507286,-0.42366621546037525,0.09907371216713999,0.8210129736134428,0.08149962268632265,-1.838284017388216,0.4023103904024145,0.0,False,0.013048977326904281,54.4
2012,00-0027950,C.Ponder,MIN,16,,,-9.21,4.973,2935,264,7,3206,18,2,0,0,20,12,6,18,10,14.037,561.0,-0.0164,485.0,32.0,38.0,6.0,17.1,5.0,113.0,0.1513,60.2,57.1,0.467,,,0.0,,,0.426,0.0927,-2.3841,0.625,1.0,ponder,-0.15248206250662333,-0.43814893115428105,-0.588347206642617,-0.07250648319579303,-0.04158131911747489,-0.3257970705428112,0.6736392015319226,0.7974908604845937,0.557362193972403,0.6534236048248183,0.05294720490994996,0.1006539484339464,0.2612581150478335,-0.022705196043539128,-0.4458570174021499,0.21531294664840875,-0.3751801022593255,0.7974908604845937,-2.735710654736419,0.0,False,-0.11241345998303068,50.1
2012,00-0020531,D.Brees,NO,16,,,99.23,7.203,5177,15,1,5193,43,0,1,0,44,19,4,23,7,16.464,697.0,0.1424,667.0,26.0,3.0,1.0,46.28,12.0,182.0,0.2543,76.8,78.6,2.157,,,0.0,,,0.5036,0.0703,0.9945,0.4375,0.0,brees,0.7904554407545045,1.088249524887004,1.1142067482954423,1.4899920991989728,2.120647274991227,-1.1299797130219023,1.2445328637212445,0.006758397122750771,1.582807710073727,1.0059306381149025,1.8597705724619908,0.9683419140283146,1.246262294308662,0.9316949769345637,1.0862670628361437,1.2431675378617997,0.4132802782922443,0.006758397122750771,0.4023103904024145,0.0,False,1.0603081417440836,89.7
2012,00-0022803,E.Manning,NYG,16,,,56.58,6.589,3948,41,0,3989,26,0,0,0,26,15,1,16,9,14.793,565.0,0.1001,536.0,19.0,9.0,1.0,2.14,10.0,115.0,0.0186,68.8,56.5,1.848,,,0.0,,,0.4814,0.0619,0.7349,0.5625,0.0,manning,0.5392825415860806,0.48790929849304604,0.6454318028550979,0.5432138942652546,0.49897582940970064,-0.004124013551174811,0.851470107430203,0.5339133726973128,0.03163687111853703,0.19927133960545756,1.3435353245899793,0.5501790390430767,0.2337696263242754,0.7571922234137154,0.6479532151391054,1.6286130095668214,0.352697695331495,0.5339133726973128,0.4023103904024145,0.0,False,0.5904654349574467,73.9
2012,00-0024226,J.Cutler,CHI,15,,,-8.15,5.355,3033,248,0,3281,19,0,0,0,19,14,5,19,10,12.931,498.0,-0.0164,435.0,38.0,24.0,1.0,-21.5,4.0,137.0,-0.157,65.5,55.9,-0.65,,,0.0,,,0.4197,0.1145,-1.0629,0.625,0.5,cutler,-0.15248206250662333,-0.4232284003224499,-0.29669895068461727,-0.013529435546267404,-0.13167417720533747,-0.4866335990386294,0.4134791725325853,0.7974908604845937,-0.7991215936050854,-0.40170181617841394,-0.2051704190260559,0.37768685311166633,0.2062811376007173,-0.6535128843373502,-0.5702433795864437,-0.7850098251574805,-0.06685302749914852,0.7974908604845937,-1.1667001321670023,0.0,False,-0.32639154458377967,42.9
2012,00-0026158,J.Flacco,BAL,16,,,10.85,6.314,3817,24,10,3851,22,0,3,0,25,10,4,14,10,13.724,588.0,0.0184,532.0,35.0,3.0,18.0,-8.29,8.0,118.0,-0.0703,66.1,59.5,0.049,,,0.0,,,0.4235,0.0918,0.0191,0.625,0.0,flacco,0.05415663468158353,-0.1557849231481193,0.43547559764973165,0.4346961265901274,0.40888297132183804,0.3175490434404616,0.6000134428729781,0.7974908604845937,-0.3348948880636703,-0.10497987650608104,0.8273000767179676,0.40904906873555885,0.37121206994206546,-0.25876393705232437,-0.49521668493560006,0.25661067575966096,0.18565219115851989,0.7974908604845937,0.4023103904024145,0.0,False,0.15857954748848843,59.3
2012,00-0026993,J.Freeman,TB,16,,,26.28,6.278,4065,147,16,4228,27,0,0,0,27,17,2,19,7,13.893,616.0,0.0427,560.0,26.0,19.0,11.0,-35.13,4.0,188.0,-0.1868,72.2,62.8,0.925,,,0.0,,,0.4237,0.0731,-4.16,0.4375,0.0,freeman,0.1984474490974866,0.06140733226240296,0.40799042169557426,0.7311540861084096,0.5890686874975632,-0.4866335990386294,0.6397666480274881,0.006758397122750771,-1.2781079673014888,-0.5036892879458363,-0.2051704190260559,0.7278982609118031,0.5223987579216344,0.2359428981718284,-0.4912679115329234,1.114685713960126,-0.7896200447862695,0.006758397122750771,0.4023103904024145,0.0,False,0.15878221964480788,59.3
2012,00-0027946,J.Locker,TEN,11,,,-18.48,5.103,2176,269,23,2468,10,0,1,0,11,11,5,16,6,11.379,379.0,-0.0488,314.0,25.0,30.0,10.0,-23.43,3.0,135.0,-0.1735,49.8,34.4,-0.207,,,0.0,,,0.3799,0.1135,-3.7366,0.375,0.0,locker,-0.3448698150611607,-0.5686331960703886,-0.4890951823637168,-0.6528406320671253,-0.8524170419082382,-0.004124013551174811,0.048408318095902965,-0.25681909066453024,-0.8669457829839597,-0.4581713894724565,-0.4632880429620618,-0.44295778904686306,-0.7787230416601115,-0.40333579757445115,-1.35604928671897,-0.7391234594783113,-0.6908116255814111,-0.25681909066453024,0.4023103904024145,0.0,False,-0.5441819262896186,35.6
2012,00-0027754,J.Skelton,ARI,7,,,-69.57,3.112,1132,3,2,1137,2,0,0,0,2,9,2,11,5,8.333,219.0,-0.3177,200.0,15.0,2.0,2.0,-28.23,0.0,25.0,-1.1294,25.4,7.1,-1.566,,,0.0,,,0.3699,0.1187,-9.578,0.3125,0.0,skelton,-1.9415694033918738,-1.2877746302196809,-2.0091781080505666,-1.6994866376873734,-1.6632527646990014,0.8000586289279161,-0.6680902789492867,-0.5203965784518112,-1.0356277047552538,-3.7296420023073242,-1.2376409147700793,-1.7183545577518384,-2.029449278582001,-1.1708090727680853,-1.5534879568527709,-0.9777325610099912,-2.054013089783725,-0.5203965784518112,0.4023103904024145,0.0,False,-1.4000359007810994,6.7
2012,00-0025423,K.Kolb,ARI,6,,,-13.82,4.929,1169,89,14,1272,8,0,1,0,9,3,2,5,5,8.333,222.0,-0.0623,183.0,27.0,7.0,5.0,0.0,0.0,0.0,0.0,28.4,32.1,-0.23,,,0.0,,,0.4324,0.1486,-4.6563,0.3125,0.0,kolb,-0.4250313786255513,-0.5030391643002633,-0.6219401994754753,-1.5933279519182273,-1.0326027580839634,1.7650777999028253,-0.6680902789492867,-0.5203965784518112,-0.0435671523378315,0.13561472971035501,-1.2376409147700793,-1.5615434796323742,-0.8840955817670838,-0.416324675668236,-0.3194962685165172,-2.3497348948171517,-0.9054410614404291,-0.5203965784518112,0.4023103904024145,0.0,False,-0.6025584817302783,33.6
2012,00-0023662,M.Cassel,KC,9,,,-51.18,4.412,1796,136,11,1943,6,0,1,0,7,12,9,21,2,7.536,314.0,-0.163,270.0,19.0,16.0,9.0,0.0,0.0,0.0,0.0,37.8,31.8,-1.36,,,0.0,,,0.4363,0.1306,-1.9136,0.125,0.0,cassel,-1.0229772638799315,-1.0289174962598946,-1.0166578652615637,-1.0656799656138047,-1.2127884742596886,-0.8083066560302657,-0.8555654535536915,-1.311129041813654,-0.0435671523378315,0.13561472971035501,-1.2376409147700793,-1.0702021015247198,-0.8978398261288628,-1.0544739037541864,-0.24249518716433466,-1.5237803125921048,-0.2653800048670585,-1.311129041813654,0.4023103904024145,0.0,False,-0.8730210763798416,24.4
2012,00-0007091,M.Hasselbeck,TEN,8,,,-28.83,4.996,1367,45,0,1412,7,0,0,0,7,5,4,9,6,11.379,243.0,-0.1186,222.0,14.0,6.0,1.0,0.0,0.0,0.0,0.0,28.5,21.9,0.17,,,0.0,,,0.428,0.0947,-1.0785,0.375,0.0,hasselbeck,-0.7593347881570468,-0.7143195112679845,-0.5707872331163496,-1.483237462972446,-1.2127884742596886,1.1217316859195525,0.048408318095902965,-0.25681909066453024,-0.0435671523378315,0.13561472971035501,-1.2376409147700793,-1.5563164436950587,-1.35139989006757,-0.1904311436024128,-0.40636928337538974,0.1235402152900702,-0.07049358333192084,-0.25681909066453024,0.4023103904024145,0.0,False,-0.4876290638364966,37.5
2012,00-0026143,M.Ryan,ATL,16,,,142.5,7.017,4719,148,4,4871,32,1,0,0,33,14,3,17,13,14.964,667.0,0.2136,616.0,28.0,20.0,3.0,51.16,10.0,164.0,0.312,81.4,73.3,3.433,,,0.0,,,0.5247,0.0675,5.6589,0.8125,0.0,ryan,1.2132334648866978,1.6973168542203352,0.9722000058656312,1.236783974623676,1.1296258360247386,-0.164960542046993,0.8916937647167192,1.5882233238464367,1.7543009972078758,1.2034030247249787,1.3435353245899793,1.2087855671448269,1.0034473105838997,1.6522953442245394,1.502862656818463,1.3716493617634735,1.5018064722911617,1.5882233238464367,0.4023103904024145,0.0,False,1.2488573652650703,96.1
2012,00-0026898,M.Sanchez,NYJ,15,,,-98.09,4.37,2883,30,3,2916,13,0,0,0,13,18,11,29,6,10.036,503.0,-0.195,452.0,34.0,8.0,9.0,-40.83,1.0,94.0,-0.4343,58.2,44.8,-3.47,,,0.0,,,0.4115,0.1272,-6.1546,0.375,0.0,sanchez,-1.212989858995524,-1.6892213654308341,-1.0487239038747467,-0.3005510674406255,-0.672231325732513,-2.0949988839968112,-0.26750028854614893,-0.25681909066453024,-1.4784177494049,-1.3507328873564755,-0.9795232908340734,-0.0038867703123630524,-0.30225590378510603,-2.2460622854014036,-0.732143089096161,-1.36776666928293,-1.2550977796611174,-0.25681909066453024,0.4023103904024145,0.0,False,-1.1169182032219913,16.2
2012,00-0022787,M.Schaub,HOU,16,,,83.7,6.466,4008,10,0,4018,22,0,0,0,22,12,0,12,12,13.419,576.0,0.1453,544.0,27.0,2.0,3.0,-0.72,1.0,144.0,-0.005,65.0,53.7,2.924,,,0.0,,,0.4774,0.0677,0.3659,0.75,0.0,schaub,0.807675332186855,0.869649672228196,0.5515241183450613,0.5660183526897378,0.13860439705825028,0.6392221004320979,0.5282694927420579,1.3246458360591558,-0.06886944060352558,0.11850273780306939,-0.9795232908340734,0.351551673425089,0.1054900122810048,1.3648458246707795,0.5689777470855851,1.36247208862764,0.2665845477486118,1.3246458360591558,0.4023103904024145,0.0,False,0.5907290908520748,73.9
2012,00-0026498,M.Stafford,DET,16,,,12.8,5.83,4967,102,28,5097,20,0,4,0,24,17,9,26,4,11.273,784.0,0.0163,724.0,29.0,19.0,12.0,-28.45,5.0,201.0,-0.1416,76.6,53.3,-0.269,,,0.0,,,0.4732,0.0702,-2.5444,0.25,1.0,stafford,0.04168705812712276,-0.1283367768065432,0.06595267648828744,1.41450147820758,0.31879011323397544,-1.6124892985093566,0.023474355099583188,-0.7839740662390922,-1.0433589595031045,-0.3489968811039742,0.05294720490994996,0.9578878421536835,0.08716435313196587,-0.43834929504465375,0.48605350562938926,1.2477561744297168,-0.4125891471306973,-0.7839740662390922,-2.735710654736419,0.0,False,-0.08739796423845383,51.0
2012,00-0020245,M.Vick,PHI,10,,,-9.79,5.302,2362,309,30,2701,12,0,1,0,13,10,6,16,4,9.032,432.0,-0.0227,349.0,28.0,39.0,16.0,-0.66,1.0,41.0,-0.016,48.2,37.1,-0.767,,,0.0,,,0.4329,0.1065,0.2107,0.25,0.0,vick,-0.1898907921700056,-0.44631299519433953,-0.3371632375060157,-0.4696186040359323,-0.672231325732513,-0.004124013551174811,-0.5036672588131779,-0.7839740662390922,-0.06676091658138442,0.08085635560704098,-0.9795232908340734,-0.5265903640439104,-0.6550248424041003,-0.7195867424666035,-0.3096243350098271,-0.4179188997241264,0.23036568459180018,-0.7839740662390922,0.4023103904024145,0.0,False,-0.40458977081145897,40.3
2012,00-0029567,N.Foles,PHI,7,,,-31.73,5.115,1699,39,3,1741,6,1,0,0,7,5,5,10,4,9.032,297.0,-0.1068,266.0,20.0,7.0,4.0,-15.12,5.0,153.0,-0.0988,31.0,20.0,-0.535,,,0.0,,,0.3939,0.101,0.2268,0.25,0.0,foles,-0.6892676437081721,-0.7551398314682771,-0.4799334570456641,-1.2245248139498603,-1.2127884742596886,0.9608951574237343,-0.5036672588131779,-0.7839740662390922,-0.5749152059174072,-0.20251823037760916,0.05294720490994996,-1.4256405452621719,-1.4384467710255038,-0.5885684938684262,-1.07963514853165,-0.16554388848869597,0.2341229249063921,-0.7839740662390922,0.4023103904024145,0.0,False,-0.5973816659041278,33.8
2012,00-0010346,P.Manning,DEN,16,,,153.1,7.919,4659,28,-2,4685,37,0,0,0,37,11,6,17,13,16.033,609.0,0.2514,581.0,21.0,5.0,2.0,59.18,8.0,140.0,0.4227,72.0,72.5,3.149,,,0.0,,,0.5287,0.0657,7.3683,0.8125,0.0,manning,1.4376858428669914,1.8465221625386459,1.6608563589392311,1.0905208964528523,1.489997268376189,-0.164960542046993,1.1431504292739447,1.5882233238464367,2.0361403748340794,1.5822625255522826,0.8273000767179676,0.717444189037172,0.9667959922858225,1.4919109364578051,1.5818381248719813,1.4542448199859785,1.9007273787360954,1.5882233238464367,0.4023103904024145,0.02,False,1.3643117161306098,100.0
2012,00-0022942,P.Rivers,LAC,16,,,-14.05,5.47,3606,53,-4,3655,26,0,0,0,26,15,8,23,0,0.0,593.0,-0.0237,525.0,49.0,10.0,9.0,1.12,8.0,124.0,0.009,72.8,78.8,-1.292,,,0.0,,,0.4401,0.1332,2.8971,0.0,0.0,rivers,-0.1958286857673678,-0.506276637971321,-0.20889908305328286,0.28056944206603374,0.49897582940970064,-1.1299797130219023,-2.6282290869524276,-1.838284017388216,-0.004208037257862922,0.16641631514346916,0.8273000767179676,0.7592604765356957,1.2554251238831815,-1.0160720033029964,-0.16746849251349102,-1.6430848633579456,0.8572880685122812,-1.838284017388216,0.4023103904024145,0.0,False,-0.28141786559295195,44.4
2012,00-0023682,R.Fitzpatrick,BUF,16,,,-5.41,5.627,3400,185,19,3604,24,0,1,0,25,16,11,27,6,11.467,572.0,-0.0095,503.0,30.0,31.0,8.0,-22.84,4.0,151.0,-0.1512,65.9,65.8,-0.761,,,0.0,,,0.4213,0.1014,-1.5371,0.375,0.0,fitzpatrick,-0.11151059668482367,-0.3846602357194149,-0.0890331768087648,0.2404650496643563,0.40888297132183804,-1.7733258270051748,0.06910821190416869,-0.25681909066453024,-0.846211963432905,-0.3818519055659626,-0.2051704190260559,0.3985949968609285,0.6598412015394245,-0.7161983394856163,-0.5386531923650358,-0.18389843476036358,-0.17751659005688084,-0.25681909066453024,0.4023103904024145,0.0,False,-0.23867208432391956,45.9
2012,00-0029665,R.Griffin III,WAS,15,,,124.34,7.501,3200,308,517,4025,20,0,7,0,27,5,3,8,10,16.148,532.0,0.2337,391.0,30.0,38.0,73.0,13.14,4.0,87.0,0.151,66.5,56.2,2.958,,,0.0,,,0.5038,0.0865,4.0952,0.625,0.0,iii,1.3325851261936792,1.4416971939316066,1.3417229270270754,0.5715228771370269,0.5890686874975632,1.2825682144153707,1.1702014268642913,0.7974908604845937,0.4181996085110855,0.6523968853103812,-0.2051704190260559,0.42995721248482105,0.22002538196249652,1.3840467748963747,1.0902158362388192,0.4998084138592585,1.1368874238484665,0.7974908604845937,0.4023103904024145,0.0,False,0.885882157833227,83.8
2012,00-0029531,R.Lindley,ARI,6,,,-90.56,1.891,752,8,-1,759,0,0,0,0,0,7,2,9,5,8.333,187.0,-0.4843,171.0,12.0,1.0,3.0,-30.26,0.0,76.0,-0.3982,16.9,0.0,-2.397,,,0.0,,,0.3155,0.1176,-12.2209,0.3125,0.0,lindley,-2.9308224767124273,-1.5832292926349019,-2.941383659162392,-1.9967309578409826,-1.8434384808747266,1.1217316859195525,-0.6680902789492867,-0.5203965784518112,-1.1069661008376968,-1.227184305785873,-1.2376409147700793,-2.1626526124236536,-2.3547297284774378,-1.6401028856348328,-2.627554322380646,-0.9272575587629048,-2.6707839237858995,-0.5203965784518112,0.4023103904024145,0.0,False,-1.5969652942383377,0.0
2012,00-0029701,R.Tannehill,MIA,16,,,-26.44,5.231,3294,134,90,3518,12,0,2,0,14,13,6,19,7,9.931,552.0,-0.0479,484.0,35.0,12.0,21.0,0.56,5.0,148.0,0.0038,68.9,46.7,-0.624,,,0.0,,,0.442,0.1033,-3.4488,0.4375,0.0,tannehill,-0.3395257108235346,-0.6806779370339504,-0.3913701123044918,0.1728380350262336,-0.5821384676446504,-0.4866335990386294,-0.2921990254764658,0.006758397122750771,-0.02388759479784721,0.14861984355989208,0.05294720490994996,0.5554060749803927,-0.21520902282717203,-0.6388298047530718,-0.12995514518806867,-0.27108252955078505,-0.6236480378460348,0.006758397122750771,0.4023103904024145,0.0,False,-0.26996830507065384,44.8
2012,00-0029263,R.Wilson,SEA,16,,,106.08,7.007,3118,328,173,3619,26,2,2,0,30,10,4,14,11,15.846,509.0,0.2084,393.0,33.0,50.0,33.0,53.49,11.0,111.0,0.4819,65.8,66.7,2.593,,,0.0,,,0.4931,0.1002,5.1525,0.6875,0.5,wilson,1.182356418180414,1.1846699363945916,0.9645652347672538,0.25226045919426143,0.859347261761151,0.3175490434404616,1.0991631549313803,1.0610683482718748,1.8361820134010247,1.7848685097345445,1.6016529485259852,0.3933679609236126,0.7010739346247618,1.1779189268863108,0.8789564591956519,-0.12883479594536018,1.3836284291042455,1.0610683482718748,-1.1667001321670023,0.0,False,0.8911628231161252,84.0
2012,00-0027854,S.Bradford,LA,16,,,6.09,5.658,3702,133,2,3837,21,0,1,0,22,13,3,16,0,0.0,605.0,0.0101,549.0,35.0,17.0,4.0,12.27,7.0,175.0,0.0701,71.4,73.3,0.998,,,0.0,,,0.4562,0.086,-2.1072,0.0,0.0,bradford,0.0048721178234767265,-0.22278655216653054,-0.06536538640379581,0.42368707769554925,0.13860439705825028,-0.004124013551174811,-2.6282290869524276,-1.838284017388216,0.38762601019003845,0.3755248562504996,0.5691824527819617,0.6860819734132795,1.0034473105838997,0.2771684677738411,0.15040776640192796,0.5227515966988431,-0.31056023622761725,-1.838284017388216,0.4023103904024145,0.0,False,0.10844329549406445,57.6
2012,00-0019596,T.Brady,NE,16,,,188.75,7.5,4827,22,16,4865,34,1,3,0,38,8,3,11,12,17.406,679.0,0.278,635.0,27.0,4.0,13.0,36.0,10.0,187.0,0.1925,69.4,63.3,3.488,,,0.0,,,0.5376,0.0604,1.787,0.75,1.0,brady,1.5956338125568277,2.3483305815525872,1.3409594499172375,1.232065810811714,1.5800901264640517,0.8000586289279161,1.4661158178960865,1.3246458360591558,1.2215472609468727,0.794426418140852,1.3435353245899793,0.58154125466697,0.5453058318579328,1.6833557048835903,1.7575585412910641,1.6974425580855752,0.5982251819763499,1.3246458360591558,-2.735710654736419,0.02,False,1.2974523736738777,97.7
2012,00-0021678,T.Romo,DAL,16,,,77.56,6.362,4903,65,6,4974,28,0,1,0,29,19,5,24,8,13.429,700.0,0.1108,647.0,36.0,9.0,8.0,29.94,9.0,175.0,0.1711,80.0,72.5,1.643,,,0.0,,,0.5071,0.0871,2.7152,0.5,0.0,romo,0.6028180030778568,0.7832232011834386,0.472122498921941,1.3177791200623579,0.7692544036732883,-1.2908162415177205,0.5306217534020881,0.27033588491003174,1.008586334710614,0.7211870927776695,1.0854177006539734,1.1356070640224099,0.9667959922858225,0.641421788229981,1.1553705973829729,0.4722765944517568,0.8148382540263016,0.27033588491003174,0.4023103904024145,0.0,False,0.6501973714133512,75.9
2013,00-0027973,A.Dalton,CIN,16,,,60.91,6.294,4293,135,61,4489,33,1,1,0,35,20,7,27,11,13.03,658.0,0.0926,586.0,29.0,25.0,18.0,41.65,13.0,168.0,0.2479,75.5,70.0,0.775,,,0.0,,,0.4681,0.0881,1.0326,0.6875,0.0,dalton,0.48711283895461827,0.6679934695540093,0.39907856467093705,1.1765541183188284,1.4646764548352331,-1.7907277049279986,0.42982895285049616,1.1824283544098244,1.7311047014238192,1.118800311051531,2.3216615791139006,1.0579019831921799,1.123155118900463,0.365209360869277,0.5962684241568305,0.56127016980279,0.4091274702069555,1.1824283544098244,0.47202409482265373,0.0,False,0.7578446143490051,63.7
2013,00-0029668,A.Luck,IND,16,,,53.98,6.003,3822,377,13,4212,23,3,1,0,27,9,2,11,11,12.613,656.0,0.0823,576.0,32.0,43.0,5.0,33.61,8.0,166.0,0.2025,79.0,67.5,0.635,,,0.0,,,0.4619,0.0655,-1.476,0.6875,0.0,luck,0.42657192738211464,0.5594731263623369,0.19629745069108684,0.9709947186723337,0.7582532105634561,0.4699508385145518,0.3390911744341665,1.1824283544098244,1.3646276392914745,0.8855326131161434,0.9238025131552692,1.210671038079561,1.0123428002031798,0.2631991126042638,0.4692379060650032,1.433201533411547,-0.11909901547078579,1.1824283544098244,0.47202409482265373,0.0,False,0.7085961663027434,62.4
2013,00-0023459,A.Rodgers,GB,9,,,100.0,8.003,2536,116,14,2666,17,0,0,0,17,6,1,7,8,15.444,332.0,0.3012,290.0,21.0,17.0,4.0,16.15,2.0,44.0,0.3669,41.3,36.2,1.961,,,0.0,,,0.5241,0.0843,5.8723,0.5,0.0,rodgers,1.7132132422579431,1.2801233707607151,1.5899820828550084,-0.17627904253156867,-0.12477584477626508,1.0351204743751894,0.9551071233469474,0.3903161558246023,0.568770735705561,1.730228858503318,-0.7536283659950882,-0.43486992456451484,-0.37502742988680543,1.2293818926000317,1.7436408456313914,0.7078780981971827,1.4282049328293602,0.3903161558246023,0.47202409482265373,0.0,False,0.812142877503403,65.2
2013,00-0023436,A.Smith,KC,15,,,37.18,5.982,3313,328,112,3753,23,0,1,0,24,7,6,13,11,14.828,606.0,0.0614,504.0,39.0,43.0,20.0,12.48,7.0,86.0,0.1451,71.5,58.5,0.184,,,0.0,,,0.4472,0.0875,-2.5042,0.6875,0.5,smith,0.3037267767155783,0.2963935065037374,0.1816637620533657,0.6303746304494415,0.49334449396153973,0.18736602058423302,0.8210676233362537,1.1824283544098244,0.40148580809042356,0.5906082549335167,0.644230699963543,0.8833087776066016,0.6134184528929604,-0.06541961573517151,0.16805264542793114,0.584418790075589,-0.3356032300023387,1.1824283544098244,-0.8850451777924757,0.0,False,0.3579327134058127,53.0
2013,00-0027948,B.Gabbert,JAX,3,,,-67.75,1.214,481,29,3,513,1,0,0,0,1,7,1,8,4,8.517,107.0,-0.6331,86.0,12.0,7.0,2.0,0.0,0.0,0.0,0.0,10.4,3.7,-1.149,,,0.0,,,0.2991,0.1963,-14.525,0.25,0.0,gabbert,-3.7783764356245895,-1.3467579525297657,-3.140880401025424,-1.7740024628886202,-1.537622333319819,0.89382806541003,-0.5521844620005737,-0.6658334422890272,-0.1673741092493359,-0.1549235285560155,-1.3127719923785408,-1.7836024377131072,-1.8155875729514868,-1.03670290814419,-2.8663376335074706,-3.6131976860586055,-2.8667779645295624,-0.6658334422890272,0.47202409482265373,0.0,False,-1.620945215970214,0.0
2013,00-0026625,B.Hoyer,CLE,3,,,-0.7,5.216,615,19,-2,632,5,0,0,0,5,3,0,3,4,9.625,105.0,-0.0067,96.0,6.0,2.0,1.0,0.0,0.0,0.0,0.0,11.3,15.2,0.274,,,0.0,,,0.419,0.0952,-2.525,0.25,1.0,hoyer,-0.09654857067155694,-0.29678839827267633,-0.3521174520654163,-1.6856935511271298,-1.1844107111839304,1.6002901102358271,-0.3110874392540667,-0.6658334422890272,-0.1673741092493359,-0.1549235285560155,-1.3127719923785408,-1.7443189664563519,-1.3058509069439843,0.00015840100662269845,-0.4097313239574729,0.2873448299080031,-0.3399830079271163,-0.6658334422890272,-2.2421144504076054,0.0,False,-0.4757911753824964,30.7
2013,00-0022924,B.Roethlisberger,PIT,16,,,50.0,6.295,4261,109,2,4372,28,1,0,0,29,14,8,22,8,13.069,638.0,0.0784,579.0,42.0,14.0,3.0,9.06,8.0,133.0,0.0681,78.2,74.4,0.285,,,0.0,,,0.4734,0.1003,3.0391,0.5,0.5,roethlisberger,0.40364866960223467,0.4971483116577402,0.39977540698701924,1.0897293899482874,0.9348590216314003,-1.0842656601022016,0.4383152198966281,0.3903161558246023,0.24559631151173947,0.19497801834706602,0.9238025131552692,1.1757523969624455,1.3181847998076817,0.008173491941730844,0.7048590283321008,0.09058155758921298,0.8316286435755228,0.3903161558246023,-0.8850451777924757,0.0,False,0.39829923643000026,54.1
2013,00-0029677,B.Weeden,CLE,8,,,-37.67,4.51,1731,42,4,1777,9,0,0,0,9,9,2,11,4,9.625,303.0,-0.1243,267.0,27.0,7.0,2.0,0.0,0.0,0.0,0.0,31.8,27.3,-0.908,,,0.0,,,0.3795,0.1254,-4.0503,0.25,1.0,weeden,-0.7877729591110152,-0.875720156973416,-0.844088127219281,-0.8359985598085863,-0.831199089048042,0.4699508385145518,-0.3110874392540667,-0.6658334422890272,-0.1673741092493359,-0.1549235285560155,-1.3127719923785408,-0.8495287878302632,-0.7695192844491336,-0.8610995522022744,-1.2190386569618503,-0.87780239048954,-0.6611597035359256,-0.6658334422890272,-2.2421144504076054,0.0,False,-0.7756371120514973,22.6
2013,00-0026197,C.Henne,JAX,15,,,-51.72,4.849,3241,61,19,3321,13,0,0,0,13,14,2,16,4,8.517,565.0,-0.0915,504.0,38.0,11.0,12.0,-14.31,7.0,169.0,-0.0847,67.4,48.1,-0.864,,,0.0,,,0.423,0.0991,-2.3543,0.25,0.0,henne,-0.5949824834238193,-1.095736148581352,-0.6078585820674959,0.30979101800436665,-0.47798746691215355,-0.2365112063112452,-0.5521844620005737,-0.6658334422890272,-0.8196485817759351,-0.5901167888011111,0.644230699963543,0.704350741881384,0.15243920711226244,-0.8290391884618417,-0.3277761509950042,0.13687879813481096,-0.30403934966944646,-0.6658334422890272,0.47202409482265373,0.0,False,-0.387057696088405,33.1
2013,00-0027974,C.Kaepernick,SF,16,,,75.04,6.651,3197,404,129,3730,21,0,4,0,25,8,6,14,12,14.0,537.0,0.1397,416.0,39.0,47.0,35.0,30.16,7.0,144.0,0.2095,74.3,64.1,1.768,,,0.0,,,0.4469,0.1117,-1.4885,0.75,0.0,kaepernick,0.7639552598347074,0.8892622212565101,0.6478512715121972,0.6133065214535233,0.5816473994955119,0.04607361161907361,0.640897646049153,1.4464657539382317,1.207370690988416,0.9214989982603661,0.644230699963543,1.0055240215165062,0.8616380467748744,1.0887534789204063,0.16190600745574665,-0.34924222759396517,-0.12173109355057998,1.4464657539382317,0.47202409482265373,0.0,False,0.6790768279125312,61.6
2013,00-0028986,C.Keenum,HOU,8,,,-30.51,5.461,1760,57,16,1833,9,0,1,0,10,6,3,9,2,8.625,282.0,-0.1082,250.0,19.0,5.0,8.0,-22.81,1.0,70.0,-0.3259,31.4,31.2,-1.412,,,0.0,,,0.4113,0.1028,-5.7019,0.125,0.0,keenum,-0.6931410487889464,-0.76359812850987,-0.18139108462533582,-0.7944414248620025,-0.7428961835140699,0.7525356564448706,-0.5286840301805169,-1.193908241345842,-1.2070932370153544,-1.829415659770616,-1.0332001791868144,-0.8669881083888211,-0.596652067281372,-1.2283364459563217,-0.5674950319102248,-0.005871026880782373,-1.0089309160629756,-1.193908241345842,0.47202409482265373,0.0,False,-0.6817520953583269,25.2
2013,00-0027939,C.Newton,CAR,16,,,74.46,5.727,3379,361,239,3979,24,2,4,0,30,13,2,15,12,14.077,613.0,0.1215,470.0,43.0,39.0,62.0,-0.55,5.0,144.0,-0.0038,78.6,78.9,1.703,,,0.0,,,0.4666,0.1093,0.8516,0.75,0.0,newton,0.6569800568619341,0.8801797105709155,0.0039689714524657775,0.7980873536267261,1.0231619271653725,-0.09521879734608579,0.6576525835504897,1.4464657539382317,-0.19244405752953364,-0.17444813763430783,0.08508707358009047,1.1932117175210029,1.5176469734627913,1.0413915779402216,0.5655352342959047,-0.2566477465027698,0.37101497961153534,1.4464657539382317,0.47202409482265373,0.0,False,0.5653651362450535,58.6
2013,00-0021429,C.Palmer,ARI,16,,,-1.3,5.66,4274,25,-2,4297,24,0,0,0,24,22,5,27,10,13.069,620.0,-0.0021,573.0,41.0,5.0,1.0,16.94,5.0,142.0,0.1193,73.8,64.9,-0.256,,,0.0,,,0.4468,0.1113,3.732,0.625,0.0,palmer,-0.06951088200810873,-0.30618409898191207,-0.04271946372502572,1.034072512787684,0.49334449396153973,-1.7907277049279986,0.4383152198966281,0.9183909548814171,0.6047802977807543,0.45804643540195267,0.08508707358009047,0.983699870818309,0.8970979887580056,-0.38602325313949865,0.159857128131684,-0.33380981407876603,0.9775299956946758,0.9183909548814171,0.47202409482265373,0.0,False,0.10880142788390806,46.3
2013,00-0027950,C.Ponder,MIN,9,,,-19.33,4.752,1648,160,-6,1802,7,3,1,0,11,9,5,14,5,12.613,297.0,-0.0651,239.0,27.0,25.0,6.0,0.0,0.0,0.0,0.0,32.7,24.4,-0.257,,,0.0,,,0.4276,0.1481,1.1317,0.3125,0.0,ponder,-0.4398096615292471,-0.5885249052944447,-0.6754522867274464,-0.8174462674217186,-0.6545932779800978,0.04607361161907361,0.3390911744341665,-0.4017960427606198,-0.1673741092493359,-0.1549235285560155,-1.3127719923785408,-0.810245316573508,-0.8980615741379822,-0.38675189776996305,-0.23352770208816537,-1.753591857477097,0.42999458522356404,-0.4017960427606198,0.47202409482265373,0.0,False,-0.5509856583411755,28.7
2013,00-0020531,D.Brees,NO,16,,,154.06,7.519,5162,88,-17,5233,39,2,1,0,42,12,2,14,11,15.333,702.0,0.2195,649.0,37.0,12.0,4.0,43.25,12.0,191.0,0.2265,79.6,82.4,3.14,,,0.0,,,0.5071,0.0769,5.4181,0.6875,1.0,brees,1.2330003805614824,2.1266760046628512,1.2527104018713395,1.7286703397520131,2.082796793573038,0.04607361161907361,0.9309539017541112,1.1824283544098244,1.8040354600571218,1.0088459336106215,2.042089765922174,1.2368600189173975,1.6727842196389877,2.0884539119175356,1.3953313605408992,0.9933777482283689,1.3325657437219578,1.1824283544098244,-2.2421144504076054,0.0,False,1.3989125943380696,80.9
2013,00-0022803,E.Manning,NYG,16,,,-65.99,4.546,3818,46,-2,3862,18,0,0,0,18,27,5,32,7,9.188,600.0,-0.11,551.0,39.0,6.0,4.0,-19.67,3.0,139.0,-0.1415,74.7,51.4,-1.35,,,0.0,,,0.425,0.12,-2.848,0.4375,0.0,manning,-0.7037210139181218,-1.319197230449341,-0.81900180384033,0.711262625256185,-0.03647293924229295,-2.4971897497537956,-0.4061771494889253,0.12627875629619492,-1.0639666231974985,-0.8819583139713758,-0.474056552803362,1.0229833420750645,0.2987114677926761,-1.1831604788675305,-0.28679856451376984,-0.6694648080343496,-0.4079959055089988,0.12627875629619492,0.47202409482265373,0.0,False,-0.600521250018186,27.3
2013,00-0030526,E.Manuel,BUF,10,,,-39.94,4.86,1972,155,57,2184,11,0,2,0,13,9,6,15,6,10.273,376.0,-0.1062,307.0,28.0,25.0,16.0,-20.85,3.0,80.0,-0.2607,39.6,38.2,-0.601,,,0.0,,,0.4309,0.1223,-2.4845,0.375,0.0,manuel,-0.6813855319787516,-0.911267224656691,-0.6001933165905943,-0.5339672397503791,-0.47798746691215355,-0.09521879734608579,-0.170084848333727,-0.13775864323221246,-1.117753057689559,-1.4944144724272836,-0.474056552803362,-0.5090720369383854,-0.28637757492897886,-0.6374056506497097,-0.16591468439412824,-0.7582011857467457,-0.33145507494858306,-0.13775864323221246,0.47202409482265373,0.0,False,-0.5802890045098472,27.9
2013,00-0030565,G.Smith,NYJ,16,,,-42.55,4.177,3046,254,118,3418,12,2,4,0,18,21,5,26,8,9.667,547.0,-0.0778,442.0,43.0,31.0,31.0,38.89,7.0,146.0,0.2664,66.5,58.1,-0.396,,,0.0,,,0.4132,0.1335,-4.1597,0.5,0.0,smith,-0.5144571932739844,-0.9521385227418662,-1.076136618474574,0.3817739124654136,-0.03647293924229295,-1.6494352959628393,-0.3019483824351558,0.3903161558246023,1.6052991427813725,1.2138543289326913,0.644230699963543,0.6650672706246287,0.5956884819013951,-0.48803350140451185,-0.5285663247530519,-1.1903087641723245,-0.6841956508902844,0.3903161558246023,0.47202409482265373,0.0,False,-0.20758695742032737,37.9
2013,00-0023460,J.Campbell,CLE,9,,,-21.79,5.355,2015,108,0,2123,11,0,0,0,11,8,3,11,4,9.625,345.0,-0.0632,316.0,16.0,12.0,1.0,-1.65,5.0,176.0,-0.0094,38.0,33.3,-0.437,,,0.0,,,0.4029,0.0783,-4.2511,0.25,1.0,campbell,-0.42864192055956196,-0.6270472782023112,-0.25525637013002356,-0.5792348331743364,-0.6545932779800978,0.4699508385145518,-0.3110874392540667,-0.6658334422890272,-0.24258395408992908,-0.20322124574968606,0.08508707358009047,-0.5789093191726168,-0.5035697195756541,-0.5179079312535514,-0.7396008951314093,0.9393643009251715,-0.7034414058097398,-0.6658334422890272,-2.2421144504076054,0.0,False,-0.3865102616990834,33.1
2013,00-0024226,J.Cutler,CHI,11,,,14.09,6.244,2621,112,12,2745,19,0,0,0,19,12,5,17,8,15.893,388.0,0.0363,354.0,19.0,13.0,2.0,3.01,6.0,100.0,0.0301,45.0,36.5,0.672,,,0.0,,,0.4768,0.0928,4.8034,0.5,0.0,cutler,0.1561950407476327,-0.06518437579001637,0.36423644886683915,-0.11765379858906655,0.051829966291679165,-0.3778036152764046,1.0528079926729235,0.3903161558246023,-0.030173119570435614,-0.00026807243585757107,0.3646588867718167,-0.27337120939785475,-0.36172995164313154,0.2901589639314459,0.7745209253501995,0.37993931099919903,1.2031306720699975,0.3903161558246023,0.47202409482265373,0.0,False,0.16041966924910123,47.7
2013,00-0026158,J.Flacco,BAL,16,,,-11.55,4.492,3912,132,6,4050,19,0,1,0,20,22,3,25,8,9.697,682.0,-0.0169,615.0,48.0,15.0,4.0,-34.56,5.0,190.0,-0.1819,79.8,64.5,0.617,,,0.0,,,0.4032,0.107,-1.1361,0.5,0.0,flacco,-0.15650170640355074,-0.4666939860980219,-0.8566312889087561,0.8507758640054306,0.1401328718256513,-1.5081428869976798,-0.29542048470736243,0.3903161558246023,-1.7426784957286698,-1.0895357368037473,0.08508707358009047,1.2455896791966765,0.87936801776644,0.250083509255905,-0.7334542571592236,-0.16791136879037424,-0.047527548325021526,0.3903161558246023,0.47202409482265373,0.0,False,-0.2221520654343266,37.5
2013,00-0026993,J.Freeman,TB,4,,,-36.34,3.613,761,17,3,781,2,0,0,0,2,4,1,5,4,10.667,160.0,-0.2272,147.0,8.0,2.0,3.0,0.0,0.0,0.0,0.0,16.5,6.9,-0.644,,,0.0,,,0.325,0.0813,-13.7351,0.25,0.0,freeman,-1.392594298995541,-0.8548930204012768,-1.4691556847447997,-1.5751218885013978,-1.4493194277858468,1.3177052923055081,-0.0843517915087056,-0.6658334422890272,-0.1673741092493359,-0.1549235285560155,-1.3127719923785408,-1.5173477991951003,-1.6737478050189645,-0.6687373697596781,-2.3356778885754856,0.8236211995611772,-2.7004516865112063,-0.6658334422890272,0.47202409482265373,0.0,False,-0.8193641303686736,21.5
2013,00-0027946,J.Locker,TEN,7,,,17.12,5.712,1256,141,19,1416,8,1,1,0,10,4,1,5,7,12.483,219.0,0.0782,182.0,16.0,14.0,7.0,0.0,0.0,0.0,0.0,26.9,25.0,0.82,,,0.0,,,0.4384,0.1005,1.3929,0.4375,0.0,locker,0.4024731179212152,-0.017736087208376078,-0.006483663288764031,-1.1038936618749566,-0.7428961835140699,1.3177052923055081,0.31080361761372816,0.12627875629619492,-0.1673741092493359,-0.1549235285560155,-1.3127719923785408,-1.0634054646725968,-0.8714666176506342,0.39799836924017407,-0.012248735089499377,0.08286535083161314,0.48499448877894397,0.12627875629619492,0.47202409482265373,0.0,False,-0.09694186356648705,40.8
2013,00-0021206,J.McCown,CHI,8,,,84.6,8.504,1829,75,-3,1901,13,1,0,0,14,1,2,3,8,15.893,245.0,0.3453,225.0,11.0,8.0,1.0,34.35,5.0,45.0,0.7633,31.2,26.9,2.487,,,0.0,,,0.5388,0.0612,4.8726,0.5,0.0,mccown,1.9724223879227398,1.0389670525569987,1.9391000832120704,-0.7439791895697222,-0.3896845613781814,1.6002901102358271,1.0528079926729235,0.3903161558246023,1.398358115159377,3.7669538686704476,0.08508707358009047,-0.8757177686681,-0.787249255440699,1.6126489682242955,2.044826106268462,1.5990999786999391,1.2177018563197384,0.3903161558246023,0.47202409482265373,0.0,False,1.0904447401731843,72.6
2013,00-0024264,K.Clemens,LA,10,,,-24.36,5.227,1673,60,10,1743,8,0,0,0,8,7,4,11,0,0.0,280.0,-0.087,243.0,21.0,9.0,7.0,-17.78,3.0,113.0,-0.1573,34.7,21.6,-0.945,,,0.0,,,0.4107,0.1214,-3.794,0.0,0.0,clemens,-0.5685325706008808,-0.667292196240204,-0.3444521865885146,-0.8612296774547264,-0.9195019945820141,0.4699508385145518,-2.40545462692115,-1.7219830404026566,-0.9778171645619098,-0.9631395832969072,-0.474056552803362,-0.7229487137807188,-1.0221713710789393,-0.8880594035294563,-0.5797883078545948,-0.7234782553375468,-0.6071915745878249,-1.7219830404026566,0.47202409482265373,0.0,False,-0.7030968081835729,24.6
2013,00-0029604,K.Cousins,WAS,5,,,-42.65,3.669,854,9,5,868,4,0,0,0,4,7,4,11,3,10.774,164.0,-0.26,155.0,5.0,2.0,2.0,-30.68,4.0,154.0,-0.1992,14.6,11.1,-0.932,,,0.0,,,0.3537,0.0976,-11.2957,0.1875,0.0,cousins,-1.5853847746827368,-0.9537044728600723,-1.4301325150442097,-1.510559910995098,-1.2727136167179025,0.4699508385145518,-0.06106895627957557,-0.9298708418174346,-1.5658214060429112,-1.1784240886601836,-0.19448473961163576,-1.6002795718482499,-1.4875831096075285,-0.8785870233334195,-1.7476495225697728,0.19475034881680764,-2.1867963850832055,-0.9298708418174346,0.47202409482265373,0.0,False,-0.9832278632738692,17.1
2013,00-0023662,M.Cassel,MIN,9,,,-13.03,5.672,1807,56,6,1869,11,0,1,0,12,9,1,10,5,12.613,284.0,-0.0459,255.0,16.0,11.0,2.0,-16.22,7.0,153.0,-0.106,33.9,26.7,0.472,,,0.0,,,0.419,0.0915,-2.1436,0.3125,0.0,cassel,-0.32695670015137634,-0.4898700478474699,-0.03435735593204249,-0.7677261238249129,-0.5662903724461257,0.6112432474797113,0.3390911744341665,-0.4017960427606198,-0.9067096748944398,-0.6995573607399602,0.644230699963543,-0.7578673548978346,-0.7961142409364816,0.1444300378385699,-0.4097313239574729,0.43009465492359644,-0.2596730415564353,-0.4017960427606198,0.47202409482265373,0.0,False,-0.22888442950888135,37.3
2013,00-0026349,M.Flynn,GB,7,,,-37.3,5.251,1392,68,2,1462,8,0,0,0,8,5,6,11,8,15.444,242.0,-0.1541,203.0,24.0,12.0,3.0,-10.64,6.0,129.0,-0.0825,22.6,17.0,-1.17,,,0.0,,,0.4008,0.1446,0.1516,0.5,0.0,flynn,-0.9629301595829186,-0.8699261415360539,-0.3277279710025476,-1.06975744388312,-0.9195019945820141,0.4699508385145518,0.9551071233469474,0.3903161558246023,-0.6523636541607974,-0.5788130677557839,0.3646588867718167,-1.2510931606770934,-1.2260660374819403,-1.0520044453839419,-0.7826273609367052,-1.6185582392191034,0.2236186071430593,0.3903161558246023,0.47202409482265373,0.0,False,-0.6659403344170162,25.6
2013,00-0030520,M.Glennon,TB,13,,,-39.43,4.976,2608,67,3,2678,19,0,0,0,19,9,4,13,4,10.667,473.0,-0.0834,416.0,40.0,11.0,6.0,-28.36,6.0,142.0,-0.1997,56.5,65.5,-1.161,,,0.0,,,0.3996,0.1121,-0.1332,0.25,0.0,glennon,-0.5473726403425301,-0.9032808790538407,-0.5193596079250871,-0.16737394218587215,0.051829966291679165,0.18736602058423302,-0.0843517915087056,-0.6658334422890272,-1.4600718060246227,-1.1809931161704852,0.3646588867718167,0.22858425666068288,0.9236929452453533,-1.0454466437097625,-0.8072139128254453,-0.36467464110916487,0.16364934017302793,-0.6658334422890272,0.47202409482265373,0.0,False,-0.43997683654483677,31.6
2013,00-0030419,M.McGloin,LV,7,,,1.24,5.963,1547,32,-1,1578,8,0,0,0,8,8,2,10,0,0.0,223.0,0.0056,211.0,6.0,3.0,3.0,-7.28,4.0,110.0,-0.0662,29.8,22.2,0.14,,,0.0,,,0.417,0.0762,-4.6898,0.0,0.0,mcgloin,-0.024252142288858497,-0.26640896597948094,0.16842375804780838,-0.9836748072080537,-0.9195019945820141,0.6112432474797113,-2.40545462692115,-1.7219830404026566,-0.49920906103086227,-0.4950627709199508,-0.19448473961163576,-0.9368253906230524,-0.9955764145915914,-0.09747997947560422,-0.45070891043870726,1.0203844718799673,-0.7958168180981975,-1.7219830404026566,0.47202409482265373,0.0,False,-0.30996121751446337,35.1
2013,00-0026143,M.Ryan,ATL,16,,,22.18,5.723,4515,71,0,4586,26,0,0,0,26,17,9,26,4,11.767,703.0,0.0315,650.0,44.0,8.0,1.0,-6.21,7.0,175.0,-0.0355,79.9,63.4,-0.819,,,0.0,,,0.4637,0.0996,2.8341,0.25,0.0,ryan,0.12798180040316504,0.06150098877284496,0.0011816021881376226,1.2485370127798754,0.6699503050294839,-1.6494352959628393,0.15500445851038958,-0.6658334422890272,-0.4504366161948412,-0.337324481787431,0.644230699963543,1.2499545093363162,0.8306105975396354,-0.7962501800909446,0.5061177338981145,0.1175882812408119,0.7884625630668977,-0.6658334422890272,0.47202409482265373,0.0,False,0.0633786328560633,45.1
2013,00-0022787,M.Schaub,HOU,10,,,-49.05,4.533,2310,24,0,2334,10,0,0,0,10,14,3,17,2,8.625,384.0,-0.1277,358.0,21.0,4.0,1.0,-15.81,2.0,110.0,-0.1438,39.9,31.2,-2.247,,,0.0,,,0.4141,0.099,-1.7288,0.125,0.0,schaub,-0.8077573376883466,-1.053925280425253,-0.8280607539493954,-0.4226534854291725,-0.7428961835140699,-0.3778036152764046,-0.5286840301805169,-1.193908241345842,-0.8880211679946562,-0.8937758405187634,-0.7536283659950882,-0.4959775465194672,-0.596652067281372,-1.836754712394079,-0.5101264108364961,0.14073690151361035,-0.17233016255654396,-1.193908241345842,0.47202409482265373,0.0,False,-0.7668360905977423,22.9
2013,00-0026498,M.Stafford,DET,16,,,38.48,6.384,4650,65,17,4732,29,0,2,0,31,19,7,26,7,13.621,686.0,0.0561,636.0,23.0,11.0,16.0,-18.99,2.0,153.0,-0.1241,74.0,64.6,0.903,,,0.0,,,0.4606,0.0729,-3.322,0.4375,0.0,stafford,0.2725746571685619,0.31675085804041475,0.46179437311831406,1.356882400319183,1.1114648326993446,-1.6494352959628393,0.5584285380880285,0.12627875629619492,-1.0329710507783447,-0.7925561566128791,-0.7536283659950882,0.992429531097588,0.8838005105143311,0.45847587356871766,0.44260247485220156,1.147701883380361,-0.5078043062947954,0.12627875629619492,0.47202409482265373,0.0,False,0.30108227823335154,51.5
2013,00-0020245,M.Vick,PHI,6,,,12.29,6.929,1215,159,151,1525,5,0,2,0,7,3,3,6,10,15.241,186.0,0.0661,141.0,15.0,16.0,14.0,0.0,0.0,0.0,0.0,22.9,13.2,0.343,,,0.0,,,0.4462,0.1237,-2.0932,0.625,1.0,vick,0.33135224121953627,-0.09337147791772347,0.8415734353829827,-1.0230056670682133,-1.0078049001159863,1.1764128833403489,0.9109350153888777,0.9183909548814171,-0.1673741092493359,-0.1549235285560155,-1.3127719923785408,-1.2379986702581751,-1.3945007619018108,0.05043488050866492,0.14756385218731394,-0.8122146330499429,-0.24906050273870495,0.9183909548814171,-2.2421144504076054,0.0,False,-0.24454542485660147,36.9
2013,00-0029567,N.Foles,PHI,13,,,109.11,9.051,2891,159,84,3134,27,0,3,0,30,2,3,5,10,15.241,392.0,0.2783,322.0,28.0,18.0,24.0,23.11,9.0,150.0,0.1541,47.0,56.6,1.409,,,0.0,,,0.4796,0.0867,5.2928,0.625,1.0,foles,1.5786125747812116,1.422781426529277,2.3202728301089035,0.17101987095059581,1.0231619271653725,1.3177052923055081,0.9109350153888777,0.9183909548814171,0.8860195357604269,0.6368507501189458,1.2033743263469954,-0.1860746066050656,0.5292010906830252,0.8271700565836939,0.831889546423928,0.6152836171059873,1.3061817930501005,0.9183909548814171,-2.2421144504076054,0.0,False,0.9302956462256605,68.4
2013,00-0010346,P.Manning,DEN,16,,,235.26,8.873,5477,0,-9,5468,55,0,1,0,56,10,8,18,13,17.824,687.0,0.3424,659.0,18.0,0.0,10.0,70.29,14.0,181.0,0.3884,73.2,76.7,4.537,,,0.0,,,0.5459,0.0568,6.3854,0.8125,1.0,manning,1.9553768885479572,3.3982275006460823,2.1962348978463138,1.90306188818857,3.319037471048647,-0.519096024241564,1.4729870097518991,1.710503153466639,3.036565280959934,1.8406970414462882,2.601233392305627,0.9575108899804725,1.420132133009182,3.1063704606762745,2.1902965382768462,1.7688565273671306,1.5362464738487531,1.710503153466639,-2.2421144504076054,0.96,True,2.1113869485129393,100.0
2013,00-0022942,P.Rivers,LAC,16,,,151.37,7.806,4478,80,-5,4553,32,0,0,0,32,11,6,17,0,0.0,598.0,0.2531,543.0,30.0,14.0,11.0,33.0,9.0,126.0,0.2619,71.5,72.7,3.509,,,0.0,,,0.5201,0.0886,7.9863,0.0,0.0,rivers,1.4304930629727564,2.0845519464831113,1.4527041465868622,1.22404798682921,1.1997677382333167,-0.3778036152764046,-2.40545462692115,-1.7219830404026566,1.3368227875625278,1.1907330813399766,1.2033743263469954,0.8833087776066016,1.242832423093529,2.3573237805588914,1.6616856726689226,0.5419796529087909,1.8733419776841578,-1.7219830404026566,0.47202409482265373,0.0,False,1.15965159262317,74.5
2013,00-0023682,R.Fitzpatrick,TEN,11,,,47.95,5.666,2454,210,22,2686,14,1,2,0,17,12,3,15,7,12.483,404.0,0.1187,347.0,21.0,29.0,7.0,15.61,6.0,143.0,0.1092,51.0,42.5,0.816,,,0.0,,,0.448,0.0891,1.039,0.4375,0.0,fitzpatrick,0.6405223333276613,0.46504633423451824,-0.03853840982853379,-0.16143720862207447,-0.12477584477626508,-0.09521879734608579,0.31080361761372816,0.12627875629619492,0.5441566046668215,0.4061520796938598,0.3646588867718167,-0.011481401019487298,-0.09578038676965195,0.39508379071831656,0.18444368002042533,0.5226891360147918,0.4104750941838102,0.12627875629619492,0.47202409482265373,0.0,False,0.24337004372855328,50.0
2013,00-0029665,R.Griffin III,WAS,13,,,2.23,5.473,3203,280,212,3695,16,0,0,0,16,12,6,18,3,10.774,579.0,0.0039,457.0,38.0,36.0,48.0,-6.25,1.0,34.0,-0.1838,62.3,44.4,-0.454,,,0.0,,,0.4387,0.1019,-1.3538,0.1875,0.0,iii,-0.034244331577524136,-0.250906059809242,-0.17302897683235258,0.5873333121119084,-0.21307875031023718,-0.519096024241564,-0.06106895627957557,-0.9298708418174346,-0.4522598851606737,-1.0992980413428934,-1.0332001791868144,0.4817444047597713,-0.011563024559716794,-0.5302948899714459,-0.006102097117314905,0.028851903528415847,-0.09336782016271752,-0.9298708418174346,0.47202409482265373,0.0,False,-0.2514364624966169,36.7
2013,00-0029701,R.Tannehill,MIA,16,,,5.86,5.022,3913,140,105,4158,24,0,1,0,25,17,5,22,8,11.321,673.0,0.0087,585.0,58.0,14.0,16.0,-2.81,7.0,153.0,-0.0183,78.9,73.5,-0.735,,,0.0,,,0.4413,0.1189,0.1182,0.5,0.0,tannehill,-0.0060310912330564575,-0.19406207051836605,-0.48730486138531665,0.9309217671166993,0.5816473994955119,-1.0842656601022016,0.05795637895719283,0.3903161558246023,-0.2954587540990734,-0.248949935433055,0.644230699963543,1.2063062079399218,1.2782923650766596,-0.7350440311319366,0.04716876530829067,-0.627025670867552,0.21658569451384915,0.3903161558246023,0.47202409482265373,0.0,False,-0.0108236628494465,43.1
2013,00-0029263,R.Wilson,SEA,16,,,80.27,7.111,3357,434,123,3914,26,0,1,0,27,9,6,15,13,14.893,531.0,0.1512,406.0,44.0,51.0,30.0,-1.25,4.0,129.0,-0.0097,74.1,64.3,1.767,,,0.0,,,0.4783,0.1186,5.7166,0.8125,0.0,wilson,0.831549481493328,0.9711614124386811,0.9683987369098992,0.7498513934208699,0.7582532105634561,-0.09521879734608579,0.8352114017464732,1.710503153466639,-0.22435126443160347,-0.20476266225586703,-0.19448473961163576,0.9967943612372272,0.8705030322706573,1.0880248342899417,0.8052541152111252,-0.6154513607311523,1.3954197682674436,1.710503153466639,0.47202409482265373,0.0,False,0.6042124456945145,59.6
2013,00-0027854,S.Bradford,LA,7,,,-20.37,6.101,1687,39,0,1726,14,0,0,0,14,4,4,8,0,0.0,286.0,-0.0712,262.0,15.0,7.0,2.0,0.0,0.0,0.0,0.0,34.3,37.8,-0.205,,,0.0,,,0.451,0.0804,-3.519,0.0,0.0,bradford,-0.4756639878003414,-0.6048107865237867,0.2645879976671189,-0.8738452362777965,-0.3896845613781814,0.89382806541003,-2.40545462692115,-1.7219830404026566,-0.1673741092493359,-0.1549235285560155,-1.3127719923785408,-0.7404080343392769,-0.30410754592054445,-0.34886237698581524,0.24591005974227687,0.8583441299703753,-0.5492858568323522,-1.7219830404026566,0.47202409482265373,0.0,False,-0.26681625620048754,36.3
2013,00-0019596,T.Brady,NE,16,,,62.89,6.144,4343,24,13,4380,25,0,0,0,25,11,4,15,12,14.323,681.0,0.0923,626.0,40.0,3.0,12.0,15.48,6.0,167.0,0.0927,68.4,53.2,0.411,,,0.0,,,0.467,0.0837,-1.3511,0.75,0.0,brady,0.48534951143308896,0.6989992818944872,0.29455221725864333,1.095666123512085,0.5816473994955119,-0.09521879734608579,0.7111813449183966,1.4464657539382317,0.5382309805278657,0.3213741718539061,0.3646588867718167,0.7479990432777787,0.3784963372547202,0.09998271538024271,0.5737307515921517,0.7310267184699817,-0.09279929129748199,1.4464657539382317,0.47202409482265373,0.0,False,0.5108201022868271,57.1
2013,00-0027253,T.Lewis,BUF,5,,,-9.32,5.354,1092,29,28,1149,4,0,1,0,5,3,3,6,6,10.273,193.0,-0.0483,157.0,18.0,9.0,9.0,3.58,1.0,65.0,0.055,20.8,14.7,-0.056,,,0.0,,,0.3938,0.1295,-1.3922,0.375,0.0,lewis,-0.3410633203236102,-0.4317732984620292,-0.25595321244610575,-1.3020321445667045,-1.1844107111839304,1.1764128833403489,-0.170084848333727,-0.13775864323221246,-0.004191536807321589,0.12766949757716345,-1.0332001791868144,-1.3296601031906037,-1.328013370683441,-0.24029432704662268,-0.9260489136210254,-1.0359846290203318,-0.1014535640238454,-0.13775864323221246,0.47202409482265373,0.0,False,-0.48299394803684725,30.5
2013,00-0028825,T.Pryor,LV,11,,,-29.91,4.106,1798,304,276,2378,7,0,2,0,9,11,3,14,0,0.0,381.0,-0.0785,271.0,31.0,34.0,45.0,-5.95,2.0,64.0,-0.093,44.9,25.0,-0.576,,,0.0,,,0.4199,0.1444,-3.5722,0.0,0.0,pryor,-0.5185716241575526,-0.7542024278006343,-1.125612422916393,-0.3900014508282853,-0.831199089048042,0.04607361161907361,-2.40545462692115,-1.7219830404026566,-0.43858536791692954,-0.632762645472118,-0.7536283659950882,-0.2777360395374943,-0.8714666176506342,-0.6191895348881002,-0.3912914100409172,-1.6108420324615036,-0.5604879811399565,-1.7219830404026566,0.47202409482265373,0.0,False,-0.7322261484878814,23.8
2013,00-0021678,T.Romo,DAL,15,,,41.61,6.507,3811,47,0,3858,31,0,0,0,31,10,5,15,8,16.259,582.0,0.0715,535.0,35.0,9.0,3.0,10.92,7.0,102.0,0.1071,67.9,68.9,0.54,,,0.0,,,0.4691,0.0859,0.0802,0.5,0.0,romo,0.36309213660706235,0.365765096740261,0.5475059779963948,0.7082942584742862,1.1114648326993446,-0.09521879734608579,1.1324483449520042,0.3903161558246023,0.33037831842295357,0.39536216415059294,0.644230699963543,0.7261748925795813,1.0743976986736588,0.19397787271014777,0.6167572173974476,0.6461484441363856,0.20858417715127472,0.3903161558246023,0.47202409482265373,0.0,False,0.5302662752234092,57.6
2014,00-0027973,A.Dalton,CIN,16,,,-2.61,5.744,3398,76,104,3578,19,0,4,1,24,17,5,22,10,13.036,549.0,-0.0048,482.0,21.0,17.0,29.0,-3.66,7.0,135.0,-0.0271,63.5,58.5,1.369,,,0.0,,,0.4627,0.082,1.064,0.625,0.0,dalton,-0.19989988437730463,-0.37676194473229174,-0.3363467247259073,0.40287021505606146,0.43473407262041974,-1.1781892580829567,0.38590923880333017,0.8188724790544419,-0.2581289462919989,-0.11692878225503307,0.92355767781472,0.4555653843051425,0.4770072705417386,0.5358951256858252,0.2702151054251889,0.5116250051922429,0.37856609749211195,0.8188724790544419,0.33978580828776833,0.0,False,0.13537999124316305,46.0
2014,00-0028957,A.Davis,LA,9,,,-33.01,5.328,2001,44,-1,2044,12,0,0,0,12,9,3,12,0,0.0,319.0,-0.1035,282.0,29.0,6.0,2.0,0.0,0.0,0.0,0.0,38.7,30.8,-0.48,,,0.0,,,0.4671,0.1317,-0.9997,0.0,0.0,davis,-0.9629137339012892,-0.8964829478179388,-0.7154626801069417,-0.7326305808046366,-0.6437408383033135,0.3075039412591881,-2.5344619084801465,-1.732686694810848,-0.0859408669149176,0.022194262427211207,-1.282718996964889,-0.6781917354684954,-0.8136864140158835,-0.7513768087503485,0.37710345572091447,-1.1984059591436078,-0.20204163058599245,-1.732686694810848,0.33978580828776833,0.0,False,-0.6509122847926572,19.0
2014,00-0029668,A.Luck,IND,16,,,70.42,7.256,4761,283,2,5046,40,3,0,0,43,16,9,25,11,14.774,694.0,0.1015,618.0,27.0,37.0,12.0,-38.27,7.0,143.0,-0.2676,78.7,76.8,0.471,,,0.0,,,0.4741,0.0778,1.0681,0.6875,0.0,luck,0.6218668046237041,0.8717651886672085,1.0415939592551624,1.4895163482526095,2.142319348249664,-1.6238972178856002,0.7752621886329314,1.074028396440971,-1.8863883526419394,-1.35158163266388,0.92355767781472,1.1504487802954368,1.3297038202675322,-0.08929156826965558,0.5471531039186593,0.6561346641502023,0.37971960414769185,1.074028396440971,0.33978580828776833,0.0,False,0.5108288527602735,58.9
2014,00-0023459,A.Rodgers,GB,16,,,188.22,8.638,4381,245,38,4664,38,1,1,0,40,5,3,8,12,18.692,582.0,0.3234,521.0,28.0,27.0,6.0,42.7,7.0,152.0,0.2809,75.9,75.5,4.28,,,0.0,,,0.5378,0.0619,3.1405,0.75,1.0,rodgers,2.3372951046173434,2.885684075624091,2.3010609071796577,1.206751482529802,1.8727006205187307,0.9017812209960461,1.6529865024605368,1.3291843138275,1.9229200591510305,1.4642482569380015,0.92355767781472,1.0224439441919617,1.269129748429088,2.562530388608325,2.094604902518134,1.2032069444910476,0.9627750170803193,1.3291843138275,-2.5823721429870394,0.52,True,1.7084727416104892,100.0
2014,00-0023436,A.Smith,KC,15,,,52.03,6.117,3265,246,8,3519,18,0,1,0,19,6,6,12,9,12.172,553.0,0.0941,466.0,45.0,35.0,7.0,5.32,3.0,134.0,0.0397,69.1,51.4,0.567,,,0.0,,,0.4575,0.1085,-1.3205,0.5625,0.0,smith,0.5646600925013385,0.5573681739716477,0.0035817641133381443,0.3591971075229577,-0.01463047359780245,0.3075039412591881,0.19235288169586462,0.563716561667913,0.16434344518510213,0.22600182234917054,-0.3371718506307709,0.7115750565120927,0.1461796474240809,-0.022456465129648735,0.14389250962115047,-0.4001621287091662,-0.292296492807951,0.563716561667913,0.33978580828776833,0.0,False,0.17578979391345828,47.4
2014,00-0031407,B.Bortles,JAX,14,,,-96.44,3.786,2908,225,195,3328,11,0,0,0,11,17,2,19,3,8.032,585.0,-0.1649,478.0,55.0,19.0,33.0,-32.32,2.0,167.0,-0.1935,68.7,37.9,-2.984,,,0.0,,,0.4051,0.1265,-6.7722,0.1875,0.0,bortles,-1.4375748317814578,-1.9808876591903926,-2.1207434570241435,0.21781467466155394,-0.733613747546958,-0.7324812982803133,-0.735104662777409,-0.967218942651261,-1.6064651088458646,-0.9711750787541272,-0.6523542327421435,0.6932886513544538,-0.4828587908982259,-2.4946590823188606,-1.1290505711733954,-1.0194892385289913,-1.8260945987164654,-0.967218942651261,0.33978580828776833,0.0,False,-1.191449230329893,0.5
2014,00-0026625,B.Hoyer,CLE,14,,,-11.89,6.106,3326,44,-4,3366,12,0,0,0,12,13,2,15,7,9.645,481.0,-0.0247,438.0,24.0,9.0,10.0,-10.08,1.0,50.0,-0.2016,63.2,40.0,-0.279,,,0.0,,,0.4158,0.0873,-6.2852,0.4375,0.0,hoyer,-0.35373955616582836,-0.5354136193584367,-0.006442936629910485,0.2459431168015191,-0.6437408383033135,-0.13820401854345532,-0.37375465813117964,0.053404726894855,-0.5601637740517971,-1.0127579814082297,-0.9675366148535163,0.4418505804369131,-0.38500836715920034,-0.6114408115509591,-0.8691175374997002,0.329267578411961,-1.6890805154805122,0.053404726894855,0.33978580828776833,0.0,False,-0.3575989007632406,29.1
2014,00-0022924,B.Roethlisberger,PIT,16,,,125.77,7.91,4952,33,8,4993,32,0,0,0,32,9,9,18,11,16.148,651.0,0.1932,601.0,33.0,7.0,10.0,46.98,6.0,141.0,0.3332,74.2,74.4,2.6,,,0.0,,,0.5131,0.0799,5.4659,0.6875,1.5,roethlisberger,1.3307661967346402,1.8180335281668982,1.637607985262847,1.450284573688974,1.1537173465695751,-0.5839119783460988,1.0830705620885541,1.074028396440971,2.1242766109908957,1.7327403320996762,0.6083752957033473,0.9447267222719945,1.217874764565789,1.3929160836582049,1.4945725724489505,0.5838798346712225,1.6170102309548284,1.074028396440971,-4.043451118624443,0.0,False,1.082429930965225,78.5
2014,00-0027974,C.Kaepernick,SF,16,,,2.82,5.575,3369,509,146,4024,19,1,0,0,20,10,6,16,8,10.929,619.0,0.0045,478.0,52.0,48.0,41.0,0.22,5.0,139.0,0.0016,79.1,62.5,-0.24,,,0.0,,,0.4297,0.1228,-2.0571,0.5,0.0,kaepernick,-0.12800496238568299,-0.2839301997732436,-0.49036258159945234,0.7330092991198628,0.07524243564584199,-0.2867733384776698,-0.08610840520758448,0.308560644281384,-0.07559076378296191,0.03040816912431788,0.2931929135919746,1.1687351854530759,0.6633890300446443,-0.5842890509003313,-0.5314475217927496,-0.8921831103993608,-0.4995338104909145,0.308560644281384,0.33978580828776833,0.0,False,-0.11194376605715578,37.5
2014,00-0027688,C.McCoy,WAS,5,,,1.21,6.103,1057,24,44,1125,4,0,1,0,5,3,1,4,4,11.148,159.0,0.0076,128.0,17.0,5.0,9.0,-9.6,0.0,49.0,-0.1958,18.7,13.5,0.846,,,0.0,,,0.434,0.1384,4.3704,0.25,0.0,mccoy,-0.10403998838847578,-0.3114548976340295,-0.00917694592352382,-1.4128947472948463,-1.2728512030088246,1.496058500732904,-0.037047245246317244,-0.712063025264732,-0.5375817308548028,-0.9829825696312181,-1.282718996964889,-1.592511993350462,-1.6197875238659507,0.17178305337099622,-0.42698845218556425,-1.4289332722432089,1.3087988794456151,-0.712063025264732,0.33978580828776833,0.0,False,-0.5251134396176329,23.3
2014,00-0027939,C.Newton,CAR,14,,,18.33,5.458,3127,190,348,3665,18,1,4,0,23,12,6,18,7,11.69,580.0,0.0316,447.0,38.0,30.0,65.0,36.43,8.0,109.0,0.3342,64.8,67.6,1.013,,,0.0,,,0.4776,0.1034,-3.0232,0.4375,0.0,newton,0.08149529417054788,-0.018769911685796694,-0.5969889440503684,0.46726954311335006,0.3448611633767753,-0.5839119783460988,0.08437352506878278,0.053404726894855,1.6279421198902928,1.7378740237853678,1.2387400599260927,0.5149962010674701,0.9010257734108489,0.2880482848749664,0.6321779280175317,-0.22468611426021598,-0.7713393665776793,0.053404726894855,0.33978580828776833,0.0,False,0.3262313639705593,52.6
2014,00-0021429,C.Palmer,ARI,6,,,30.53,7.06,1626,31,-3,1654,11,0,0,0,11,3,1,4,11,11.071,239.0,0.1278,225.0,9.0,4.0,1.0,0.0,0.0,0.0,0.0,31.8,39.3,1.331,,,0.0,,,0.4268,0.0586,0.3295,0.6875,0.0,palmer,0.8251825517613008,0.18980233297357488,0.8629720187390972,-1.0213172238200683,-0.733613747546958,1.496058500732904,-0.054297059479274254,1.074028396440971,-0.0859408669149176,0.022194262427211207,-1.282718996964889,-0.9936322244377739,-0.417625175072209,0.5094395640262391,-0.6018966617603869,1.3167502479580155,0.1719196002912748,1.074028396440971,0.33978580828776833,0.0,False,0.17070410848310527,47.2
2014,00-0024296,C.Whitehurst,TEN,7,,,-7.49,6.365,1326,93,1,1420,7,0,0,0,7,2,1,3,2,8.759,215.0,-0.0349,182.0,18.0,13.0,2.0,-10.81,2.0,99.0,-0.1092,28.7,25.0,-1.093,,,0.0,,,0.3814,0.0977,-3.5625,0.125,0.0,whitehurst,-0.43259205125341343,-0.4601908425960403,0.22959319905203224,-1.1945292096293274,-1.0931053845215357,1.6446278206671185,-0.5722395335909186,-1.22237486003779,-0.5945072980805592,-0.5384048696503193,-0.6523542327421435,-1.1353518644094787,-1.0839399652950967,-1.178146790258934,-1.7047900943571879,-0.028565862817271,-0.9230676932494445,-1.22237486003779,0.33978580828776833,0.0,False,-0.5817434044905996,21.4
2014,00-0023645,D.Anderson,CAR,5,,,25.69,7.762,701,20,5,726,5,0,0,0,5,0,0,0,7,11.69,108.0,0.2379,97.0,4.0,3.0,4.0,7.17,1.0,47.0,0.1525,12.8,14.7,0.546,,,0.0,,,0.5185,0.037,8.0045,0.4375,0.0,anderson,1.6763256605008217,0.10705727853493897,1.5027301934445936,-1.7082433897644802,-1.2728512030088246,2.0903357804697618,0.08437352506878278,0.053404726894855,0.25137840334018413,0.8050822444951911,-0.9675366148535163,-1.8622364694256417,-1.5638729960150792,-0.03707664394152517,1.6257537296300668,2.0599427797418057,2.331227790919492,0.053404726894855,0.33978580828776833,0.0,False,0.3098171921836268,52.0
2014,00-0020531,D.Brees,NO,16,,,77.58,6.824,4952,74,3,5029,33,0,1,0,34,17,9,26,7,14.321,701.0,0.1107,654.0,29.0,14.0,4.0,-11.86,6.0,184.0,-0.0645,75.0,64.2,1.37,,,0.0,,,0.5036,0.0785,3.4443,0.4375,0.0,brees,0.6929886629379965,0.9941731617623807,0.6478966209748565,1.476932571505783,1.333463165056864,-1.7724665378198146,0.6737795152883922,0.053404726894855,-0.6439055175739841,-0.3089288512999016,0.6083752957033473,0.9812995325872731,0.7426012778333794,0.5365913246768671,1.2637909070377267,0.6320497209905422,1.0482470468279224,0.053404726894855,0.33978580828776833,0.0,False,0.5526256866836282,60.3
2014,00-0031280,D.Carr,LV,16,,,-84.5,4.864,3270,56,41,3367,21,0,0,0,21,12,7,19,0,0.0,641.0,-0.1318,593.0,24.0,12.0,12.0,-25.82,7.0,170.0,-0.1519,72.5,70.0,-1.0,,,0.0,,,0.3978,0.0686,-6.2126,0.0,0.0,carr,-1.1816907545854713,-1.7767603967942536,-1.1383227841857888,0.2466833389630971,0.16511534488948643,-0.7324812982803133,-2.5344619084801465,-1.732686694810848,-1.3006666072199005,-0.7576135046293537,0.92355767781472,0.8670095003520273,1.0128548291125925,-1.1134002840920523,-1.3063880614367582,0.9726796313914462,-1.6686550073841464,-1.732686694810848,0.33978580828776833,0.0,False,-0.5967593258777956,20.9
2014,00-0025430,D.Stanton,ARI,9,,,-0.27,6.19,1711,79,-1,1789,7,0,0,0,7,5,2,7,11,11.071,265.0,-0.001,241.0,11.0,11.0,2.0,0.57,1.0,58.0,0.0098,34.4,25.0,0.291,,,0.0,,,0.3925,0.0717,-4.7432,0.6875,0.0,stanton,-0.17052346463879256,-0.33675710436319917,0.0701093235912605,-0.9213872320070343,-1.0931053845215357,1.0503505409302605,-0.054297059479274254,1.074028396440971,-0.05912469061848692,0.07250444094698959,-0.9675366148535163,-0.8747705909131184,-1.0839399652950967,-0.21460738665716841,-1.4351399379293357,0.8660177402558095,-1.2552494757477812,1.074028396440971,0.33978580828776833,0.0,False,-0.2445595616535056,33.0
2014,00-0022803,E.Manning,NYG,16,,,43.96,6.677,4410,38,0,4448,30,1,0,0,31,14,10,24,6,13.103,634.0,0.0693,600.0,28.0,6.0,0.0,43.54,8.0,163.0,0.2671,73.6,67.4,2.114,,,0.0,,,0.4543,0.082,0.8332,0.375,0.5,manning,0.37294030052368077,0.4194027629551617,0.5139301655878079,1.0468634956289475,1.0638444373259308,-1.4753278979513857,0.4009188174216175,-0.201751190491674,1.96243863474577,1.3934033116754565,1.2387400599260927,0.9172971145355352,0.8917066854357041,1.05456337401192,0.06615552758789488,0.5116250051922429,0.3136321130755657,-0.201751190491674,-1.1212931673496356,0.0,False,0.6027076342591413,62.1
2014,00-0030526,E.Manuel,BUF,4,,,-18.44,5.581,838,51,7,896,5,0,1,0,6,3,0,3,9,11.828,149.0,-0.1238,130.0,6.0,10.0,3.0,0.0,0.0,0.0,0.0,17.0,18.8,0.215,,,0.0,,,0.4094,0.0604,-4.6407,0.5625,0.0,manuel,-1.11984566039913,-0.6473929802206402,-0.48489456301222567,-1.582405622296215,-1.18297829376518,1.6446278206671185,0.1152887765512252,0.563716561667913,-0.0859408669149176,0.022194262427211207,-1.282718996964889,-1.6702292152704288,-1.3728316925246007,-0.2675185099763405,-1.02459150156621,1.2548175369760328,-1.2264118093582839,0.563716561667913,0.33978580828776833,0.0,False,-0.42758527152282394,26.7
2014,00-0030565,G.Smith,NYJ,14,,,-21.81,5.101,2525,188,53,2766,13,1,0,0,14,13,3,16,4,10.481,453.0,-0.0481,369.0,28.0,31.0,25.0,23.45,6.0,137.0,0.1711,53.9,46.7,-0.987,,,0.0,,,0.4106,0.1038,-2.4621,0.25,0.0,smith,-0.5346364566608764,-0.7050067887863846,-0.9223360499903432,-0.19819018014529893,-0.46399501981602465,-0.2867733384776698,-0.18647096074478905,-0.712063025264732,1.0172860351049062,0.9005689098490561,0.6083752957033473,0.016691660521798657,-0.07281891999183313,-1.1043496972085098,-0.9954401333037387,-0.23844893892287866,-0.6134777606152698,-0.712063025264732,0.33978580828776833,0.0,False,-0.3431852622122849,29.6
2014,00-0024226,J.Cutler,CHI,15,,,-31.22,5.537,3812,192,12,4016,28,2,0,0,30,18,9,27,5,11.393,629.0,-0.0496,565.0,38.0,19.0,7.0,-8.38,5.0,128.0,-0.0654,75.9,75.0,0.183,,,0.0,,,0.4595,0.1049,0.2906,0.3125,0.0,cutler,-0.5462324118208154,-0.8658809545441457,-0.5249933659852202,0.7270875218272386,0.9739715280822864,-1.9210358577540292,0.017838527313091677,-0.456907107878203,-0.48018570439577574,-0.31354917381702413,0.2931929135919746,1.0224439441919617,1.2458320284912248,-0.2897968776896761,0.19247812339193468,-0.27629670674520096,0.16097535421760212,-0.456907107878203,0.33978580828776833,0.0,False,-0.12542116082325686,37.1
2014,00-0026158,J.Flacco,BAL,16,,,66.62,6.559,3906,54,31,3991,26,0,2,0,28,12,3,15,10,14.103,593.0,0.1123,548.0,19.0,10.0,16.0,0.58,8.0,161.0,0.0036,66.9,65.1,0.883,,,0.0,,,0.484,0.0573,-0.8655,0.625,0.0,flacco,0.7053576817752647,0.8068000632815028,0.4063924667056879,0.7085819677877878,0.7942257095949975,-0.13820401854345532,0.6249423788885918,0.8188724790544419,-0.05865423138521622,0.04067555249570122,1.2387400599260927,0.610999828145077,0.7845371737215328,0.19754241603954054,0.7876518920840402,1.3614794281116696,-0.1642853883472554,0.8188724790544419,0.33978580828776833,0.0,False,0.583921683921501,61.4
2014,00-0027946,J.Locker,TEN,7,,,-20.3,4.331,993,146,0,1139,5,1,0,0,6,7,1,8,2,8.759,178.0,-0.114,146.0,14.0,17.0,1.0,-4.4,0.0,28.0,-0.1573,23.0,21.4,0.067,,,0.0,,,0.4438,0.1236,-1.9631,0.125,0.0,locker,-1.044085420020862,-0.6791916994883804,-1.6240651020177392,-1.4025316370327539,-1.18297829376518,0.9017812209960461,-0.5722395335909186,-1.22237486003779,-0.29294292955403173,-0.7853354397320886,-1.282718996964889,-1.395933137905839,-1.251683548847712,-0.37055596065051777,-0.18891894470872234,-0.9197087597246861,-0.47308756033859495,-1.22237486003779,0.33978580828776833,0.0,False,-0.7876454895208462,14.3
2014,00-0021206,J.McCown,TB,11,,,-42.1,4.348,2206,123,4,2333,11,2,1,0,14,14,8,22,2,9.552,382.0,-0.1102,323.0,36.0,19.0,4.0,-29.63,5.0,142.0,-0.2086,48.3,46.7,-1.846,,,0.0,,,0.4188,0.1518,-2.2652,0.125,0.0,mccown,-1.0147090002823502,-1.0518863661747986,-1.6085723826872647,-0.5187063761085859,-0.46399501981602465,-1.1781892580829567,-0.39458884934760824,-1.22237486003779,-1.4799115750960425,-1.0486938232080716,0.2931929135919746,-0.23931801168515193,-0.07281891999183313,-1.7023846305133628,-0.7962391168435239,-1.8899878984424117,-0.5580813068387623,-1.22237486003779,0.33978580828776833,0.0,False,-0.9816695776909649,7.7
2014,00-0029604,K.Cousins,WAS,6,,,4.37,6.769,1710,4,18,1732,10,0,0,0,10,9,4,13,4,11.148,217.0,0.0201,204.0,8.0,1.0,4.0,0.0,0.0,0.0,0.0,28.8,27.0,-0.014,,,0.0,,,0.4562,0.0968,-3.2122,0.25,0.0,cousins,-0.007407028722317636,-0.2574312670501267,0.5977731172586142,-0.963579895216982,-0.8234866567906024,0.15893462132497366,-0.037047245246317244,-0.712063025264732,-0.0859408669149176,0.022194262427211207,-1.282718996964889,-1.1307802631200687,-0.9907490855436439,-0.42694807892489856,0.11231186067014017,0.002400492673720188,-0.8245132099690452,-0.712063025264732,0.33978580828776833,0.0,False,-0.28841335963272374,31.5
2014,00-0023541,K.Orton,BUF,12,,,-4.75,5.699,3018,23,1,3042,18,0,1,0,19,10,7,17,9,11.828,485.0,-0.0098,446.0,33.0,5.0,1.0,-6.15,6.0,168.0,-0.0366,57.6,59.4,-0.434,,,0.0,,,0.4412,0.1031,-0.955,0.5625,0.0,orton,-0.23855306824376787,-0.41334756797582084,-0.3773568641301057,0.00611113645023735,-0.01463047359780245,-0.4353426584118843,0.1152887765512252,0.563716561667913,-0.37527329537640663,-0.16569885326910394,0.6083752957033473,0.18584090822996252,0.5189431664298924,-0.7193516551624285,-0.2520802426107416,-0.2143639957632186,-0.1894655946093043,0.563716561667913,0.33978580828776833,0.0,False,-0.16008644211256035,35.9
2014,00-0030520,M.Glennon,TB,6,,,-5.43,5.761,1417,47,2,1466,10,0,0,0,10,6,1,7,2,9.552,226.0,-0.024,202.0,16.0,6.0,2.0,0.0,0.0,0.0,0.0,30.4,33.3,-0.174,,,0.0,,,0.4204,0.1018,-0.4062,0.125,0.0,glennon,-0.34832811042452355,-0.42497290620273664,-0.320854005395432,-1.160478990196738,-0.8234866567906024,1.0503505409302605,-0.39458884934760824,-1.22237486003779,-0.0859408669149176,0.022194262427211207,-1.282718996964889,-1.0576346424895116,-0.6971978143265676,-0.5383399174915766,-0.7573706258268967,-0.1696348156095647,-0.03506450861363456,-1.22237486003779,0.33978580828776833,0.0,False,-0.44943900183225916,25.9
2014,00-0026143,M.Ryan,ATL,16,,,56.64,6.747,4694,149,0,4843,28,0,0,0,28,14,7,21,6,14.654,680.0,0.0833,624.0,31.0,24.0,1.0,15.01,7.0,178.0,0.0843,79.3,63.6,1.749,,,0.0,,,0.4941,0.0765,1.4361,0.375,0.0,ryan,0.48116921534977786,0.6361811287158856,0.5777237157721169,1.3392512494522695,0.7942257095949975,-1.0296199381487423,0.7483793612568946,-0.201751190491674,0.6202184422244238,0.4549644715310191,0.92355767781472,1.1778783880318957,0.7146440139079434,0.8004507422816858,1.0330092416265002,0.7008638443038562,0.4832538600631555,-0.201751190491674,0.33978580828776833,0.0,False,0.6069041985802625,62.2
2014,00-0026898,M.Sanchez,PHI,9,,,18.27,6.181,2418,58,38,2514,14,0,1,0,15,11,4,15,10,15.29,355.0,0.0515,309.0,23.0,13.0,10.0,9.04,6.0,158.0,0.0572,38.8,32.6,1.056,,,0.0,,,0.4845,0.107,0.3455,0.625,0.0,sanchez,0.23533496595907158,-0.019795676823465714,0.06190729571042049,-0.3847261648629625,-0.3741221105723802,-0.13820401854345532,0.8908583463498901,0.8188724790544419,0.3393542799618076,0.3158414268487748,0.6083752957033473,-0.6736201341790858,-0.7298146222395758,0.31798484148976125,0.7997982955267362,-0.3485515362241807,0.17642108967890363,0.8188724790544419,0.33978580828776833,0.0,False,0.07746551485643585,44.0
2014,00-0026498,M.Stafford,DET,16,,,33.34,6.042,4257,101,10,4368,22,2,0,0,24,12,4,16,11,11.889,670.0,0.0498,601.0,45.0,17.0,7.0,7.55,7.0,158.0,0.0478,77.7,72.7,1.736,,,0.0,,,0.4493,0.0925,-4.6936,0.6875,0.0,stafford,0.22219288344447408,0.23784233358774165,-0.06476846822699284,0.9876457227027051,0.43473407262041974,-0.2867733384776698,0.12895421380071062,1.074028396440971,0.2692558542044713,0.2675847250032731,0.92355767781472,1.1047327674013385,1.138662516777054,0.7914001553981431,-0.0553085068390657,0.150350857797345,-1.2412948586461316,1.074028396440971,0.33978580828776833,0.0,False,0.39831279433800676,55.0
2014,00-0020245,M.Vick,NYJ,9,,,-50.06,3.518,604,132,24,760,3,0,0,0,3,2,2,4,4,10.481,162.0,-0.309,120.0,19.0,14.0,9.0,0.0,0.0,0.0,0.0,14.8,10.0,-0.476,,,0.0,,,0.358,0.1543,-4.685,0.25,0.0,vick,-2.551559590812929,-1.1879712077722244,-2.3649816205869256,-1.6830758362708271,-1.4525970214961135,1.496058500732904,-0.18647096074478905,-0.712063025264732,-0.0859408669149176,0.022194262427211207,-1.282718996964889,-1.770804443637445,-1.7828715634309933,-0.7485920127861815,-2.2732417754753635,-1.976005552584054,-1.2388753081002812,-0.712063025264732,0.33978580828776833,0.0,False,-1.2052882190538827,0.0
2014,00-0029567,N.Foles,PHI,8,,,-4.02,5.953,2163,51,20,2234,13,0,0,0,13,10,7,17,10,15.29,332.0,-0.0121,310.0,9.0,7.0,6.0,0.0,0.0,0.0,0.0,34.5,28.3,0.447,,,0.0,,,0.4247,0.0783,-2.0155,0.625,0.0,foles,-0.256333532822341,-0.4008674254675142,-0.14587741060418496,-0.5919883701048109,-0.5538679290596691,-0.4353426584118843,0.8908583463498901,0.8188724790544419,-0.0859408669149176,0.022194262427211207,-1.282718996964889,-0.8701989896237085,-0.9301750137051995,-0.10600034405465726,-0.6529115562197101,0.6389311333218738,-0.4878299380830794,0.8188724790544419,0.33978580828776833,0.0,False,-0.24375557941475592,33.0
2014,00-0010346,P.Manning,DEN,16,,,104.98,7.678,4727,4,-13,4718,39,0,0,0,39,15,3,18,12,15.548,622.0,0.1688,597.0,17.0,1.0,7.0,-6.72,3.0,129.0,-0.0521,71.8,68.4,3.111,,,0.0,,,0.5016,0.0643,3.3167,0.75,0.0,manning,1.1421386594662994,1.462605907964576,1.4261779332234235,1.2467234792550157,1.7828277112750863,-0.5839119783460988,0.9486564252083697,1.3291843138275,-0.40208947167283726,-0.24527107439732485,-0.3371718506307709,0.8350082913261583,0.9383021253114305,1.748673768080533,1.2152052932669424,1.120629996515071,1.0123476689615822,1.3291843138275,0.33978580828776833,0.0,False,0.9887556107965433,75.3
2014,00-0022942,P.Rivers,LAC,16,,,66.46,6.458,4286,115,-10,4391,31,0,0,0,31,18,4,22,0,0.0,639.0,0.104,569.0,36.0,20.0,14.0,-16.52,6.0,180.0,-0.0918,79.1,79.5,2.375,,,0.0,,,0.4804,0.1033,4.8592,0.0,0.0,rivers,0.6411933965569357,0.8040646895810518,0.3143474871540424,1.004670832419,1.0638444373259308,-1.1781892580829567,-2.5344619084801465,-1.732686694810848,-0.8631395202781367,-0.44907863431928424,0.6083752957033473,1.1687351854530759,1.4555115079319936,1.2362713106738137,0.7001977872966288,-0.22124540809455018,1.4463193802376768,-1.732686694810848,0.33978580828776833,0.0,False,0.36804556162554775,54.0
2014,00-0023682,R.Fitzpatrick,HOU,12,,,29.05,7.169,2483,192,3,2678,17,1,1,0,19,8,6,14,9,12.0,371.0,0.0783,311.0,21.0,30.0,9.0,-1.19,1.0,35.0,-0.034,49.4,52.8,0.085,,,0.0,,,0.4717,0.0997,0.3449,0.5625,0.0,fitzpatrick,0.4425160314833146,0.16450012624440521,0.962307689740378,-0.26332973036416557,-0.01463047359780245,0.010365301390759168,0.15382082912354492,0.563716561667913,-0.14192551567413253,-0.15235125488630563,-0.9675366148535163,-0.18903039750164374,0.21141326325009782,-0.35802437881176646,0.48885036739371796,-0.09737998613058496,0.17625228382686753,0.563716561667913,0.33978580828776833,0.0,False,0.08472030150411428,44.3
2014,00-0029665,R.Griffin III,WAS,9,,,-53.86,5.17,1694,114,64,1872,4,1,0,0,5,6,7,13,4,11.148,284.0,-0.1896,214.0,33.0,18.0,19.0,-16.44,3.0,123.0,-0.1337,31.1,13.5,-1.082,,,0.0,,,0.4014,0.1725,3.0048,0.25,0.0,iii,-1.6285215600817864,-1.2529363331579302,-0.859453836237239,-0.8599487925960578,-1.2728512030088246,0.15893462132497366,-0.037047245246317244,-0.712063025264732,-0.8593758464119711,-0.6641803159497653,-0.3371718506307709,-1.0256334334636426,-1.6197875238659507,-1.170488601357475,-1.218933956649347,-2.6022140747352105,0.9245967602114922,-0.712063025264732,0.33978580828776833,0.0,False,-1.0555265298533851,5.1
2014,00-0029701,R.Tannehill,MIA,16,,,29.96,5.839,4045,29,295,4369,27,0,1,0,28,12,4,16,8,14.37,678.0,0.0442,589.0,46.0,7.0,36.0,1.0,7.0,190.0,0.0052,73.8,71.8,0.862,,,0.0,,,0.4971,0.0988,2.2295,0.5,0.0,tannehill,0.17890131751403526,0.180057564165719,-0.24976976376148768,0.9883859448642832,0.7942257095949975,-0.2867733384776698,0.6847566698002738,0.308560644281384,-0.03889494358784623,0.0488894591928079,0.92355767781472,0.9264403171143549,1.0967266208889,0.18292223722766404,1.1058876622826765,-0.06641363063959377,0.7064714650722014,0.308560644281384,0.33978580828776833,0.0,False,0.34691598749225505,53.3
2014,00-0029263,R.Wilson,SEA,16,,,90.2,6.717,3475,500,369,4344,20,0,6,0,26,7,2,9,12,14.071,592.0,0.1524,452.0,42.0,51.0,47.0,17.68,7.0,147.0,0.1202,75.2,65.0,2.449,,,0.0,,,0.451,0.0929,3.8078,0.75,0.0,wilson,1.0153562163843002,1.2099257623854356,0.5503836228359843,0.9698803908248325,0.6144798911077086,0.7532119010618316,0.6177736249216486,1.3291843138275,0.7458310575077044,0.6392640030473501,0.92355767781472,0.9904427351660928,0.7798776297339604,1.2877900360109023,-0.014010735133898292,0.13658803313468232,1.1505152588531153,1.3291843138275,0.33978580828776833,0.0,False,0.7862064581078146,68.3
2014,00-0020679,S.Hill,LA,8,,,-30.44,5.611,1657,11,2,1670,8,0,1,0,9,7,2,9,0,0.0,252.0,-0.1208,229.0,18.0,2.0,3.0,-15.88,4.0,145.0,-0.1095,31.6,23.1,-0.688,,,0.0,,,0.4524,0.1071,-2.4026,0.0,0.0,hill,-1.0966537500792521,-0.8525460077544483,-0.45755447007609396,-1.0094736692348198,-0.9133595660342468,0.7532119010618316,-2.5344619084801465,-1.732686694810848,-0.8330301293488112,-0.5399449771560269,-0.021989468519398134,-1.0027754270165936,-1.172471301058977,-0.89618619888703,0.01999919450565094,-0.3519922423898465,-0.5967378469550251,-1.732686694810848,0.33978580828776833,0.0,False,-0.6754651512052123,18.2
2014,00-0019596,T.Brady,NE,16,,,105.26,7.003,4109,55,20,4184,33,0,0,0,33,9,4,13,12,17.333,627.0,0.1679,583.0,21.0,9.0,14.0,2.2,5.0,147.0,0.015,70.0,67.3,1.775,,,0.0,,,0.4785,0.0574,1.5923,0.75,1.0,brady,1.135181086370336,1.4673928119403647,0.8110258421604463,0.8514448449723476,1.2435902558132197,0.15893462132497366,1.3485384824269184,1.3291843138275,0.01756016440463943,0.09919963771258627,0.2931929135919746,0.7527194681167815,0.887047141448131,0.8185519160487709,0.6540414542143835,1.358038721946004,0.5271996502098822,1.3291843138275,-2.5823721429870394,0.0,False,0.7522976784965418,67.2
2014,00-0031237,T.Bridgewater,MIN,13,,,14.24,5.515,2919,199,21,3139,14,1,0,0,15,12,0,12,7,12.037,477.0,0.0298,398.0,39.0,33.0,7.0,22.81,6.0,144.0,0.1584,61.0,48.4,0.84,,,0.0,,,0.4486,0.1069,0.015,0.4375,0.0,bridgewater,0.06758014797862108,-0.08869290190356957,-0.5450427674717174,0.07791268612330626,-0.3741221105723802,0.3075039412591881,0.16210970089782314,0.053404726894855,0.9871766441755805,0.835371025440772,0.6083752957033473,0.34127535206989673,0.0063933277969016045,0.1676058594247458,-0.07231347165883964,-0.3451108300585149,0.08343719951569507,0.053404726894855,0.33978580828776833,0.0,False,0.07159427048988386,43.8
2014,00-0021678,T.Romo,DAL,15,,,128.1,8.132,3705,76,0,3781,34,0,0,0,34,9,7,16,12,18.68,475.0,0.2697,434.0,29.0,9.0,3.0,64.3,12.0,121.0,0.5314,60.0,61.8,3.457,,,0.0,,,0.5221,0.0947,6.7268,0.75,1.0,romo,1.9221599098915279,1.8578674076797126,1.8399246729902257,0.5531353138564016,1.333463165056864,-0.2867733384776698,1.650298219722933,1.3291843138275,2.939112003015772,2.7502380242037656,2.4994695883715834,0.2955593391757984,0.6307722221316356,1.9895586189809742,1.7132078344174795,0.07465532215269946,1.971755729008655,1.3291843138275,-2.5823721429870394,0.12,False,1.377628025389142,88.6
2014,00-0031266,Z.Mettenberger,TEN,7,,,-30.01,5.68,1412,8,0,1420,8,0,0,0,8,7,3,10,2,8.759,198.0,-0.1516,179.0,18.0,1.0,0.0,-20.27,0.0,29.0,-0.6989,28.7,28.6,-0.543,,,0.0,,,0.4091,0.1414,-2.2541,0.125,0.0,mettenberger,-1.3347573626966658,-0.8451946909344868,-0.39467225632298963,-1.1945292096293274,-1.0032324752778912,0.6046425811276172,-0.5722395335909186,-1.22237486003779,-1.0395617327546545,-3.5657428567026974,-1.282718996964889,-1.1353518644094787,-0.9161963817424815,-0.7952373451859781,-1.0318793436318268,-1.5321544572131798,-0.5549583985760949,-1.22237486003779,0.33978580828776833,0.0,False,-1.0141944232132771,6.6
2015,00-0027973,A.Dalton,CIN,13,,,113.26,8.17,3250,113,41,3404,25,1,2,0,28,7,3,10,12,14.964,450.0,0.2517,386.0,20.0,27.0,17.0,1.3,0.0,5.0,0.2603,58.9,53.8,2.182,,,0.0,,,0.5156,0.0711,3.9546,0.75,0.0,dalton,1.7284783421510073,1.674198564991541,1.9149986642181402,0.3171845992050933,0.7238336531226678,0.47531548980078325,0.860577000253056,1.3499555725870453,-0.11429877432876896,1.0824013753915285,-1.1397377497806787,0.3158400838894482,0.2813957045171438,1.2108771439912853,1.549748016781748,0.9985646193895962,1.1624991697768623,1.3499555725870453,0.3665739939932254,0.0,False,0.9641944296972835,85.5
2015,00-0028957,A.Davis,CLE,3,,,-38.78,3.2,547,36,-3,580,1,0,0,0,1,3,2,5,3,9.586,112.0,-0.3463,94.0,11.0,4.0,3.0,-23.95,0.0,56.0,-0.4276,10.8,3.7,-0.618,,,0.0,,,0.3839,0.1518,-1.0644,0.1875,0.0,davis,-2.528189718358385,-1.0862498585951652,-2.4473667663672662,-1.5942808013858527,-1.4582085730383845,1.3641168121924916,-0.4426258041506256,-1.0282640318854515,-1.0963821178919078,-1.9117119244375094,-1.1397377497806787,-1.667212610814846,-1.7232551165963308,-0.8512531484295149,-1.5104486700719588,-2.8760790307599358,-0.240358666962664,-1.0282640318854515,0.3665739939932254,0.0,False,-1.3938805527468063,0.0
2015,00-0029668,A.Luck,IND,7,,,2.92,5.042,1881,201,1,2083,15,0,0,0,15,12,1,13,8,10.406,334.0,0.0088,293.0,15.0,25.0,1.0,0.0,0.0,0.0,0.0,40.5,45.5,0.108,,,0.0,,,0.4222,0.0838,-4.2354,0.5,0.0,luck,-0.0005261259053995916,-0.3291418655435626,-0.8305705645285707,-0.5769534298956999,-0.3267792705845055,-0.05796530363424171,-0.24392251303663912,0.29296908171038005,-0.16486148112607907,-0.05056517780733541,-1.1397377497806787,-0.4427497203217578,-0.05071211614636589,-0.3165722226089789,-0.6205053663020497,0.38880037704883946,-1.1266830742750844,0.29296908171038005,0.3665739939932254,0.0,False,-0.26460232697235136,40.9
2015,00-0031288,A.McCarron,CIN,6,,,8.26,6.267,854,37,0,891,6,0,0,0,6,2,1,3,12,14.964,140.0,0.059,119.0,12.0,8.0,1.0,11.29,6.0,136.0,0.083,15.4,11.5,-0.218,,,0.0,,,0.4643,0.1071,6.9049,0.75,0.0,mccarron,0.356806209608934,-0.23218846787220634,0.24466035146079063,-1.3837759360941446,-1.0541266793048563,1.719637341149175,0.860577000253056,1.3499555725870453,0.27425618021363724,0.31069576693144957,0.3799125832602262,-1.4775651597620443,-1.4111537911535146,-0.5566631066551149,0.3577351843170926,-0.729900949450344,1.9871358455554284,1.3499555725870453,0.3665739939932254,0.0,False,-0.1187362399514526,46.2
2015,00-0023459,A.Rodgers,GB,16,,,9.38,6.066,3821,353,3,4177,31,1,0,0,32,8,5,13,10,12.267,667.0,0.0141,575.0,46.0,42.0,4.0,-35.61,5.0,171.0,-0.2083,78.3,74.4,0.89,,,0.0,,,0.4273,0.0885,-1.1024,0.625,0.0,rodgers,0.0372001963700181,-0.211853672854993,0.06823470728620933,0.8404008721005612,1.0470991681094903,-0.05796530363424171,0.20703702935742,0.8214623271487126,-1.5498907034739355,-0.9571995728565994,0.12663752775340872,1.1156575948512633,1.1056633076097107,0.2593513090599732,-0.5020011665833413,0.1631395944502919,-0.25098002535997466,0.8214623271487126,0.3665739939932254,0.0,False,0.1380369207507282,55.5
2015,00-0023436,A.Smith,KC,16,,,43.34,6.44,3486,430,80,3996,20,2,0,0,22,7,4,11,11,14.464,590.0,0.0735,473.0,45.0,54.0,18.0,14.73,6.0,124.0,0.1188,78.0,53.7,1.755,,,0.0,,,0.4576,0.0949,-0.218,0.6875,0.0,smith,0.4600197328152654,0.40472636177408183,0.3965092889841861,0.7178883942298242,0.23893538064243397,0.2975552253224416,0.7394164568908691,1.085708949867879,0.40805288127728867,0.46651675273444354,0.3799125832602262,1.1032892828260805,0.27739440547300537,0.8964022743971133,0.20205319645133865,-0.14414317334347532,-0.0037818841341453707,1.085708949867879,0.3665739939932254,0.0,False,0.4509527647303349,66.9
2015,00-0031407,B.Bortles,JAX,16,,,6.75,6.067,4428,259,57,4744,35,0,2,0,37,18,6,24,5,13.926,704.0,0.0096,608.0,51.0,27.0,18.0,-18.56,10.0,165.0,-0.1125,84.0,78.7,-0.432,,,0.0,,,0.4503,0.108,-2.9583,0.3125,0.0,bortles,0.005168413305984201,-0.259604129011485,0.06911244680946624,1.2241830541597207,1.4511810618430185,-2.013328212896,0.609047712233156,-0.49977078644711886,-0.8867413566322911,-0.5402260968809897,1.3930128052874962,1.3506555233297346,1.2777191665076735,-0.714268779004419,0.032429538030441456,-0.7731125886713424,-0.7697215792959952,-0.49977078644711886,0.3665739939932254,0.0,False,0.024121228608102247,51.4
2015,00-0027948,B.Gabbert,SF,8,,,-28.99,5.707,2031,191,0,2222,10,1,0,0,11,7,2,9,5,7.933,332.0,-0.0873,282.0,25.0,23.0,2.0,-42.26,5.0,181.0,-0.2335,45.9,44.0,-0.274,,,0.0,,,0.4066,0.1024,-1.766,0.3125,0.0,gabbert,-0.6845826486728789,-0.9085019628643453,-0.24687378156291764,-0.4828692618071228,-0.650044785571328,0.6530757542791249,-0.8431825605060154,-0.49977078644711886,-1.8085383959370986,-1.066883618729098,0.12663752775340872,-0.22012010386846914,-0.11073160180844598,-0.597905712503531,-0.9829888007357465,-0.5042401668517965,-0.436462484108799,-0.49977078644711886,0.3665739939932254,0.0,False,-0.5518250019811296,30.5
2015,00-0026625,B.Hoyer,HOU,11,,,11.52,6.294,2606,49,4,2659,19,0,0,0,19,7,3,10,9,12.107,401.0,0.0287,370.0,25.0,4.0,2.0,-18.81,1.0,69.0,-0.2726,46.3,48.7,0.357,,,0.0,,,0.4663,0.0873,-1.714,0.5625,0.0,hoyer,0.14112553697777247,-0.1729996895185319,0.26835931858871875,-0.18707946716893462,-0.0035137555976829413,0.47531548980078325,0.16826565548152017,0.5572157044295464,-0.8964649540933123,-1.2370679914915856,-0.8864626942738612,-0.20362902116822557,0.07732945326607174,-0.13318992160441487,0.40420741950089994,0.2207551134116229,-0.4219279936703739,0.5572157044295464,0.3665739939932254,0.0,False,-0.06601762639206592,48.1
2015,00-0029682,B.Osweiler,DEN,8,,,-2.97,5.859,1967,55,8,2030,10,1,0,0,11,6,3,9,12,11.452,318.0,-0.0093,275.0,23.0,12.0,8.0,-6.91,6.0,178.0,-0.0388,34.5,31.4,0.344,,,0.0,,,0.456,0.1038,-1.1523,0.75,0.0,osweiler,-0.12936507556295815,-0.436081100053729,-0.1134573740279111,-0.6128272493827112,-0.650044785571328,0.6530757542791249,0.009545343677055581,1.3499555725870453,-0.43362171494870433,-0.2194437881189602,0.3799125832602262,-0.6901159608254119,-0.6148952813699188,-0.14276409796208286,0.16487540830429306,-0.571458272306683,-0.26492754599223256,1.3499555725870453,0.3665739939932254,0.0,False,-0.17142298880842932,44.3
2015,00-0022924,B.Roethlisberger,PIT,12,,,93.67,7.036,3938,34,4,3976,21,0,0,0,21,16,3,19,10,14.586,503.0,0.1862,477.0,20.0,4.0,2.0,11.88,6.0,173.0,0.0687,61.9,50.0,1.494,,,0.0,,,0.5169,0.0775,6.5209,0.625,1.0,roethlisberger,1.2622379442189586,1.3185212128601045,0.9196420448451316,0.7043511038573671,0.15811900189572833,-1.1245268905042918,0.7689796294712427,0.8214623271487126,0.29720387022164724,0.24845442344030946,0.3799125832602262,0.4395232041412752,0.12934634083987437,0.7041822721393173,1.5799549696512245,0.691281851595829,1.8798042238562898,0.8214623271487126,-3.0059067507444484,0.0,False,0.5187968886794195,69.3
2015,00-0029677,B.Weeden,DAL,6,,,10.1,6.55,1043,55,0,1098,5,1,0,0,6,2,3,5,4,11.458,158.0,0.0639,139.0,10.0,9.0,0.0,13.36,4.0,47.0,0.2843,20.2,20.7,0.168,,,0.0,,,0.4937,0.0949,4.3688,0.25,0.0,weeden,0.3916852622786598,-0.19878130462964164,0.49306063654241394,-1.2436649807392133,-1.0541266793048563,1.3641168121924916,0.010999270197401878,-0.7640174091662851,0.3547675671908926,1.186862371460575,-0.12663752775340872,-1.279672167359121,-1.0430342790927567,-0.2723837163428188,1.0408770415190602,-0.14414317334347532,1.278271976307548,-0.7640174091662851,0.3665739939932254,0.0,False,-0.041980716435832226,49.0
2015,00-0027974,C.Kaepernick,SF,9,,,-17.76,4.905,1615,168,92,1875,6,0,1,0,7,5,1,6,5,7.933,315.0,-0.0564,246.0,28.0,24.0,17.0,0.0,0.0,0.0,0.0,38.7,28.0,-0.294,,,0.0,,,0.4,0.1143,-5.2159,0.3125,0.0,kaepernick,-0.4646310716331795,-0.7046093306828225,-0.9508208792147274,-0.7177412497692539,-0.9733103005581506,1.18635654771415,-0.8431825605060154,-0.49977078644711886,-0.16486148112607907,-0.05056517780733541,-1.1397377497806787,-0.516959592472854,-0.7509394488706336,-0.6126352145922509,-1.1363471768423103,-1.0755940632183318,-1.4007420718688492,-0.49977078644711886,0.3665739939932254,0.0,False,-0.5923456297233449,29.1
2015,00-0028986,C.Keenum,LA,5,,,3.38,6.473,828,9,2,839,4,0,0,0,4,1,2,3,0,0.0,135.0,0.025,125.0,4.0,3.0,3.0,15.2,3.0,106.0,0.1434,17.2,13.3,-0.173,,,0.0,,,0.4667,0.0519,-4.4615,0.0,0.0,keenum,0.11478829312512243,-0.3207900747329215,0.42547469325165416,-1.418972891062533,-1.2157594367982676,1.719637341149175,-2.7655157414904714,-1.8210039000429503,0.42633324450400845,0.573589273705216,-0.3799125832602262,-1.4033552876109479,-1.3391304083590183,-0.5235217269554948,0.41350186653766163,1.9204129227708973,-1.1898801567390824,-1.8210039000429503,0.3665739939932254,0.0,False,-0.1567762718583722,44.9
2015,00-0027939,C.Newton,CAR,16,,,101.66,7.23,3837,199,449,4485,35,0,10,0,45,10,7,17,15,15.625,644.0,0.1579,493.0,33.0,27.0,91.0,34.84,13.0,155.0,0.2248,75.1,80.4,3.344,,,0.0,,,0.5,0.0854,0.1362,0.9375,0.0,newton,1.0607936196162566,1.463588188027546,1.0899235123569169,1.048875143836401,2.0977120918166636,-0.7690063615476084,1.0207512385778668,2.142695440744544,1.1902190610418322,0.9278861520393977,2.1528379718079487,0.9837289332493142,1.345741250258031,2.0666612153459174,1.1872645823480525,0.3119796851003975,0.09522035650604992,2.142695440744544,0.3665739939932254,1.0,True,1.2432297712277933,95.6
2015,00-0021429,C.Palmer,ARI,16,,,147.5,8.498,4671,40,0,4711,35,1,0,0,36,11,5,16,13,18.111,564.0,0.2615,531.0,25.0,7.0,1.0,30.72,6.0,126.0,0.2438,70.5,69.2,3.763,,,0.0,,,0.5106,0.0727,5.2834,0.8125,0.5,palmer,1.7982364474904589,2.295862298374919,2.2028972278463113,1.2018465250451664,1.370364683096313,-0.5912460970692667,1.62316146017466,1.6142021953062116,1.029974174884203,1.0105844405940594,0.3799125832602262,0.7940814821965129,0.8975957573144996,2.3752442841046015,1.4335674288222322,0.9217439274411542,1.5339113023649242,1.6142021953062116,-1.3196663783756115,0.0,False,1.3439160176139628,99.3
2015,00-0020531,D.Brees,NO,15,,,92.86,7.275,4870,26,4,4900,32,0,1,0,33,11,5,16,7,13.6,665.0,0.1396,626.0,31.0,3.0,5.0,72.93,9.0,177.0,0.412,73.3,66.0,3.758,,,0.0,,,0.4677,0.0722,2.0487,0.4375,0.0,brees,0.9305310351558521,1.3038147986065842,1.1294217909034647,1.3297739190648863,1.127915546856196,-0.5912460970692667,0.5300510379610102,0.02872245899121374,2.671706370203019,1.7426819213779585,1.1397377497806787,0.909519061098218,0.769554187902062,2.3715619085824216,0.43673798412956527,0.9457503936750423,0.6297821442654332,0.02872245899121374,0.3665739939932254,0.0,False,1.1486986066039169,92.2
2015,00-0031280,D.Carr,LV,16,,,-8.57,6.301,3987,122,28,4137,32,0,0,0,32,13,4,17,0,0.0,626.0,-0.0137,574.0,31.0,17.0,4.0,-38.16,6.0,173.0,-0.2206,75.5,72.7,-0.338,,,0.0,,,0.4329,0.0767,-2.7759,0.0,0.0,carr,-0.16068504122556906,-0.5377550751397956,0.2745034952515156,0.8133262913556469,1.0470991681094903,-0.7690063615476084,-2.7655157414904714,-1.8210039000429503,-1.6490713975763513,-1.0107358333419856,0.3799125832602262,1.000220015949558,1.037641223859353,-0.6450401191874349,-0.37187890806868107,0.7296921975700495,-0.7187390589889041,-1.8210039000429503,0.3665739939932254,0.0,False,-0.13391803673984615,45.7
2015,00-0022803,E.Manning,NYG,16,,,44.75,6.747,4432,70,0,4502,35,0,0,0,35,14,6,20,6,14.0,655.0,0.0683,617.0,27.0,8.0,3.0,-11.54,11.0,157.0,-0.0735,74.4,79.5,2.126,,,0.0,,,0.4565,0.0718,-1.2532,0.375,0.0,manning,0.4230052279412707,0.43032641621539497,0.6659753226239683,1.0603818406529895,1.2895483043496072,-1.3022871549826334,0.6269794726507597,-0.23552416372795257,-0.6137027399268165,-0.3704769782687895,1.6462878607943134,0.9548695385238883,1.3097295588607827,1.1696345381428694,0.17649346710024488,0.9649555666621527,-0.2931300476314073,-0.23552416372795257,0.3665739939932254,0.0,False,0.5524928356496325,70.6
2015,00-0027659,J.Clausen,BAL,4,,,-38.1,4.25,739,43,-5,777,2,0,0,0,2,4,0,4,5,10.933,141.0,-0.2702,125.0,7.0,8.0,1.0,-16.11,2.0,93.0,-0.1733,13.2,5.9,-0.257,,,0.0,,,0.3191,0.0851,-4.2811,0.3125,0.0,clausen,-1.986496675875501,-1.073903733049,-1.5257402669478144,-1.4609384912171501,-1.377392194291679,1.5418770766708332,-0.11621930033289438,-0.49977078644711886,-0.7914501015142836,-0.804860620255907,-0.6331876387670436,-1.568266114613384,-1.6352265376252801,-0.585385635728119,-3.016149090027315,0.3263835648407307,-1.1394566552950078,-0.49977078644711886,0.3665739939932254,0.0,False,-0.9575993021957814,15.8
2015,00-0024226,J.Cutler,CHI,15,,,40.18,6.681,3659,124,83,3866,21,1,0,0,22,11,5,16,6,12.407,544.0,0.0739,485.0,29.0,14.0,16.0,-2.54,7.0,136.0,-0.0187,69.5,57.9,1.652,,,0.0,,,0.4743,0.0846,2.276,0.375,0.0,cutler,0.4628670024209573,0.34735319011837285,0.6080445140890315,0.6298960068088529,0.23893538064243397,-0.5912460970692667,0.24096198149883244,-0.23552416372795257,-0.2636532313300542,-0.13195770391113396,0.6331876387670436,0.7528537754459038,0.4454489653268294,0.8205453386402052,0.5900963602361291,0.3503900310746188,0.693314638047241,-0.23552416372795257,0.3665739939932254,0.0,False,0.34461319972764737,63.0
2015,00-0026158,J.Flacco,BAL,10,,,-2.36,5.623,2785,16,8,2809,14,0,3,0,17,12,3,15,5,10.933,440.0,-0.0054,411.0,16.0,2.0,11.0,0.0,0.0,0.0,0.0,47.8,50.0,-0.66,,,0.0,,,0.4682,0.0705,-0.2301,0.3125,0.0,flacco,-0.1016041969074621,-0.4250058991961396,-0.3206039015164735,-0.08554978937550617,-0.1651465130910942,-0.41348583259092503,-0.11621930033289438,-0.49977078644711886,-0.16486148112607907,-0.05056517780733541,-1.1397377497806787,-0.14178746104231205,0.12934634083987437,-0.882185102815827,0.4483560429255171,1.027372378870262,-0.0071639482553942785,-0.49977078644711886,0.3665739939932254,0.0,False,-0.17986500926167104,44.0
2015,00-0031409,J.Manziel,CLE,9,,,-11.72,5.286,1500,184,50,1734,7,0,0,0,7,5,4,9,3,9.586,272.0,-0.0431,222.0,19.0,25.0,6.0,3.28,2.0,114.0,0.0287,32.2,25.9,0.033,,,0.0,,,0.4044,0.1029,-2.5569,0.1875,0.0,manziel,-0.36995935724392376,-0.5949466861257079,-0.6164021208539553,-0.8131791468950766,-0.9733103005581506,0.6530757542791249,-0.4426258041506256,-1.0282640318854515,-0.03728788243748125,0.07435276332523241,-0.6331876387670436,-0.7849396863518125,-0.8349667287975457,-0.3718078554416789,-1.0341082594379352,-0.5282466330856845,-0.6575264934886141,-1.0282640318854515,0.3665739939932254,0.0,False,-0.4964252744362199,32.5
2015,00-0021206,J.McCown,CLE,8,,,3.3,6.37,2109,92,7,2208,12,1,0,0,13,4,8,12,3,9.586,338.0,0.0097,296.0,23.0,12.0,7.0,0.0,0.0,0.0,0.0,41.0,48.1,0.075,,,0.0,,,0.4467,0.1036,0.7404,0.1875,0.0,mccown,0.005880230707407184,-0.3222425600912938,0.3350675223562224,-0.4923453650678428,-0.4884120280779168,0.11979496084409995,-0.4426258041506256,-1.0282640318854515,-0.16486148112607907,-0.05056517780733541,-1.1397377497806787,-0.4221358669464533,0.05332165900123965,-0.34087590105536686,-0.05122048530041144,-0.5618556858131275,0.26409995502328876,-1.0282640318854515,0.3665739939932254,0.0,False,-0.2490551778472506,41.5
2015,00-0031503,J.Winston,TB,16,,,50.85,6.425,4042,221,10,4273,22,2,4,0,28,15,5,20,6,13.154,604.0,0.0842,536.0,27.0,34.0,7.0,9.54,6.0,170.0,0.0561,71.2,75.7,0.303,,,0.0,,,0.4685,0.0778,-0.0207,0.375,0.5,winston,0.5361841947675238,0.5410784247912889,0.3833431961353363,0.9053798658883554,0.7238336531226678,-1.3022871549826334,0.42197583328193955,-0.23552416372795257,0.206190997986489,0.19361240050406017,0.3799125832602262,0.8229408769219393,1.1576801951835134,-0.17295957724395886,0.45532687820308876,0.6768779718554964,0.0513653267024174,-0.23552416372795257,-1.3196663783756115,0.0,False,0.2911628463183559,61.1
2015,00-0029604,K.Cousins,WAS,16,,,96.76,7.107,4166,29,28,4223,29,1,4,0,34,11,5,16,9,14.37,587.0,0.1648,546.0,26.0,4.0,11.0,73.34,14.0,132.0,0.5556,72.3,82.9,2.542,,,0.0,,,0.4923,0.0716,5.7217,0.5625,0.0,cousins,1.109909020314442,1.3746234598272378,0.9819615509963522,0.8715366399572126,1.2087319256029017,-0.5912460970692667,0.7166382747387777,0.5572157044295464,2.6876530700390933,2.3677068811910855,2.406113027314766,0.8682913543476091,1.4457737263614978,1.4760081815882453,1.008346476890395,0.9745581531557082,1.656420286194957,0.5572157044295464,0.3665739939932254,0.0,False,1.2260547066627463,95.0
2015,00-0029234,K.Moore,DAL,3,,,-6.45,5.193,779,0,0,779,4,0,0,0,4,6,1,7,4,11.458,110.0,-0.0586,104.0,5.0,0.0,1.0,-6.45,4.0,110.0,-0.0586,14.3,13.8,-0.59,,,0.0,,,0.4727,0.1091,-3.1812,0.25,0.0,moore,-0.48029105446448495,-0.4992642131429275,-0.6980318965168211,-1.4595847621799045,-1.2157594367982676,1.0085962832358082,0.010999270197401878,-0.7640174091662851,-0.4157302956204254,-0.3056241098759233,-0.12663752775340872,-1.5229156371877144,-1.3191239131383248,-0.830631845505307,0.5529185720890836,-0.8259268143858963,-0.8320242315791672,-0.7640174091662851,0.3665739939932254,0.0,False,-0.5688321342463802,29.9
2015,00-0023662,M.Cassel,DAL,8,,,-38.13,4.493,1276,80,-1,1355,5,0,0,0,5,7,1,8,4,11.458,231.0,-0.1651,203.0,14.0,11.0,3.0,-31.05,0.0,43.0,-0.722,24.9,17.2,-1.164,,,0.0,,,0.4199,0.0996,-4.5557,0.25,0.0,cassel,-1.2383765869799537,-1.0744484150583895,-1.3124495627964552,-1.0697107994531392,-1.1349430580515618,0.8308360187574666,0.010999270197401878,-0.7640174091662851,-1.3725322857849092,-3.1931001428844765,-1.1397377497806787,-1.0859019456312586,-1.1830797456376103,-1.253368555451571,-0.6739484367634286,-0.36980395594202287,-1.2162099451871524,-0.7640174091662851,0.3665739939932254,0.0,False,-1.02913568417524,13.2
2015,00-0007091,M.Hasselbeck,IND,8,,,-6.05,5.676,1690,21,4,1715,9,0,0,0,9,5,3,8,8,10.406,279.0,-0.0217,256.0,16.0,6.0,1.0,-18.13,1.0,88.0,-0.206,33.3,27.3,0.053,,,0.0,,,0.4552,0.086,-2.263,0.5,0.0,hasselbeck,-0.2176304333394071,-0.4920017863510656,-0.2740837067838726,-0.8260395727489109,-0.8116775430647394,0.8308360187574666,-0.24392251303663912,0.29296908171038005,-0.8700167689993347,-0.9471887273999824,-0.8864626942738612,-0.7395892089261429,-0.7789485421796043,-0.3570783533529589,0.1462865142307696,0.2831719256197323,-0.5753786715683615,0.29296908171038005,0.3665739939932254,0.0,False,-0.3482435915741475,37.9
2015,00-0032268,M.Mariota,TEN,12,,,2.11,6.118,2818,173,80,3071,19,1,1,1,22,10,8,18,3,11.074,440.0,0.0048,369.0,38.0,14.0,19.0,-22.42,0.0,56.0,-0.4004,59.0,55.0,-0.204,,,0.0,,,0.4523,0.1409,0.7848,0.1875,0.0,mariota,-0.02899882196231861,-0.343848279797083,0.11387716249555406,0.09178871450368217,0.23893538064243397,-0.94676662602595,-0.08205202710475769,-1.0282640318854515,-1.036873701430458,-1.7933227955592568,-1.1397377497806787,0.3199628545645091,0.329411293046808,-0.5463524551930109,0.07890177321424877,-2.3527380668611766,0.27651017378225173,-1.0282640318854515,0.3665739939932254,0.0,False,-0.469016671420112,33.5
2015,00-0026143,M.Ryan,ATL,16,,,58.58,6.324,4591,78,0,4669,21,0,0,0,21,16,7,23,8,13.038,665.0,0.0881,616.0,30.0,13.0,6.0,18.89,4.0,146.0,0.1294,76.0,58.3,1.409,,,0.0,,,0.5008,0.0812,0.1643,0.5,1.0,ryan,0.5639450734230198,0.6814248225440199,0.2946915042864176,1.1734182152630066,0.15811900189572833,-1.8355679484176584,0.39386658722191226,0.29296908171038005,0.5698535430286811,0.5126536926649389,-0.12663752775340872,1.0208338693248624,0.4614541615033841,0.6415818882622573,1.205853476421576,0.5136340014650576,0.10307457153142963,0.29296908171038005,-3.0059067507444484,0.0,False,0.302197772111221,61.5
2015,00-0026898,M.Sanchez,PHI,3,,,-11.45,4.62,616,9,14,639,4,0,0,0,4,4,1,5,7,13.0,105.0,-0.109,91.0,9.0,2.0,3.0,0.0,0.0,0.0,0.0,10.6,9.8,-0.315,,,0.0,,,0.419,0.1333,-3.7985,0.4375,0.0,sanchez,-0.8390470247816645,-0.5900445480412011,-1.2009766433428646,-1.5543457947871042,-1.2157594367982676,1.3641168121924916,0.384658385926386,0.02872245899121374,-0.16486148112607907,-0.05056517780733541,-1.1397377497806787,-1.6754581521649676,-1.4791758749038717,-0.628101191785407,-0.6948609425961422,-1.987839780106078,-1.0045654036491631,0.02872245899121374,0.3665739939932254,0.0,False,-0.7499664409451677,23.3
2015,00-0026498,M.Stafford,DET,16,,,17.44,6.383,4262,171,4,4437,32,0,1,0,33,13,5,18,7,14.32,669.0,0.0261,593.0,44.0,26.0,6.0,20.7,10.0,169.0,0.1225,78.6,80.5,1.779,,,0.0,,,0.4843,0.0957,0.5553,0.4375,0.0,stafford,0.12261828454077514,-0.06551577299897583,0.3464781361585584,1.0163856469425039,1.127915546856196,-0.94676662602595,0.7045222204025593,0.02872245899121374,0.6402523886464743,0.48262115629508817,1.3930128052874962,1.1280259068764458,1.3497425493021695,0.9140776769035773,0.8224575361551657,-0.18255351931769598,0.21236275925112574,0.02872245899121374,0.3665739939932254,0.0,False,0.5073686146546903,68.9
2015,00-0029567,N.Foles,LA,11,,,-102.93,4.697,2052,21,7,2080,7,1,0,0,8,10,4,14,0,0.0,359.0,-0.2867,336.0,14.0,4.0,5.0,0.0,0.0,0.0,0.0,42.7,26.7,-2.047,,,0.0,,,0.3482,0.078,-6.9111,0.0,0.0,foles,-2.103946547110292,-2.2509615553400164,-1.1333907000521048,-0.5789840234515684,-0.8924939218114449,-0.23572556811258336,-2.7655157414904714,-1.8210039000429503,-0.16486148112607907,-0.05056517780733541,-1.1397377497806787,-0.3520487654704178,-0.8029563364444363,-1.903676072668559,-2.3399780681029188,0.6672753853619409,-1.874566460161506,-1.8210039000429503,0.3665739939932254,0.0,False,-1.0963881338777368,10.8
2015,00-0010346,P.Manning,DEN,10,,,-34.29,4.535,2249,0,0,2249,9,0,0,0,9,17,1,18,12,11.452,346.0,-0.0991,330.0,16.0,0.0,0.0,0.1,0.0,10.0,0.0098,38.2,25.7,-0.696,,,0.0,,,0.3988,0.0983,-2.3888,0.75,0.0,manning,-0.7685771020407899,-1.0047291178565154,-1.2755845028196773,-0.4645939198043057,-0.8116775430647394,-0.94676662602595,0.009545343677055581,1.3499555725870453,-0.1609720421416706,-0.007910271079141523,-1.1397377497806787,-0.5375734458481585,-0.842969326885823,-0.908698206575523,-1.1642305179525954,-0.3073871437339141,-0.6105409580520897,1.3499555725870453,0.3665739939932254,0.0,False,-0.6378441172051906,27.4
2015,00-0022942,P.Rivers,LAC,16,,,46.52,6.434,4792,37,-1,4828,29,0,0,0,29,13,6,19,0,0.0,715.0,0.0651,663.0,40.0,9.0,3.0,9.12,6.0,176.0,0.0518,78.1,74.4,-0.09,,,0.0,,,0.4741,0.0839,2.7373,0.0,0.0,rivers,0.4002270710957356,0.4624626547693839,0.3912428518446462,1.2810396737240406,0.8046500318693734,-1.1245268905042918,-2.7655157414904714,-1.8210039000429503,0.18985535425197342,0.1748964720416894,0.3799125832602262,1.1074120535011411,1.1056633076097107,-0.4623942932873069,0.5854491367177489,0.3839990838020617,0.8222523388019617,-1.8210039000429503,0.3665739939932254,0.0,False,0.2222374064697404,58.6
2015,00-0023682,R.Fitzpatrick,NYJ,16,,,75.88,6.465,3905,237,44,4186,31,1,1,0,33,15,6,21,10,13.345,628.0,0.1208,562.0,19.0,31.0,16.0,20.01,9.0,169.0,0.1184,72.4,73.3,1.89,,,0.0,,,0.4522,0.0653,-1.5266,0.625,0.0,fitzpatrick,0.7967093636883328,0.9955247812920468,0.4184527770656012,0.8464926527681669,1.127915546856196,-1.480047419460975,0.4682591608462951,0.8214623271487126,0.613415259654056,0.4647757361332928,1.1397377497806787,0.8724141250226702,1.0616490181241849,0.9958264134959732,0.07657816145505865,1.2770396277026976,-0.3695479262057421,0.8214623271487126,0.3665739939932254,0.0,False,0.6963339034116457,75.8
2015,00-0028012,R.Mallett,HOU,7,,,-18.01,4.554,1336,16,0,1352,5,1,0,0,6,6,1,7,9,12.107,253.0,-0.0712,243.0,6.0,3.0,1.0,-0.21,2.0,98.0,-0.0021,23.5,15.4,-0.379,,,0.0,,,0.4071,0.0514,-7.211,0.5625,0.0,mallett,-0.5699800470437798,-0.7091483474277362,-1.2589074518778014,-1.0717413930090078,-1.0541266793048563,1.0085962832358082,0.16826565548152017,0.5572157044295464,-0.17302930299333685,-0.059705514963376956,-0.6331876387670436,-1.1436207350821113,-1.2551031284321064,-0.6752355984693109,-0.9713707419397946,1.9444193890047854,-1.9583913386708074,0.5572157044295464,0.3665739939932254,0.0,False,-0.4124790564205183,35.6
2015,00-0029701,R.Tannehill,MIA,16,,,-2.93,5.908,4208,69,80,4357,24,0,1,0,25,12,4,16,6,11.481,656.0,-0.0045,586.0,45.0,6.0,19.0,20.19,4.0,170.0,0.1188,76.9,67.6,-0.879,,,0.0,,,0.4192,0.0945,0.9179,0.375,0.0,tannehill,-0.0951978402946553,-0.4353548573745428,-0.07044813738833634,0.9622364854526754,0.4813845168825509,-0.5912460970692667,0.016572655192062396,-0.23552416372795257,0.6204162498259912,0.46651675273444354,-0.12663752775340872,1.0579388054004109,0.8335749726082805,-1.043473150687311,-0.6902137190777606,-0.124938000356365,0.3137128791159897,-0.23552416372795257,0.3665739939932254,0.0,False,-0.023762789872809963,49.7
2015,00-0029263,R.Wilson,SEA,16,,,146.32,7.711,4024,403,166,4593,34,1,0,0,35,8,4,12,10,16.269,614.0,0.2383,484.0,45.0,56.0,29.0,72.07,13.0,153.0,0.471,77.2,76.1,2.383,,,0.0,,,0.5195,0.0993,7.9252,0.625,0.0,wilson,1.6330948103603289,2.2744381393389266,1.5121162230433514,1.1219765118476694,1.2895483043496072,0.11979496084409995,1.176806018428363,0.8214623271487126,2.6382571949371054,1.9994818700476973,2.1528379718079487,1.0703071174255934,1.1736853913600676,1.3589086399829216,1.6403688753901724,-0.3554000762016903,2.2723193185232184,0.8214623271487126,0.3665739939932254,0.0,False,1.3641961289778297,100.0
2015,00-0027854,S.Bradford,PHI,14,,,-18.27,5.859,3725,50,0,3775,19,0,0,0,19,14,6,20,7,13.0,573.0,-0.0319,531.0,28.0,10.0,4.0,-1.07,6.0,186.0,-0.0058,62.5,46.3,-0.361,,,0.0,,,0.438,0.0838,-0.2633,0.4375,0.0,bradford,-0.29023580828455053,-0.7138689248424466,-0.1134573740279111,0.568301335614173,-0.0035137555976829413,-1.3022871549826334,0.384658385926386,0.02872245899121374,-0.20647847825924973,-0.0758099185240216,0.3799125832602262,0.4642598281916407,-0.018701723793256627,-0.6619790465894629,-0.2533747083499727,0.38880037704883946,-0.016443661381465656,0.02872245899121374,0.3665739939932254,0.0,False,-0.16454979884794768,44.6
2015,00-0019596,T.Brady,NE,16,,,126.19,7.5,4770,51,18,4839,36,0,3,0,39,7,4,11,12,16.034,680.0,0.1856,622.0,38.0,7.0,13.0,19.37,5.0,127.0,0.1525,78.2,75.0,2.099,,,0.0,,,0.4721,0.0721,-0.0933,0.75,1.0,brady,1.2579670398104208,1.9089565110384767,1.326913183636204,1.2884851834288922,1.6128138193364299,0.2975552253224416,1.1198605630481355,1.3499555725870453,0.5885228501538418,0.6131974013813959,0.12663752775340872,1.1115348241762024,1.1296711018745424,1.1497497103230976,0.5389769015339416,0.95055168692182,0.03107294197492395,1.3499555725870453,-3.0059067507444484,0.0,False,0.9659519568460271,85.6
2015,00-0031237,T.Bridgewater,MIN,16,,,14.99,5.701,3231,192,13,3436,14,2,1,0,17,9,4,13,11,12.586,527.0,0.0284,447.0,44.0,28.0,8.0,20.79,7.0,119.0,0.1747,65.0,53.1,0.748,,,0.0,,,0.4137,0.1082,3.2641,0.6875,1.0,bridgewater,0.13899008477350358,-0.10999813709912996,-0.25214021870245756,0.3388442638010247,-0.1651465130910942,-0.05796530363424171,0.2843374560224954,1.085708949867879,0.643752883732442,0.7098238227452637,0.6331876387670436,0.5673290950681633,0.25338661120817324,0.15477184423006118,-0.8180123658332308,-0.7827151751648979,0.969497907320468,1.085708949867879,-3.0059067507444484,0.0,False,-0.0318758653594553,49.4
2015,00-0021678,T.Romo,DAL,4,,,-18.79,4.992,884,15,0,899,5,0,0,0,5,7,2,9,4,11.458,129.0,-0.1457,121.0,6.0,2.0,0.0,0.0,0.0,0.0,0.0,16.5,17.2,0.027,,,0.0,,,0.4884,0.1163,2.9095,0.25,0.0,romo,-1.1002840111038965,-0.7233100796718669,-0.8744575406914016,-1.3783610199451617,-1.1349430580515618,0.6530757542791249,0.010999270197401878,-0.7640174091662851,-0.16486148112607907,-0.05056517780733541,-1.1397377497806787,-1.4322146823363744,-1.1830797456376103,-0.3762267060682949,0.9177256182819704,-1.1716199281538842,0.8703838629076693,-0.7640174091662851,0.3665739939932254,0.0,False,-0.6051318016855025,28.6
2015,00-0028118,T.Taylor,BUF,14,,,68.86,7.065,3035,398,188,3621,20,1,3,0,24,6,3,9,8,13.069,507.0,0.1358,382.0,36.0,48.0,41.0,19.49,4.0,157.0,0.1241,64.3,54.5,1.014,,,0.0,,,0.4379,0.0986,3.0225,0.5,0.0,taylor,0.9034819739017791,0.8680691910948707,0.9450964910195743,0.4640641997462531,0.40056813813584524,0.6530757542791249,0.401378540910368,0.29296908171038005,0.5931901769351318,0.4895852226996913,-0.12663752775340872,0.5384697003427369,0.30940479782611463,0.35067422201003723,-0.2556983201091628,-0.3217910234742467,0.9019684286680931,0.29296908171038005,0.3665739939932254,0.0,False,0.44452049875680527,66.7
2015,00-0031266,Z.Mettenberger,TEN,6,,,-62.55,3.363,935,9,5,949,4,0,1,0,5,7,2,9,3,11.074,184.0,-0.34,166.0,13.0,2.0,3.0,-24.38,4.0,100.0,-0.2438,18.2,12.5,-1.566,,,0.0,,,0.4076,0.1196,-2.4435,0.1875,0.0,mettenberger,-2.483345222068738,-1.5178195707015583,-2.304295224076437,-1.344517794014019,-1.1349430580515618,0.6530757542791249,-0.08205202710475769,-1.0282640318854515,-1.113106705524864,-1.1117147962087301,-0.12663752775340872,-1.3621275808603388,-1.3711408007121277,-1.5494315474348432,-0.9597526831438428,-1.3300626052975453,-0.625830123955587,-1.0282640318854515,0.3665739939932254,0.0,False,-1.237400256517116,5.7
2016,00-0027973,A.Dalton,CIN,16,,,53.16,6.548,4206,169,23,4398,18,0,4,0,22,8,7,15,6,12.5,639.0,0.0832,561.0,41.0,22.0,15.0,0.14,5.0,137.0,0.001,75.6,62.9,1.574,,,0.0,,,0.4851,0.0892,2.8122,0.375,0.0,dalton,0.36933822460313603,0.3860493954769802,0.3933074810643572,0.7834152364891459,0.1123998908096288,-0.13701788629978448,0.12229100623998812,-0.14833053475535982,-0.09694874885484711,0.10887505018336466,0.12079750558523823,0.7829297301328662,0.5155488610601712,0.40349855971836784,0.6513639498423011,0.07994566687264365,0.6964879179127869,-0.14833053475535982,0.4023103904024145,0.0,False,0.2890203088417291,60.2
2016,00-0029668,A.Luck,IND,15,,,66.87,6.838,4240,312,44,4596,31,2,0,0,33,13,6,19,8,16.44,635.0,0.1053,545.0,41.0,41.0,8.0,19.3,9.0,154.0,0.1253,79.0,68.8,1.408,,,0.0,,,0.4945,0.0945,1.2222,0.5,0.0,luck,0.524289848330474,0.606387081764193,0.6068604148539817,0.9306416287054805,1.1383478303273051,-0.7656881881458542,1.128084295264052,0.3775686339227343,0.817517081671484,0.6707162049352241,1.3770915636717145,0.9405857395719217,0.7914274492693463,0.30537115369993445,0.8420298904460927,-0.10804943372548473,0.31000723970453714,0.3775686339227343,0.4023103904024145,0.0,False,0.5843336605968918,68.9
2016,00-0023459,A.Rodgers,GB,16,,,145.19,7.236,4428,374,12,4814,40,4,0,0,44,7,7,14,10,16.0,697.0,0.2083,610.0,35.0,43.0,9.0,44.44,12.0,155.0,0.2867,83.1,84.6,3.322,,,0.0,,,0.4921,0.0746,3.5057,0.625,1.0,rodgers,1.2464625742995148,1.8650922305617488,0.8999434067445694,1.0927393736709397,2.164295769844981,0.020149689161732928,1.015762202073547,0.9034678026008285,2.017395525274405,1.4002508982332942,2.3193121072365717,1.1307003391896058,1.530220956676968,1.436791967671509,0.7933492247600181,0.5978189628599409,0.8650566917099073,0.9034678026008285,-2.735710654736419,0.0,False,1.1963862276750985,86.8
2016,00-0023436,A.Smith,KC,15,,,50.28,6.375,3502,129,21,3652,15,2,3,0,20,8,5,13,12,13.893,550.0,0.0914,490.0,28.0,21.0,11.0,15.24,7.0,135.0,0.1129,65.8,57.1,1.983,,,0.0,,,0.4673,0.0764,1.95,0.75,1.0,smith,0.42683158725309855,0.3397640171759465,0.2659121102174433,0.22871377894679476,-0.07413609819358506,0.17731726462325034,0.4778925421817447,1.4293669712789225,0.6237419630944012,0.6146676907041455,0.7489445346284764,0.3285094676320597,0.24434618112572784,0.6452703010529415,0.29031567933725,0.5339715702039729,0.48691330108816244,1.4293669712789225,-2.735710654736419,0.0,False,0.3122049878984069,60.9
2016,00-0031407,B.Bortles,JAX,16,,,-28.65,5.224,3905,298,66,4269,23,2,1,1,27,16,6,22,3,10.966,714.0,-0.0401,626.0,34.0,35.0,19.0,-1.73,4.0,162.0,-0.0107,81.1,77.1,-1.738,,,0.0,,,0.4314,0.0826,-4.475,0.1875,0.0,bortles,-0.49516563085300697,-0.928744631886759,-0.5816721200993072,0.6874950112572916,0.5787398633176635,-1.2371909145304063,-0.26930465501963474,-0.937179287772501,-0.18619985026842953,0.05599056498145995,-0.19327600893638083,1.0379615101078086,1.1795278360720842,-1.5543205290349524,-0.43786594488361197,0.31405277327785996,-1.0748089363256774,-0.937179287772501,0.4023103904024145,0.0,False,-0.2830731429119804,43.3
2016,00-0027948,B.Gabbert,SF,6,,,-24.69,4.135,925,108,67,1100,5,0,2,0,7,6,1,7,2,10.3,209.0,-0.1181,160.0,11.0,17.0,21.0,0.0,0.0,0.0,0.0,23.1,18.9,-0.371,,,0.0,,,0.3923,0.1053,-6.6801,0.125,0.0,gabbert,-1.0420537145965525,-0.8651022367228376,-1.3836002059506902,-1.6688708318415166,-1.2866200267144752,1.1203227173923547,-0.43931945971253444,-1.2001288721115482,-0.10363064949543617,0.10435500871311638,-1.449570067022857,-1.6514645332643116,-1.5418507798218135,-0.7462472517626731,-1.2309551233525737,-0.4911337896612937,-1.6108017309904648,-1.2001288721115482,0.4023103904024145,0.0,False,-0.8348016915133428,27.1
2016,00-0026625,B.Hoyer,CHI,6,,,24.25,7.658,1445,3,-1,1447,6,0,0,0,6,0,3,3,3,11.625,205.0,0.1183,198.0,4.0,1.0,2.0,0.0,0.0,0.0,0.0,24.7,19.4,0.349,,,0.0,,,0.4927,0.039,3.3986,0.1875,0.0,hoyer,0.6154378622877316,-0.07857223184346593,1.2106997448798165,-1.410852861644203,-1.379888021216082,1.7489930192384244,-0.1010767927184016,-0.937179287772501,-0.10363064949543617,0.10435500871311638,-1.449570067022857,-1.5772734699988737,-1.5184712384481547,-0.3206344063815166,0.8055193911815376,1.8605785065001996,0.839023936592861,-0.937179287772501,0.4023103904024145,0.0,False,-0.02812813294983167,50.8
2016,00-0029682,B.Osweiler,HOU,15,,,-36.83,4.365,2957,143,-1,3099,15,1,1,0,17,16,2,18,9,9.964,554.0,-0.0665,507.0,27.0,16.0,4.0,-10.02,2.0,79.0,-0.1268,60.4,70.8,0.178,,,0.0,,,0.4549,0.083,-3.698,0.5625,0.0,osweiler,-0.6802662130431301,-1.0602079633112227,-1.2142306377727121,-0.18247912456650314,-0.35394008169840585,-0.6085206126843367,-0.5250926945125561,0.6405182182617813,-0.5818638239147387,-0.4687862497143637,-0.821423037979619,0.07811462911120712,0.884945614763982,-0.4217174571595413,0.03879890662586649,0.29986446379875603,-0.8859438501824006,0.6405182182617813,0.4023103904024145,0.0,False,-0.3748993968251218,40.6
2016,00-0031568,B.Petty,NYJ,6,,,-33.84,3.253,809,15,4,828,3,0,0,0,3,7,1,8,5,10.577,151.0,-0.2241,133.0,13.0,3.0,2.0,-19.4,1.0,90.0,-0.2155,15.6,10.0,-0.957,,,0.0,,,0.3709,0.1391,-6.5406,0.3125,0.0,petty,-1.7852605976326525,-1.0121547407000802,-2.0330956804418925,-1.8711212292296124,-1.659692004720903,0.9631551419308374,-0.36860759649942154,-0.4112801190944069,-1.0295511668342054,-0.8697139281253848,-1.1354965525012382,-1.9992351423210515,-1.9580066162729421,-1.092648817586781,-1.6650243923867363,-1.690045940645584,-1.5768935205438919,-0.4112801190944069,0.4023103904024145,0.0,False,-1.242393289978223,15.1
2016,00-0022924,B.Roethlisberger,PIT,14,,,88.32,6.904,3819,25,1,3845,29,1,0,0,30,13,2,15,11,13.759,538.0,0.1642,515.0,17.0,3.0,3.0,11.05,4.0,100.0,0.1105,62.7,65.2,2.51,,,0.0,,,0.4833,0.0595,1.946,0.6875,0.0,roethlisberger,0.937260465413741,0.9511167222354335,0.6554621170267926,0.37222233297584806,0.8585438468224843,-0.13701788629978448,0.44368535925554553,1.1664173869398755,0.4237622224939145,0.6038195911755497,-0.19327600893638083,0.18476428255527416,0.6230947513790024,0.9567952587138712,0.614853450577746,1.133427645696118,0.4859410226524184,1.1664173869398755,0.4023103904024145,0.0,False,0.6793379984760346,71.6
2016,00-0027974,C.Kaepernick,SF,11,,,-0.62,5.94,2241,333,143,2717,16,1,1,0,18,4,6,10,2,10.3,430.0,-0.0014,330.0,36.0,35.0,29.0,-4.37,7.0,145.0,-0.0302,57.2,48.6,-0.616,,,0.0,,,0.4302,0.114,-4.7465,0.125,0.0,kaepernick,-0.2238250046879402,-0.47826575904718427,-0.054417290466993035,-0.46652196207478486,-0.2606720871967989,0.6488199910078025,-0.43931945971253444,-1.2001288721115482,-0.31220140520525175,-0.03215024368838124,0.7489445346284764,-0.07026749741966831,-0.15310602222647374,-0.89107384498265,-0.46220627772664874,-0.7997295208318064,-1.140802335151803,-1.2001288721115482,0.4023103904024145,0.0,False,-0.30544710803674185,42.7
2016,00-0028986,C.Keenum,LA,10,,,-41.5,5.061,2201,45,13,2259,9,1,0,0,10,11,2,13,4,7.724,359.0,-0.1156,322.0,23.0,8.0,6.0,-7.03,0.0,9.0,-0.781,50.0,34.5,-0.691,,,0.0,,,0.3928,0.1031,-3.7006,0.25,0.0,keenum,-1.0245252503740028,-1.1352609899313018,-0.7017035966776136,-0.8070759400297404,-1.0068160432096545,0.17731726462325034,-1.096914259846034,-0.674229703433454,-0.4391575173764439,-3.425797379550779,-1.449570067022857,-0.40412728211413856,-0.8124090889636553,-0.9354085163765204,-1.2208133180013083,-0.41309808752622124,-0.8865758311656342,-0.674229703433454,0.4023103904024145,0.0,False,-0.9219995580469903,24.6
2016,00-0033104,C.Kessler,CLE,9,,,18.17,5.853,1380,12,7,1399,6,0,0,0,6,2,1,3,1,9.778,227.0,0.0801,196.0,21.0,3.0,7.0,-2.77,0.0,5.0,-0.5531,26.8,20.0,-0.009,,,0.0,,,0.4185,0.1101,4.7008,0.0625,0.0,kessler,0.3476029289671747,-0.17628580825675932,-0.11848317060388083,-1.4465441082421024,-1.379888021216082,1.7489930192384244,-0.5725743066339967,-1.4630784564505952,-0.23583682645566253,-2.3956799284811994,-1.449570067022857,-1.4798976994629869,-1.4904157887997638,-0.5322585711682583,-0.6995245229462621,-0.661393503410542,1.1555491813493282,-1.4630784564505952,0.4023103904024145,0.0,False,-0.6208694277449156,33.4
2016,00-0027939,C.Newton,CAR,15,,,-22.34,5.452,3509,57,307,3873,19,0,5,0,24,14,4,18,6,12.724,632.0,-0.0353,511.0,36.0,11.0,74.0,-24.77,5.0,169.0,-0.1466,67.7,58.5,-0.514,,,0.0,,,0.4256,0.0934,-5.5116,0.375,0.0,newton,-0.46151097954571185,-0.8273346537341469,-0.413775330775051,0.39304222682462264,0.29893587981284264,-0.6085206126843367,0.17947316277333594,-0.14833053475535982,-1.2858497842625145,-0.5582830708252794,0.12079750558523823,0.41661135525976734,0.3098088969719728,-0.8307786918869862,-0.5555108869582922,-0.06903158265794851,-1.3267748929487413,-0.14833053475535982,0.4023103904024145,0.0,False,-0.32295881018324096,42.2
2016,00-0021429,C.Palmer,ARI,15,,,13.42,6.013,4233,41,1,4275,26,0,0,0,26,14,7,21,7,14.414,649.0,0.0207,599.0,40.0,4.0,6.0,10.67,8.0,146.0,0.0731,69.8,51.0,1.706,,,0.0,,,0.47,0.094,0.3938,0.4375,0.0,palmer,-0.0688733809606023,-0.25262453982964483,-0.0006608623061569062,0.691956417082029,0.48547186881605653,-1.080023339068889,0.6108921116186828,0.11461904958368725,0.405625635040887,0.4347700401882646,1.0630180491500956,0.5139871257956542,-0.040884223632911006,0.4815275813715798,0.3450814282340832,-0.09031404687660467,0.1086483756619496,0.11461904958368725,0.4023103904024145,0.0,False,0.19025891477537013,57.3
2016,00-0032950,C.Wentz,PHI,16,,,10.66,5.084,3782,143,21,3946,16,2,0,0,18,14,3,17,7,13.107,677.0,0.0157,608.0,33.0,19.0,17.0,2.56,5.0,172.0,0.0149,72.0,56.2,-0.648,,,0.0,,,0.4461,0.0783,-0.8624,0.4375,0.0,wentz,-0.10393030940570139,-0.2969813607014688,-0.684766639859816,0.4473226643589278,-0.2606720871967989,-0.4513530372228193,0.2772444393459794,0.11461904958368725,0.0185526765039066,0.17170362661981553,0.12079750558523823,0.6159998377856313,0.20226300665314187,-0.9099899714440347,-0.13969686755640676,0.46657710017822873,-0.1966956670834614,0.11461904958368725,0.4023103904024145,0.0,False,-0.12987759848238523,47.9
2016,00-0020531,D.Brees,NO,16,,,107.08,7.322,5208,15,17,5240,37,0,2,0,39,15,6,21,7,16.75,706.0,0.1517,668.0,27.0,3.0,8.0,24.16,7.0,183.0,0.132,74.9,66.1,3.253,,,0.0,,,0.5142,0.068,4.1957,0.4375,0.0,brees,0.8496181443009934,1.2526145336685561,0.9632728974545962,1.4094991872272957,1.6979557973369466,-1.080023339068889,1.2072203154664525,0.11461904958368725,1.0494744896233612,0.7010004827858874,0.7489445346284764,0.7504711399542376,0.6651779258515881,1.3960040699891483,1.241617021285953,0.8319260692651572,1.0327747218757517,0.11461904958368725,0.4023103904024145,0.0,False,0.9405796427594282,79.3
2016,00-0031280,D.Carr,LV,15,,,71.98,7.164,3937,97,1,4035,28,0,0,0,28,6,3,9,0,0.0,602.0,0.1196,563.0,16.0,17.0,6.0,-1.51,4.0,111.0,-0.0136,67.3,60.9,3.801,,,0.0,,,0.4535,0.0432,-0.0306,0.0,0.0,carr,0.6245526636834573,0.6885114856247077,0.8469233680105936,0.5135001840925327,0.6720078578192704,0.80598756646932,-3.0686775503084363,-1.7260280407896422,-0.17569972069036102,0.04288244471773998,-0.19327600893638083,0.3980635894434076,0.42203069556553546,1.719942735640362,0.010401851642322867,1.711601256969607,0.0054896336295085675,-1.7260280407896422,0.4023103904024145,0.0,False,0.5351532853558036,67.4
2016,00-0033077,D.Prescott,DAL,16,,,131.02,7.86,3667,226,76,3969,23,1,5,0,29,4,7,11,13,15.593,528.0,0.2481,459.0,25.0,27.0,17.0,-2.69,5.0,117.0,-0.023,66.2,59.2,3.066,,,0.0,,,0.5265,0.072,4.2491,0.8125,0.5,prescott,1.5255157247225033,1.6373617407958991,1.3594504091056927,0.4644247200204212,0.7652758523208774,0.49165241554628514,0.9118642658723303,1.6923165556179698,-0.23201859751818307,0.000394054897406276,0.12079750558523823,0.3470572334484194,0.3425402548950954,1.2854629559804311,1.4911054329270836,0.6900429744741172,1.0457546389929344,1.6923165556179698,-1.1667001321670023,0.039,False,0.8423747599605472,76.4
2016,00-0022803,E.Manning,NYG,16,,,-23.14,5.953,4027,11,0,4038,26,0,0,0,26,16,8,24,11,11.071,623.0,-0.0371,598.0,21.0,3.0,1.0,-11.76,4.0,153.0,-0.0769,74.1,78.8,-0.017,,,0.0,,,0.4414,0.0722,-1.6218,0.6875,1.0,manning,-0.47413147378594755,-0.8401917032622117,-0.04484422791780305,0.5157308870049014,0.48547186881605653,-1.551526065453441,-0.24250051914462784,1.1664173869398755,-0.6649103033049171,-0.24323618034897523,-0.19327600893638083,0.7133756083215181,1.2590182767425246,-0.5369876027836045,-0.235029837858302,0.682948819734565,-0.38128272810946445,1.1664173869398755,-2.735710654736419,0.0,False,-0.1813893299461546,46.3
2016,00-0024226,J.Cutler,CHI,5,,,-30.53,5.26,1059,21,3,1083,4,0,0,0,4,5,2,7,3,11.625,159.0,-0.192,137.0,17.0,3.0,2.0,0.0,0.0,0.0,0.0,18.5,12.9,-0.686,,,0.0,,,0.3899,0.1509,-2.3839,0.1875,0.0,cutler,-1.560195117015117,-0.9589586982777115,-0.5551621007323198,-1.6815114816782726,-1.566424010219296,1.1203227173923547,-0.1010767927184016,-0.937179287772501,-0.10363064949543617,0.10435500871311638,-1.449570067022857,-1.8647638401524456,-1.8224052763057206,-0.9324528716169291,-1.2796357890386474,-2.1086010702791533,-0.5665260770795949,-0.937179287772501,0.4023103904024145,0.0,False,-0.9723530917865103,23.1
2016,00-0026158,J.Flacco,BAL,16,,,-26.96,5.412,4317,57,8,4382,20,1,1,0,22,15,4,19,8,11.828,716.0,-0.0377,669.0,33.0,9.0,5.0,-9.51,5.0,186.0,-0.0511,76.0,73.3,-1.321,,,0.0,,,0.4344,0.0726,-0.1876,0.5,0.0,flacco,-0.4783383051993594,-0.9015841147587219,-0.443230907849482,0.7715181542898462,0.1123998908096288,-0.7656881881458542,-0.04925546336005533,0.3775686339227343,-0.5575226144383072,-0.12661911041657,0.12079750558523823,0.8014774959492258,1.0018433216322766,-1.3078197560850324,-0.377015112776019,0.668760510255461,-0.0326722949734444,0.3775686339227343,0.4023103904024145,0.0,False,-0.20159734179886446,45.7
2016,00-0033106,J.Goff,LA,7,,,-95.34,2.835,1089,11,8,1108,5,0,1,0,6,7,4,11,4,7.724,235.0,-0.4057,204.0,26.0,3.0,2.0,-56.08,2.0,130.0,-0.4314,24.5,20.7,-2.117,,,0.0,,,0.3106,0.1574,-10.9447,0.25,0.0,goff,-3.058528238758651,-2.000540423170071,-2.340906460869696,-1.6629222907418668,-1.379888021216082,0.49165241554628514,-1.096914259846034,-0.674229703433454,-2.7802091346685387,-1.8455908815519857,-0.821423037979619,-1.5865473529070537,-1.4576844308766415,-1.7783584018119776,-2.888126117749355,-2.339161099314594,-2.6473963852589564,-0.674229703433454,0.4023103904024145,0.0,False,-1.7572708621328048,0.0
2016,00-0021206,J.McCown,CLE,5,,,-28.94,4.503,1100,21,0,1121,6,0,0,0,6,6,4,10,1,9.778,190.0,-0.1523,165.0,18.0,4.0,3.0,0.0,0.0,0.0,0.0,21.5,20.0,-0.682,,,0.0,,,0.3789,0.1474,-6.2452,0.0625,0.0,mccown,-1.2818431051610302,-0.9334053123406825,-1.1126088968659253,-1.6532559114549357,-1.379888021216082,0.6488199910078025,-0.5725743066339967,-1.4630784564505952,-0.10363064949543617,0.10435500871311638,-1.449570067022857,-1.7256555965297495,-1.4904157887997638,-0.9300883558092561,-1.5027555067664884,-1.9844533623369929,-1.5050907580641955,-1.4630784564505952,0.4023103904024145,0.0,False,-1.0194390568684355,21.7
2016,00-0031503,J.Winston,TB,16,,,55.9,5.932,4090,186,-1,4275,28,1,0,0,29,18,6,24,9,13.111,644.0,0.0868,572.0,35.0,28.0,9.0,-1.37,5.0,151.0,-0.0091,76.1,74.4,1.617,,,0.0,,,0.4829,0.0963,1.6573,0.5625,0.5,winston,0.39457921308360744,0.4300847901106026,-0.06030840588187923,0.691956417082029,0.7652758523208774,-1.551526065453441,0.27826554928407526,0.6405182182617813,-0.16901782004977195,0.06322263133385717,0.12079750558523823,0.8061144374033155,1.0532783126543266,0.42891710465085353,0.6067400062967333,-0.17189682638145273,0.41576682655259345,0.6405182182617813,-1.1667001321670023,0.0,False,0.22613893350479108,58.3
2016,00-0029604,K.Cousins,WAS,16,,,110.6,7.463,4917,80,29,5026,25,0,4,0,29,12,6,18,8,14.667,650.0,0.1702,605.0,23.0,9.0,13.0,-2.3,6.0,147.0,-0.0156,76.4,64.4,4.063,,,0.0,,,0.5262,0.0677,4.9747,0.5,0.0,cousins,0.9793287795478597,1.3091855515920416,1.0671038066419654,1.2503757128116615,0.7652758523208774,-0.6085206126843367,0.675477315203223,0.3775686339227343,-0.21340473144797067,0.033842361777243445,0.4348710201068573,0.8200252617655855,0.5856874851811482,1.874818521042949,1.485020349716325,0.8425673013744855,1.2221259472369004,0.3775686339227343,0.4023103904024145,0.0,False,0.8394921347802401,76.4
2016,00-0030533,M.Barkley,CHI,7,,,-4.67,4.946,1611,5,0,1616,8,0,0,1,9,14,2,16,3,11.625,225.0,-0.0208,216.0,6.0,1.0,2.0,-5.65,5.0,133.0,-0.0425,27.6,29.0,-0.272,,,0.0,,,0.5022,0.0978,-0.8718,0.1875,0.0,barkley,-0.35984588705492454,-0.5433545722830129,-0.7863883807666028,-1.2851899309140995,-1.1000840377112613,-0.2941854617613019,-0.1010767927184016,-0.937179287772501,-0.3732930682049232,-0.08774675377243492,0.12079750558523823,-1.4428021678302678,-1.0695840440739033,-0.6877254855227641,0.9982136928555809,-0.22510298692809289,-0.19898052140745984,-0.937179287772501,0.4023103904024145,0.0,False,-0.5010224816234625,36.9
2016,00-0032268,M.Mariota,TEN,15,,,52.21,7.126,3426,177,184,3787,26,0,2,0,28,9,6,15,9,14.654,525.0,0.0995,452.0,23.0,23.0,27.0,-16.62,1.0,84.0,-0.1979,66.0,54.9,0.346,,,0.0,,,0.4762,0.0762,1.3749,0.5625,0.0,mariota,0.4836238113341591,0.37078164916240314,0.8189405697898847,0.32909541000338643,0.6720078578192704,-0.13701788629978448,0.6721587079044126,0.6405182182617813,-0.8968677112567944,-0.7901611982490153,-1.1354965525012382,0.3377833505402395,0.14147619908162848,-0.3224077932372714,0.4708398145897761,0.5410657249435246,0.3471239689890653,0.6405182182617813,0.4023103904024145,0.0,False,0.17740186115937323,56.9
2016,00-0026143,M.Ryan,ATL,16,,,179.06,8.963,4944,117,11,5072,38,0,0,0,38,7,3,10,11,21.6,600.0,0.2984,538.0,37.0,16.0,9.0,66.14,11.0,131.0,0.5049,74.8,63.3,3.762,,,0.0,,,0.5383,0.0783,6.9171,0.6875,0.0,ryan,1.8781884248801999,2.4094275649561974,2.1716879469331256,1.2845798241346482,1.6046878028353397,0.6488199910078025,2.4453161154072416,1.1664173869398755,3.053090124565709,2.386523947041466,2.0052385927149525,0.7458341985001473,0.5342524941590983,1.696888706515549,1.7304520392169498,0.46657710017822873,1.6942643556341987,1.1664173869398755,0.4023103904024145,0.784,True,1.6436219140366422,100.0
2016,00-0026498,M.Stafford,DET,16,,,99.49,6.573,4327,211,3,4541,24,1,1,0,26,10,2,12,9,14.417,658.0,0.1512,593.0,37.0,25.0,3.0,7.07,5.0,177.0,0.0399,83.6,76.5,3.716,,,0.0,,,0.4909,0.0745,0.1185,0.5625,0.0,stafford,0.8461124514564834,1.13063327627104,0.41171721673587686,0.8897454086453875,0.48547186881605653,0.33448484008476775,0.6116579440722545,0.6405182182617813,0.23380533285431124,0.28470466337602224,0.12079750558523823,1.1538850464600552,1.1514723864236938,1.6696967747273088,0.7690088919169813,0.601366040229717,0.041731312321867095,0.6405182182617813,0.4023103904024145,0.0,False,0.7432401947746088,73.5
2016,00-0022942,P.Rivers,LAC,16,,,38.59,6.363,4386,31,10,4427,33,0,0,0,33,21,9,30,0,0.0,624.0,0.0618,579.0,36.0,6.0,3.0,4.94,8.0,163.0,0.0303,75.4,70.2,0.041,,,0.0,,,0.4535,0.1058,0.2148,0.0,0.0,rivers,0.21929457085811202,0.15189038094709786,0.2570754370951143,0.8049786979753768,1.1383478303273051,-2.4945315182225456,-3.0686775503084363,-1.7260280407896422,0.1321449873939206,0.24131226526163885,1.0630180491500956,0.7736558472246869,0.8568901651155916,-0.5027021235723447,0.010401851642322867,-0.5088691765101737,0.06513891566240448,-1.7260280407896422,0.4023103904024145,0.0,False,0.014901620439648964,52.1
2016,00-0023682,R.Fitzpatrick,NYJ,14,,,-28.85,4.986,2710,101,33,2844,12,0,0,0,12,17,4,21,5,10.577,449.0,-0.0642,403.0,19.0,18.0,9.0,-11.69,2.0,66.0,-0.1772,53.5,40.0,0.042,,,0.0,,,0.4298,0.0891,-4.1038,0.3125,0.0,fitzpatrick,-0.6641400259583844,-0.9319588942687753,-0.7569328036921718,-0.37208887211784303,-0.8202800542064406,-1.080023339068889,-0.36860759649942154,-0.4112801190944069,-0.6615693529846225,-0.6965963398148762,-0.821423037979619,-0.24183433122099338,-0.5552341338534071,-0.5021109946204263,-0.47031972200766137,0.08349274424241977,-0.9845814974886319,-0.4112801190944069,0.4023103904024145,0.0,False,-0.581711862936371,34.6
2016,00-0029665,R.Griffin III,CLE,5,,,-15.63,3.864,886,123,67,1076,2,1,1,0,4,3,1,4,1,9.778,199.0,-0.0785,147.0,22.0,13.0,17.0,-5.09,4.0,166.0,-0.0306,20.6,13.3,1.041,,,0.0,,,0.3719,0.1407,-2.6712,0.0625,0.0,iii,-0.7644028413113678,-0.7194961508175023,-1.58316174062996,-1.6867164551404663,-1.566424010219296,1.591825443776907,-0.5725743066339967,-1.4630784564505952,-0.3465654656425669,-0.033958260276480544,-0.19327600893638083,-1.7673880696165583,-1.8037016432067936,0.08842682834592829,-1.6447407816842052,-1.746799178562,-0.6363599757269094,-1.4630784564505952,0.4023103904024145,0.0,False,-0.83687468002879,27.1
2016,00-0029701,R.Tannehill,MIA,13,,,1.09,6.266,2995,106,62,3163,19,0,1,0,20,12,4,16,10,12.517,453.0,0.0024,389.0,29.0,14.0,21.0,0.91,3.0,26.0,0.0349,58.2,47.6,0.45,,,0.0,,,0.457,0.1082,5.3111,0.625,0.0,tannehill,-0.1971817390696649,-0.45078381568094544,0.18564566268961896,-0.1348907957693041,-0.07413609819358506,-0.2941854617613019,0.12663072347689383,0.9034678026008285,-0.06019829533160729,0.2621044560247809,-0.5073495234579999,-0.023898082878769676,-0.1998651049737916,-0.260930382237771,0.08139448910118137,-0.5939990333847979,1.3038945636829729,0.9034678026008285,0.4023103904024145,0.0,False,-0.09390115080381874,48.9
2016,00-0029263,R.Wilson,SEA,16,,,34.89,6.56,4219,202,72,4493,21,0,1,1,23,11,5,16,10,12.643,646.0,0.054,546.0,41.0,34.0,25.0,-1.76,9.0,174.0,-0.0101,77.1,63.9,2.217,,,0.0,,,0.4799,0.0975,4.4978,0.625,0.0,wilson,0.1646057624837575,0.09242652687979755,0.4021441541866862,0.8540541620474883,0.20566788531123573,-0.2941854617613019,0.15879568652690226,0.9034678026008285,-0.18763168611998435,0.058702589863608906,1.3770915636717145,0.852483851944214,0.5623079438074889,0.7835944758018174,0.5458891741891404,-0.21446175481876506,1.1062060507353189,0.9034678026008285,0.4023103904024145,0.0,False,0.3570610028813232,62.2
2016,00-0027854,S.Bradford,MIN,15,,,37.7,6.4,3877,66,0,3943,20,0,0,0,20,5,5,10,8,12.577,598.0,0.0631,553.0,37.0,7.0,1.0,27.35,7.0,172.0,0.159,74.9,69.0,0.638,,,0.0,,,0.4749,0.0786,4.5222,0.5,0.0,bradford,0.22840937225383784,0.13758691334712564,0.2843218458889629,0.4450919614465591,-0.07413609819358506,0.6488199910078025,0.1419473725483264,0.3775686339227343,1.2017263685053547,0.8230416024825907,0.7489445346284764,0.7504711399542376,0.80077926581881,-0.14979813927713567,0.44447112067648537,0.4559358680689004,1.1121369491933575,0.3775686339227343,0.4023103904024145,0.0,False,0.3751028572859068,62.7
2016,00-0019596,T.Brady,NE,12,,,139.9,8.808,3554,64,10,3628,28,0,0,0,28,2,2,4,14,16.333,466.0,0.3002,432.0,15.0,12.0,7.0,41.89,9.0,135.0,0.3103,58.2,54.9,2.993,,,0.0,,,0.5,0.0408,3.6513,0.875,0.0,brady,1.8908089191204358,1.7800749905574196,2.057547585769706,0.2108681556478451,0.6720078578192704,1.591825443776907,1.1007696044199966,1.9552661399570168,1.895689477892247,1.5069238769311533,1.3770915636717145,-0.023898082878769676,0.14147619908162848,1.242310542490397,0.9535897493100132,1.7967311138442312,0.9004476267709898,1.9552661399570168,0.4023103904024145,0.059,False,1.311246512132975,90.2
2016,00-0032156,T.Siemian,DEN,14,,,-8.46,6.031,3401,65,6,3472,18,0,0,0,18,10,9,19,9,11.1,536.0,-0.0158,487.0,31.0,14.0,5.0,-24.56,3.0,169.0,-0.1453,65.2,56.2,0.6,,,0.0,,,0.4403,0.0933,-0.5171,0.5625,0.0,siemian,-0.32478895860982554,-0.6042648444222205,0.012594147377336872,0.09487160420467247,-0.2606720871967989,-0.7656881881458542,-0.2350974720934355,0.6405182182617813,-1.2758269333016308,-0.5524070169139567,-0.5073495234579999,0.3006878189075207,0.20226300665314187,-0.17226103945003007,-0.2573418096310859,-0.0654845052881724,-0.11276373111785845,0.6405182182617813,0.4023103904024145,0.0,False,-0.24334100438066597,44.5
2016,00-0028118,T.Taylor,BUF,15,,,57.58,6.013,2990,356,230,3576,17,1,5,0,23,6,2,8,7,14.778,568.0,0.1014,435.0,42.0,50.0,41.0,29.5,6.0,117.0,0.2521,64.7,50.0,0.728,,,0.0,,,0.4454,0.1021,2.1045,0.4375,1.0,taylor,0.4969454441432967,0.4570845941195389,-0.0006608623061569062,0.1722026385001209,0.20566788531123573,0.9631551419308374,0.7038131159853731,0.11461904958368725,1.3043412712001152,1.2438574633627042,0.4348710201068573,0.2775031116370714,-0.08764330638022884,-0.09659653360449112,-0.153895395048178,-0.37762731382846115,0.5244675556687753,0.11461904958368725,-2.735710654736419,0.0,False,0.19549220164383274,57.4
2017,00-0027973,A.Dalton,CIN,16,,,-47.96,5.665,3320,87,30,3437,25,0,0,0,25,12,7,19,7,10.357,554.0,-0.0866,495.0,39.0,11.0,9.0,-33.86,5.0,145.0,-0.2335,73.4,78.1,-0.245,,,0.0,,,0.4116,0.1065,-1.6825,0.4375,0.0,dalton,-0.48940345401261826,-0.9472955791786063,-0.024070562249995632,0.4774275788307855,0.7665121410737802,-1.044229985832022,-0.5493313379120535,-0.1160114141286293,-1.6129797844720564,-0.7248447546415112,0.4014910109702283,0.9263805960620879,1.3664196956944785,-0.39561403103221227,-0.5254546243671733,-0.5040444503663032,-0.12783492923168396,-0.1160114141286293,0.407516514050603,0.0,False,-0.21272907354575699,38.6
2017,00-0023459,A.Rodgers,GB,7,,,28.39,5.966,1675,126,5,1806,16,0,0,0,16,6,2,8,7,12.8,279.0,0.1017,239.0,22.0,16.0,2.0,1.06,3.0,53.0,0.0201,36.6,40.0,1.237,,,0.0,,,0.4946,0.1111,0.8471,0.4375,0.0,rodgers,0.7969942156141836,0.37858172144626756,0.20683295451784867,-0.7418916900217964,-0.1465390857935166,0.7505403023167658,0.2822107017899991,-0.1160114141286293,0.17353550586555488,0.32779110043769494,-0.3359414581587624,-0.630751221922907,-0.27253830645200544,0.595389977890082,1.2617897267951947,-0.6916000880183344,0.4343890401181849,-0.1160114141286293,0.407516514050603,0.0,False,0.18327772788726726,55.3
2017,00-0023436,A.Smith,KC,15,,,104.38,7.648,4042,288,46,4376,26,0,1,0,27,5,1,6,10,14.821,591.0,0.1766,505.0,35.0,33.0,18.0,25.67,3.0,118.0,0.2175,74.0,69.2,2.978,,,0.0,,,0.4822,0.0711,4.9927,0.625,1.0,smith,1.3086839949824653,1.6982073412823404,1.4971310116723795,1.179414576655785,0.9694124137109572,1.0768621728892729,0.9701134697956668,0.8052556980693082,1.4325888075611053,1.147153552301399,-0.3359414581587624,0.9517686148335822,0.9835659891563238,1.7595856455916432,0.994779727344432,0.9393185002601955,1.3557820221457055,0.8052556980693082,-2.2122325048461304,0.0,False,1.077571534981774,92.9
2017,00-0031407,B.Bortles,JAX,16,,,51.24,6.18,3687,173,160,4020,21,0,2,0,23,13,4,17,10,13.031,596.0,0.086,526.0,24.0,24.0,22.0,16.53,7.0,153.0,0.108,69.1,57.5,-0.898,,,0.0,,,0.4698,0.0705,-2.8849,0.625,0.0,bortles,0.6897374794849175,0.7753897937354407,0.37099691660528566,0.9132725412716532,0.5636118684366032,-0.7179081152595153,0.36083788605982053,0.8052556980693082,0.9649842899870569,0.692643985538098,1.1389234800992192,0.7444331281997103,0.48026392550504104,-0.8322709931282029,0.727769727893668,0.9637822790843735,-0.39507801143688726,0.8052556980693082,0.407516514050603,0.0,False,0.467574310604208,67.2
2017,00-0027948,B.Gabbert,ARI,5,,,-53.16,4.057,1086,82,3,1171,6,0,0,0,6,6,2,8,8,9.833,213.0,-0.2496,171.0,23.0,14.0,5.0,-29.03,0.0,87.0,-0.3336,22.1,19.4,-1.297,,,0.0,,,0.3803,0.1455,-7.3974,0.5,0.0,gabbert,-1.6029606507686922,-1.0375976350168425,-1.2576016418602725,-1.2166113317884362,-1.161040448979402,0.7505403023167658,-0.727689106558748,0.1910776232706832,-1.3658758654476961,-1.1403370617922548,-1.4420901618522486,-1.2442950089006901,-1.158694076641443,-1.0990797647611281,-1.1994395423356328,-2.094190073937869,-1.3980174728897983,0.1910776232706832,0.407516514050603,0.0,False,-1.0675103858298804,2.6
2017,00-0026625,B.Hoyer,SF,8,,,-30.14,4.715,1287,9,-2,1294,4,1,0,0,5,4,1,5,6,12.259,233.0,-0.1293,212.0,16.0,1.0,4.0,-2.65,0.0,3.0,-0.8848,22.3,16.1,-1.394,,,0.0,,,0.382,0.0944,-6.3027,0.375,0.0,hoyer,-0.7811144497272463,-0.637837380132958,-0.7528358145073113,-1.1246577633832446,-1.2624905852979904,1.2400231081755262,0.09806651698491904,-0.4231004515279418,-0.016268953674895798,-3.4282427531158293,-1.4420901618522486,-1.2358323359768588,-1.3006510689533433,-1.1639430500954482,-1.1628333327335123,-0.010691577412048016,-1.154711582928025,-0.4231004515279418,0.407516514050603,0.0,False,-0.8388444698990111,12.3
2017,00-0031589,B.Hundley,GB,11,,,-59.54,3.697,1836,210,63,2109,9,1,1,0,11,12,2,14,7,12.8,379.0,-0.1571,317.0,29.0,21.0,12.0,-26.98,4.0,131.0,-0.206,42.8,27.5,-0.28,,,0.0,,,0.4169,0.1187,-3.0333,0.4375,0.0,hundley,-0.97103402070773,-1.148391311218371,-1.533765316399887,-0.5153719239504706,-0.6537897673864592,-0.2284253094007549,0.2822107017899991,-0.1160114141286293,-1.2609973904994687,-0.6106985164132849,0.03277477640573297,-0.36840836128413085,-0.8102541864213244,-0.4190183092456267,-0.4113293826664443,-1.0014746197912547,-0.4280611064129786,-0.1160114141286293,0.407516514050603,0.0,False,-0.6859328496571964,18.7
2017,00-0029682,B.Osweiler,DEN,6,,,-19.17,4.94,1088,72,-2,1158,5,1,0,0,6,5,2,7,5,9.633,193.0,-0.0993,172.0,10.0,10.0,1.0,-3.08,3.0,67.0,-0.0459,21.8,19.4,-0.277,,,0.0,,,0.3834,0.0933,-6.1923,0.3125,0.0,osweiler,-0.5761652724101776,-0.4473347738742171,-0.580233517920052,-1.2263300016198793,-1.161040448979402,0.9137012376030194,-0.795764590775044,-0.7301894889272542,-0.038267853298182546,0.05384012868995202,-0.3359414581587624,-1.2569890182864374,-1.158694076641443,-0.41701222825590556,-1.132687042472942,0.034158683765611694,-1.130174293943116,-0.7301894889272542,0.407516514050603,0.0,False,-0.5009506337250005,26.5
2017,00-0031568,B.Petty,NYJ,4,,,-30.65,3.091,544,56,0,600,1,0,0,0,1,3,1,4,5,10.276,127.0,-0.2413,113.0,8.0,6.0,0.0,-30.65,1.0,127.0,-0.2413,11.9,2.9,-0.503,,,0.0,,,0.3622,0.0945,-14.3534,0.3125,0.0,petty,-1.546258045044303,-0.6466939279170927,-1.9986408352082377,-1.643485214384895,-1.6682911305723447,1.4031840434617797,-0.5769019090196531,-0.7301894889272542,-1.4487554407726366,-0.7572207785753352,-1.0733739272877532,-1.6758913280160965,-1.8684790382009442,-0.5681369961482392,-1.5891880092758603,-0.014768873882744457,-2.9440444853809775,-0.7301894889272542,0.407516514050603,0.0,False,-1.000633712018164,5.4
2017,00-0022924,B.Roethlisberger,PIT,15,,,89.53,6.959,4259,62,4,4325,28,0,0,0,28,14,1,15,13,16.24,595.0,0.1505,561.0,21.0,10.0,3.0,42.42,6.0,132.0,0.3214,70.0,65.1,2.719,,,0.0,,,0.4992,0.0605,2.9129,0.8125,1.5,roethlisberger,1.1303782107166154,1.4403255087443003,0.9685844234562844,1.141287487317047,1.0708625500295457,-0.39158624468700837,1.4531090303102845,1.7265228102672456,2.289522688235647,1.5784187941891334,0.7702072455347238,0.7825151563569523,0.8071951805263867,1.5863939868123758,1.3608418233656392,1.3715119261540056,0.8935297247651486,1.7265228102672456,-3.5221070142944977,0.0,False,1.0589934151061138,92.1
2017,00-0033936,C.Beathard,SF,6,,,-44.69,4.541,1430,83,56,1569,4,0,3,0,7,6,4,10,6,12.259,265.0,-0.1686,223.0,19.0,12.0,11.0,0.0,0.0,0.0,0.0,27.1,22.6,-0.891,,,0.0,,,0.4,0.1132,-7.129,0.375,0.0,beathard,-1.0495978720126065,-0.8905094786803307,-0.8863149238681245,-0.919070516948873,-1.0595903126608135,0.42421843174425894,0.09806651698491904,-0.4231004515279418,0.11930566028256898,0.2443605772236096,-1.4420901618522486,-1.0327281858049029,-1.0210388113692974,-0.8275901374855199,-0.7752381722404682,-0.7772233139029567,-1.3383634116257623,-0.4231004515279418,0.407516514050603,0.0,False,-0.6747127427918921,19.2
2017,00-0028986,C.Keenum,MIN,15,,,69.12,7.016,3547,167,13,3727,22,0,1,0,23,7,3,10,13,14.692,526.0,0.1314,482.0,22.0,19.0,3.0,-3.04,6.0,143.0,-0.0213,64.9,57.5,2.364,,,0.0,,,0.4772,0.0608,3.5839,0.8125,0.0,keenum,0.9998939011580815,1.0858899395792225,1.0123103385917236,0.6942286750706682,0.5636118684366032,0.42421843174425894,0.9262047824761562,1.7265228102672456,-0.03622144403090005,0.15594912725047438,0.7702072455347238,0.5667169967992495,0.48026392550504104,1.3490077363620285,0.8871144049852531,1.3592800367419167,1.0426648779252379,1.7265228102672456,0.407516514050603,0.0,False,0.8417802598695323,83.0
2017,00-0027939,C.Newton,CAR,16,,,17.28,5.275,3302,230,547,4079,22,1,5,0,28,16,1,17,11,13.962,651.0,0.0265,492.0,35.0,31.0,93.0,-9.4,7.0,164.0,-0.0573,78.2,71.8,1.287,,,0.0,,,0.4409,0.0891,-2.321,0.6875,0.0,newton,0.2832549444727311,0.18564790599188186,-0.3232478763345775,0.9573803505066638,1.0708625500295457,-0.7179081152595153,0.6777292650866767,1.1123447354686207,-0.36160051752881556,0.006521324478978267,1.1389234800992192,1.1294847462340436,1.095410892189942,0.6288246610521026,0.10546416465761463,0.20540513553485712,-0.2697466956887884,1.1123447354686207,0.407516514050603,0.0,False,0.38940280930088583,63.9
2017,00-0021429,C.Palmer,ARI,7,,,-15.44,5.838,1978,2,16,1996,9,0,0,0,9,7,2,9,8,9.833,298.0,-0.0518,268.0,22.0,1.0,7.0,0.0,0.0,0.0,0.0,37.7,29.0,0.218,,,0.0,,,0.4396,0.104,-0.035,0.5,0.0,palmer,-0.2516624083248185,-0.38256041459025136,0.10864142579265239,-0.5998495924853215,-0.8566900400236364,0.5873793670305124,-0.727689106558748,0.1910776232706832,0.11930566028256898,0.2443605772236096,-1.4420901618522486,-0.5842065208418337,-0.7457282808250061,-0.08600886495190041,0.07747118084422762,-0.402112038598895,0.23833521209655334,0.1910776232706832,0.407516514050603,0.0,False,-0.23865872031991367,37.5
2017,00-0032950,C.Wentz,PHI,13,,,113.17,7.386,3296,218,92,3606,33,0,0,0,33,7,4,11,13,15.759,523.0,0.2164,443.0,28.0,30.0,22.0,18.47,4.0,45.0,0.4104,61.5,66.0,2.481,,,0.0,,,0.4914,0.0746,0.4146,0.8125,0.0,wentz,1.5805832368897768,1.8508525472088977,1.2961452263129938,0.6037702866395448,1.5781132316224884,0.26105749645800547,1.289387490770094,1.7265228102672456,1.0642351394502574,1.9478375288186656,0.03277477640573297,0.4228515570941139,0.845910723884178,1.4272448949611571,1.1928839204853208,0.796613123785824,0.3382624324553852,1.7265228102672456,0.407516514050603,0.235,False,1.1975228475612023,97.9
2017,00-0020531,D.Brees,NO,16,,,90.27,7.756,4334,20,12,4366,23,1,1,0,25,8,5,13,11,14.933,568.0,0.1589,533.0,20.0,5.0,10.0,6.31,6.0,137.0,0.046,68.2,53.2,2.101,,,0.0,,,0.4982,0.0581,4.6814,0.6875,0.0,brees,1.1877639803653948,1.45317618592128,1.5799801140342642,1.1719386767854443,0.7665121410737802,-0.06526437411450144,1.0082357409567924,1.1123447354686207,0.4421267221963813,0.435296102987188,0.7702072455347238,0.706351100042469,0.2952896627955955,1.1731413029298,1.3393087588938035,1.4693670414507174,1.2865930904337297,1.1123447354686207,0.407516514050603,0.0,False,0.986442342020307,89.1
2017,00-0031280,D.Carr,LV,15,,,-3.89,6.052,3496,76,0,3572,22,0,0,0,22,13,10,23,0,0.0,549.0,-0.0071,517.0,20.0,9.0,3.0,-34.07,5.0,151.0,-0.2256,68.2,56.4,0.407,,,0.0,,,0.4335,0.0801,-0.3161,0.0,0.0,carr,0.05371186587761399,-0.18198565594955335,0.2728053878800894,0.578352227080386,0.4621617321180146,-1.696873726977036,-4.074620288052927,-2.265634675923817,-1.6237234331252894,-0.6920536534777662,0.4014910109702283,0.706351100042469,0.43294492806774093,0.04037423740053789,-0.05388051243397045,0.572361817897526,0.17585847356704346,-2.265634675923817,0.407516514050603,0.0,False,-0.16316681221006832,40.7
2017,00-0033899,D.Kizer,CLE,15,,,-114.19,3.7,2894,316,105,3315,11,0,5,0,16,22,10,32,0,8.069,587.0,-0.1945,475.0,38.0,45.0,29.0,-29.14,5.0,159.0,-0.1833,67.6,53.3,-2.632,,,0.0,,,0.368,0.121,-6.3284,0.0,0.0,kizer,-1.2265373284296759,-2.097431186518297,-1.5314639524453901,0.38622160041262793,-0.1465390857935166,-3.165322144553317,-1.328114877346476,-2.265634675923817,-1.3715034909327228,-0.5164759852212581,0.4014910109702283,0.6809630812709742,0.2995913898353498,-1.9917858051870816,-1.4642962353392135,-1.0952524386172702,-1.1604236148746931,-2.265634675923817,0.407516514050603,0.0,False,-1.1046324096362692,1.1
2017,00-0033077,D.Prescott,DAL,16,,,-3.8,5.725,3324,242,121,3687,22,3,3,0,28,13,5,18,9,14.16,574.0,-0.0066,491.0,32.0,32.0,19.0,4.26,5.0,142.0,0.03,70.1,62.2,0.439,,,0.0,,,0.4425,0.0871,-0.241,0.5625,0.0,prescott,0.057127685499565144,-0.18042273575235312,0.021956716839939786,0.6643250755893051,1.0708625500295457,-0.8810690505457688,0.7451239944608097,0.49816666066999565,0.33724824724815383,0.36888374619985637,0.4014910109702283,0.7867464928188678,0.6824450963735051,0.06177243462423117,0.13991706781255164,0.28695106494878364,0.1925500533022487,0.49816666066999565,0.407516514050603,0.0,False,0.2700715741757052,58.9
2017,00-0025430,D.Stanton,ARI,5,,,-20.51,4.512,894,1,11,906,6,0,0,0,6,5,0,5,8,9.833,170.0,-0.1206,159.0,7.0,1.0,3.0,-12.2,3.0,72.0,-0.1694,17.1,19.4,0.042,,,0.0,,,0.3706,0.0706,-8.3103,0.5,0.0,stanton,-0.7216791883052963,-0.4706049190325318,-0.9085614420949273,-1.414722678352467,-1.161040448979402,1.2400231081755262,-0.727689106558748,0.1910776232706832,-0.5048491662385896,-0.4587802502622639,-0.3359414581587624,-1.4558618319964776,-1.158694076641443,-0.20369894968221333,-1.4083102677124406,0.9597049826136771,-1.6009168489253356,0.1910776232706832,0.407516514050603,0.0,False,-0.4850907579035409,27.1
2017,00-0033537,D.Watson,HOU,7,,,43.31,7.188,1699,188,82,1969,19,1,1,0,21,8,1,9,4,12.519,259.0,0.1672,204.0,19.0,19.0,17.0,0.0,0.0,0.0,0.0,37.5,53.8,1.501,,,0.0,,,0.4826,0.1081,2.2591,0.25,1.0,watson,1.2444665860897837,0.6376791585821303,1.1442552053162056,-0.6200345221352417,0.3607115957994261,0.5873793670305124,0.18656464646610338,-1.0372785263265667,0.11930566028256898,0.2443605772236096,-1.4420901618522486,-0.5926691937656653,0.32110002503412255,0.7719251049855512,1.0033929531331653,-0.5692811938974445,0.7482174101063311,-1.0372785263265667,-2.2122325048461304,0.0,False,0.22905354580140708,57.2
2017,00-0022803,E.Manning,NYG,15,,,-62.67,5.073,3468,35,0,3503,19,1,0,0,20,13,5,18,3,8.483,612.0,-0.1024,574.0,32.0,5.0,1.0,-32.71,5.0,184.0,-0.1778,67.5,74.1,-0.89,,,0.0,,,0.433,0.0817,-3.6361,0.1875,0.0,manning,-0.5973433540662746,-1.2027462025210016,-0.47820638260402776,0.5267685179750347,0.2592614594808375,-0.8810690505457688,-1.1871986250187438,-1.3443675637258792,-1.5541455180376849,-0.49364673757561306,0.4014910109702283,0.6767317448090586,1.1943506141042963,-0.8269214438222795,-0.06464704466988834,0.5071250743663852,-0.5620382603994195,-1.3443675637258792,0.407516514050603,0.0,False,-0.3353036117238351,33.4
2017,00-0033119,J.Brissett,IND,16,,,-54.42,5.276,3098,248,22,3368,13,2,2,0,17,7,5,12,4,9.393,572.0,-0.0951,467.0,52.0,40.0,13.0,1.39,4.0,126.0,0.011,72.5,56.7,-2.123,,,0.0,,,0.3969,0.1154,-4.4544,0.25,0.0,brissett,-0.5474723875857879,-1.059478517777646,-0.3224807550164124,0.4258438697254341,-0.04508894947492808,0.09789656117175202,-0.8774551718345983,-1.0372785263265667,0.1904183823206354,0.29001907251490006,0.03277477640573297,0.888298567904846,0.4458501091870048,-1.6514207305977107,-0.84199067210316,-0.8669238362582762,-0.7439120246779606,-1.0372785263265667,0.407516514050603,0.0,False,-0.406213816164135,30.5
2017,00-0024226,J.Cutler,MIA,14,,,-44.17,5.038,2666,32,7,2705,19,0,0,0,19,14,4,18,6,9.69,459.0,-0.0962,429.0,20.0,6.0,4.0,-12.61,4.0,136.0,-0.0927,52.6,61.3,-0.982,,,0.0,,,0.4205,0.0828,-0.3911,0.375,0.0,cutler,-0.5549871907540803,-0.8814792730965072,-0.5050556287398237,-0.06980829167815991,0.157811323162249,-0.8810690505457688,-0.7763630777733996,-0.4231004515279418,-0.5258248612282351,-0.14041601491299296,0.03277477640573297,0.04626261198361248,0.6437295530157139,-0.8884412608403975,-0.3338103505678357,0.4622748131887255,0.15918911963707819,-0.4231004515279418,0.407516514050603,0.0,False,-0.30013926972791904,34.9
2017,00-0026158,J.Flacco,BAL,16,,,-50.66,4.723,3141,36,30,3207,18,0,1,0,19,13,1,14,9,12.742,584.0,-0.0867,547.0,27.0,6.0,4.0,5.7,8.0,168.0,0.0339,63.2,51.4,-2.026,,,0.0,,,0.4195,0.0702,-1.2153,0.5625,0.0,flacco,-0.49008661793700864,-0.9941831850946136,-0.7466988439619865,0.30548188181294744,0.157811323162249,-0.2284253094007549,0.26246881136727335,0.49816666066999565,0.4109189808703234,0.3850717581667685,1.5076397146637144,0.49478427694668164,0.21785857608001336,-1.5865574452633902,-0.3553434150396715,0.9760141684964623,-0.023995967150620256,0.49816666066999565,0.407516514050603,0.0,False,-0.1326685479369469,42.0
2017,00-0031345,J.Garoppolo,SF,6,,,59.67,7.707,1560,19,-1,1578,7,0,1,0,8,5,0,5,6,12.259,192.0,0.3108,176.0,8.0,4.0,4.0,44.42,7.0,147.0,0.3022,27.2,25.8,1.84,,,0.0,,,0.5365,0.0729,6.0059,0.375,0.0,garoppolo,2.225489981514153,0.9217833188731969,1.5423911694441497,-0.9123422070655663,-0.9581401763422248,1.2400231081755262,0.09806651698491904,-0.4231004515279418,2.391843151599771,1.4987239660443357,1.1389234800992192,-1.0284968493429871,-0.8833835460971518,0.9986122568240517,2.1640251281651133,0.8659271637876612,1.5809738808369165,-0.4231004515279418,0.407516514050603,0.0,False,0.7844475266611394,80.6
2017,00-0033106,J.Goff,LA,15,,,74.6,7.754,3804,59,6,3869,28,0,1,0,29,7,6,13,11,17.071,514.0,0.1451,475.0,25.0,10.0,4.0,4.02,8.0,93.0,0.0433,65.1,61.7,0.595,,,0.0,,,0.4494,0.0759,-0.9075,0.6875,1.0,goff,1.093487358799543,1.1810544138087484,1.5784458713979326,0.8003864532295074,1.1723126863481343,-0.06526437411450144,1.735962667228994,1.1123447354686207,0.3249697916444589,0.4240890177793258,1.5076397146637144,0.5751796697230805,0.6609364611747324,0.16608864608973578,0.2884952126682188,0.743608269666772,0.044415061377957255,1.1123447354686207,-2.2122325048461304,0.0,False,0.7058963852522439,77.2
2017,00-0021206,J.McCown,NYJ,13,,,14.25,6.058,2926,125,13,3064,18,1,4,0,23,9,7,16,5,10.276,455.0,0.0313,393.0,39.0,14.0,9.0,-13.53,0.0,17.0,-0.7957,60.8,67.6,-0.162,,,0.0,,,0.4549,0.1209,5.5341,0.3125,0.0,mccown,0.3160468128434621,0.13302959268614029,0.27740811578908314,0.19857651366707424,0.5636118684366032,-0.5547471799732618,-0.5769019090196531,-0.7301894889272542,-0.5728922743757323,-3.058408941256376,-1.4420901618522486,0.3932322018607035,0.9147383565202505,-0.34011245698325787,0.4069270672633157,-1.0911751421465736,1.476112531714815,-0.7301894889272542,0.407516514050603,0.0,False,-0.21346304966231072,38.6
2017,00-0031503,J.Winston,TB,13,,,33.55,6.713,3504,132,5,3641,19,1,0,0,20,11,10,21,5,13.4,502.0,0.0668,441.0,33.0,23.0,5.0,28.5,8.0,175.0,0.1629,62.1,57.1,1.502,,,0.0,,,0.504,0.1076,4.9259,0.3125,0.0,winston,0.5585700060019935,0.46818914608574813,0.7798725791875483,0.6299359361857375,0.2592614594808375,-1.3705518564045291,0.4864371544388861,-0.7301894889272542,1.5773722632213412,0.9205213847646295,1.5076397146637144,0.4482395758656084,0.4630570173460229,0.7725937986487916,1.4642005328304515,-0.5488947115439629,1.3409351842454167,-0.7301894889272542,0.407516514050603,0.0,False,0.491707496311485,68.2
2017,00-0029604,K.Cousins,WAS,16,,,-1.06,6.379,4093,140,49,4282,27,0,4,0,31,13,8,21,7,12.214,621.0,-0.0017,540.0,41.0,23.0,17.0,-22.86,7.0,140.0,-0.1633,79.1,75.6,1.292,,,0.0,,,0.4477,0.1014,0.8388,0.4375,0.0,cousins,0.09060271779468639,-0.13284049863759012,0.523654058920239,1.1091411178745818,1.3752129589853115,-1.3705518564045291,0.08274953303625253,-0.1160114141286293,-1.0502172359693724,-0.4334605392370937,1.1389234800992192,1.167566774391285,1.2588765197006146,0.6321681293683047,0.2518890030660973,-0.2961023303607909,0.4325442982832688,-0.1160114141286293,0.407516514050603,0.0,False,0.2869775737972688,59.6
2017,00-0030520,M.Glennon,CHI,4,,,-33.41,4.122,833,2,2,837,4,0,0,0,4,5,3,8,5,9.429,152.0,-0.2198,140.0,8.0,1.0,3.0,0.0,0.0,0.0,0.0,17.9,14.3,-0.955,,,0.0,,,0.3882,0.1053,1.7492,0.3125,0.0,glennon,-1.399377801300404,-0.6946234806312335,-1.2077387561795092,-1.4663063874578184,-1.363940721616579,0.7505403023167658,-0.8652015846756652,-0.7301894889272542,0.11930566028256898,0.2443605772236096,-1.4420901618522486,-1.4220111403011517,-1.3780821556689251,-0.8703865319329065,-1.0293283330081309,-0.4551168927179476,0.6348880291878073,-0.7301894889272542,0.407516514050603,0.0,False,-0.782479842237615,14.6
2017,00-0032268,M.Mariota,TEN,15,,,-3.78,5.52,3232,146,179,3557,13,2,3,0,18,15,4,19,9,11.929,526.0,-0.0072,452.0,27.0,22.0,25.0,-15.29,3.0,148.0,-0.1033,69.8,50.0,0.472,,,0.0,,,0.4506,0.0894,0.692,0.5625,0.0,mariota,0.05302870195322377,-0.18007542015297529,-0.1353031533840073,0.5671383772748749,0.056361186843660455,-1.044229985832022,-0.014258031971968895,0.49816666066999565,-0.6629342821361617,-0.18441420128460015,-0.3359414581587624,0.7740524834331207,0.1576343975234497,0.08383932551116483,0.3143348900344213,0.19317324612276834,0.3999168161910167,0.49816666066999565,0.407516514050603,0.0,False,0.003262986375177683,47.7
2017,00-0025708,M.Moore,MIA,4,,,-21.2,4.5,861,9,0,870,4,0,0,0,4,5,0,5,6,9.69,141.0,-0.1504,126.0,12.0,2.0,1.0,0.0,0.0,0.0,0.0,16.9,12.9,0.304,,,0.0,,,0.4043,0.1206,-0.0989,0.375,0.0,moore,-0.9252620377735847,-0.482587307211067,-0.9177668979129141,-1.441635917885694,-1.363940721616579,1.2400231081755262,-0.7763630777733996,-0.4231004515279418,0.11930566028256898,0.2443605772236096,-1.4420901618522486,-1.464324504920309,-1.438306334225489,-0.028501209913224777,-0.682645995011575,-1.0789432527344849,0.2241329225482229,-0.4231004515279418,0.407516514050603,0.0,False,-0.6061347952215429,22.0
2017,00-0026143,M.Ryan,ATL,16,,,74.79,6.907,4095,150,3,4248,20,0,0,0,20,12,3,15,10,14.12,573.0,0.1305,526.0,24.0,17.0,6.0,17.62,4.0,153.0,0.1152,72.6,55.6,1.659,,,0.0,,,0.4939,0.0681,2.9681,0.625,0.0,ryan,0.9937454258385696,1.1843539120028381,0.9286941149116736,1.0837230583154231,0.2592614594808375,-0.39158624468700837,0.7315088976175502,0.8052556980693082,1.0207489425205047,0.7225295460923973,0.03277477640573297,0.8925299043667615,0.3985311117497046,0.8775787037775368,1.2467165816649102,1.0616373943810853,0.905798369257603,0.8052556980693082,0.407516514050603,0.0,False,0.763564258231305,79.7
2017,00-0026498,M.Stafford,DET,16,,,26.93,6.974,4446,107,0,4553,29,0,0,0,29,10,9,19,9,13.226,635.0,0.0424,568.0,47.0,17.0,3.0,17.01,7.0,151.0,0.1126,81.4,65.9,1.067,,,0.0,,,0.4535,0.1039,0.6306,0.5625,0.0,stafford,0.3918780084507775,0.3532276826916858,0.9800912432287687,1.3117380043608171,1.1723126863481343,-1.044229985832022,0.42721148317070895,0.49816666066999565,0.9895412011944468,0.711737538114456,1.1389234800992192,1.2648875130153476,0.8416089968444236,0.4817120551392114,0.3767807770027453,-0.3980347421281991,0.38627017177368517,0.49816666066999565,0.407516514050603,0.0,False,0.5706330744047182,71.6
2017,00-0033869,M.Trubisky,CHI,12,,,-47.27,5.047,2193,214,40,2447,7,0,2,0,9,7,5,12,5,9.429,397.0,-0.1191,330.0,31.0,20.0,16.0,-3.75,4.0,157.0,-0.0239,52.5,32.1,-1.177,,,0.0,,,0.3955,0.1108,-5.3866,0.3125,0.0,trubisky,-0.7114317294394429,-0.9353131910000712,-0.49815153687633373,-0.26268650833295215,-0.8566900400236364,0.09789656117175202,-0.8652015846756652,-0.7301894889272542,-0.0725452085251642,0.145157119272533,0.03277477640573297,0.04203127552169667,-0.6123747425926149,-1.0188365251722784,-0.8721369623637293,-0.679368198606245,-0.951100981124809,-0.7301894889272542,0.407516514050603,0.0,False,-0.5359674147408329,25.0
2017,00-0029567,N.Foles,PHI,6,,,-22.79,4.745,537,0,10,547,5,0,0,0,5,2,2,4,13,15.759,112.0,-0.2035,101.0,5.0,0.0,6.0,-17.31,5.0,106.0,-0.1633,9.3,10.0,-0.573,,,0.0,,,0.375,0.0804,-3.2101,0.8125,0.0,foles,-1.2880220816247965,-0.5101988973616046,-0.7298221749623433,-1.6831074836977011,-1.2624905852979904,1.4031840434617797,1.289387490770094,1.7265228102672456,-0.7662779501339273,-0.4334605392370937,0.4014910109702283,-1.785906076025906,-1.5630564183783708,-0.6149455525750681,-1.313564784036363,0.5601299284854373,-0.4673563300772167,1.7265228102672456,0.407516514050603,0.0,False,-0.5073109491576743,26.2
2017,00-0022942,P.Rivers,LAC,16,,,108.05,7.61,4515,13,0,4528,28,0,0,0,28,10,3,13,9,12.241,597.0,0.181,574.0,18.0,2.0,3.0,26.72,7.0,151.0,0.1769,73.6,70.0,2.568,,,0.0,,,0.4791,0.0519,1.0183,0.5625,0.0,rivers,1.3387432076556354,1.7619397537681727,1.4679804015820874,1.293048254684965,1.0708625500295457,-0.06526437411450144,0.0919397234054522,0.49816666066999565,1.4863070508272704,0.9786321969535448,1.1389234800992192,0.934843268985919,1.01797980547436,1.4854212436630732,0.9280272274817413,1.7221594226338894,0.4724396186889856,0.49816666066999565,0.407516514050603,0.0,False,1.1777944946096188,97.1
2017,00-0023682,R.Fitzpatrick,TB,6,,,6.07,6.244,1103,65,16,1184,7,0,0,0,7,3,1,4,5,13.4,185.0,0.0328,165.0,7.0,10.0,3.0,0.0,0.0,0.0,0.0,20.2,20.0,0.049,,,0.0,,,0.4541,0.0595,-1.6116,0.3125,0.0,fitzpatrick,0.3262942717093155,-0.009022487459393004,0.4200926809678838,-1.2068926619569933,-1.0595903126608135,1.4031840434617797,0.4864371544388861,-0.7301894889272542,0.11930566028256898,0.2443605772236096,-1.4420901618522486,-1.3246904016770895,-1.1328837144029158,-0.19901809403953044,0.3897006156858466,1.412284890860969,-0.11207683331655675,-0.7301894889272542,0.407516514050603,0.0,False,-0.07087194206027758,44.6
2017,00-0029263,R.Wilson,SEA,16,,,50.85,6.442,3983,445,157,4585,34,1,2,0,37,11,4,15,9,12.621,679.0,0.0749,554.0,43.0,53.0,29.0,-19.68,8.0,147.0,-0.1339,88.8,94.9,1.787,,,0.0,,,0.4624,0.0869,4.6189,0.5625,0.0,wilson,0.613906283877602,0.7686171395475729,0.5719827019646719,1.3356608839459074,1.9839137768968427,-0.39158624468700837,0.2212831434164143,0.49816666066999565,-0.8875276992204146,-0.31142783364037185,1.5076397146637144,1.5780064111971126,2.0891098383732434,0.9631714926723097,0.5684250508020829,0.29510565789017595,1.2727019621587587,0.49816666066999565,0.407516514050603,0.0,False,0.7429557773188884,78.8
2017,00-0019596,T.Brady,NE,16,,,132.08,7.534,4577,25,14,4616,32,0,0,0,32,8,3,11,13,16.963,632.0,0.209,583.0,35.0,6.0,8.0,2.42,6.0,154.0,0.0157,71.0,62.7,3.832,,,0.0,,,0.5063,0.0728,3.7357,0.8125,0.5,brady,1.5300291064848996,2.179239446420638,1.4096791814015017,1.358836173543964,1.4766630953039,0.26105749645800547,1.6992019057521943,1.7265228102672456,0.2431134209531594,0.30952770232117877,0.7702072455347238,0.8248285209761098,0.7039537315722779,2.330650033998957,1.513726581115673,0.8700044602583576,1.0764036502794876,1.7265228102672456,-0.9023579953977637,0.608,True,1.2466550729959722,100.0
2017,00-0031064,T.Savage,HOU,8,,,-49.36,4.457,1412,4,0,1416,5,0,0,0,5,6,7,13,4,12.519,245.0,-0.2015,222.0,21.0,2.0,0.0,-6.31,0.0,14.0,-0.4507,27.0,12.8,-1.255,,,0.0,,,0.3878,0.1388,-4.18,0.25,1.0,savage,-1.2743588031369921,-0.9716076711350545,-0.9507531145940349,-1.033451784965087,-1.2624905852979904,-0.06526437411450144,0.18656464646610338,-1.0372785263265667,-0.20351540163124335,-1.626392498029538,-1.4420901618522486,-1.0369595222668186,-1.4426080612652432,-1.0709946309050307,-1.0379415587968654,-1.8210112104012162,-0.6829244150995276,-1.0372785263265667,-2.2122325048461304,0.0,False,-1.1159556640389572,0.6
2017,00-0032156,T.Siemian,DEN,11,,,-55.1,4.362,2285,133,0,2418,12,1,0,0,13,14,4,18,5,9.633,408.0,-0.1351,351.0,33.0,24.0,0.0,1.13,1.0,46.0,0.0245,45.6,41.9,-0.993,,,0.0,,,0.3995,0.125,-1.5084,0.3125,0.0,siemian,-0.8207379573418796,-1.0712872481564923,-1.0236296398197662,-0.2843666179569404,-0.4508894947492822,-0.8810690505457688,-0.795764590775044,-0.7301894889272542,0.17711672208329923,0.34605449855421117,-1.0733739272877532,-0.24993094035048977,-0.19080549269666905,-0.8957968911360422,-0.786004704476386,-1.258344297445123,-0.08913980230892454,-0.7301894889272542,0.407516514050603,0.0,False,-0.6384327750722221,20.7
2017,00-0028118,T.Taylor,BUF,15,,,24.15,5.672,2799,313,130,3242,14,0,4,0,18,4,4,8,9,11.615,535.0,0.0451,420.0,46.0,40.0,29.0,15.68,3.0,118.0,0.1329,68.1,60.0,0.879,,,0.0,,,0.4243,0.1047,1.2595,0.5625,0.0,taylor,0.41032343440931374,0.3049508143781671,-0.018700713022836716,0.3316475313591402,0.056361186843660455,0.7505403023167658,-0.12113654219155318,0.49816666066999565,0.921498093057304,0.7959982157883829,-0.3359414581587624,0.7021197635805528,0.5878071014989048,0.3559976464500135,-0.25198470557485925,-0.43065311389376953,0.5260482609277539,0.49816666066999565,0.407516514050603,0.0,False,0.2723892063760285,59.0
2017,00-0028090,T.Yates,HOU,4,,,-26.12,3.573,523,51,0,574,4,0,0,0,4,3,2,5,4,12.519,115.0,-0.2271,97.0,13.0,5.0,0.0,-26.12,4.0,115.0,-0.2271,10.9,10.3,-0.469,,,0.0,,,0.3565,0.1565,-10.3715,0.25,1.0,yates,-1.4492487677808907,-0.5680269446580136,-1.628888359852421,-1.662922554047781,-1.363940721616579,1.2400231081755262,0.18656464646610338,-1.0372785263265667,-1.216999591252895,-0.6982798119265785,0.03277477640573297,-1.7182046926352539,-1.550151237259107,-0.5454014115980651,-1.711926476765325,-2.542692685714465,-2.059035146531261,-1.0372785263265667,-2.2122325048461304,0.0,False,-1.1301699743612836,0.0
2018,00-0027973,A.Dalton,CIN,11,,,25.03,6.078,2566,99,2,2667,21,0,0,0,21,11,1,12,6,14.154,397.0,0.0631,363.0,21.0,12.0,1.0,0.0,0.0,0.0,0.0,52.5,51.2,1.733,,,0.0,,,0.4736,0.0831,-3.0416,0.375,0.0,dalton,0.2167182965606411,-0.06487490939141516,0.0331284566176923,-0.2572096186342122,0.07137744678794948,0.1339164825980122,0.3046632981192514,-0.4862804350347848,-0.17517979892043495,0.06595346851127297,-1.2347336985225295,-0.014912484869475056,0.1882959238910661,0.4480582532882548,0.24855926534231454,0.608110257378867,-0.5283268803946118,-0.4862804350347848,0.3329035029374747,0.0,False,0.06339007187400882,52.2
2018,00-0029668,A.Luck,IND,16,,,94.26,6.936,4593,160,4,4757,39,0,0,0,39,15,5,20,10,15.464,686.0,0.1374,640.0,18.0,21.0,7.0,39.32,7.0,163.0,0.2413,77.0,69.6,2.945,,,0.0,,,0.5073,0.0569,0.8464,0.625,0.0,luck,0.7411801035900644,0.977572518974769,0.6628693902688174,1.1808373493620272,1.5590337061578443,-1.2129007138162828,0.6874348335740156,0.8722172882369952,1.6718252989908704,1.2424339219351432,0.8433973350563726,1.0497006733619214,1.0078893646556202,1.1547946409766234,0.9842153105510603,1.5943644845965907,0.27318366665580773,0.8722172882369952,0.3329035029374747,0.0,False,0.9703878608476795,80.0
2018,00-0023459,A.Rodgers,GB,16,,,76.77,6.954,4442,278,-4,4716,25,1,1,0,27,2,4,6,6,14.462,686.0,0.1119,598.0,49.0,33.0,6.0,25.21,6.0,160.0,0.1576,78.8,67.5,2.151,,,0.0,,,0.4665,0.0845,-0.5936,0.375,0.0,rodgers,0.5611831173282839,0.7142126241008044,0.6760807385272325,1.1526268586022923,0.5672628665779145,1.1440293799087335,0.39465843775289056,-0.4862804350347848,1.0090266740791582,0.8343468355216415,0.5465214731165294,1.1279171502932075,0.9143488089161876,0.6918006708243423,0.09356941605501191,0.5554096498176142,-0.023672091511014345,-0.4862804350347848,0.3329035029374747,0.0,False,0.6448098957934717,70.0
2018,00-0023436,A.Smith,WAS,10,,,-0.45,5.828,2180,131,42,2353,10,0,1,0,11,5,3,8,7,10.808,385.0,-0.0012,327.0,22.0,21.0,15.0,0.0,0.0,0.0,0.0,49.1,35.5,-0.041,,,0.0,,,0.4571,0.0805,-1.7018,0.4375,0.0,smith,-0.23715645703278987,-0.44854615704085,-0.1503624914158524,-0.4732606942087669,-0.7550982528619922,0.8073250808051597,-0.6730111733552834,-0.14665600421683983,-0.17517979892043495,0.06595346851127297,-1.2347336985225295,-0.16265471907301574,-0.5110310880656463,-0.5863892316615521,-0.11162841257888226,0.7059828142783355,-0.25212733540023113,-0.14665600421683983,0.3329035029374747,0.0,False,-0.2372588161649576,43.0
2018,00-0031407,B.Bortles,JAX,13,,,-25.28,5.298,2718,261,109,3088,13,1,0,0,14,11,10,21,5,8.75,488.0,-0.0518,405.0,31.0,39.0,13.0,-10.99,0.0,44.0,-0.2497,64.6,60.9,-1.029,,,0.0,,,0.4324,0.1066,-6.9319,0.3125,0.0,bortles,-0.5943269474189113,-0.8224298728624932,-0.5393633012469673,0.03246395721574796,-0.5071555429670097,-1.3812528633680696,-1.2743423336345996,-0.8259048658527298,-0.6914205422074452,-1.1514819613268554,-1.2347336985225295,0.5108760545019491,0.6203642051636844,-1.1625076731104862,-0.6508184516487946,-0.2765070838278703,-1.3303115720587702,-0.8259048658527298,0.3329035029374747,0.0,False,-0.6216771384378309,31.2
2018,00-0027948,B.Gabbert,TEN,6,,,-21.27,4.613,626,0,2,628,4,0,0,0,4,4,0,4,9,11.923,108.0,-0.197,101.0,5.0,0.0,2.0,-12.58,2.0,41.0,-0.3067,12.5,12.5,-0.119,,,0.0,,,0.4167,0.0833,-8.0403,0.5625,0.0,gabbert,-1.6192509633095205,-0.7620483303556551,-1.0421284988588795,-1.6601654883683425,-1.3336312426169512,1.4807336790123071,-0.34721708020103753,0.5325928574190502,-0.7661086934200336,-1.4293907298521789,-0.6409819746428432,-1.7530564166758367,-1.5355228890213395,-0.6318722665127838,-0.9935424845798723,0.6005815991558308,-1.5588080459143991,0.5325928574190502,0.3329035029374747,0.0,False,-0.741827852553364,27.5
2018,00-0034855,B.Mayfield,CLE,14,,,19.38,6.722,3725,142,1,3868,27,0,0,0,27,14,6,20,7,9.972,541.0,0.0358,490.0,25.0,17.0,9.0,20.74,9.0,143.0,0.145,65.3,58.7,-0.161,,,0.0,,,0.4547,0.0869,1.3214,0.4375,0.0,mayfield,0.02401564068038189,-0.1499511475868354,0.5058011387521035,0.5691513424009473,0.5672628665779145,-1.2129007138162828,-0.9172836952180183,-0.14665600421683983,0.7990543244437681,0.7729143709002542,1.437149058936059,0.5412935733085605,0.5223693372461835,-0.6563631314326777,-0.1640193475492384,0.4650657511411815,0.37110483688444695,-0.14665600421683983,0.3329035029374747,0.0,False,0.18253237994679794,55.8
2018,00-0029682,B.Osweiler,MIA,7,,,-13.5,5.421,1247,21,2,1270,6,0,0,0,6,4,1,5,7,12.269,201.0,-0.0672,178.0,17.0,4.0,2.0,-0.27,0.0,1.0,-0.2663,25.6,16.7,0.294,,,0.0,,,0.408,0.1095,0.2503,0.4375,0.0,osweiler,-0.7030310097103396,-0.6450496806603605,-0.44908575481446317,-1.218430486715909,-1.168336102686963,1.3123815294605203,-0.2461186441190922,-0.14665600421683983,-0.1878626925225726,-1.232416795669318,-1.2347336985225295,-1.1838142790092532,-1.3484417775424737,-0.39104542813382653,-1.183459623847413,-0.3856726280618932,0.150297751764667,-0.14665600421683983,0.3329035029374747,0.0,False,-0.6123714661365655,31.5
2018,00-0022924,B.Roethlisberger,PIT,16,,,137.89,7.023,5129,99,12,5240,34,1,2,0,37,16,7,23,9,12.97,720.0,0.1915,677.0,24.0,12.0,7.0,36.31,8.0,167.0,0.2174,80.3,71.2,5.39,,,0.0,,,0.5028,0.0653,1.6825,0.5625,0.0,roethlisberger,1.1230560626787833,1.634541770738695,0.7267242401844908,1.5131706917267083,1.393738566227856,-1.7179571624716434,-0.04129204384902367,0.5325928574190502,1.5304345221670397,1.125907262851718,1.1402731969962157,1.193097547735946,1.0791583595047123,2.580512848813308,0.8859823074816441,1.2781608392290764,0.4455455412414188,0.5325928574190502,0.3329035029374747,0.0,False,1.1487186578725619,85.4
2018,00-0033936,C.Beathard,SF,5,,,-30.96,4.979,1252,61,8,1321,8,0,1,0,9,7,4,11,4,13.68,208.0,-0.1488,171.0,18.0,11.0,8.0,0.0,0.0,0.0,0.0,21.8,24.3,-1.165,,,0.0,,,0.4471,0.1394,-7.1108,0.25,0.0,beathard,-1.2790213657480372,-0.9079578432961191,-0.7734977509377703,-1.1833393884538,-0.9203933927919805,0.3022686321497991,0.16616428452722223,-1.1655292966706747,-0.17517979892043495,0.06595346851127297,-1.2347336985225295,-1.3489379525308576,-1.0099140520092882,-1.2418114261844286,-0.3299239749553652,-1.511207032405784,-1.3671917770143567,-1.1655292966706747,0.3329035029374747,0.0,False,-0.817326938840533,25.2
2018,00-0028986,C.Keenum,DEN,16,,,-22.37,5.387,3890,92,9,3991,18,1,1,0,20,15,5,20,6,12.185,638.0,-0.0351,586.0,34.0,12.0,6.0,-17.31,5.0,191.0,-0.0906,69.4,52.6,-0.454,,,0.0,,,0.4357,0.0846,-1.252,0.375,0.0,keenum,-0.476446568180804,-0.7786118457565334,-0.47404052374702577,0.6537828146801519,-0.011270123177044684,-1.2129007138162828,-0.27066277311008463,-0.4862804350347848,-0.9882941998574821,-0.3757752056710836,0.24964561117668627,0.719453326318713,0.25065629438402126,-0.8272160700405095,-0.578780916064556,0.5516453207060965,-0.15940114093951133,-0.4862804350347848,0.3329035029374747,0.0,False,-0.30703232479216813,40.8
2018,00-0033104,C.Kessler,JAX,5,,,-28.66,3.333,709,120,4,833,2,0,0,0,2,2,3,5,5,8.75,171.0,-0.1676,131.0,22.0,15.0,3.0,-23.29,1.0,103.0,-0.2261,17.4,8.7,-0.66,,,0.0,,,0.4444,0.1579,2.6719,0.3125,0.0,kessler,-1.4117250262077028,-0.87332503836701,-1.9816021527906285,-1.5191130345696682,-1.4989263825469397,1.3123815294605203,-1.2743423336345996,-0.8259048658527298,-1.2691968063048271,-1.0364179799725108,-0.9378578365826864,-1.5401337850295573,-1.7047867517879325,-0.9473379313142751,-0.38886377679701506,-2.2076079180366204,0.6495101850818727,-0.8259048658527298,0.3329035029374747,0.0,False,-1.10558241896358,16.3
2018,00-0027939,C.Newton,CAR,14,,,42.19,6.142,3395,194,308,3897,24,0,4,0,28,13,1,14,7,15.667,590.0,0.0715,472.0,29.0,26.0,63.0,-11.1,0.0,85.0,-0.1306,65.1,60.9,0.494,,,0.0,,,0.4983,0.078,3.0427,0.4375,0.0,newton,0.2760114214468746,0.1935159308622858,0.08010213931427979,0.589105104157833,0.6499104365429086,-0.20278781650556155,0.746749811968914,-0.14665600421683983,-0.6965876470083161,-0.570798902881837,-1.2347336985225295,0.5326028536495285,0.6203642051636844,-0.2744222618486171,0.7877493044122268,0.8000910420662863,0.7259505428098295,-0.14665600421683983,0.3329035029374747,0.0,False,0.1439696015089525,54.6
2018,00-0032950,C.Wentz,PHI,11,,,40.04,6.907,3074,93,8,3175,21,0,0,0,21,7,6,13,9,14.68,456.0,0.0878,400.0,31.0,16.0,9.0,-0.08,3.0,38.0,-0.002,52.9,50.0,1.01,,,0.0,,,0.4978,0.1031,5.0962,0.5625,0.5,wentz,0.39106831854754226,0.16114178712420557,0.6415844402969263,0.09232524248640482,0.07137744678794948,-0.03443566695377467,0.45835629632475205,0.5325928574190502,-0.17893769332106832,0.056202283650735305,-0.34410611270300007,0.0024689544485884973,0.1348441777542472,0.026465507167223,0.7768345262934027,-0.14475556492473915,1.1492792229456412,0.5325928574190502,-0.9987105088124242,0.0,False,0.12979609316283003,54.2
2018,00-0020531,D.Brees,NO,15,,,155.45,8.437,3992,27,13,4032,32,1,3,0,36,5,5,10,13,20.16,521.0,0.2984,491.0,17.0,4.0,9.0,5.62,3.0,112.0,0.0502,65.3,60.0,3.854,,,0.0,,,0.5662,0.0518,6.4946,0.8125,0.0,brees,1.8776316639095416,1.8989557075018064,1.7645490422622194,0.6819933054398867,1.3110909962628619,0.47062078170158594,2.0595685209752155,1.8910905806908302,0.08881228272405986,0.3107082085107686,-0.34410611270300007,0.5412935733085605,0.5802753955610703,1.6848469317429,2.2699761729485446,1.7863452692840103,1.4375591480987553,1.8910905806908302,0.3329035029374747,0.02,False,1.2641117174423502,89.0
2018,00-0031280,D.Carr,LV,16,,,-2.39,6.154,4049,51,6,4106,19,0,1,0,20,10,8,18,0,0.0,612.0,-0.0039,547.0,51.0,8.0,6.0,-5.07,3.0,143.0,-0.0354,72.7,64.5,1.878,,,0.0,,,0.4771,0.1144,3.7973,0.0,0.0,carr,-0.2562149614605078,-0.4777581751114899,0.0889097048198896,0.732909800957457,-0.011270123177044684,-0.876196414712709,-3.8310224368629857,-2.5240270199424546,-0.4133363565605753,-0.1066425035202438,-0.34410611270300007,0.8628502006927377,0.7807194435741407,0.5326100488450315,0.32496271217408357,-0.5701247545262768,0.8815112060825266,-2.5240270199424546,0.3329035029374747,0.0,False,-0.15586101293437515,45.5
2018,00-0033077,D.Prescott,DAL,16,,,35.06,6.216,3885,194,127,4206,22,2,4,0,28,8,8,16,10,13.56,642.0,0.0546,526.0,56.0,29.0,31.0,19.91,9.0,179.0,0.1112,74.2,77.8,2.944,,,0.0,,,0.4579,0.1184,1.1092,0.625,0.0,prescott,0.1567193011400476,0.08615423558204763,0.1344154599322089,0.8017158759812004,0.6499104365429086,-0.5394921156091352,0.13110124311151888,0.8722172882369952,0.7600661700371969,0.6081193467571675,1.437149058936059,0.9280305981354762,1.3731429632572154,1.1542115251451974,-0.09416476758876435,-0.7206979189869981,0.3273598425212527,0.8722172882369952,0.3329035029374747,0.0,False,0.4424180602278878,63.8
2018,00-0033537,D.Watson,HOU,16,,,66.9,6.932,4165,416,144,4725,26,1,4,0,31,9,6,15,11,13.862,652.0,0.1026,500.0,62.0,58.0,32.0,25.64,8.0,190.0,0.135,81.7,81.6,2.744,,,0.0,,,0.4877,0.1227,4.6085,0.6875,1.0,watson,0.495537157632811,0.5655927177311059,0.6599335351002811,1.1588194053544292,0.897853146437891,-0.3711399660573484,0.21934323067437275,1.2118417190549402,1.0292253564825626,0.7241584465975659,1.1402731969962157,1.253932585349169,1.542406826023808,1.0375883588599883,0.5563560082931552,-0.8825640707822733,1.0487399498498364,1.2118417190549402,-2.330324520562323,0.0,False,0.5742770041201208,67.8
2018,00-0022803,E.Manning,NYG,16,,,29.7,6.166,4299,16,8,4323,21,0,1,0,22,11,5,16,5,12.724,638.0,0.0465,580.0,47.0,4.0,7.0,21.41,7.0,149.0,0.1437,71.5,59.5,-0.286,,,0.0,,,0.431,0.0987,0.4645,0.3125,0.5,manning,0.09954378785689375,0.005444742355949831,0.0977172703255001,0.8822189837589803,0.15402501675294364,-0.5394921156091352,-0.11317127875121613,-0.8259048658527298,0.8305266900490728,0.7665761007409047,0.8433973350563726,0.8107058827385467,0.5580038346707292,-0.7292526103609336,-0.6813798303815024,0.020874915982054227,0.1944550457919818,-0.8259048658527298,-0.9987105088124242,0.0,False,0.03203687099960131,51.2
2018,00-0034857,J.Allen,BUF,12,,,-4.14,4.284,2044,508,129,2681,10,5,3,0,18,12,3,15,6,9.963,431.0,-0.0096,320.0,28.0,47.0,36.0,4.17,9.0,162.0,0.0258,59.7,52.9,-0.3,,,0.0,,,0.4269,0.109,-6.881,0.375,0.0,allen,-0.29644958191902343,-0.5041092223401598,-1.2836025864710248,-0.24757676813088814,-0.17656526310703302,-0.3711399660573484,-0.9199134233241962,-0.4862804350347848,0.020700446712579874,0.19174375321220893,1.437149058936059,0.2979534228556701,0.2640192309182259,-0.7374162320008982,-0.7708810109558601,-0.36685098250430304,-1.3198185456069012,-0.4862804350347848,0.3329035029374747,0.0,False,-0.31363032954174525,40.6
2018,00-0032436,J.Driskel,CIN,8,,,-6.42,4.672,1003,81,53,1137,6,0,2,0,8,2,1,3,6,14.154,216.0,-0.0297,179.0,16.0,12.0,10.0,-8.64,4.0,130.0,-0.0664,22.4,19.5,-1.248,,,0.0,,,0.3935,0.0926,-4.5228,0.375,0.0,driskel,-0.4383295593253681,-0.5384408724437985,-0.9988246351229635,-1.309942566497488,-1.0030409627569747,1.6490858285640941,0.3046632981192514,-0.4862804350347848,-0.5810323941888398,-0.25778586885857774,-0.047230250763156886,-1.3228657935537622,-1.2237210365565634,-1.2902100401927905,-1.499988189293312,0.25049899178465385,-0.8336760116423181,-0.4862804350347848,0.3329035029374747,0.0,False,-0.5998519595757652,31.8
2018,00-0026158,J.Flacco,BAL,9,,,19.31,5.98,2465,28,24,2517,12,0,0,0,12,6,2,8,10,13.414,407.0,0.0475,378.0,16.0,5.0,9.0,0.0,0.0,0.0,0.0,41.8,31.6,0.431,,,0.0,,,0.457,0.059,-2.6123,0.625,0.0,flacco,0.10660249320049299,-0.1510051894759822,-0.03879999501145712,-0.3604187311698275,-0.6724506828969979,0.8073250808051597,0.08844120938907929,0.8722172882369952,-0.17517979892043495,0.06595346851127297,-1.2347336985225295,-0.4798659866276769,-0.6847492630103073,-0.3111585592284581,-0.11381136820264684,1.5153135732547123,-0.439826757491128,0.8722172882369952,0.3329035029374747,0.0,False,-0.040987859236773484,49.0
2018,00-0031345,J.Garoppolo,SF,3,,,1.81,5.689,718,33,1,752,5,0,0,0,5,3,0,3,4,13.68,110.0,0.0164,90.0,13.0,5.0,2.0,0.0,0.0,0.0,0.0,12.4,13.5,0.005,,,0.0,,,0.5,0.1455,-6.8766,0.25,0.0,garoppolo,-0.11292324298544329,-0.41451566176268195,-0.25238345852250343,-1.5748459553389005,-1.2509836726519572,1.6490858285640941,0.16616428452722223,-1.1655292966706747,-0.17517979892043495,0.06595346851127297,-1.2347336985225295,-1.7574017765053525,-1.4909797672406573,-0.559565903415954,0.8248595500162285,-1.7408311082083838,-1.3189114863458358,-1.1655292966706747,0.3329035029374747,0.0,False,-0.5387011003008015,33.7
2018,00-0033106,J.Goff,LA,16,,,113.29,7.672,4688,122,1,4811,32,1,1,0,34,12,6,18,13,18.821,622.0,0.1821,562.0,33.0,20.0,7.0,-5.27,6.0,158.0,-0.0334,70.1,60.7,3.46,,,0.0,,,0.508,0.0836,1.5231,0.8125,1.0,goff,1.0567042324489504,1.2641213354099632,1.2030667412795728,1.2179926298748487,1.1457958563328736,-0.876196414712709,1.6683234171783234,1.8910905806908302,-0.42273109256215874,-0.09689131865970613,0.5465214731165294,0.7498708451253238,0.611455580807548,1.4550992941610374,0.9994959999174148,0.5892886118212769,0.412685258011008,1.8910905806908302,-2.330324520562323,0.0,False,0.7469335032852622,73.1
2018,00-0026300,J.Johnson,WAS,4,,,-7.33,3.951,590,84,38,712,3,1,0,0,4,4,0,4,7,10.808,124.0,-0.0591,93.0,9.0,13.0,9.0,-7.33,4.0,124.0,-0.0591,14.9,12.9,-0.041,,,0.0,,,0.4435,0.121,-4.8734,0.4375,0.0,johnson,-0.6458554964271858,-0.5521434170027069,-1.5280125292517062,-1.6023683853483979,-1.3336312426169512,1.4807336790123071,-0.6730111733552834,-0.14665600421683983,-0.5194968733784682,-0.22219404411761523,-0.047230250763156886,-1.648767780767455,-1.5177056403090667,-0.5863892316615521,-0.40851037741089874,-0.8185704758864666,-0.9059521427626568,-0.14665600421683983,0.3329035029374747,0.0,False,-0.6737874256437353,29.6
2018,00-0021206,J.McCown,NYJ,4,,,-29.6,2.966,539,32,0,571,1,0,0,0,1,4,0,4,4,11.1,121.0,-0.2446,109.0,7.0,5.0,0.0,-0.8,0.0,1.0,-0.8017,11.7,3.1,-0.46,,,0.0,,,0.3719,0.0909,-9.5385,0.25,0.0,mccown,-1.9552453376648444,-0.8874793151641241,-2.250966864503872,-1.6993849511318762,-1.5815739525119337,1.4807336790123071,-0.5876911059104047,-1.1655292966706747,-0.21275874292676872,-3.8428089828352525,-1.2347336985225295,-1.7878192953119636,-1.9542282337597532,-0.8307147650290657,-1.971506604026515,0.31449258668046065,-1.8676617243071303,-1.1655292966706747,0.3329035029374747,0.0,False,-1.223113249935871,12.7
2018,00-0034343,J.Rosen,ARI,14,,,-148.72,3.534,2278,145,0,2423,11,0,0,0,11,14,6,20,3,8.036,454.0,-0.3276,393.0,45.0,15.0,2.0,-68.68,1.0,147.0,-0.4672,59.4,39.3,-2.525,,,0.0,,,0.3612,0.1432,-8.2452,0.1875,0.0,rosen,-2.541117881183581,-2.6811574556665057,-1.834075430571659,-0.4250964416921464,-0.7550982528619922,-1.2129007138162828,-1.482967430058036,-1.5051537274886198,-3.40133214186419,-2.2119233149103272,-0.9378578365826864,0.28491734336712227,-0.3417672252990537,-2.034848956923852,-2.205082855769351,-1.654251538643469,-1.601048146503553,-1.5051537274886198,0.3329035029374747,0.0,False,-1.638563628680384,0.0
2018,00-0031503,J.Winston,TB,11,,,52.6,6.351,2992,255,30,3277,19,1,0,0,20,14,4,18,5,14.143,452.0,0.1164,380.0,27.0,36.0,9.0,3.3,7.0,169.0,0.0195,50.5,38.5,0.821,,,0.0,,,0.4978,0.1018,2.2004,0.3125,0.0,winston,0.5929472913744805,0.3502670175196884,0.2335005718703229,0.1625074390106232,-0.011270123177044684,-0.876196414712709,0.30144918598947884,-0.8259048658527298,-0.020166654894308116,0.16102752090151526,0.8433973350563726,-0.10181968145979313,-0.3774017227235994,-0.08374338497229987,0.7768345262934027,-0.09581928647500491,0.5523105392654446,-0.8259048658527298,0.3329035029374747,0.0,False,0.09472526187209337,53.1
2018,00-0029604,K.Cousins,MIN,16,,,-31.65,6.46,4298,96,33,4427,30,0,1,0,31,10,8,18,8,11.613,681.0,-0.0465,608.0,40.0,17.0,16.0,-24.17,7.0,132.0,-0.1831,77.7,70.5,1.21,,,0.0,,,0.4743,0.0852,2.6106,0.5,0.0,cousins,-0.5569158090978353,-0.9183476847748517,0.31350262521294836,0.9537773017836736,0.897853146437891,-0.876196414712709,-0.43779660385827196,0.19296842660110516,-1.3105336447117943,-0.826767505470951,0.8433973350563726,1.0801181921685328,1.0479781742582346,0.1430886734524323,0.26383995470866783,0.5290593460369882,0.6368732003765768,0.19296842660110516,0.3329035029374747,0.0,False,0.06603742544259525,52.3
2018,00-0034796,L.Jackson,BAL,15,,,5.16,5.995,1201,115,595,1911,6,0,5,0,11,3,4,7,10,13.414,319.0,0.0162,170.0,16.0,17.0,116.0,10.58,6.0,160.0,0.0661,31.7,28.9,0.314,,,0.0,,,0.4765,0.1003,-6.0179,0.625,0.0,jackson,-0.11433498405416315,-0.36407222849637083,-0.02779053812944467,-0.7773835458137132,-0.7550982528619922,0.9756772303569465,0.08844120938907929,0.8722172882369952,0.3218017355633293,0.38823012815204305,0.5465214731165294,-0.9187473294087831,-0.8050156918181497,-0.37938311150530557,0.31186497843149363,-0.039354349802234415,-1.1418906255556622,0.8722172882369952,0.3329035029374747,0.0,False,-0.09771528602285695,47.2
2018,00-0032268,M.Mariota,TEN,14,,,14.57,5.735,2528,253,111,2892,11,2,0,0,13,8,4,12,9,11.923,433.0,0.0336,332.0,42.0,34.0,25.0,5.56,0.0,66.0,0.0843,57.4,40.6,1.504,,,0.0,,,0.4758,0.1316,3.4468,0.5625,0.0,mariota,0.008486488924463567,-0.22237888311249399,-0.218621124084331,-0.10239594983078933,-0.5898031129320038,0.1339164825980122,-0.34721708020103753,0.5325928574190502,0.0859938619235848,0.47696591038293584,-1.2347336985225295,0.19801014677680417,-0.28386116698416647,0.31452472789169006,0.2965842890651403,-1.2175893617073776,0.8092556899453939,0.5325928574190502,0.3329035029374747,0.0,False,-0.12344615581643187,46.4
2018,00-0026143,M.Ryan,ATL,16,,,118.44,7.653,4924,120,15,5059,35,1,2,1,39,7,9,16,7,15.923,680.0,0.1742,613.0,42.0,17.0,8.0,32.76,11.0,159.0,0.206,78.9,78.0,2.711,,,0.0,,,0.5132,0.0853,4.3499,0.4375,0.0,ryan,1.0009404602345164,1.3416687029686203,1.1891214292290233,1.3886316959337326,1.5590337061578443,-0.5394921156091352,0.8215509669890817,-0.14665600421683983,1.363677958138933,1.070325509146653,2.030900782815745,1.1322625101227237,1.382051587613352,1.0183455364229286,1.1130096923531854,0.5252950169254701,0.9954296032790446,-0.14665600421683983,0.3329035029374747,0.0,False,1.0347959814999308,82.0
2018,00-0026498,M.Stafford,DET,16,,,2.02,5.774,3777,73,7,3857,21,0,0,0,21,11,6,17,6,12.96,614.0,0.0033,557.0,40.0,13.0,4.0,-2.22,3.0,121.0,-0.0184,71.1,58.3,0.418,,,0.0,,,0.4332,0.0928,-2.11,0.375,0.0,stafford,-0.2053922829865933,-0.41135353609524156,-0.18999653619109824,0.5615826741483356,0.07137744678794948,-0.7078442651609221,-0.044213963966998907,-0.4862804350347848,-0.2794613685380112,-0.023757432205673605,-0.34410611270300007,0.7933244434204828,0.5045520885339103,-0.31873906503699667,-0.6333548066586766,0.2429703335616181,-0.3362776968472428,-0.4862804350347848,0.3329035029374747,0.0,False,-0.11996455236723819,46.6
2018,00-0033869,M.Trubisky,CHI,14,,,80.63,6.551,3223,320,113,3656,24,1,2,0,27,12,5,17,12,15.593,518.0,0.1557,437.0,24.0,36.0,21.0,8.96,4.0,130.0,0.0689,68.0,60.0,1.808,,,0.0,,,0.5019,0.083,1.9969,0.75,0.0,trubisky,0.8703544113779306,0.7723355054166137,0.3802933302971588,0.4232824633506111,0.5672628665779145,-0.7078442651609221,0.7251276030958969,1.5514661498728852,0.24570437395050343,0.4018817869567958,-0.047230250763156886,0.65861828870549,0.5802753955610703,0.4917919406452083,0.8663357068677604,0.6118745864903846,0.510359048441175,1.5514661498728852,0.3329035029374747,0.0,False,0.5223649867461594,66.2
2018,00-0029567,N.Foles,PHI,5,,,24.78,6.532,1413,6,12,1431,7,0,0,0,7,4,3,7,9,14.68,211.0,0.1174,194.0,9.0,2.0,6.0,35.99,6.0,122.0,0.295,23.8,16.7,0.936,,,0.0,,,0.4597,0.0758,5.7201,0.5625,0.5,foles,0.6000059967180797,-0.06863934470979659,0.3663480182466093,-1.107652705927682,-1.0856885327219687,0.9756772303569465,0.45835629632475205,0.5325928574190502,1.515402944564506,1.5042532354405795,0.5465214731165294,-1.2620307559405395,-1.3484417775424737,-0.016685064358304434,-0.054871566360996944,0.8829062825196827,1.2778961031680582,0.5325928574190502,-0.9987105088124242,0.0,False,0.10358436377763038,53.4
2018,00-0033319,N.Mullens,SF,8,,,26.68,6.806,2277,1,-3,2275,13,0,0,0,13,10,0,10,4,13.68,295.0,0.0905,271.0,17.0,1.0,6.0,15.09,6.0,145.0,0.1041,37.5,35.1,0.212,,,0.0,,,0.461,0.0983,1.9368,0.25,0.0,mullens,0.41012682297526015,-0.04002963629009778,0.5674540972913743,-0.5269294327272868,-0.5898031129320038,0.47062078170158594,0.16616428452722223,-1.1655292966706747,0.5336530323990359,0.5735026405022587,0.5465214731165294,-0.6667164592968606,-0.5288483367779192,-0.43886092631076234,-0.02649314325205368,0.03593223242812626,0.4979694435343513,-1.1655292966706747,0.3329035029374747,0.0,False,-0.02423300828845027,49.5
2018,00-0033873,P.Mahomes,KC,16,,,233.73,8.888,5097,215,69,5381,50,2,0,0,52,12,5,17,12,20.926,655.0,0.3568,580.0,26.0,28.0,21.0,47.19,9.0,166.0,0.2843,79.4,76.5,4.946,,,0.0,,,0.5282,0.0687,4.4722,0.75,2.0,mahomes,2.289860055975737,3.077675694393398,2.095566712514734,1.6101872575101868,2.6334521157027684,-0.7078442651609221,2.2833876020121227,1.5514661498728852,2.041508160653179,1.452084396436703,1.437149058936059,1.1539893092703033,1.3152369049423285,2.3216094196601427,1.4404530359179097,1.1501736494374633,1.0206417277400184,1.5514661498728852,-4.993552544062121,0.96,True,1.6234801990811403,100.0
2018,00-0022942,P.Rivers,LAC,16,,,124.71,7.686,4308,17,-3,4322,32,0,0,0,32,12,4,16,12,17.12,557.0,0.2239,515.0,32.0,5.0,5.0,-8.88,4.0,143.0,-0.0621,70.0,64.0,2.345,,,0.0,,,0.5081,0.0898,3.6086,0.75,0.0,rivers,1.3517581158113985,1.4360807407536265,1.2133422343694515,0.8815309230087429,0.9805007164028853,-0.5394921156091352,1.171304805110725,1.5514661498728852,-0.5923060773907399,-0.23682082140842173,-0.047230250763156886,0.7455254852958081,0.7584478826837996,0.8049251421209955,1.0016789555411794,0.35590020690715857,0.8426107327727493,1.5514661498728852,0.3329035029374747,0.02,False,0.7251646427780303,72.5
2018,00-0023682,R.Fitzpatrick,TB,8,,,48.02,8.008,2366,149,8,2523,17,0,2,0,19,12,4,16,5,14.143,290.0,0.1656,247.0,14.0,23.0,6.0,0.0,0.0,0.0,0.0,38.9,36.5,1.08,,,0.0,,,0.5069,0.1034,5.2484,0.3125,0.0,fitzpatrick,0.9402355942795629,0.2813025624869407,1.4496785754366566,-0.35629036666840286,-0.09391769314203885,-0.5394921156091352,0.30144918598947884,-0.8259048658527298,-0.17517979892043495,0.06595346851127297,-1.2347336985225295,-0.605881421683638,-0.46648796628496403,0.0672836153670463,0.9754834880560018,-0.15604855225929357,1.180655227385218,-0.8259048658527298,0.3329035029374747,0.0,False,0.11080159263061307,53.6
2018,00-0029701,R.Tannehill,MIA,11,,,-57.08,5.308,1979,71,83,2133,17,0,0,1,18,9,5,14,7,12.269,330.0,-0.173,273.0,35.0,7.0,15.0,-39.75,4.0,123.0,-0.3232,43.0,50.0,-0.565,,,0.0,,,0.4152,0.1576,-0.9351,0.4375,0.0,tannehill,-1.4498420350631387,-1.3012660453606104,-0.5320236633256257,-0.6246340592610026,-0.17656526310703302,-0.20278781650556155,-0.2461186441190922,-0.14665600421683983,-2.0423835792351444,-1.5098380049516147,-0.047230250763156886,-0.42772166867348593,0.1348441777542472,-0.8919419273288005,-1.0262868189363445,-2.1963149307020653,-0.09407225915960445,-0.14665600421683983,0.3329035029374747,0.0,False,-0.8400592685994368,24.5
2018,00-0029263,R.Wilson,SEA,16,,,88.14,7.384,3448,288,107,3843,35,0,0,0,35,7,2,9,10,15.852,522.0,0.1688,420.0,51.0,29.0,22.0,6.63,6.0,131.0,0.0506,67.0,67.3,2.383,,,0.0,,,0.4789,0.1149,7.4647,0.625,0.0,wilson,0.9628234513790805,0.8854191423807917,0.9916851691449298,0.5519498236450114,1.2284434262978678,0.6389729312533728,0.8008053341514572,0.8722172882369952,0.13625569953205624,0.3126584454828761,0.5465214731165294,0.615164690410331,0.905440184560051,0.8270835437151852,0.36425591340184976,-0.5889464000838669,1.6375451001804455,0.8722172882369952,0.3329035029374747,0.0,False,0.6595125520150712,70.4
2018,00-0034869,S.Darnold,NYJ,13,,,-26.71,5.239,2865,115,33,3013,17,0,1,0,18,15,5,20,4,11.1,475.0,-0.0562,414.0,30.0,15.0,16.0,28.13,6.0,145.0,0.194,61.6,56.2,-0.54,,,0.0,,,0.4232,0.1053,-4.6344,0.25,0.0,darnold,-0.6253852509307479,-0.8439624428836349,-0.582667164982884,-0.019140599052059674,-0.17656526310703302,-1.2129007138162828,-0.5876911059104047,-1.1655292966706747,1.1461898197022764,1.0118183999834272,0.5465214731165294,0.38051525961647226,0.41101153279447766,-0.8773640315431495,-0.8516503690351583,-0.2275708053781361,-0.8566823329002468,-1.1655292966706747,0.3329035029374747,0.0,False,-0.29403839121815395,41.2
2018,00-0019596,T.Brady,NE,16,,,90.7,7.276,4355,33,10,4398,29,1,1,0,31,11,4,15,11,15.571,603.0,0.1504,569.0,21.0,5.0,8.0,18.0,9.0,142.0,0.1268,68.4,66.0,2.863,,,0.0,,,0.5141,0.0614,1.0274,0.6875,0.0,brady,0.8329432730568546,0.9239669600410175,0.9124170795944381,0.933823540026788,0.897853146437891,-0.3711399660573484,0.7186993788363512,1.2118417190549402,0.6703464412220751,0.6841785886693613,1.437149058936059,0.6759997280235539,0.8475341262451642,1.1069791427996876,1.1326562929670692,1.4249696745782792,0.3104967862587208,1.2118417190549402,0.3329035029374747,0.0,False,0.8836230331702003,77.3
2018,00-0028118,T.Taylor,CLE,4,,,-19.84,3.526,473,103,22,598,2,1,0,0,3,2,0,2,7,9.972,113.0,-0.1755,84.0,13.0,10.0,6.0,0.0,0.0,0.0,0.0,10.1,6.5,-0.847,,,0.0,,,0.3451,0.1416,-12.1381,0.4375,0.0,taylor,-1.4674887984221368,-0.7405157603345134,-1.8399471409087322,-1.6808073108754655,-1.4162788125819454,1.817437978115881,-0.9172836952180183,-0.14665600421683983,-0.17517979892043495,0.06595346851127297,-1.2347336985225295,-1.8573450525842181,-1.8027816197054334,-1.0563805917909457,-2.5565387111954885,-1.594022272859181,-2.403568827731068,-0.14665600421683983,0.3329035029374747,0.0,False,-1.0404415720439737,18.3
2019,00-0027973,A.Dalton,CIN,13,,,-21.77,5.241,3494,57,28,3579,16,2,2,0,20,14,7,21,2,9.964,585.0,-0.0372,523.0,37.0,10.0,15.0,1.85,7.0,169.0,0.011,66.3,62.5,-0.11,,,0.0,,,0.4308,0.0991,-3.272,0.125,0.0,dalton,-0.3118966663149516,-0.7698732275865374,-0.5489223964658976,0.37620239960615404,0.019637613064177502,-1.0354015932870586,-0.8262509433491801,-1.4818629101428669,-0.16985829266870753,-0.23255199766678947,0.5625197816224249,0.5551634752438294,0.610991038460228,-0.6347030957671428,-0.32858622706889173,-0.07665740500358525,-0.541010565687707,-1.4818629101428669,0.4486698055823383,0.0,False,-0.28444879486802893,39.9
2019,00-0023459,A.Rodgers,GB,16,,,57.82,6.696,4002,203,-1,4204,26,1,0,0,27,4,7,11,13,12.966,635.0,0.0911,570.0,36.0,26.0,3.0,-14.96,4.0,172.0,-0.087,74.6,61.4,2.252,,,0.0,,,0.4441,0.0756,0.6599,0.8125,0.0,rodgers,0.47113073682177503,0.6142218322969152,0.48086260308099454,0.8123355843794863,0.6764066722105628,0.2976004579507714,0.0701504994765132,1.6333422298463598,-0.9574058852903999,-0.5502921306568194,-0.26208308007408426,0.9144342718250132,0.562784406067953,0.9988748938098079,-0.07315811335311226,0.7277279299509665,0.281835792962181,1.6333422298463598,0.4486698055823383,0.0,False,0.454057905199274,64.4
2019,00-0034855,B.Mayfield,CLE,16,,,-11.46,5.291,3827,134,10,3971,22,2,1,0,25,21,4,25,6,11.964,599.0,-0.0191,534.0,40.0,17.0,8.0,8.12,8.0,144.0,0.0564,70.7,64.1,-0.394,,,0.0,,,0.4274,0.1102,-2.9552,0.375,0.0,mayfield,-0.20143060242738536,-0.5905790943110205,-0.5135345957941826,0.649745133095988,0.4887583695973099,-1.5686024137821906,-0.22904811668316172,-0.3490610410558754,0.12389086888620093,-0.08535401768977553,0.837387402187928,0.7456202830699994,0.6811097764853548,-0.8311197549711453,-0.393883639597738,-0.45660111640765066,-0.4747124079471022,-0.3490610410558754,0.4486698055823383,0.0,False,-0.17557752717538888,43.5
2019,00-0028986,C.Keenum,WAS,9,,,-13.8,5.943,1707,15,0,1722,11,1,0,0,12,5,4,9,3,9.5,268.0,-0.0515,247.0,15.0,3.0,3.0,-20.04,3.0,63.0,-0.318,36.8,40.0,-0.207,,,0.0,,,0.459,0.0933,-1.0946,0.1875,0.0,keenum,-0.3991709598835813,-0.6312724281485287,-0.05207767503502601,-0.9196365189923705,-0.7309555973888343,0.5642008681983374,-0.9648019991356965,-1.198662442871119,-1.1954036110797037,-1.2992510155618904,-0.5369507006395874,-0.7217628499543547,-0.3750537150181216,-0.701789067396679,0.21299819449388974,0.12187174149583606,-0.08533629591373874,-1.198662442871119,0.4486698055823383,0.0,False,-0.47971057552957974,33.4
2019,00-0032950,C.Wentz,PHI,16,,,14.96,6.254,4039,176,77,4292,27,0,1,0,28,7,11,18,9,14.259,702.0,0.0213,608.0,37.0,28.0,29.0,25.46,7.0,197.0,0.1293,73.5,65.1,0.666,,,0.0,,,0.4744,0.0783,-0.6361,0.5625,0.0,wentz,0.04513453464762443,-0.13112700884650452,0.16803444514303817,0.8737431367955714,0.7702308235171893,-0.6355009779157096,0.45624212691609445,0.5005403607593683,0.9362689328992972,0.1510057342997468,0.5625197816224249,0.866820069868471,0.7249339877510592,-0.09801532273085414,0.5087570630068974,0.635309189339167,0.010616056750615308,0.5005403607593683,0.4486698055823383,0.0,False,0.33259610282863933,60.4
2019,00-0035040,D.Blough,DET,5,,,-46.8,3.67,984,32,0,1016,4,0,0,1,5,6,1,7,3,11.759,195.0,-0.24,174.0,14.0,6.0,1.0,-50.61,2.0,154.0,-0.3286,18.0,13.5,-0.78,,,0.0,,,0.3538,0.1077,-13.5942,0.1875,0.0,blough,-1.549604829651882,-1.205152777139029,-1.6608070935711672,-1.4122925645123265,-1.3877246565352197,0.8308012784459033,-0.2902614064164286,-1.198662442871119,-2.6276064609574634,-1.3336188258648936,-0.8118183212050905,-1.5355328470298073,-1.536395313559289,-1.0980804255794023,-1.8073805696339333,-0.37102820843376205,-2.701183683838188,-1.198662442871119,0.4486698055823383,0.0,False,-1.189059823320123,9.9
2019,00-0020531,D.Brees,NO,11,,,97.12,8.42,2979,0,3,2982,27,0,1,0,28,4,0,4,13,16.357,388.0,0.2503,374.0,12.0,0.0,2.0,68.24,16.0,143.0,0.4772,48.6,58.3,2.903,,,0.0,,,0.5412,0.0412,6.0577,0.8125,1.0,brees,1.44274385123617,1.2976611570037841,1.7010339702417108,-0.04039201848933284,0.7702308235171893,1.2307018938172523,1.0827078920887474,1.6333422298463598,2.9405096236997728,1.2789832064143534,3.0363283667119525,-0.21099231987508088,0.4269293511442692,1.4491116724781379,1.7916591679854015,1.9052111436716723,1.411457623303839,1.6333422298463598,-2.519453523654669,0.0,False,1.261748799467311,91.3
2019,00-0031280,D.Carr,LV,16,,,71.12,7.264,4054,77,12,4143,21,2,0,0,23,8,6,14,0,0.0,561.0,0.1268,512.0,29.0,14.0,6.0,24.5,6.0,162.0,0.1512,69.8,60.5,2.926,,,0.0,,,0.492,0.0766,5.6902,0.0,0.0,carr,0.6890113158707317,0.8455130032536928,0.8828680187116716,0.769768985545609,0.30111006698405696,-0.10230015742057759,-3.801515425799284,-2.0482638446863626,0.8912929847186414,0.22201092728425353,0.2876521610569218,0.706663208741919,0.523342615928819,1.4650186554418423,0.8467671984503355,0.693498766761411,1.3345492490308837,-2.0482638446863626,0.4486698055823383,0.0,False,0.5220386638912362,66.7
2019,00-0035232,D.Haskins,WAS,9,,,-50.63,4.214,1365,80,23,1468,7,0,0,0,7,7,2,9,3,9.5,253.0,-0.2001,205.0,29.0,12.0,7.0,8.58,5.0,81.0,0.106,31.3,23.3,-0.861,,,0.0,,,0.3953,0.1542,-4.6543,0.1875,0.0,haskins,-1.306091241303048,-1.2717576782491389,-1.275787822262913,-1.0968810452842528,-1.2000763539219668,0.5642008681983374,-0.9648019991356965,-1.198662442871119,0.14544184405609856,0.07546139655823966,0.012784540491418769,-0.9598338597370668,-1.1069180431553856,-1.1541006699298397,-1.0103680343553725,-1.9626842967480882,-0.8302906901979287,-1.198662442871119,0.4486698055823383,0.0,False,-0.903319612544389,19.3
2019,00-0035577,D.Hodges,PIT,8,,,-31.41,4.006,1063,72,6,1141,5,0,0,0,5,8,2,10,8,9.966,188.0,-0.1671,160.0,15.0,8.0,5.0,-31.25,2.0,116.0,-0.2694,25.1,18.5,-0.889,,,0.0,,,0.3936,0.1436,2.1311,0.5,0.0,hodges,-1.104689025375441,-0.9375158507461866,-1.4230010730572455,-1.3250659275576602,-1.3877246565352197,0.4309006630745544,-0.8256537405225145,0.21733989348762034,-1.720591505980904,-1.1416778475688754,-0.8118183212050905,-1.228204816219397,-1.3172742572307667,-1.1734656926682625,-1.043016740619795,-1.599855166938801,0.5897204194393841,0.21733989348762034,0.4486698055823383,0.0,False,-1.0297529813321051,15.1
2019,00-0035710,D.Jones,NYG,13,,,-26.93,5.344,3027,228,55,3310,24,1,1,0,26,12,13,25,4,12.63,541.0,-0.0498,462.0,38.0,27.0,14.0,13.71,6.0,100.0,0.1371,59.9,57.8,-0.014,,,0.0,,,0.427,0.1183,-1.9408,0.25,0.0,jones,-0.3887956942145833,-0.8596072457923248,-0.4760235270821653,0.18849067687971188,0.5825825209039364,-1.5686024137821906,-0.030179575403377467,-0.9154619755993711,0.38578206714647834,0.17629525508874921,0.2876521610569218,0.278135391133037,0.405017245511417,-0.5683087320925504,-0.4015656881305436,-0.7338573382430492,-0.2624243675049632,-0.9154619755993711,0.4486698055823383,0.0,False,-0.25515365832991865,40.9
2019,00-0035704,D.Lock,DEN,5,,,9.91,6.205,1020,74,3,1097,7,0,0,0,7,3,1,4,7,10.444,175.0,0.0567,156.0,5.0,11.0,3.0,13.15,5.0,144.0,0.0913,22.2,25.0,0.317,,,0.0,,,0.4286,0.0514,-0.8257,0.4375,0.0,lock,0.2611841844608756,-0.2189480925556569,0.13335440048475833,-1.3557697037657026,-1.2000763539219668,1.2307018938172523,-0.6829222649493356,-0.06586057378412753,0.359546097374429,0.027800376609735188,0.012784540491418769,-1.3537331668321,-1.032416884003688,-0.33938649900619533,-0.37083749399932214,1.556073679138207,-0.029062386139595216,-0.06586057378412753,0.4486698055823383,0.0,False,-0.12207569266525826,45.3
2019,00-0033077,D.Prescott,DAL,16,,,132.67,7.832,4902,146,141,5189,30,2,1,0,33,11,4,15,8,16.692,662.0,0.2004,597.0,23.0,20.0,22.0,15.98,7.0,167.0,0.0957,75.0,68.8,2.092,,,0.0,,,0.5257,0.0604,0.9662,0.5,0.0,prescott,1.1381992883638188,1.9158868056890048,1.2848734343423482,1.4996814835822578,1.2393515800503216,-0.2356003625443606,1.1827393655553058,0.21733989348762034,0.49213144461532077,0.04206626013173649,0.5625197816224249,0.931748527081938,0.8870835694341657,0.8882176210188207,1.4939797873391905,1.2480112104322085,0.3459365685807014,0.21733989348762034,0.4486698055823383,0.0,False,0.9868158534896697,82.1
2019,00-0033537,D.Watson,HOU,15,,,94.78,6.645,3852,302,122,4276,26,4,3,1,34,12,4,16,10,15.12,609.0,0.1556,494.0,44.0,43.0,28.0,-5.09,5.0,136.0,-0.0374,74.2,75.6,3.071,,,0.0,,,0.4926,0.1002,1.9919,0.625,1.0,watson,0.8647805224984614,1.256967823166276,0.44476704639584563,0.8625781272653741,1.3331757313569481,-0.36890056766814355,0.713337943795815,0.7837408280311161,-0.49499691805803203,-0.38947671640880427,0.012784540491418769,0.897120016568089,1.1850882060409555,1.5653018089086748,0.8582902712495435,-0.11430948451209633,0.560589410735179,0.7837408280311161,-2.519453523654669,0.0,False,0.5745830575483961,68.4
2019,00-0022803,E.Manning,NYG,4,,,-7.74,5.875,1042,6,2,1050,6,0,0,0,6,5,1,6,4,12.63,155.0,-0.05,147.0,5.0,1.0,2.0,-1.38,4.0,62.0,-0.0222,19.0,13.3,-0.374,,,0.0,,,0.4323,0.071,-2.6077,0.25,0.0,manning,-0.39001631370505374,-0.5258871276975458,-0.10020508394855746,-1.3885669192606573,-1.2939005052285932,0.9641014835696864,-0.030179575403377467,-0.9154619755993711,-0.32118361831820585,-0.3401945733327996,-0.26208308007408426,-1.492247208887496,-1.54516015581243,-0.817287595872272,-0.2997785450708714,0.8851820806229215,-0.40198952343049793,-0.9154619755993711,0.4486698055823383,0.0,False,-0.458236783015194,34.1
2019,00-0035289,G.Minshew II,JAX,14,,,-11.67,6.385,3271,350,6,3627,21,0,0,0,21,6,8,14,6,11.111,562.0,-0.0208,474.0,33.0,50.0,5.0,-1.41,7.0,167.0,-0.0085,67.3,72.4,1.025,,,0.0,,,0.4253,0.0836,-3.8396,0.375,0.0,ii,-0.2118058680963833,-0.5942310601682327,0.26075048290293035,0.409697428196746,0.11346176437080398,-0.10230015742057759,-0.48375512225621853,-0.3490610410558754,-0.3225891166988513,-0.2957757996392954,0.5625197816224249,0.5984491133861407,1.044850729990702,0.15027193309392364,-0.43421439439496623,0.45389462443452344,-0.6597947649729575,-0.3490610410558754,0.4486698055823383,0.0,False,0.03905331832133455,50.7
2019,00-0034857,J.Allen,BUF,16,,,18.03,5.717,3089,313,210,3612,20,3,6,0,29,9,4,13,10,11.63,595.0,0.0303,460.0,38.0,44.0,53.0,-22.57,5.0,122.0,-0.185,69.1,82.9,0.933,,,0.0,,,0.4471,0.0924,-1.6203,0.625,0.0,allen,0.10006241171878998,-0.0777387460767822,-0.21203053407117556,0.39923023176218597,0.8640549748238158,0.031000047703205403,-0.32878098873638667,0.7837408280311161,-1.3139339745141405,-0.8680322636468496,0.012784540491418769,0.6763632620423009,1.5050049482805985,0.08664400123910601,-0.015542749357071632,0.15267798836643584,-0.19535189415943324,0.7837408280311161,0.4486698055823383,0.0,False,0.11604332089426567,53.2
2019,00-0033119,J.Brissett,IND,15,,,14.9,6.087,2942,201,36,3179,18,2,2,0,22,6,8,14,7,14.44,519.0,0.0287,445.0,27.0,32.0,15.0,-18.06,3.0,143.0,-0.1263,60.6,52.4,0.661,,,0.0,,,0.4586,0.0809,-3.2636,0.4375,0.0,brissett,0.09029745579502721,-0.1321704276628509,0.04983919089951186,0.09707716135122146,0.20728591567743046,-0.10230015742057759,0.5102889827293688,-0.06586057378412753,-1.1026407179571012,-0.6777124084783315,-0.5369507006395874,0.30843533783265503,0.16836650467661318,-0.1014733625055725,0.2053161459610841,0.5463133650463229,-0.5392526599900395,-0.06586057378412753,0.4486698055823383,0.0,False,-0.027310218019450806,48.4
2019,00-0032436,J.Driskel,DET,3,,,0.73,4.687,685,107,45,837,4,0,1,0,5,4,0,4,3,11.759,136.0,0.0054,104.0,11.0,12.0,9.0,0.0,0.0,0.0,0.0,14.8,13.5,-0.413,,,0.0,,,0.4338,0.1176,-2.7766,0.1875,0.0,driskel,-0.05190471484476803,-0.37859117145665067,-0.9410192279084939,-1.5372011086314088,-1.3877246565352197,1.2307018938172523,-0.2902614064164286,-1.198662442871119,-0.25653069280851304,-0.2682167064717928,-1.3615535623360966,-1.6740468890852038,-1.536395313559289,-0.8442603061150752,-0.2709708630728511,-0.7098969240103603,-0.4373359844228849,-1.198662442871119,0.4486698055823383,0.0,False,-0.6646562669364477,27.3
2019,00-0026158,J.Flacco,DEN,8,,,-23.99,5.288,1822,21,3,1846,6,0,0,0,6,5,4,9,7,10.444,295.0,-0.0813,262.0,26.0,5.0,2.0,0.0,0.0,0.0,0.0,37.3,21.4,0.057,,,0.0,,,0.4271,0.1186,-0.2114,0.4375,0.0,flacco,-0.5810432639636628,-0.8084797237913528,-0.5156578638344855,-0.8331076951333414,-1.2939005052285932,0.5642008681983374,-0.6829222649493356,-0.06586057378412753,-0.25653069280851304,-0.2682167064717928,-1.3615535623360966,-0.700120030883199,-1.1901840445602239,-0.5192045672915497,-0.3996451759973425,-0.7441260871999157,0.09949493172673561,-0.06586057378412753,0.4486698055823383,0.0,False,-0.5860014312482894,29.9
2019,00-0031345,J.Garoppolo,SF,16,,,78.1,7.191,3978,56,22,4056,27,0,1,0,28,13,6,19,13,15.452,542.0,0.1441,478.0,36.0,12.0,16.0,27.57,6.0,137.0,0.2013,64.4,52.8,2.846,,,0.0,,,0.5037,0.1015,2.3877,0.8125,0.0,garoppolo,0.7945949017964167,0.9668973922219865,0.8312018297309682,0.7090592462251611,0.7702308235171893,-0.7688011830394925,0.8124736130223743,1.6333422298463598,1.035122319004697,0.3844474646597689,0.2876521610569218,0.4729207627734382,0.18589618918289488,1.4096900190463484,1.0714671180348947,-0.15880739665851867,0.6434202530133717,1.6333422298463598,0.4486698055823383,0.0,False,0.7000002425775261,72.6
2019,00-0033106,J.Goff,LA,16,,,55.56,6.453,4638,38,15,4691,22,0,2,0,24,16,5,21,9,14.071,670.0,0.0829,627.0,22.0,10.0,11.0,19.43,9.0,185.0,0.105,76.4,52.2,1.416,,,0.0,,,0.4627,0.0642,-1.7886,0.5625,0.0,goff,0.4210853377124909,0.5749197235478689,0.3088778918164624,1.1521705619548668,0.3949342182906834,-1.0354015932870586,0.4001050612094885,0.5005403607593683,0.6537637583895527,0.07221915030323935,1.112255022753431,0.9923484204811741,0.15960166242347248,0.420690643476899,0.2840571434223394,1.1179403903118983,-0.23057279045912962,0.5005403607593683,0.4486698055823383,0.0,False,0.4543933269142329,64.5
2019,00-0034343,J.Rosen,MIA,5,,,-50.51,2.152,567,13,0,580,1,0,0,0,1,5,0,5,5,10.929,128.0,-0.3946,109.0,16.0,3.0,0.0,0.0,0.0,0.0,0.0,11.6,2.9,-0.389,,,0.0,,,0.3203,0.1641,-12.6972,0.3125,0.0,rosen,-2.4931436957854594,-1.269670840616446,-2.7351807219644195,-1.7165390742102031,-1.7630212617617256,1.0974016886934694,-0.5381005794828263,-0.6322615083276233,-0.25653069280851304,-0.2682167064717928,-1.3615535623360966,-1.8125609311406,-2.0009319529757557,-0.8276617151964271,-2.450752134256387,-2.3015530123246863,-2.5134644682658314,-0.6322615083276233,0.4486698055823383,0.0,False,-1.3790223618160098,3.5
2019,00-0031503,J.Winston,TB,16,,,50.75,6.138,5109,248,14,5371,33,0,1,0,34,30,8,38,7,15.267,721.0,0.0704,627.0,47.0,33.0,14.0,26.16,12.0,176.0,0.1486,83.8,61.8,0.14,,,0.0,,,0.4854,0.1193,0.6668,0.4375,0.0,winston,0.34479661955809426,0.4912723151041019,0.08593474758466077,1.6266834669882522,1.3331757313569481,-3.3015050803913693,0.7572323515557674,-0.06586057378412753,0.9690638951143588,0.21358108702125275,1.9368578844499402,1.3126621427342775,0.5803140905742347,-0.4618011070312251,0.7200133976590464,-0.7680865014326047,0.2832797869281221,-0.06586057378412753,0.4486698055823383,0.0,False,0.2928067598482195,59.1
2019,00-0034577,K.Allen,CAR,13,,,-30.07,4.748,3322,100,11,3433,17,1,1,0,19,16,7,23,5,10.968,563.0,-0.0534,490.0,46.0,19.0,8.0,-4.62,3.0,142.0,-0.0325,58.9,50.0,-0.306,,,0.0,,,0.4689,0.1243,-0.9704,0.3125,1.0,allen,-0.4107668450430496,-0.9142128305144512,-0.8978461110890023,0.27432168764310366,-0.07418653824244897,-1.3020020035346245,-0.526455124362839,-0.6322615083276233,-0.4729774434279193,-0.3735897097593028,-0.5369507006395874,0.23484975299072564,0.06318839763892262,-0.7702582549361024,0.40312889568082294,-0.9392323173803814,-0.05934440452679704,-0.6322615083276233,-2.519453523654669,0.0,False,-0.5594493795690142,30.8
2019,00-0029604,K.Cousins,MIN,15,,,76.86,7.678,3603,50,21,3674,26,0,1,0,27,6,6,12,10,14.536,497.0,0.1547,447.0,28.0,9.0,13.0,-11.13,3.0,95.0,-0.1171,63.1,60.0,1.966,,,0.0,,,0.4688,0.0825,4.3801,0.625,0.5,cousins,0.8592877347913449,0.9453334033508283,1.1758790082734676,0.44249464369170055,0.6764066722105628,0.1643002528269884,0.5389547184093377,0.7837408280311161,-0.7779705920279919,-0.6478837429323286,-0.5369507006395874,0.41664943318843334,0.5014305102959669,0.8010750186959181,0.4012083835476218,0.49154670394303407,1.0603787425410902,0.7837408280311161,-1.0353918590361655,0.0,False,0.43926495123546516,63.9
2019,00-0035228,K.Murray,ARI,16,,,-2.58,5.557,3722,194,364,4280,20,0,4,0,24,12,6,18,5,12.448,673.0,-0.0038,541.0,48.0,28.0,56.0,-2.77,6.0,142.0,-0.0195,76.6,58.5,1.354,,,0.0,,,0.4398,0.11,-1.5166,0.3125,0.0,murray,-0.10805321140640392,-0.43615310949175845,-0.3252714962206614,0.8653693796479235,0.3949342182906834,-0.6355009779157096,-0.08452503262998526,-0.6322615083276233,-0.3863050432881138,-0.3314405084442988,0.2876521610569218,1.0010055481096358,0.4356941933974102,0.3778109502703915,-0.15574013508076986,-0.4497552837697394,-0.1736501297727516,-0.6322615083276233,0.4486698055823383,0.0,False,-0.02127567099207505,48.6
2019,00-0034796,L.Jackson,BAL,15,,,201.61,8.206,3127,380,854,4361,36,1,6,0,43,6,3,9,14,20.423,583.0,0.3458,400.0,23.0,37.0,123.0,37.09,11.0,114.0,0.3254,69.6,74.1,3.175,,,0.0,,,0.518,0.0703,3.8127,0.875,0.5,jackson,2.0255896579357597,3.114775025670978,1.5495741833667724,0.9218922403945473,2.1775930931165863,0.5642008681983374,2.2968212387007627,1.9165426971181077,1.4811338051295344,0.7868102249053069,1.661990263884437,0.6980060811134566,1.119351889142399,1.6372290362228161,1.3461003530826876,0.90914249485561,0.9416363981534032,1.9165426971181077,-1.0353918590361655,1.0,True,1.5244484885161729,100.0
2019,00-0032268,M.Mariota,TEN,7,,,-2.77,5.962,1203,88,42,1333,7,0,0,0,7,2,0,2,9,14.889,206.0,-0.0135,158.0,25.0,14.0,9.0,1.73,0.0,1.0,1.7301,22.4,14.0,-0.446,,,0.0,,,0.3932,0.1311,-3.5526,0.5625,0.0,mariota,-0.16725325669421567,-0.4394572690768553,-0.0386303107797744,-1.1910858131952924,-1.2000763539219668,1.4973023040648183,0.6443610173158899,0.5005403607593683,-0.1754802861912895,5.341193539304237,-1.3615535623360966,-1.3450760392036376,-1.5144832079264365,-0.8670833686282162,-1.0506987891526007,-1.171990627069358,-0.5997329869693161,0.5005403607593683,0.4486698055823383,0.0,False,-0.22591683860482573,41.9
2019,00-0034771,M.Rudolph,PIT,10,,,-31.7,5.003,1765,50,-1,1814,13,0,0,0,13,9,3,12,8,9.966,312.0,-0.1016,284.0,15.0,10.0,3.0,2.44,1.0,23.0,0.1063,39.9,48.1,-0.726,,,0.0,,,0.3942,0.0897,-1.2345,0.5,0.0,rudolph,-0.7049361422464028,-0.9425590416918607,-0.7173683276632583,-0.855437714193736,-0.6371314460822078,0.1643002528269884,-0.8256537405225145,0.21733989348762034,-0.14221682451601278,0.07643407043473978,-1.0866859417705934,-0.5875773717131895,-0.02007760376591573,-1.0607335960124442,-1.0314936678205873,0.24509672897823523,-0.11461379675941621,0.21733989348762034,0.4486698055823383,0.0,False,-0.5056330405422806,32.6
2019,00-0026143,M.Ryan,ATL,15,,,30.61,6.048,4466,150,6,4622,26,0,1,0,27,14,5,19,7,15.24,694.0,0.0441,620.0,48.0,22.0,4.0,16.73,6.0,187.0,0.0895,73.7,64.3,1.393,,,0.0,,,0.4683,0.0965,1.8014,0.4375,0.5,ryan,0.1842851565612438,0.14103139908383888,0.022236706375574757,1.1040214583558907,0.6764066722105628,-0.7688011830394925,0.7491701133957764,-0.06586057378412753,0.5272689041314581,0.021964333350734604,0.2876521610569218,0.8754771974969334,0.6898746187384958,0.40478366051319464,0.39160582288161505,0.012338419289258485,0.5207226208059326,-0.06586057378412753,-1.0353918590361655,0.0,False,0.2471361861737927,57.6
2019,00-0026498,M.Stafford,DET,8,,,61.4,8.172,2499,54,19,2572,19,0,0,0,19,5,4,9,3,11.759,322.0,0.1907,290.0,18.0,9.0,5.0,0.0,0.0,0.0,0.0,45.5,51.4,2.887,,,0.0,,,0.4876,0.0839,2.0878,0.1875,0.0,stafford,1.0789992430760071,0.6764791550055815,1.5255104789100074,-0.32649538770063874,-0.07418653824244897,0.5642008681983374,-0.2902614064164286,-1.198662442871119,-0.25653069280851304,-0.2682167064717928,-1.3615535623360966,-0.34517779811624605,0.12454229341090875,1.4380459451990393,0.7622646645894757,0.44362587547765653,0.5806588341168836,-1.198662442871119,0.4486698055823383,0.0,False,0.38314980673496674,62.1
2019,00-0033869,M.Trubisky,CHI,15,,,-34.91,5.062,3138,121,78,3337,17,0,2,0,19,10,3,13,8,10.37,594.0,-0.0588,514.0,38.0,22.0,20.0,-13.19,5.0,186.0,-0.0709,67.9,67.9,-0.881,,,0.0,,,0.4343,0.0892,-2.3254,0.5,0.0,trubisky,-0.44372357128574896,-0.998381948366391,-0.6756107228706352,0.20733163046191985,-0.07418653824244897,0.031000047703205403,-0.7050187695359788,0.21733989348762034,-0.8744814808323158,-0.49809196595131455,0.012784540491418769,0.6244204962715278,0.847641779295032,-1.1679328290287132,-0.26136830240684433,0.26221131057301295,-0.34291133551959907,0.21733989348762034,0.4486698055823383,0.0,False,-0.31047442656169,39.0
2019,00-0029567,N.Foles,JAX,4,,,-14.9,5.047,736,7,16,759,3,0,0,0,3,2,2,4,6,11.111,132.0,-0.1129,120.0,8.0,2.0,2.0,0.0,0.0,0.0,0.0,14.1,10.3,-0.399,,,0.0,,,0.3636,0.0909,1.4681,0.375,0.0,foles,-0.7739011434579773,-0.6504017731148787,-0.6862270630721499,-1.5916305300911207,-1.5753729591484726,1.2307018938172523,-0.48375512225621853,-0.3490610410558754,-0.25653069280851304,-0.2682167064717928,-1.3615535623360966,-1.7043468357848215,-1.6766327896095432,-0.8345777947458638,-1.6191703805802014,0.204021733150769,0.4509714340163378,-0.3490610410558754,0.4486698055823383,0.0,False,-0.7206569615556233,25.4
2019,00-0033873,P.Mahomes,KC,14,,,150.15,8.365,4031,213,17,4261,26,2,0,0,28,5,5,10,12,20.5,532.0,0.2822,485.0,17.0,23.0,7.0,27.83,7.0,150.0,0.1855,70.3,59.6,4.529,,,0.0,,,0.5038,0.0526,2.461,0.75,1.0,mahomes,1.6374326599661901,2.219869487517913,1.662107389502825,0.8521109308308141,0.7702308235171893,0.4309006630745544,2.3198135475274047,1.350141762574612,1.0473033049702913,0.333219973830764,0.5625197816224249,0.7283060278130746,0.48390082578968513,2.573666207216547,1.0733876301680958,1.5149986833107407,0.6587600729703992,1.350141762574612,-2.519453523654669,0.0,False,1.200522362038723,89.2
2019,00-0022942,P.Rivers,LAC,16,,,46.96,6.345,4615,33,-3,4645,23,0,0,0,23,20,6,26,5,14.652,633.0,0.0742,589.0,34.0,6.0,4.0,19.65,6.0,156.0,0.126,76.5,59.0,0.268,,,0.0,,,0.4961,0.0964,3.7151,0.3125,0.0,rivers,0.3679883898770308,0.4253630265382232,0.2324402423655587,1.1200711595555495,0.30111006698405696,-1.7019026189059736,0.5735924823559667,-0.6322615083276233,0.6640707465142862,0.1403063216582458,0.2876521610569218,0.996676984295405,0.45760629903026245,-0.3732752887984352,0.9255081959115908,0.015761335608214123,0.9212112081424088,-0.6322615083276233,0.4486698055823383,0.0,False,0.20680501429933626,56.2
2019,00-0035652,R.Finley,CIN,3,,,-57.01,3.378,474,69,8,551,2,0,0,0,2,2,5,7,2,9.964,107.0,-0.5328,87.0,11.0,6.0,3.0,0.0,0.0,0.0,0.0,10.2,6.2,-1.243,,,0.0,,,0.3271,0.1682,-15.9558,0.125,0.0,finley,-3.336591763700468,-1.3827078790539689,-1.8674718494939797,-1.7367756539836856,-1.669197110455099,0.8308012784459033,-0.8262509433491801,-1.4818629101428669,-0.25653069280851304,-0.2682167064717928,-1.3615535623360966,-1.8731608245398357,-1.856312055798931,-1.418294908718322,-2.3201573091986947,-2.4418925814018633,-3.1954063142681517,-1.4818629101428669,0.4486698055823383,0.0,False,-1.4856979245010138,0.0
2019,00-0023682,R.Fitzpatrick,MIA,15,,,10.7,5.773,3529,267,-4,3792,20,4,0,0,24,13,6,19,5,10.929,588.0,0.0182,503.0,40.0,35.0,10.0,35.58,8.0,198.0,0.1797,76.0,70.6,1.726,,,0.0,,,0.466,0.1054,-0.5458,0.3125,0.0,fitzpatrick,0.026214932545334083,-0.20520974480709644,-0.17239619731885528,0.5248365889769057,0.3949342182906834,-0.7688011830394925,-0.5381005794828263,-0.6322615083276233,1.4103903866370442,0.31441494555176225,0.837387402187928,0.9750341652242493,0.9659671497124335,0.6350891095094371,0.34743404381798454,-0.29230113309778427,0.029513543000541535,-0.6322615083276233,0.4486698055823383,0.0,False,0.23827146979615096,57.3
2019,00-0029701,R.Tannehill,TEN,11,,,76.01,8.571,2742,165,36,2943,22,2,2,0,26,6,4,10,9,14.889,342.0,0.2223,284.0,31.0,15.0,12.0,47.06,11.0,124.0,0.3795,49.5,52.0,1.823,,,0.0,,,0.5556,0.1228,7.7397,0.5625,0.0,tannehill,1.2718571225703217,0.9305516367859216,1.8079051282702885,-0.06760672921918877,0.5825825209039364,0.4309006630745544,0.6443610173158899,0.5005403607593683,1.9482277669640538,0.9622157473008235,1.661990263884437,-0.17203524554700073,0.15083682017033145,0.7021750811389731,2.0682129151663955,-0.8878885725960487,1.7634573118129853,0.5005403607593683,0.4486698055823383,0.0,False,0.8184155672609721,76.5
2019,00-0029263,R.Wilson,SEA,16,,,58.67,7.435,4110,335,22,4467,31,2,1,0,34,5,9,14,11,13.966,623.0,0.0942,515.0,48.0,45.0,15.0,9.19,5.0,161.0,0.0571,74.6,66.7,2.662,,,0.0,,,0.488,0.1043,6.9756,0.6875,0.0,wilson,0.4900503389240654,0.6290035988618221,1.0038942970089348,0.9958604285321044,1.3331757313569481,-0.10230015742057759,0.3687519128095224,1.0669412953028639,0.17402031112922361,-0.08308444531127532,0.012784540491418769,0.9144342718250132,0.7950527257761866,1.2824341553367131,0.7699467131222814,-0.2546490535892737,1.603550675671583,1.0669412953028639,0.4486698055823383,0.0,False,0.6587174377519682,71.2
2019,00-0034869,S.Darnold,NYJ,13,,,-13.17,5.488,3024,65,12,3101,19,0,2,0,21,13,4,17,7,10.615,493.0,-0.0267,442.0,33.0,9.0,9.0,-5.79,6.0,143.0,-0.0405,66.7,77.8,-0.453,,,0.0,,,0.4239,0.1014,1.0426,0.4375,0.0,darnold,-0.2478141430652585,-0.6203165305768917,-0.3741066611476274,0.042647739891509606,0.11346176437080398,-0.5022007727919265,-0.6318614232693912,-0.06586057378412753,-0.5277918802730936,-0.3995276797993052,0.2876521610569218,0.5724777305007541,1.2815014708255055,-0.871924624312822,-0.4611015642597854,-0.15538448033956304,0.36192513944996346,-0.06586057378412753,0.4486698055823383,0.0,False,-0.2113264911637419,42.3
2019,00-0019596,T.Brady,NE,16,,,22.03,6.218,4057,33,13,4103,24,0,3,0,27,8,4,12,12,15.0,653.0,0.0337,615.0,27.0,3.0,8.0,-12.57,6.0,138.0,-0.0911,70.3,58.7,-0.225,,,0.0,,,0.4257,0.0597,-2.0979,0.75,0.0,brady,0.12081294305678585,-0.008177491653691228,0.14255522865940404,0.7418564617201158,0.6764066722105628,0.1643002528269884,0.6775057741958541,1.350141762574612,-0.8454345142989755,-0.5635853403023208,0.2876521610569218,0.7283060278130746,0.4444590356505512,-0.714238010585665,-0.4265323458621606,1.2719716246648973,-0.2953013895411028,1.350141762574612,0.4486698055823383,0.0,False,0.1745388973064821,55.2
2019,00-0031237,T.Bridgewater,NO,7,,,19.88,6.659,1384,40,4,1428,9,0,0,0,9,2,0,2,13,16.357,224.0,0.0888,196.0,12.0,12.0,4.0,0.84,0.0,2.0,0.422,23.3,18.8,0.754,,,0.0,,,0.4554,0.0625,0.4077,0.8125,1.0,bridgewater,0.4570936126813661,-0.045566665906102664,0.45467563058392585,-1.124793569109746,-1.0124280513087138,1.4973023040648183,1.0827078920887474,1.6333422298463598,-0.2171767381504392,1.1000112131383364,-1.3615535623360966,-1.3061189648755573,-1.3041269938510553,-0.03715382269581112,0.1438597576986412,1.1761299677341421,0.22905676713459078,1.6333422298463598,-2.519453523654669,0.0,False,-0.030651071803689055,48.3
2020,00-0027973,A.Dalton,DAL,11,,,-9.32,5.339,2170,86,32,2288,14,0,0,0,14,8,2,10,6,14.107,381.0,-0.0245,333.0,24.0,15.0,9.0,17.18,7.0,158.0,0.1088,37.4,33.3,-0.06,,,0.0,,,0.4724,0.0919,-0.4075,0.375,0.0,dalton,-0.61084193380722,-0.7206890036499298,-0.7025718208678168,-0.48701112392343965,-0.5659493264399356,0.3988670681605455,-0.12801487490890132,-0.36828764195644503,0.30218381725365373,0.16956302571046594,0.41337468934120003,-0.6124474208713073,-0.5942241725606301,-0.598472200203695,-0.05329237688462539,-0.26588595687868694,-0.2652953858730146,-0.36828764195644503,0.3288547396229776,0.0,False,-0.3291583099989189,33.6
2020,00-0023459,A.Rodgers,GB,16,,,187.29,8.936,4299,149,8,4456,48,3,0,0,51,5,4,9,13,21.208,572.0,0.3274,523.0,20.0,24.0,5.0,48.56,14.0,130.0,0.3735,70.9,78.5,4.239,,,0.0,,,0.5437,0.0507,7.1856,0.8125,1.0,rodgers,1.9596418276671583,2.2348681653896323,2.079612589768738,1.037594358362877,2.246903296015267,0.5961090249432329,2.300968748555538,1.5979938362855923,1.5783943937098222,1.1723184525549777,2.1730101912665782,0.8595941718638596,1.4225486740743134,1.5759153498546346,1.4271283264428278,1.7719501905090134,1.6233322135289792,1.5979938362855923,-2.361774948201385,0.944,True,1.5594767766639224,100.0
2020,00-0023436,A.Smith,WAS,8,,,-38.68,4.391,1582,9,0,1591,6,0,0,0,6,8,1,9,7,11.964,278.0,-0.1391,252.0,22.0,3.0,1.0,-20.97,2.0,56.0,-0.3745,29.9,17.1,-1.639,,,0.0,,,0.4137,0.1115,-0.8452,0.4375,0.0,smith,-1.4479474724970856,-1.1620457936555326,-1.4358247597845406,-0.9771633477027583,-1.1741336772410604,0.5961090249432329,-0.8610541517831855,-0.08739028792186827,-1.2493596337279531,-1.6613085186565626,-0.8435078120340701,-0.9420089714836581,-1.3170498388324459,-1.397113265926445,-1.272095957323917,-1.2353419881602148,-0.3741642668647377,-0.08739028792186827,0.3288547396229776,0.0,False,-1.0624459623556768,7.9
2020,00-0032434,B.Allen,CIN,5,,,-12.17,5.329,925,14,15,954,5,0,0,0,5,4,2,6,4,11.107,160.0,-0.0761,142.0,7.0,5.0,6.0,10.55,3.0,100.0,0.1055,17.8,14.7,-0.065,,,0.0,,,0.4813,0.0813,-3.6499,0.25,0.0,allen,-0.9877585637932327,-0.7635318800639614,-0.7103065565103988,-1.4251216928210164,-1.250156721091201,1.187834895291295,-1.1542014500945539,-0.9300823500255986,0.03254468016301016,0.15706173024923858,-0.592131311759016,-1.4737016064715838,-1.4241351227245669,-0.6010011459469589,0.13150067023479067,0.258411692691935,-1.071775759936444,-0.9300823500255986,0.3288547396229776,0.056,False,-0.5458727674853916,26.0
2020,00-0034855,B.Mayfield,CLE,16,,,85.89,7.01,3563,152,28,3743,26,1,0,0,27,8,6,14,11,15.692,547.0,0.157,482.0,26.0,25.0,14.0,33.87,6.0,183.0,0.1851,63.1,55.1,3.416,,,0.0,,,0.5119,0.075,2.7965,0.6875,0.0,mayfield,0.7149403984110229,0.7105637203430347,0.5899025050075464,0.5361904336072757,0.42235024361189244,-0.3901007589702039,0.41415369898085214,1.036199128216439,0.9809586585874155,0.4586081298594506,0.16199818906614602,0.5168501592270146,0.37846715612613485,1.1596508805133914,0.7668565401060404,0.5700225598895688,0.5316337772466582,1.036199128216439,0.3288547396229776,0.0,False,0.6036837383061212,66.4
2020,00-0022924,B.Roethlisberger,PIT,15,,,39.04,6.232,3803,21,6,3830,33,0,0,0,33,10,4,14,12,14.857,634.0,0.0616,612.0,13.0,3.0,6.0,-27.63,6.0,129.0,-0.2142,69.9,68.8,1.121,,,0.0,,,0.4637,0.0426,-1.0606,0.75,0.0,roethlisberger,0.01808290808804564,0.006286962449216915,-0.011859927985291657,0.5973715576658133,0.8784885067127362,-0.3901007589702039,0.12853176888751186,1.3170964822510156,-1.5202188574117668,-1.0540486209490627,0.16199818906614602,0.8156526317822128,0.9897456516769915,-0.0011352156447539446,-0.23393277125978423,2.1725927340488282,-0.4277405907523712,1.3170964822510156,0.3288547396229776,0.0,False,0.2360197827593551,53.5
2020,00-0033936,C.Beathard,SF,6,,,8.37,7.398,787,7,22,816,6,0,0,0,6,0,3,3,6,13.926,118.0,0.0709,104.0,9.0,1.0,4.0,14.27,5.0,77.0,0.1854,13.2,12.5,-0.229,,,0.0,,,0.4746,0.1102,-0.908,0.375,0.0,beathard,0.08601555651575728,-0.45476251811862495,0.8900102479397074,-1.5221676137414555,-1.1741336772410604,1.779560765639357,-0.18992813161176872,-0.36828764195644503,0.1838354177161314,0.4597446112650168,-0.089378311208908,-1.6758326908471592,-1.522296632959011,-0.6839505663260159,-0.007613196697802803,-1.1710413330241953,-0.389784476429006,-0.36828764195644503,0.3288547396229776,0.0,False,-0.31340880852625513,34.2
2020,00-0027939,C.Newton,NE,15,,,2.16,5.457,2657,185,417,3259,8,1,11,1,21,10,4,14,7,14.818,525.0,0.0041,367.0,31.0,20.0,107.0,-18.19,4.0,124.0,-0.1467,61.7,61.8,0.141,,,0.0,,,0.4762,0.1029,-1.0236,0.4375,0.0,newton,-0.4019307784273756,-0.5481148909365675,-0.6113019402853559,0.1958264790747216,-0.033788019488951264,-0.3901007589702039,0.11519134341009848,-0.08739028792186827,-1.136298276094169,-0.7983403046966845,-0.34075481148396203,0.4553320031127092,0.6774135736583055,-0.4968085813244848,0.02560802525624925,-0.8099684234142385,-0.4185376010409393,-0.08739028792186827,0.3288547396229776,0.0,False,-0.3252163374644856,33.8
2020,00-0032950,C.Wentz,PHI,12,,,-70.77,3.941,2620,185,93,2898,16,1,4,0,21,15,4,19,4,11.517,544.0,-0.1301,442.0,50.0,22.0,30.0,0.0,0.0,0.0,0.0,53.7,52.5,-2.206,,,0.0,,,0.4044,0.1268,-3.4938,0.25,0.0,wentz,-1.3822061998251065,-1.644441549489313,-1.7838878637007067,-0.058040024202658656,-0.033788019488951264,-1.3763105428836406,-1.013955951485848,-0.9300823500255986,-0.3965191051018903,-0.242600897374849,-1.3462608125841782,0.10379968245953508,0.2624580985763372,-1.683895713212575,-1.4651943099318463,-1.9921112370687537,-1.0329490925322675,-0.9300823500255986,0.3288547396229776,0.0,False,-1.0088520542063217,9.7
2020,00-0020531,D.Brees,NO,12,,,64.87,7.619,2942,3,7,2952,24,0,2,0,26,6,3,9,12,17.852,408.0,0.159,389.0,13.0,2.0,4.0,11.76,6.0,96.0,0.1225,48.7,44.8,2.709,,,0.0,,,0.5,0.0539,1.598,0.75,0.0,brees,0.729549570115907,0.39457871605428235,1.060947905640758,-0.02006553340770427,0.3463271997617518,0.5961090249432329,1.153008033114522,1.3170964822510156,0.08175483942088022,0.22146234323131905,0.16199818906614602,-0.11590801794869875,-0.08110718724421749,0.8020579524158712,0.5197737018227763,1.6136716547895802,0.23353152943176192,1.3170964822510156,0.3288547396229776,0.0,False,0.5701515116890826,65.2
2020,00-0031280,D.Carr,LV,16,,,54.72,7.57,4103,124,26,4253,27,2,1,0,30,9,12,21,8,16.074,571.0,0.0958,514.0,26.0,23.0,8.0,7.3,7.0,134.0,0.0545,69.1,58.8,3.874,,,0.0,,,0.4974,0.0823,2.5728,0.5,0.5,carr,0.2678997442415657,0.241997945667468,1.023047700992109,0.8948384022262893,0.6504193751623143,-1.7707944564490155,0.5448214562211591,0.19350706611270851,-0.09963136743044262,-0.0361401086970028,0.41337468934120003,0.7804993997168949,0.5435569687931544,1.3913023105963678,0.46578921614744156,0.20894965027961213,0.4759929989102441,0.19350706611270851,-1.0164601042892036,0.0,False,0.3767508821508183,58.4
2020,00-0035232,D.Haskins,WAS,7,,,-40.91,4.134,1439,58,6,1503,5,0,1,0,6,7,5,12,7,11.964,276.0,-0.1482,242.0,20.0,7.0,7.0,-19.02,1.0,105.0,-0.1812,28.3,17.1,-1.462,,,0.0,,,0.3841,0.1196,-5.4902,0.4375,0.0,haskins,-1.5144192037543087,-1.1955684653759853,-1.634607465798884,-1.0390477030723135,-1.1741336772410604,0.004383154595170815,-0.8610541517831855,-0.08739028792186827,-1.1700540051718813,-0.929035666336789,-1.094884312309124,-1.012315435614293,-1.3170498388324459,-1.3075885866149017,-1.8866885634738841,-1.6359845317000294,-1.529512569826935,-0.08739028792186827,0.3288547396229776,0.0,False,-1.1469050567157424,4.9
2020,00-0035710,D.Jones,NYG,14,,,-27.38,4.913,2943,174,264,3381,11,0,1,0,12,10,8,18,6,11.2,545.0,-0.0502,449.0,45.0,22.0,29.0,-24.44,3.0,108.0,-0.2263,68.5,46.2,-0.99,,,0.0,,,0.4385,0.1229,-2.2433,0.375,0.0,jones,-0.7985697902149822,-0.9921775468209512,-1.0320715592417875,0.28162069901887776,-0.7179954141402168,-1.1790685861009533,-1.1223896662637987,-0.36828764195644503,-1.3904829830046548,-1.0998867043068965,-0.592131311759016,0.754134475667907,-0.018640771640480048,-1.0688561084507864,-0.7571670170361072,-1.7992092716606947,-0.7219129132310345,-0.36828764195644503,0.3288547396229776,0.0,False,-0.8012808854560821,17.0
2020,00-0035704,D.Lock,DEN,13,,,-41.82,5.291,2933,130,42,3105,16,1,2,0,19,15,6,21,5,11.963,500.0,-0.0836,445.0,19.0,21.0,15.0,2.6,8.0,171.0,0.0152,56.9,51.4,-0.546,,,0.0,,,0.412,0.08,-5.5433,0.3125,0.0,lock,-1.0425429576865486,-1.2092481206520447,-0.7396985519522079,0.08752885717799981,-0.1858341071892325,-1.7707944564490155,-0.8613962139749145,-0.6491849959910219,-0.2907782670271281,-0.18501917282616528,0.664751189616254,0.24441261072080456,0.21337734345911502,-0.8442857264489492,-1.3073935056500983,0.32271234782795444,-1.5427201037100982,-0.6491849959910219,0.3288547396229776,0.0,False,-0.5179432706153682,27.0
2020,00-0033077,D.Prescott,DAL,5,,,35.89,7.682,1856,64,30,1950,9,0,3,1,13,4,4,8,6,14.107,251.0,0.143,223.0,10.0,8.0,10.0,0.0,0.0,0.0,0.0,31.9,31.0,0.77,,,0.0,,,0.5498,0.0757,0.3036,0.375,0.0,prescott,0.6126761964768332,-0.041065690429449575,1.1096767401890217,-0.7247033070474134,-0.6419723702900761,0.7933509817259202,-0.12801487490890132,-0.36828764195644503,-0.3965191051018903,-0.242600897374849,-1.3462608125841782,-0.8541258913203645,-0.6968475696239125,-0.17866720682188203,1.5537842351426518,0.5353991302009425,-0.08842387279735939,-0.36828764195644503,0.3288547396229776,0.0,False,0.028640200498088082,46.2
2020,00-0033537,D.Watson,HOU,16,,,132.39,8.193,4823,395,59,5277,33,1,2,0,36,7,6,13,4,16.696,675.0,0.1961,546.0,49.0,62.0,18.0,29.1,9.0,180.0,0.1617,89.1,81.8,2.975,,,0.0,,,0.5259,0.0948,6.5225,0.25,0.0,watson,1.0005497052415093,1.4095790723614448,1.5049217315249344,1.6149472647083873,1.106557638263158,-0.19285880218751655,0.7575841394763178,-0.9300823500255986,0.7869648902733327,0.3699625802252929,0.9161276898913081,1.6593302013498301,1.5697909394259795,0.9365978659575125,1.0575422322039978,-0.4093258798744231,1.4583997141330194,-0.9300823500255986,0.3288547396229776,0.0,False,0.854304923576107,75.2
2020,00-0035289,G.Minshew II,JAX,9,,,25.6,6.182,2259,158,-1,2416,16,1,0,0,17,5,4,9,1,11.333,384.0,0.0667,330.0,27.0,24.0,3.0,5.75,3.0,69.0,0.0834,45.6,50.0,0.646,,,0.0,,,0.4635,0.0964,4.2744,0.0625,0.0,ii,0.055336295935500344,-0.1957510231664268,-0.05053360619819887,-0.3969975161131774,-0.3378801948895137,0.5961090249432329,-1.0768953947639013,-1.772774412129329,-0.16266917474424314,0.073340933372534,-0.592131311759016,-0.2521267922018038,0.1509109278553779,-0.24138506125482756,-0.2380854240040403,-0.48846514773413985,0.8992310338554487,-1.772774412129329,0.3288547396229776,0.0,False,-0.21518146304305658,37.6
2020,00-0034857,J.Allen,BUF,16,,,176.57,7.805,4544,230,211,4985,37,2,6,1,46,10,8,18,13,19.269,679.0,0.26,573.0,26.0,29.0,51.0,62.17,13.0,158.0,0.3935,79.1,82.1,4.551,,,0.0,,,0.5582,0.0751,6.593,0.8125,0.5,allen,1.4673127412125602,2.0737188197200123,1.2048139885927733,1.4096037218912265,1.8667880767645642,-1.1790685861009533,1.637710158793878,1.5979938362855923,2.1319070114780962,1.2480838795927194,1.9216336909915241,1.2199148005333627,1.5831765999124945,1.733721564234304,1.7281956504014278,0.5650763556483364,1.4759351404750722,1.5979938362855923,-1.0164601042892036,0.056,False,1.351992970766416,92.7
2020,00-0036442,J.Burrow,CIN,10,,,34.9,5.755,2688,83,63,2834,13,0,3,0,16,5,6,11,4,11.107,466.0,0.0749,401.0,32.0,16.0,17.0,0.0,0.0,0.0,0.0,53.0,47.1,1.452,,,0.0,,,0.4764,0.0944,2.1007,0.25,0.0,burrow,0.11523389992552563,-0.05594795276274479,-0.380806818136428,-0.10304682810778977,-0.41390323873965434,0.20162511137785816,-1.1542014500945539,-0.9300823500255986,-0.3965191051018903,-0.242600897374849,-1.3462608125841782,0.07304060440238222,0.021516209819065223,0.16628099255931839,0.029760678000505327,-0.3895410629094941,0.35856782478140586,-0.9300823500255986,0.3288547396229776,0.0,False,-0.198988630216863,38.2
2020,00-0026158,J.Flacco,NYJ,5,,,-9.4,5.532,864,22,0,886,6,0,0,0,6,3,0,3,2,9.0,147.0,-0.0639,134.0,7.0,5.0,1.0,0.0,0.0,0.0,0.0,19.4,21.4,-0.259,,,0.0,,,0.381,0.068,-2.3137,0.125,0.0,flacco,-0.898642616393439,-0.7218916107071658,-0.5532914229659948,-1.4729414219702184,-1.1741336772410604,1.779560765639357,-1.8749264880666106,-1.491877058094752,-0.3965191051018903,-0.242600897374849,-1.3462608125841782,-1.4033951423409492,-1.125188705192396,-0.6991242407855995,-1.9510546810098601,0.9162568567758282,-0.7394234666279211,-1.491877058094752,0.3288547396229776,0.0,False,-0.6568954152976885,22.1
2020,00-0031345,J.Garoppolo,SF,6,,,26.77,6.185,1096,21,7,1124,7,0,0,0,7,5,0,5,6,13.926,158.0,0.1694,140.0,11.0,4.0,3.0,0.0,0.0,0.0,0.0,18.2,14.6,0.291,,,0.0,,,0.4873,0.1013,0.245,0.375,0.0,garoppolo,0.8055172629813049,-0.17816289495435073,-0.04821318550542503,-1.305572369948012,-1.0981106333909199,1.3850768520739822,-0.18992813161176872,-0.36828764195644503,-0.3965191051018903,-0.242600897374849,-1.3462608125841782,-1.4561249904389253,-1.428597009553405,-0.42094020902656687,0.25608025256248673,-0.7308291555545218,-0.10299941866465427,-0.36828764195644503,0.3288547396229776,0.0,False,-0.3496190598850233,32.9
2020,00-0033106,J.Goff,LA,15,,,18.21,6.282,3952,98,18,4068,20,1,3,0,24,13,7,20,10,12.0,608.0,0.0299,551.0,23.0,22.0,12.0,-16.48,4.0,120.0,-0.1373,66.7,57.1,0.977,,,0.0,,,0.4786,0.0724,0.9244,0.625,0.0,goff,-0.21347246343436924,-0.3068418500786,0.02681375022761556,0.7647406096880197,0.19428111206147058,-1.573552499666328,-0.8487399128809578,0.7553017741818621,-1.06675334028346,-0.762730553988946,-0.34075481148396203,0.675039703520943,0.4677048927029023,-0.07396885305075522,0.07543985818732792,0.6986238701616078,0.06598737079336874,0.7553017741818621,0.3288547396229776,0.0,False,-0.06242105873218759,43.0
2020,00-0036355,J.Herbert,LAC,15,,,89.59,6.85,4336,139,103,4578,31,2,3,0,36,10,3,13,7,14.769,672.0,0.1333,594.0,32.0,25.0,21.0,49.57,10.0,159.0,0.3118,73.9,83.7,3.456,,,0.0,,,0.4762,0.0685,0.0118,0.4375,0.0,herbert,0.5418217137081448,0.7661842967401986,0.4661467347262428,1.1233885783070332,1.106557638263158,-0.19285880218751655,0.09843029601539967,-0.08739028792186827,1.6194706423465566,0.9385821101435445,1.167504190166362,0.9914187921087999,1.6545667891739089,1.1798824464595028,0.02560802525624925,0.8915258355696668,-0.16100312679184145,-0.08739028792186827,0.3288547396229776,0.0,False,0.7901456009233646,73.0
2020,00-0036389,J.Hurts,PHI,14,,,-1.27,5.851,1061,165,193,1419,6,3,0,0,9,4,2,6,4,11.517,223.0,-0.0057,148.0,13.0,25.0,38.0,-1.61,8.0,186.0,-0.0086,26.3,22.5,-0.174,,,0.0,,,0.4081,0.0987,-8.3333,0.25,0.0,hurts,-0.4735157197813083,-0.5996766685155599,-0.3065533559676459,-1.0981191331977982,-0.9460645456906387,1.187834895291295,-1.013955951485848,-0.9300823500255986,-0.4619970856020315,-0.2751800310010779,0.664751189616254,-1.1001985157775864,-1.076107950075174,-0.6561321631501126,-1.3883702341630997,-0.6022278452824822,-2.236675273842397,-0.9300823500255986,0.3288547396229776,0.0,False,-0.5428070737813321,26.1
2020,00-0036312,J.Luton,JAX,3,,,-33.82,2.898,624,13,0,637,2,1,0,0,3,6,0,6,1,11.333,119.0,-0.2842,111.0,7.0,1.0,0.0,0.0,0.0,0.0,0.0,12.0,8.8,-1.047,,,0.0,,,0.3697,0.1092,-10.4601,0.0625,0.0,luton,-2.5078428796864354,-1.0889874149284473,-2.590620791221954,-1.648046018413619,-1.4022028087914824,1.187834895291295,-1.0768953947639013,-1.772774412129329,-0.3965191051018903,-0.242600897374849,-1.3462608125841782,-1.7285625389451351,-1.6873864456260308,-1.0976860899239953,-2.185679561060355,-1.1215792906118724,-2.765673071633571,-1.772774412129329,0.3288547396229776,0.0,False,-1.2862734506045619,0.0
2020,00-0034577,K.Allen,WAS,4,,,3.27,6.26,610,28,0,638,4,1,0,0,5,1,2,3,7,11.964,101.0,0.0324,89.0,7.0,4.0,1.0,0.0,0.0,0.0,0.0,12.0,14.3,-0.351,,,0.0,,,0.4554,0.099,8.0166,0.4375,0.0,allen,-0.19521099880326398,-0.5314287180174183,0.009797331813936137,-1.6473427871026014,-1.250156721091201,1.779560765639357,-0.8610541517831855,-0.08739028792186827,-0.3965191051018903,-0.242600897374849,-1.3462608125841782,-1.7285625389451351,-1.4419826700399205,-0.7456568424616558,-0.40626786014642974,-0.6170664580061794,1.830026387858707,-0.08739028792186827,0.3288547396229776,0.056,False,-0.5197641231360141,26.9
2020,00-0029604,K.Cousins,MIN,16,,,91.16,7.391,4265,138,26,4429,35,0,1,0,36,13,7,20,7,15.357,583.0,0.1564,519.0,39.0,17.0,8.0,37.72,10.0,178.0,0.2119,69.0,62.1,2.23,,,0.0,,,0.518,0.1012,4.5845,0.4375,1.0,cousins,0.7105576468995576,0.7897854602384545,0.8845959329899006,1.0186071129654,1.106557638263158,-1.573552499666328,0.29956286475178734,-0.08739028792186827,1.137536438044275,0.5601338020900245,1.167504190166362,0.7761052457087305,0.6907992341448208,0.5597849502111863,0.8935124488058646,-0.7258829513132894,0.9763620368153146,-0.08739028792186827,-2.361774948201385,0.0,False,0.45781527589731136,61.3
2020,00-0035228,K.Murray,ARI,16,,,64.26,6.52,3971,421,417,4809,26,1,10,0,37,12,7,19,8,16.4,704.0,0.0913,552.0,27.0,50.0,75.0,-3.15,5.0,167.0,-0.0189,81.0,71.2,2.557,,,0.0,,,0.4915,0.081,2.2247,0.5,0.0,murray,0.2350291079055763,0.38540883724285807,0.2109004585210542,1.285835011152116,1.1825806821132985,-1.3763105428836406,0.6563337307246656,0.19350706611270851,-0.5246281973847753,-0.3141992259255149,-0.089378311208908,1.3034037266884917,1.0968309355691126,0.7251780018206476,0.3432859601918735,0.27325030541563156,0.38941027678728585,0.19350706611270851,0.3288547396229776,0.0,False,0.3668959064120879,58.1
2020,00-0034796,L.Jackson,BAL,15,,,106.3,6.73,2757,355,657,3769,26,1,6,0,33,9,4,13,11,18.72,554.0,0.1919,374.0,29.0,49.0,102.0,58.05,12.0,128.0,0.4535,66.8,62.3,2.083,,,0.0,,,0.4838,0.0848,1.0267,0.6875,0.0,jackson,0.9698704446612522,1.0173788458203628,0.37332990701526575,0.5544744476937352,0.8784885067127362,-0.19285880218751655,1.4499180155349038,1.036199128216439,1.9643484526827037,1.4753801607059447,1.67025719071647,0.6794338575291075,0.6997230078024973,0.48543394535922685,0.18340882953799736,0.08529454424880493,0.0914323936982197,1.036199128216439,0.3288547396229776,0.0,False,0.7514983310891666,71.6
2020,00-0030520,M.Glennon,JAX,5,,,-27.88,4.942,1072,13,4,1089,7,0,0,0,7,5,3,8,1,11.333,195.0,-0.143,180.0,9.0,4.0,2.0,-24.45,4.0,110.0,-0.2222,20.6,20.6,-0.542,,,0.0,,,0.4359,0.0872,-3.6848,0.0625,0.0,glennon,-1.4764353573216098,-0.999693840928676,-1.0096408258783014,-1.3301854658336305,-1.0981106333909199,0.7933509817259202,-1.0768953947639013,-1.772774412129329,-1.3908896785357117,-1.0843547917641594,-0.34075481148396203,-1.3506652942429729,-1.160883799823103,-0.8422625698543381,-0.811151502711442,-0.03341435754076982,-1.080456417799389,-1.772774412129329,0.3288547396229776,0.0,False,-0.8796679098487031,14.3
2020,00-0026143,M.Ryan,ATL,16,,,62.87,6.501,4581,104,-4,4681,26,1,1,0,28,11,5,16,4,14.667,690.0,0.0911,628.0,41.0,16.0,5.0,12.19,9.0,175.0,0.0697,77.2,70.0,0.064,,,0.0,,,0.4696,0.0855,1.2328,0.25,0.0,ryan,0.23356819073508783,0.3645135396233829,0.19620446080015,1.1958214033418537,0.498373287462033,-0.7845846725355786,0.06353995245908736,-0.9300823500255986,0.09924274725632165,0.0214416158516809,0.9161276898913081,1.136425874378234,1.043288293623052,-0.5357543457707493,-0.1114295153042162,0.05067111456017865,0.14269553368541213,-0.9300823500255986,0.3288547396229776,0.0,False,0.17399549269368444,51.3
2020,00-0026498,M.Stafford,DET,16,,,70.13,6.927,4084,117,2,4203,26,0,0,0,26,10,1,11,5,15.708,585.0,0.1199,525.0,38.0,16.0,6.0,31.11,5.0,110.0,0.2828,73.1,55.3,1.842,,,0.0,,,0.4872,0.0855,-1.0241,0.3125,0.0,stafford,0.44394026328542063,0.4736501300675476,0.52570419917412,0.8596768366754056,0.3463271997617518,0.20162511137785816,0.419626694048509,-0.6491849959910219,0.8687106920157449,0.828722240938819,-0.089378311208908,0.956265560043482,0.3873909297838114,0.3635387605339052,0.2540039261903587,0.05067111456017865,-0.41866196576676934,-0.6491849959910219,0.3288547396229776,0.0,False,0.38642045378339235,58.8
2020,00-0033869,M.Trubisky,CHI,10,,,33.49,5.981,2055,166,29,2250,16,1,0,0,17,8,3,11,8,14.308,349.0,0.096,298.0,18.0,17.0,16.0,27.64,7.0,155.0,0.1783,41.6,42.5,0.88,,,0.0,,,0.5301,0.0888,1.099,0.5,0.0,trubisky,0.26936066141205417,-0.0771439021465288,-0.20600179261408683,-0.5137339137421113,-0.3378801948895137,0.20162511137785816,-0.0592603743714624,0.19350706611270851,0.7275873427390431,0.4328478846666184,0.41337468934120003,-0.4278929525283908,-0.1837305843074999,-0.1230304004700755,1.1447479398333846,-0.11255362540048655,0.10941553305326102,0.19350706611270851,0.3288547396229776,0.0,False,0.0655985059835523,47.5
2020,00-0029567,N.Foles,CHI,9,,,-44.11,4.688,1852,11,1,1864,10,0,1,0,11,8,2,10,8,14.308,335.0,-0.1317,312.0,18.0,3.0,2.0,-0.79,0.0,1.0,-0.7855,34.5,27.5,-1.149,,,0.0,,,0.4,0.0836,1.6632,0.5,0.0,foles,-1.3938935371890142,-1.2436727476654243,-1.206103111199871,-0.7851811997949333,-0.7940184579903574,0.3988670681605455,-0.0592603743714624,0.19350706611270851,-0.42864805205537576,-3.218288044282155,-1.3462608125841782,-0.7398778871080829,-0.8530136086332555,-1.1492765830865797,-1.5565526703054893,0.14464899514359267,0.24974868968001493,0.19350706611270851,0.3288547396229776,0.0,False,-0.9122174531455925,13.1
2020,00-0033319,N.Mullens,SF,10,,,0.58,5.758,2437,10,3,2450,12,0,0,0,12,12,4,16,6,13.926,351.0,0.0016,328.0,19.0,2.0,2.0,-22.95,3.0,89.0,-0.2578,39.6,25.0,-0.955,,,0.0,,,0.4729,0.0997,-2.6039,0.375,0.0,mullens,-0.4201922430584809,-0.571866380316978,-0.37848639744365353,-0.3730876515385765,-0.7179954141402168,-0.7845846725355786,-0.18992813161176872,-0.36828764195644503,-1.329885348877195,-1.2192172518913396,-0.592131311759016,-0.5157760326916844,-0.9645607793542147,-1.0511534882479387,-0.04291074502398405,-0.6516898876948051,-0.8116047534997467,-0.36828764195644503,0.3288547396229776,0.0,False,-0.6369818215316183,22.8
2020,00-0033873,P.Mahomes,KC,15,,,194.01,8.306,4740,292,33,5065,38,1,2,0,41,6,7,13,14,18.92,660.0,0.2939,590.0,22.0,40.0,8.0,10.03,8.0,143.0,0.0702,77.7,77.4,6.799,,,0.0,,,0.5424,0.053,2.8344,0.875,2.0,mahomes,1.7149382016103476,2.3358871581974547,1.5923242442861045,1.4658622267726404,1.486672857513861,-0.19285880218751655,1.518330453880615,1.878891190320169,0.011396512548057664,0.023335751527624446,0.664751189616254,1.1583966444190574,1.3734679189570917,2.870735570405768,1.4001360836051608,1.658187492960671,0.5410606234645844,1.878891190320169,-5.052404636025748,0.0,False,1.2450603948533574,89.0
2020,00-0022942,P.Rivers,IND,16,,,93.12,7.194,4169,3,3,4175,24,0,0,0,24,11,3,14,11,17.346,563.0,0.1654,542.0,19.0,1.0,1.0,20.6,6.0,124.0,0.1661,67.4,52.2,2.774,,,0.0,,,0.4938,0.0586,0.7446,0.6875,0.0,rivers,0.7762989195715365,0.819249333140736,0.7322216408310456,0.8399863599669107,0.19428111206147058,-0.3901007589702039,0.9799245640998753,1.036199128216439,0.44127368887507173,0.386630974173596,0.16199818906614602,0.705798781578096,0.24907243808982218,0.8349342470783023,0.3910414667508242,1.381200055451663,0.02126581538484279,1.036199128216439,0.3288547396229776,0.0,False,0.5964970876708773,66.2
2020,00-0023682,R.Fitzpatrick,MIA,9,,,64.36,6.83,2091,120,34,2245,13,0,2,0,15,8,0,8,10,13.931,306.0,0.2103,268.0,14.0,15.0,9.0,11.62,1.0,13.0,0.894,41.4,37.5,2.006,,,0.0,,,0.549,0.0719,3.4095,0.625,0.0,fitzpatrick,1.1042748243461873,0.38691209606440297,0.45067726344108017,-0.5172500702971996,-0.489926282589795,0.7933509817259202,-0.1882178206531263,0.7553017741818621,0.0760611019860853,3.144113691212206,-1.094884312309124,-0.43668126054472034,-0.4068249257494184,0.4464881809129621,1.5371736241656275,0.7233548913677692,0.6841049311144358,0.7553017741818621,0.3288547396229776,0.0,False,0.4519243146236581,61.1
2020,00-0029701,R.Tannehill,TEN,16,,,151.26,7.872,3819,148,125,4092,33,2,5,0,40,7,3,10,11,18.885,544.0,0.2781,483.0,24.0,20.0,17.0,43.97,12.0,120.0,0.3664,64.1,66.7,4.109,,,0.0,,,0.5404,0.0625,2.6561,0.6875,0.5,tannehill,1.5995257451417624,1.6932440119869805,1.2566367173980693,0.7816181611524439,1.4106498136637204,0.3988670681605455,1.5063582771701156,1.036199128216439,1.3917211449547608,1.1454217259565793,1.67025719071647,0.560791699308661,0.8960460282713859,1.5101627605297723,1.3586095561625955,1.188298090043604,0.4967121622335489,1.036199128216439,-1.0164601042892036,0.0,False,1.1951569227790102,87.2
2020,00-0029263,R.Wilson,SEA,16,,,81.17,6.809,4212,459,70,4741,40,1,1,0,42,13,5,18,12,17.654,671.0,0.121,559.0,47.0,53.0,12.0,19.35,9.0,137.0,0.1412,82.1,75.0,2.682,,,0.0,,,0.5007,0.0999,6.846,0.75,0.0,wilson,0.45197530772310684,0.6396099039661122,0.43443431859165915,1.238015282002914,1.5626959013640016,-1.1790685861009533,1.085279719152269,1.3170964822510156,0.3904367474929745,0.29230301751160753,0.9161276898913081,1.351739420778303,1.2663826350649705,0.7884016454022459,0.5343079864276749,-0.6615822961772699,1.5388636917451337,1.3170964822510156,0.3288547396229776,0.0,False,0.6135837939512899,66.8
2020,00-0034869,S.Darnold,NYJ,12,,,-71.97,4.168,2208,209,15,2432,9,1,1,0,11,11,4,15,2,9.0,428.0,-0.1682,363.0,35.0,26.0,4.0,-0.78,4.0,141.0,-0.0055,53.2,39.3,-1.393,,,0.0,,,0.4182,0.1168,-1.9278,0.125,0.0,darnold,-1.660510920803151,-1.6624806553478526,-1.6083093646141071,-0.38574581513689465,-0.7940184579903574,-0.5873427157528912,-1.8749264880666106,-1.491877058094752,-0.42824135652431894,-0.263436389810228,-0.34075481148396203,0.08182891241871171,-0.3265109628303279,-1.2726891353578595,-1.178661270578145,-1.4974908129455256,-0.6434387712322027,-1.491877058094752,0.3288547396229776,0.0,False,-0.993409402153527,10.3
2020,00-0019596,T.Brady,TB,16,,,117.15,7.552,4633,8,10,4651,40,0,3,0,43,12,4,16,11,18.923,642.0,0.1825,608.0,21.0,4.0,9.0,71.99,12.0,141.0,0.5105,74.0,71.7,3.083,,,0.0,,,0.4907,0.0576,3.5639,0.6875,0.0,brady,0.9012073376482965,1.180482427957992,1.0091251768354619,1.1747244640113235,1.6387189452141422,-0.7845846725355786,1.5193566404557994,1.036199128216439,2.531282022975852,1.6913116277635083,1.67025719071647,0.9958129461169642,1.1191403697133044,0.9912230940120135,0.3266753492148481,1.430662097863986,0.7225087584507895,1.036199128216439,0.3288547396229776,0.0,False,1.1226230556915813,84.6
2020,00-0031237,T.Bridgewater,CAR,15,,,43.13,6.373,3733,272,14,4019,15,3,2,0,20,11,4,15,5,15.217,568.0,0.0759,492.0,31.0,37.0,8.0,-15.66,3.0,150.0,-0.1044,72.1,57.1,1.03,,,0.0,,,0.4824,0.0827,4.0386,0.3125,0.0,bridgewater,0.12253848577796775,0.06777024825040617,0.0971998445751071,0.7302822754481536,-0.10981106333909188,-0.5873427157528912,0.2516741579097906,-0.6491849959910219,-1.0334043067368042,-0.6380964265118608,-0.592131311759016,0.9123240199618352,0.4677048927029023,-0.04716202817215751,0.1543402603282014,0.18916483331468312,0.8405806291539446,-0.6491849959910219,0.3288547396229776,0.0,False,-0.036990788781861024,43.9
2020,00-0033357,T.Hill,NO,16,,,16.72,6.156,928,159,298,1385,4,1,7,1,13,2,5,7,12,17.852,222.0,0.0753,121.0,14.0,17.0,70.0,12.92,5.0,64.0,0.2019,22.8,22.4,0.596,,,0.0,,,0.5,0.1081,6.8119,0.75,0.0,hill,0.11815573426650255,-0.32924040651962005,-0.07064391886891122,-1.1220289977723992,-0.6419723702900761,0.9905929385086076,1.153008033114522,1.3170964822510156,0.12893152102346644,0.5222510885711537,-0.089378311208908,-1.25399390606335,-1.0805698369040124,-0.26667451868746694,0.5197737018227763,-1.067171043958317,1.5303820174435165,1.3170964822510156,0.3288547396229776,0.0,False,-0.1341532312608336,40.5
2020,00-0036212,T.Tagovailoa,MIA,10,,,-7.76,5.397,1814,93,27,1934,11,1,2,0,14,5,2,7,10,13.931,337.0,-0.023,290.0,20.0,16.0,11.0,-15.01,7.0,182.0,-0.0825,35.7,35.0,0.26,,,0.0,,,0.4629,0.0801,-1.2081,0.625,0.0,tagovailoa,-0.5998850550285568,-0.6972381660338283,-0.6577103541408444,-0.7359550080236962,-0.5659493264399356,0.9905929385086076,-0.1882178206531263,0.7553017741818621,-1.0069690972181136,-0.5551332839055336,0.41337468934120003,-0.6871480390101067,-0.5183720964703776,-0.4366196726348032,-0.25054338223681083,0.317766143586722,-0.4644281848722687,0.7553017741818621,0.3288547396229776,0.0,False,-0.32178158851913896,33.9
2021,00-0027973,A.Dalton,CHI,8,,,-28.11,4.402,1515,82,0,1597,8,0,0,0,8,9,1,10,6,12.958,269.0,-0.1045,238.0,18.0,12.0,1.0,-25.69,2.0,96.0,-0.2676,30.7,25.0,0.182,,,0.0,,,0.4312,0.1041,-4.1952,0.3529,0.0,dalton,-0.8644073061187006,-0.7451065000270847,-1.102958513431682,-0.9896084127067536,-1.008629693307233,0.504121611614893,-0.4732792918480889,-0.7232729660598836,-0.9250878562484443,-1.0936550389707507,-0.7865019912376662,-0.9453361487150084,-1.0133411541978095,-0.4819521475847604,-0.6907465339080655,-0.5696888573158605,-0.8863386162103214,-0.7235501623841996,0.4372705496564317,0.0,False,-0.7197483077138965,30.8
2021,00-0023459,A.Rodgers,GB,16,,,141.49,8.027,4115,111,3,4229,37,2,1,0,40,4,0,4,13,18.0,580.0,0.244,529.0,30.0,17.0,4.0,55.79,14.0,173.0,0.3225,67.1,76.9,4.668,,,0.0,,,0.5121,0.0586,5.7724,0.7647,1.0,rodgers,1.6210736952171871,1.8218373513018489,1.7059939349924227,0.7790898257453689,1.6115743808193062,1.4899594298840169,1.2219829078437643,1.7519278511228298,1.6849515516271372,1.5124239153204322,2.0384847527996657,0.6737958968223203,1.4875405703521938,2.0230416037021137,1.2577290680407034,1.5677119904096888,1.5265853360413164,1.7518846108020698,-2.7693801478240676,0.78,True,1.4476687663276258,100.0
2021,00-0034855,B.Mayfield,CLE,14,,,-5.96,5.403,3010,131,11,3152,17,1,0,0,18,13,5,18,8,13.423,491.0,-0.0121,419.0,43.0,25.0,4.0,-13.61,6.0,128.0,-0.1063,53.2,42.9,-1.173,,,0.0,,,0.4358,0.1242,-2.7187,0.4706,0.0,mayfield,-0.20541607362677516,-0.40986000057581173,-0.3273001959496053,0.05534818333923823,-0.18981592014268947,-0.810328812743939,-0.3169332143279161,-0.016072732579108358,-0.5381306146291877,-0.38130029345784133,0.15516025677477768,0.055500967345153904,-0.15080198522969684,-1.2385875762503231,-0.5799555849715473,-1.513903297739675,-0.5289123335043999,-0.016025459120421214,0.4372705496564317,0.0,False,-0.4516931826669205,39.4
2021,00-0022924,B.Roethlisberger,PIT,16,,,-45.82,5.404,3740,18,-1,3757,22,0,1,0,23,10,6,16,9,11.828,653.0,-0.0702,608.0,38.0,3.0,4.0,-40.95,7.0,207.0,-0.1978,67.8,67.6,0.035,,,0.0,,,0.3951,0.0842,-2.3932,0.5294,0.5,roethlisberger,-0.6197817728451829,-1.01315234676668,-0.32652531251555705,0.46190685897128003,0.21959096643958223,-0.481716206654231,-0.8532170716282943,0.33752738416127925,-1.4139096697509157,-0.7853948949112276,0.39057581877788866,0.7049330515441922,1.0394056948547938,-0.5640373195506924,-1.5602146331707432,0.3651304145465227,-0.45011635990414434,0.3374363297658161,-1.166054799083818,0.0,False,-0.35178967995962523,42.6
2021,00-0027688,C.McCoy,ARI,4,,,12.86,6.81,740,13,33,786,3,0,0,0,3,1,1,2,11,18.708,116.0,0.1109,99.0,6.0,3.0,8.0,-2.04,0.0,10.0,-0.2044,12.1,5.9,0.423,,,0.0,,,0.5,0.0776,3.5182,0.6471,0.0,mccoy,0.6718125150800087,-0.12501399065829685,0.7629607957559715,-1.5345986373969782,-1.4180365798895047,1.8185720359737247,1.4600324194228655,1.0447276176420546,-0.16751014397233355,-0.8145427022291767,-1.257333115243888,-1.7726948313247421,-1.9337041780688127,-0.3473771377630625,0.9663007023598614,0.675170977073745,0.9808959852281174,1.0449610330295944,0.4372705496564317,0.0,False,-0.11591095090467896,50.1
2021,00-0027939,C.Newton,CAR,7,,,-35.81,3.328,684,36,195,915,4,0,5,0,9,5,1,6,5,10.133,183.0,-0.1957,127.0,10.0,5.0,41.0,-28.93,3.0,115.0,-0.2516,17.6,27.3,-0.733,,,0.0,,,0.4153,0.1038,-12.6353,0.2941,0.0,newton,-1.514840210915926,-0.861648172522561,-1.9351833215992653,-1.4479109197828735,-0.9267483159907786,1.161346823794309,-1.423123741298602,-1.0768730828002713,-1.0288744011860593,-1.0229936878969343,-0.5510864292345552,-1.528045758510036,-0.9025120989672699,-0.9928904628829079,-1.073697857406032,-0.5555961044737143,-2.929490372841712,-1.0770119512704373,0.4372705496564317,0.0,False,-0.9496858977428234,23.5
2021,00-0032950,C.Wentz,IND,17,,,24.2,6.451,3563,185,43,3791,27,0,1,0,28,7,6,13,9,17.346,598.0,0.0405,520.0,32.0,26.0,20.0,-6.42,5.0,120.0,-0.0535,63.6,56.0,0.127,,,0.0,,,0.4565,0.0753,-2.1208,0.5294,1.0,wentz,0.1697239569909227,0.04662010883504102,0.4847776429327291,0.48475478454398985,0.628997853021854,0.01120270248033098,1.0020897149444243,0.33752738416127925,-0.30781417694355406,-0.14811783491424793,-0.08025530522833327,0.5181101232129621,0.480441764126855,-0.5126642867556873,-0.08139631475721452,0.7832154155302011,-0.38417466033821607,0.3374363297658161,-2.7693801478240676,0.0,False,0.07810433847278511,56.3
2021,00-0031280,D.Carr,LV,17,,,25.22,6.596,4804,107,11,4922,23,0,0,0,23,14,8,22,10,13.852,696.0,0.0362,626.0,40.0,17.0,13.0,-16.72,6.0,194.0,-0.0862,77.8,57.5,3.144,,,0.0,,,0.4641,0.0891,2.1973,0.5882,0.0,carr,0.13905661608491318,0.062058096620156065,0.5971357408696937,1.2447843087420714,0.21959096643958223,-1.467554024923355,-0.17269134926091778,0.6911275009016669,-0.6377528846156022,-0.2925319711713597,0.15516025677477768,1.1497495475709307,0.5527215827554678,1.1720361474022483,0.10164960087703319,0.13494878479146344,0.6611368407470799,0.6908981186520534,0.4372705496564317,0.0,False,0.2733404351798375,62.5
2021,00-0035710,D.Jones,NYG,11,,,-6.52,5.621,2428,149,158,2735,10,0,2,0,12,7,5,12,4,10.32,438.0,-0.0149,361.0,22.0,23.0,32.0,0.0,0.0,0.0,0.0,55.6,46.2,0.75,,,0.0,,,0.4361,0.0822,-0.8439,0.2353,0.0,jones,-0.2253855049144093,-0.4183357585754827,-0.15837560732713432,-0.2248749038319377,-0.6811041840414155,0.17550900552518497,-1.3602490821668332,-1.4304731995406588,-0.10216306012272401,0.08815605773882491,-1.257333115243888,0.16225692639157113,0.008213615753251517,-0.1647795103286426,-0.5727300883017752,0.4590821001608326,-0.0750668917048323,-1.4304737401566745,0.4372705496564317,0.0,False,-0.264996173002745,45.3
2021,00-0035704,D.Lock,DEN,6,,,-9.07,5.756,787,48,5,840,2,2,0,0,4,2,1,3,7,13.958,129.0,-0.0703,110.0,9.0,7.0,3.0,5.55,4.0,98.0,0.0566,14.6,10.3,-0.269,,,0.0,,,0.4031,0.1008,-3.3091,0.4118,0.0,lock,-0.6204949668197414,-0.45693072803827034,-0.05376634373065057,-1.4983107556050272,-1.3361552025730503,1.6542657329288708,-0.1370511681487924,-0.36967284931949596,0.07561944740930196,0.33812058716244964,-0.3156708672314442,-1.6614907073180576,-1.7216833767582151,-0.733791688786361,-1.367534721976798,-0.4146685760522494,-0.6718344312420064,-0.3694872480066589,0.4372705496564317,0.0,False,-0.5183423488979656,37.2
2021,00-0036898,D.Mills,HOU,13,,,-54.51,5.491,2664,42,5,2711,16,0,0,0,16,10,3,13,4,10.769,440.0,-0.1239,393.0,31.0,10.0,6.0,8.38,9.0,187.0,0.0448,55.7,55.2,-0.659,,,0.0,,,0.4295,0.1023,-0.2197,0.2353,0.0,mills,-1.0027669371830226,-1.1446779485830034,-0.2591104537533787,-0.24100285129502697,-0.3535786747755982,0.01120270248033098,-1.209282654625849,-1.4304731995406588,0.1662725098085152,0.2860078407455102,0.8614069427841106,0.16670509135183859,0.44189252752492836,-0.9515686756347517,-0.7316910150367797,-0.4851323402629818,0.07603739929756267,-1.4304737401566745,0.4372705496564317,0.0,False,-0.4052128014182391,40.9
2021,00-0033077,D.Prescott,DAL,16,,,94.35,7.282,4449,128,14,4591,37,1,0,0,38,10,6,16,12,18.929,666.0,0.1417,601.0,30.0,20.0,15.0,43.84,14.0,206.0,0.2128,66.0,66.7,2.643,,,0.0,,,0.4955,0.0706,2.3142,0.7059,0.0,prescott,0.8914762592439839,1.1083601511152572,1.1287057766266415,1.022353033313632,1.4478116261863974,-0.481716206654231,1.53433883476041,1.398327734382442,1.3021585849590813,1.02795202702058,2.0384847527996657,0.6248660822593793,0.9960378036776265,0.892276479681623,0.8579182523132672,1.00400187672383,0.6894356097605051,1.398422821915832,0.4372705496564317,0.0,False,1.0165339197663985,86.2
2021,00-0030565,G.Smith,SEA,4,,,1.99,5.981,702,37,7,746,5,0,1,0,6,1,1,2,7,15.192,114.0,0.0174,94.0,13.0,4.0,3.0,0.0,0.0,0.0,0.0,13.1,12.2,-0.424,,,0.0,,,0.4386,0.1316,6.505,0.4118,0.0,smith,0.004976148867941297,-0.289534507544768,0.1205824289301557,-1.5614785498354602,-1.1723924479401415,1.8185720359737247,0.27785433649613955,-0.36967284931949596,-0.10216306012272401,0.08815605773882491,-1.257333115243888,-1.7282131817220683,-1.6301289398286387,-0.8203440809953367,-0.5125176160536673,-1.861524534512621,1.7039307439047486,-0.3694872480066589,0.4372705496564317,0.0,False,-0.5229133598848853,37.1
2021,00-0034857,J.Allen,BUF,17,,,132.5,6.353,4407,440,334,5181,36,1,5,0,42,15,4,19,11,17.889,787.0,0.1684,649.0,26.0,46.0,66.0,45.5,13.0,255.0,0.1784,83.3,75.0,1.394,,,0.0,,,0.5159,0.061,2.0976,0.6471,0.0,allen,1.0818990504510664,1.6857711648428446,0.4088390663960224,1.4188317417812428,1.7753371354522147,-0.9746351157887929,1.184661586113142,1.0447276176420546,1.3553331727974889,0.8760301222118754,1.8030691907965544,1.394398620385637,1.3959861334226171,0.19483171923639228,1.3492520258578278,1.454969967672517,0.6370017913831921,1.0449610330295944,0.4372705496564317,0.0,False,1.0450869887403293,87.2
2021,00-0033119,J.Brissett,MIA,10,,,-23.36,4.389,1283,65,6,1354,5,1,0,0,6,4,4,8,9,13.115,262.0,-0.0891,225.0,19.0,13.0,5.0,-0.32,0.0,2.0,-0.1621,25.4,17.6,0.431,,,0.0,,,0.4275,0.1031,-2.2146,0.5294,0.0,brissett,-0.754575434036713,-0.6732139098513038,-1.1130319980743062,-1.1529038807705323,-1.1723924479401415,0.8327342177046009,-0.4204914764272994,0.33752738416127925,-0.1124135830795255,-0.6277317553277751,-1.257333115243888,-1.18108889160918,-1.3699215927656327,-0.3429099175200186,-0.779860992835266,-0.5227130145087056,-0.40688145703162304,0.3374363297658161,0.4372705496564317,0.0,False,-0.6256314268814436,33.8
2021,00-0036442,J.Burrow,CIN,16,,,101.26,7.515,4611,106,20,4737,34,2,0,0,36,14,4,18,10,17.037,604.0,0.1677,520.0,51.0,20.0,13.0,67.24,11.0,168.0,0.4002,73.4,65.5,4.615,,,0.0,,,0.4868,0.1142,6.6403,0.5882,0.0,burrow,1.0769066926291577,1.2129449507183405,1.309253616759832,1.1204647137140915,1.2840488715534886,-0.810328812743939,0.8981952247213413,0.6911275009016669,2.0517280761751904,1.855573101472652,1.3322380667903324,0.9540302893191662,0.9382139487747361,1.9934462695919477,0.6483788488898523,-1.0441448696681253,1.7366837246362836,0.6908981186520534,0.4372705496564317,0.0,False,1.0231756992611785,86.5
2021,00-0036945,J.Fields,CHI,12,,,-54.66,4.263,1870,367,59,2296,7,1,1,0,9,10,5,15,6,12.958,369.0,-0.1481,268.0,36.0,45.0,20.0,-11.2,3.0,92.0,-0.1218,44.1,28.1,-0.275,,,0.0,,,0.4228,0.1409,-1.9522,0.3529,0.0,fields,-1.1753598790261461,-1.1469482409043439,-1.2106673107643582,-0.5198819428442788,-0.9267483159907786,-0.317409903609377,-0.4732792918480889,-0.7232729660598836,-0.4609313636107764,-0.4497534773106007,-0.5510864292345552,-0.3492820440391784,-0.863962862365343,-0.7371421039686439,-0.8930604406617083,-2.298399872619162,-0.3433605247037979,-0.7235501623841996,0.4372705496564317,0.0,False,-0.8639105327572836,26.2
2021,00-0031345,J.Garoppolo,SF,15,,,82.25,7.397,3810,22,37,3869,20,0,3,0,23,12,7,19,10,15.815,494.0,0.1665,440.0,29.0,6.0,19.0,25.74,5.0,146.0,0.1763,59.6,47.9,3.673,,,0.0,,,0.496,0.0972,2.6226,0.5882,0.5,garoppolo,1.0683483649344576,0.9252232371937944,1.2178173715421652,0.53717061379903,0.21959096643958223,-0.9746351157887929,0.48732445756080106,0.6911275009016669,0.7223633802149965,0.866755819883437,-0.08025530522833327,0.3401835248022666,0.09013074353234582,1.467431085973527,0.8699607467628888,-0.24555554194649132,0.7640920713836045,0.6908981186520534,-1.166054799083818,0.0,False,0.5534234881493991,71.5
2021,00-0033106,J.Goff,DET,14,,,-47.22,5.643,3245,67,20,3332,19,0,0,0,19,8,7,15,3,12.037,546.0,-0.0865,494.0,35.0,11.0,6.0,16.07,6.0,102.0,0.1576,58.6,51.4,0.433,,,0.0,,,0.4524,0.0934,0.553,0.1765,0.0,goff,-0.7360323906981957,-1.0343417417658578,-0.1413281717780782,0.1763077893124077,-0.10793454282623513,-0.317409903609377,-0.7829453937751408,-1.7840733162810465,0.4126053896141512,0.7841703658159143,0.15516025677477768,0.29570187519959273,0.2587836536657757,-0.3417931124592576,-0.18014476924411119,-0.06704733927930268,0.2630900837857886,-1.7839355290429122,0.4372705496564317,0.0,False,-0.21209274191767102,47.0
2021,00-0036355,J.Herbert,LAC,17,,,134.94,6.89,5014,279,36,5329,38,3,0,0,41,15,4,19,9,18.231,759.0,0.1778,678.0,31.0,36.0,14.0,55.78,12.0,225.0,0.2479,80.9,69.5,4.948,,,0.0,,,0.5072,0.0672,-0.6155,0.5294,0.0,herbert,1.1489392840595523,1.7227012532699824,0.8249514704798139,1.5182874178036267,1.6934557581357603,-0.9746351157887929,1.2996516044183022,0.33752738416127925,1.684631222784737,1.1829653659387644,1.5676536287934435,1.2876426613392202,1.1309601317843703,2.1793943122086508,1.1397126224344116,1.1637197422681567,-0.0197765679865577,0.3374363297658161,0.4372705496564317,0.0,False,1.2430116286570438,93.5
2021,00-0036389,J.Hurts,PHI,15,,,60.13,6.338,3144,416,379,3939,16,2,8,0,26,9,3,12,9,16.444,586.0,0.1026,433.0,26.0,50.0,77.0,21.51,5.0,102.0,0.2109,67.0,56.5,0.997,,,0.0,,,0.4795,0.0751,0.1154,0.5294,0.0,hurts,0.6126174151916648,0.5904307962067898,0.3972158148853022,0.5842104605663736,0.4652350983889453,0.17550900552518497,0.6988119473676584,0.33752738416127925,0.5868642798797767,1.0195609915805643,-0.08025530522833327,0.6693477318620532,0.5045350370030592,-0.026854085324661815,0.4725584299253767,0.7926105840916324,0.1571573094463973,0.3374363297658161,0.4372705496564317,0.0,False,0.4634248547106894,68.6
2021,00-0031503,J.Winston,NO,7,,,38.66,7.244,1170,162,12,1344,14,1,0,0,15,3,2,5,9,13.0,196.0,0.1973,161.0,11.0,17.0,7.0,0.0,0.0,0.0,0.0,26.2,34.1,0.997,,,0.0,,,0.4898,0.0816,-3.1375,0.5294,0.0,winston,1.2880121090984327,0.2654762886122602,1.0992602061328163,-1.1596238588801528,-0.4354600520920525,1.325653126839163,-0.45915771065271854,0.33752738416127925,-0.10216306012272401,0.08815605773882491,-1.257333115243888,-1.1455035719270408,-0.5748435878508918,-0.026854085324661815,0.7206338155875818,0.48726760584512513,-0.6302940654361574,0.3374363297658161,0.4372705496564317,0.0,False,0.1580298778413562,58.8
2021,00-0029604,K.Cousins,MIN,16,,,66.66,7.443,4221,124,6,4351,33,0,1,0,34,7,3,10,8,15.179,607.0,0.1098,559.0,28.0,15.0,5.0,-3.34,8.0,131.0,-0.0255,69.5,77.3,3.106,,,0.0,,,0.453,0.0626,1.3503,0.4706,0.0,cousins,0.6639673813598669,0.6892641885958104,1.253462009508374,0.8610735586827393,1.12028611692058,0.504121611614893,0.2734833708880487,-0.016072732579108358,-0.20915289348433966,-0.024460470535069605,0.6259913807809996,0.7805518558687379,1.5068151886531567,1.1508168512477894,-0.16569377590456558,1.379808619181069,0.4560978556797481,-0.016025459120421214,0.4372705496564317,0.0,False,0.7307623014033763,77.1
2021,00-0035228,K.Murray,ARI,14,,,70.89,6.87,3787,215,219,4221,24,2,3,0,29,10,1,11,11,18.708,594.0,0.1193,483.0,31.0,29.0,51.0,-7.32,5.0,249.0,-0.0294,65.1,56.9,1.827,,,0.0,,,0.4933,0.0825,4.2137,0.6471,0.0,murray,0.7317208089429112,0.7532864320576111,0.8094538017988537,0.7737138432576725,0.7108792303383082,0.33981530857003894,1.4600324194228655,1.0447276176420546,-0.3366437727595583,-0.0416841748593123,-0.08025530522833327,0.5848325976169726,0.5238096553040227,0.43662001489114405,0.8049312767349328,0.4449893473186858,1.1492603466381874,1.0449610330295944,0.4372705496564317,0.0,False,0.543519212940684,71.1
2021,00-0034796,L.Jackson,BAL,12,,,29.65,5.765,2882,388,384,3654,16,0,2,0,18,13,4,17,8,13.345,549.0,0.054,383.0,38.0,49.0,79.0,-4.05,0.0,7.0,-0.5781,59.3,41.9,1.516,,,0.0,,,0.4918,0.1075,0.6795,0.4706,0.5,jackson,0.2660051435563014,0.12910739651041062,-0.04679239282421873,0.39269108444218864,-0.18981592014268947,-0.6460225096990849,-0.34315900797646104,-0.016072732579108358,-0.23189624129474296,-2.4649268832469957,-1.257333115243888,0.32683902992146424,-0.1989885309821054,0.262956827942812,0.7688037933860681,-0.7294067228601873,0.2937127893477927,-0.016025459120421214,-1.166054799083818,0.0,False,-0.2270905808196184,46.5
2021,00-0030520,M.Glennon,NYG,6,,,-84.62,2.023,790,31,0,821,4,1,0,0,5,10,3,13,4,10.32,180.0,-0.4701,165.0,9.0,4.0,2.0,-67.04,4.0,109.0,-0.615,16.7,19.2,-1.239,,,0.0,,,0.35,0.1222,-7.878,0.2353,0.0,glennon,-3.471844477104068,-1.600401293886743,-2.946406203031943,-1.5110787140133064,-1.254273825256596,0.01120270248033098,-1.3602490821668332,-1.4304731995406588,-2.249647619572638,-2.6278896241609844,-0.3156708672314442,-1.5680792431524424,-1.2928231195617792,-1.2754421432554353,-2.646447632526609,-1.419951612125365,-1.777858774658928,-1.4304737401566745,0.4372705496564317,0.0,False,-1.6853211474649505,0.0
2021,00-0036972,M.Jones,NE,17,,,36.56,6.209,3801,106,41,3948,22,0,0,0,22,13,7,20,10,19.25,586.0,0.0624,522.0,28.0,15.0,21.0,5.06,6.0,153.0,0.0331,64.0,42.3,0.851,,,0.0,,,0.4898,0.0819,2.3822,0.5882,0.0,jones,0.3259134374192037,0.23369219611349398,0.2972558518931061,0.5902584408650321,0.1377095891231279,-1.1389414188336469,1.642268062467885,0.6911275009016669,0.05992333413169966,0.2343367277727821,0.15516025677477768,0.5359027830540316,-0.17971391268114204,-0.10838085476021322,0.7206338155875818,0.4731748530029789,0.7058968269796062,0.6908981186520534,0.4372705496564317,0.0,False,0.22009060281686063,60.8
2021,00-0026143,M.Ryan,ATL,17,,,-26.67,5.913,3968,79,21,4068,20,1,0,0,21,12,9,21,7,12.52,633.0,-0.0421,561.0,40.0,17.0,15.0,-23.48,4.0,168.0,-0.1397,75.8,61.8,0.86,,,0.0,,,0.4581,0.0979,1.7592,0.4118,0.0,ryan,-0.41937426599428346,-0.7233116937422164,0.06789035541489001,0.6708981781804784,0.05582821180667355,-1.303247721878501,-0.620547210028381,-0.36967284931949596,-0.8542951820780339,-0.5288058638244325,-0.3156708672314442,1.060786248365583,0.7599237294908244,-0.10335523198678882,-0.04286033251842575,-0.27843863191150003,0.5550830280457835,-0.3694872480066589,0.4372705496564317,0.0,False,-0.18373420550133004,47.9
2021,00-0026498,M.Stafford,LA,17,,,124.58,7.41,4886,49,11,4946,41,0,0,0,41,17,2,19,12,17.692,649.0,0.192,604.0,30.0,8.0,7.0,24.12,11.0,179.0,0.1347,75.6,73.2,3.238,,,0.0,,,0.5039,0.077,-0.1168,0.7059,1.0,stafford,1.2502128284468395,1.5658997302760689,1.2278908561847894,1.2609122562051607,1.6934557581357603,-0.9746351157887929,1.118424645744381,1.398327734382442,0.670470107746189,0.6830363070915149,1.3322380667903324,1.051889918445048,1.309250351068282,1.2245259852580141,1.06023215906691,0.7033564827580381,0.10094709417764348,1.398422821915832,-2.7693801478240676,0.0,False,0.9584232010063601,84.4
2021,00-0034401,M.White,NYJ,4,,,-7.98,4.927,953,0,3,956,5,0,0,0,5,8,3,11,4,11.481,139.0,-0.0574,133.0,4.0,0.0,2.0,0.0,0.0,0.0,0.0,17.6,14.7,0.209,,,0.0,,,0.4964,0.1079,-2.0921,0.2353,0.0,white,-0.5284929441017127,-0.4404332705031964,-0.6961447105564671,-1.4203590095334293,-1.254273825256596,0.33981530857003894,-0.9698882305519501,-1.4304731995406588,-0.10216306012272401,0.08815605773882491,-1.257333115243888,-1.528045758510036,-1.5096625754476174,-0.4668752792644872,0.8795947423225863,-0.7481970599830492,-0.37722705836486015,-1.4304737401566745,0.4372705496564317,0.0,False,-0.5896689245247841,35.0
2021,00-0033873,P.Mahomes,KC,17,,,152.66,7.057,4839,401,-5,5235,37,2,0,0,39,13,6,19,12,20.0,738.0,0.2069,659.0,28.0,46.0,5.0,76.35,12.0,201.0,0.3798,80.5,72.2,4.592,,,0.0,,,0.5285,0.065,2.6736,0.7059,1.0,mahomes,1.3564787306560353,1.9908984528310008,0.9543570039658353,1.4551196235731938,1.5296930035028518,-0.9746351157887929,1.8944391552423572,1.398327734382442,2.343547651601633,1.7654798788535366,1.5676536287934435,1.2698500014981504,1.2610638053158734,1.980603011393196,1.6527228859882899,1.2670665964438972,0.7764379842979302,1.398422821915832,-2.7693801478240676,0.0,False,1.308947656337335,95.6
2021,00-0029701,R.Tannehill,TEN,17,,,53.15,5.531,3734,188,91,4013,21,3,4,0,28,14,8,22,12,16.115,623.0,0.0853,531.0,47.0,19.0,26.0,19.54,9.0,172.0,0.1136,67.2,60.9,1.728,,,0.0,,,0.5104,0.1124,2.3622,0.7059,0.0,tannehill,0.48923485759306845,0.48478652685374757,-0.2281151163914575,0.6339382985775656,0.628997853021854,-1.467554024923355,0.5881928946705897,1.398327734382442,0.5237594979269674,0.5898516503629199,0.8614069427841106,0.6782440617825881,0.7165558383136568,0.3813381643834757,1.216784586911989,-0.9595883526152466,0.7010552925033999,1.398422821915832,0.4372705496564317,0.0,False,0.35434010966413204,65.1
2021,00-0029263,R.Wilson,SEA,14,,,12.44,7.074,3113,167,21,3301,25,2,0,0,27,6,4,10,7,15.192,472.0,0.0264,402.0,33.0,23.0,14.0,30.05,12.0,160.0,0.1878,58.0,55.1,0.257,,,0.0,,,0.4428,0.0975,3.1963,0.4118,0.0,wilson,0.06916360657819379,-0.1313708091580501,0.9675300223446514,0.15547585717258408,0.5471164757053996,0.504121611614893,0.27785433649613955,-0.36967284931949596,0.8604251112894167,0.9175436659677423,1.5676536287934435,0.26901288543798835,0.4370738729496874,-0.4400719578062237,-0.41136066267684523,-0.2596482947886382,0.9029714878335788,-0.3694872480066589,0.4372705496564317,0.0,False,0.26819317512611407,62.4
2021,00-0034869,S.Darnold,CAR,12,,,-74.35,4.339,2527,187,46,2760,9,0,5,0,14,13,5,18,5,10.133,482.0,-0.1542,407.0,35.0,23.0,17.0,-41.99,2.0,123.0,-0.3414,53.2,42.4,-0.459,,,0.0,,,0.4212,0.11,-4.8874,0.2941,0.0,darnold,-1.2188647114742062,-1.4449619462856333,-1.1517761697767075,-0.20807495855788638,-0.5173414294085068,-0.810328812743939,-1.423123741298602,-1.0768730828002713,-1.4472238693605206,-1.4195805207987278,-0.7865019912376662,0.055500967345153904,-0.17489525810590112,-0.8398881695586539,-0.9315964229004972,-0.8468463298780747,-1.0539041244318175,-1.0770119512704373,0.4372705496564317,0.0,False,-0.8775888059627973,25.8
2021,00-0019596,T.Brady,TB,17,,,147.63,7.422,5316,76,14,5406,43,0,2,0,45,12,5,17,13,18.926,757.0,0.195,718.0,22.0,10.0,7.0,44.81,10.0,225.0,0.1991,77.3,71.4,4.017,,,0.0,,,0.5165,0.0515,1.6914,0.7647,0.0,brady,1.2716086476835904,1.9147679836553844,1.2371894573933655,1.5700312492477049,2.0209812674015777,-0.6460225096990849,1.5333301503893122,1.7519278511228298,1.333230482671886,0.9674482451636249,1.0968225047872215,1.127508722769594,1.2225145687139467,1.6595215564244152,1.363703019197372,1.901240474340489,0.5386702261714446,1.7518846108020698,0.4372705496564317,0.2,False,1.379657719016031,97.8
2021,00-0031237,T.Bridgewater,DEN,14,,,64.69,6.274,3052,99,13,3164,18,1,1,0,20,7,2,9,7,13.958,484.0,0.1337,429.0,31.0,15.0,9.0,-0.11,2.0,53.0,-0.002,55.1,51.3,0.917,,,0.0,,,0.4876,0.0826,3.9106,0.4118,0.0,bridgewater,0.8344207412793152,0.6594476827755392,0.3476232751062283,0.06341215707078286,-0.026053165509780794,0.6684279146597469,-0.1370511681487924,-0.36967284931949596,-0.10568667738912452,0.0793233888545979,-0.7865019912376662,0.1400161015902342,0.25396499909053477,-0.07152628775510092,0.667646840009246,0.44029176303797013,1.0758868916512825,-0.3694872480066589,0.4372705496564317,0.0,False,0.23583320352622572,61.3
2021,00-0031800,T.Heinicke,WAS,16,,,-32.78,5.387,3419,277,44,3740,20,1,0,0,21,15,5,20,7,12.885,583.0,-0.0562,494.0,38.0,40.0,11.0,-62.97,2.0,122.0,-0.5161,67.5,58.3,0.362,,,0.0,,,0.446,0.1012,0.2986,0.4118,0.0,heinicke,-0.5199346164070124,-0.8157882676314839,-0.3396983308943738,0.45048289618492515,0.05582821180667355,-1.1389414188336469,-0.4978239448781377,-0.36967284931949596,-2.119273780715819,-2.191114147835958,-0.7865019912376662,0.6915885566633901,0.5912708193573946,-0.3814396921162724,-0.33428869819926765,-0.4334589131751112,0.2015057652484459,-0.3694872480066589,0.4372705496564317,0.0,False,-0.49037201663122565,38.1
2021,00-0033357,T.Hill,NO,11,,,6.4,5.454,978,118,259,1355,4,0,5,0,9,5,0,5,9,13.0,209.0,0.0306,132.0,9.0,16.0,52.0,14.34,4.0,127.0,0.1129,26.4,20.5,0.618,,,0.0,,,0.4737,0.0861,-7.096,0.5294,0.0,hill,0.09911775350964494,-0.2227879132973588,-0.2877811408131557,-1.1522318829595704,-0.9267483159907786,1.325653126839163,-0.45915771065271854,0.33752738416127925,0.3571884998789431,0.5867602162534403,-0.3156708672314442,-1.136607242006506,-1.2301806100836479,-0.23848864433886716,0.3328654943097672,0.2758763132129284,-1.5885547766392663,0.3374363297658161,0.4372705496564317,0.0,False,-0.14404232609078618,49.2
2021,00-0035993,T.Huntley,BAL,7,,,-9.0,4.166,1081,203,94,1378,3,2,0,0,5,4,3,7,8,13.345,248.0,-0.0363,187.0,18.0,25.0,18.0,0.77,5.0,187.0,0.0041,22.4,11.6,-1.112,,,0.0,,,0.4355,0.1048,-1.0532,0.4706,0.5,huntley,-0.3780090154698985,-0.4558712582883115,-1.2858310038670167,-1.136775933307443,-1.254273825256596,0.9970405207494549,-0.34315900797646104,-0.016072732579108358,-0.0774977392579204,0.10626302895149031,-0.08025530522833327,-1.3145338404172016,-1.6590408672800838,-1.2045250218971133,-0.5871810816413208,-0.6025719472808693,-0.12573354999833,-0.016025459120421214,-1.166054799083818,0.0,False,-0.6718428703907962,32.3
2021,00-0036971,T.Lawrence,JAX,17,,,-57.43,4.525,3641,234,109,3984,12,0,2,0,14,17,7,24,3,9.731,702.0,-0.0818,604.0,32.0,32.0,34.0,-16.74,3.0,205.0,-0.0817,76.6,50.0,-1.405,,,0.0,,,0.4473,0.0855,-4.8001,0.1765,0.0,lawrence,-0.7025122738939527,-1.1888729724384308,-1.0076478510437743,0.614450362059666,-0.5173414294085068,-1.7961666310130628,-1.558287447025719,-1.7840733162810465,-0.6383935423004022,-0.2726584661818489,-0.5510864292345552,1.0963715680477222,0.1913224896124038,-1.3681369632985967,-0.3029782126302524,0.30406181889722084,-1.0327708264431774,-1.7839355290429122,0.4372705496564317,0.0,False,-0.621036970302507,34.0
2021,00-0032156,T.Siemian,NO,6,,,-10.59,5.846,1154,22,2,1178,11,1,0,0,12,3,1,4,9,13.0,206.0,-0.0514,192.0,9.0,3.0,2.0,0.53,2.0,17.0,0.0311,22.9,27.3,-0.419,,,0.0,,,0.4126,0.0631,-4.7217,0.5294,0.0,siemian,-0.4857013056282111,-0.47993635689452024,0.015973165333671935,-1.2711754954998535,-0.6811041840414155,1.4899594298840169,-0.45915771065271854,0.33752738416127925,-0.08518563147552154,0.2255040588885551,-0.7865019912376662,-1.2922930156158645,-0.9025120989672699,-0.8175520683434343,-1.138727327433988,1.3563206977774915,-1.0137920112964491,0.3374363297658161,0.4372705496564317,0.0,False,-0.27422900457218813,45.0
2021,00-0036212,T.Tagovailoa,MIA,13,,,26.14,5.797,2653,125,13,2791,16,0,3,0,19,10,1,11,9,13.115,437.0,0.0598,389.0,20.0,18.0,10.0,-16.37,4.0,133.0,-0.1231,52.4,55.9,2.167,,,0.0,,,0.4897,0.0709,1.9254,0.5294,0.0,tagovailoa,0.30737039408068634,0.07598255619104417,-0.02199612293468178,-0.18724302641806276,-0.10793454282623513,0.33981530857003894,-0.4204914764272994,0.33752738416127925,-0.6265413751316006,-0.4554947120853483,-0.3156708672314442,0.019915647663014617,0.4756231095516141,0.6264768752205103,0.7182253166976577,0.989909123881683,0.5953161795430568,0.3374363297658161,0.4372705496564317,0.0,False,0.17771538902783354,59.5
2021,00-0028118,T.Taylor,HOU,6,,,-9.54,4.457,966,148,4,1118,5,3,0,0,8,5,2,7,4,10.769,180.0,-0.053,149.0,13.0,15.0,3.0,0.0,0.0,0.0,0.0,23.0,27.6,-0.409,,,0.0,,,0.4222,0.1111,-3.626,0.2353,0.0,taylor,-0.4971124092211448,-0.46404431064513707,-1.0603399245590406,-1.3114953641575768,-1.008629693307233,0.9970405207494549,-1.209282654625849,-1.4304731995406588,-0.10216306012272401,0.08815605773882491,-1.257333115243888,-1.287844850655597,-0.8880561352415473,-0.8119680430396294,-0.9075114340012539,-0.8985197569659453,-0.7485485450174933,-1.4304737401566745,0.4372705496564317,0.0,False,-0.6760883732411183,32.2
2021,00-0037013,Z.Wilson,NYJ,13,,,-88.03,3.844,2334,182,7,2523,9,1,3,0,13,11,2,13,4,11.481,455.0,-0.1935,385.0,44.0,16.0,10.0,-31.35,5.0,175.0,-0.1792,46.4,38.2,-1.165,,,0.0,,,0.3736,0.1275,-9.6394,0.2353,0.0,wilson,-1.4991499434756421,-1.6520126059918823,-1.5353434696304824,-0.36733843975589286,-0.5992228067249612,0.01120270248033098,-0.9698882305519501,-1.4304731995406588,-1.1063939810468708,-0.7032510742879162,-0.08025530522833327,-0.2469742499530286,-0.37727875026601676,-1.234120356007279,-2.078041894504471,-1.6689235790032861,-2.2042527159784067,-1.4304737401566745,0.4372705496564317,0.0,False,-1.036339938721315,20.7
2022,00-0027973,A.Dalton,NO,14,,,4.75,6.527,2871,53,12,2936,18,0,0,0,18,9,4,13,7,12.692,422.0,0.0113,379.0,25.0,11.0,7.0,-11.41,3.0,90.0,-0.1268,49.8,45.0,-0.096,,,0.0,,,0.4953,0.09,0.618,0.4118,0.0,dalton,0.10152213837377953,-0.1652474455438581,0.656814470922678,0.1694705023253101,0.10386787423226113,-0.3323487431359402,-0.4285565267198288,-0.4115481811968245,-0.6672076016061375,-0.3492630000144102,-0.364975111735567,0.1662042585515893,0.1711274112501351,-0.4657951536610856,0.9300351868270331,0.20681701410237888,0.368964885320009,-0.4149454827346433,0.5026809843658409,0.0,False,0.0041423967883869196,36.7
2022,00-0023459,A.Rodgers,GB,17,,,-11.18,5.943,3695,102,8,3805,26,1,0,0,27,12,7,19,8,14.8,594.0,-0.0188,543.0,32.0,13.0,6.0,4.83,5.0,134.0,0.036,64.3,67.5,-0.53,,,0.0,,,0.4512,0.0859,0.547,0.4706,0.0,rodgers,-0.12581695884016453,-0.4514677299652227,0.12697783066643178,0.7650517301451206,0.8910770263083455,-1.445330580614438,0.4396597832134808,-0.06498129176791966,0.25087269636568343,0.3136182054631132,0.1285123632871714,0.7824970872777803,1.1332180106782765,-0.7585349081205461,0.06314902061150537,0.39275391851237484,0.3462933734649091,-0.07483334633740293,0.5026809843658409,0.0,False,0.09088482187440158,39.5
2022,00-0034855,B.Mayfield,CAR,12,,,-65.75,4.814,2163,82,12,2257,10,1,0,0,11,8,4,12,7,12.852,396.0,-0.166,335.0,36.0,15.0,10.0,-13.29,4.0,157.0,-0.0846,42.5,31.4,-1.71,,,0.0,,,0.3561,0.1263,-7.0153,0.4118,0.0,mayfield,-1.2375882249495522,-1.4319473860150578,-0.8973125235275771,-0.29589158477440375,-0.5084059107158044,-0.14685177022285725,-0.3626577555673954,-0.4115481811968245,-0.7734878331447472,-0.17743507083043297,-0.11823137422419783,-0.1440673034967688,-0.4104029066264305,-1.5544632727799086,-1.8062585623158551,-1.439404846893442,-2.0684780927579345,-0.4149454827346433,0.5026809843658409,0.0,False,-0.8400848456612555,9.2
2022,00-0037834,B.Purdy,SF,8,,,37.09,7.569,1374,25,0,1399,13,1,0,0,14,4,0,4,13,17.308,192.0,0.1932,170.0,11.0,6.0,5.0,34.6,12.0,140.0,0.2471,21.9,27.5,1.303,,,0.0,,,0.4896,0.0833,-0.7158,0.7647,0.0,purdy,1.4753753537630294,0.4158174633191008,1.6021736817908423,-0.8839338097104192,-0.24600286002377636,1.3371240130818065,1.4726230210278732,1.6678531553766045,1.9338314691871805,1.1731650265706388,1.855718525866756,-1.0196281498250126,-0.5771652771939749,0.4778521193545484,0.8179886755474745,0.5106651261870069,-0.056940220487487224,1.6263057576494742,0.5026809843658409,0.0,False,0.7040249910918,59.5
2022,00-0027688,C.McCoy,ARI,4,,,-36.74,3.917,780,34,3,817,1,0,0,0,1,3,1,4,4,12.143,158.0,-0.2326,132.0,13.0,8.0,5.0,-37.01,0.0,76.0,-0.487,14.7,2.9,-0.597,,,0.0,,,0.3861,0.1139,-0.2532,0.2353,0.0,mccoy,-1.740604300512631,-0.9107138360424407,-1.711119828852667,-1.2828155986530312,-1.3830827463558981,1.3371240130818065,-0.6546716852366155,-1.4512488494835392,-2.114427775748909,-1.8159080258928126,-1.1052063242696746,-1.3256494165028454,-1.6290509992354096,-0.8037274508596793,-1.2165400818971297,-0.8770590872144289,0.09077585534588192,-1.4358603139270396,0.5026809843658409,0.0,False,-1.1213296097704555,0.0
2022,00-0033662,C.Rush,DAL,8,,,-16.38,5.756,1051,8,3,1062,5,0,0,0,5,3,1,4,12,16.679,172.0,-0.0952,161.0,7.0,2.0,2.0,-1.34,0.0,1.0,-1.3351,17.3,9.1,0.341,,,0.0,,,0.3895,0.064,-6.8499,0.7059,0.0,rush,-0.7028504148915042,-0.5448980801843751,-0.042678764758084714,-1.114901443513959,-1.0332120120998607,1.3371240130818065,1.213558476934869,1.3212862659476998,-0.09792997841794557,-5.269160792265586,-1.1052063242696746,-1.2151417368691835,-1.3639415896152107,-0.17103185251181321,-1.1497053207830072,1.3859290908486965,-2.0156630496476033,1.2861936212522334,0.5026809843658409,0.0,False,-0.5420534674600098,18.9
2022,00-0032950,C.Wentz,WAS,8,,,-33.85,4.566,1755,81,8,1844,11,0,1,0,12,9,1,10,8,11.464,327.0,-0.1035,283.0,26.0,12.0,6.0,-0.04,2.0,51.0,-0.0009,32.1,34.3,-0.966,,,0.0,,,0.3976,0.1101,-3.7504,0.4706,0.0,wentz,-0.7655386044887047,-0.8587881221706426,-1.1223116447322845,-0.5789468748659823,-0.42093822715179513,0.2241421756033087,-0.9343295953147547,-0.06498129176791966,-0.024438328949757924,0.1633705612240431,-0.6117188492469362,-0.5860980220314161,-0.28640011825569234,-1.0526236937065478,-0.9904813310699513,-0.7047273221515057,-1.0259397961985595,-0.07483334633740293,0.5026809843658409,0.0,False,-0.5614047494100948,18.2
2022,00-0031280,D.Carr,LV,15,,,17.75,5.979,3522,96,10,3628,24,0,0,0,24,14,2,16,6,15.192,551.0,0.0322,505.0,27.0,14.0,5.0,-9.02,4.0,101.0,-0.0893,59.8,55.8,0.342,,,0.0,,,0.4174,0.078,-2.8706,0.3529,1.0,carr,0.2593755314558869,0.06832843000402268,0.1596389934219542,0.6437423201058727,0.6286739756163173,-0.8888396618751891,0.6011117725369423,-0.7581150706257294,-0.5320960306607772,-0.19657230464950157,-0.11823137422419783,0.5912337956041348,0.6329308989756429,-0.17035733694854258,-0.6012671339935924,0.7510225879852948,-0.7450046394363499,-0.7556360411325592,-2.5134049218292045,0.0,False,-0.02353762501921948,35.8
2022,00-0035710,D.Jones,NYG,16,,,52.04,5.909,3205,404,319,3928,15,2,5,0,22,5,6,11,9,14.038,621.0,0.0838,470.0,44.0,54.0,53.0,14.37,7.0,159.0,0.0904,71.6,57.9,1.564,,,0.0,,,0.496,0.0902,2.3301,0.5294,0.0,jones,0.6490996981083624,0.6844297201991636,0.0961311769528834,0.84935148966392,0.4537386084882986,0.03864520269022573,0.1258168856000168,0.2815855976609852,0.7901883393860758,0.5351215075391407,0.6219998383099098,1.0927686493261384,0.7227260215889362,0.6539006813681871,0.9437952847034696,0.19774692120433002,0.9156676380962979,0.2652787900598371,0.5026809843658409,0.0,False,0.5418242776798343,54.2
2022,00-0036898,D.Mills,HOU,15,,,-72.01,4.969,3118,106,11,3235,17,2,0,0,19,15,3,18,3,11.115,535.0,-0.1346,480.0,31.0,17.0,7.0,-9.4,7.0,167.0,-0.0563,64.7,54.3,-1.67,,,0.0,,,0.372,0.0916,-3.7768,0.1765,0.0,mills,-1.0004304956300225,-1.5444231537788835,-0.756688072774635,0.37439430798483064,0.1913355577962705,-1.259833607701355,-1.0780712898909999,-1.7978157389124438,-0.553578205120709,-0.062204492728381966,0.6219998383099098,0.7994982687598824,0.5687915256804335,-1.5274826502490826,-1.493707767693931,0.1342562709179899,-1.034369766803836,-1.77597245032428,0.5026809843658409,0.0,False,-0.586385876459844,17.4
2022,00-0033077,D.Prescott,DAL,12,,,44.89,6.085,2860,75,116,3051,23,0,1,0,24,15,2,17,12,16.679,450.0,0.0997,394.0,20.0,15.0,21.0,1.38,10.0,217.0,0.0064,49.7,43.6,1.258,,,0.0,,,0.5111,0.0822,0.0204,0.7059,0.0,prescott,0.769189121553602,0.5559629886478292,0.25580797264654664,0.24828735065589494,0.6286739756163173,-1.0743366347882721,1.213558476934869,1.3212862659476998,0.05583716508472395,0.19309434992174532,1.3622310508440174,0.1619539631810641,0.11126399617460635,0.4474989190073694,1.240620253180895,0.5605506371262743,0.1781410052551119,1.2861936212522334,0.5026809843658409,0.0,False,0.4745667671305454,52.0
2022,00-0038122,D.Ridder,ATL,4,,,-16.0,5.766,708,61,4,773,2,0,0,0,2,0,4,4,7,14.038,139.0,-0.1151,115.0,9.0,11.0,4.0,-16.0,2.0,139.0,-0.1151,14.3,5.9,-0.522,,,0.0,,,0.3957,0.0935,-1.3212,0.4118,0.0,ridder,-0.8531510140462379,-0.5380704776683601,-0.033606219548217686,-1.3129716101882114,-1.2956150627918888,1.3371240130818065,0.1258168856000168,-0.4115481811968245,-0.9266896562668924,-0.30162350306055863,-0.6117188492469362,-1.3426505979849472,-1.500772252644991,-0.753138783614381,-1.0278301681631374,0.04809038838652825,-0.2502547736857615,-0.4149454827346433,0.5026809843658409,0.0,False,-0.568907155716782,18.0
2022,00-0033537,D.Watson,CLE,6,,,-17.24,4.846,1102,97,83,1282,7,0,1,0,8,5,1,6,7,13.37,215.0,-0.0802,168.0,20.0,12.0,15.0,-6.07,8.0,188.0,-0.0323,21.7,21.1,-0.685,,,0.0,,,0.4279,0.1209,-3.3267,0.4118,0.5,watson,-0.5895585059809009,-0.5603500227206195,-0.868280378856002,-0.9641213858380577,-0.7708089614078326,0.9661300672556405,-0.14931048396139285,-0.4115481811968245,-0.3653265184060437,0.03551755230515957,0.868743575821279,-1.0281287405660635,-0.8508266032535352,-0.8630848204274962,-0.3948656658470382,-1.1945123386461296,-0.890645154325238,-0.4149454827346433,-1.005361968731682,0.0,False,-0.5528980931737344,18.5
2022,00-0030565,G.Smith,SEA,17,,,15.94,6.525,4282,306,72,4660,30,0,1,0,31,11,8,19,9,15.074,675.0,0.0236,573.0,46.0,33.0,23.0,-29.95,8.0,210.0,-0.1426,77.3,70.5,0.735,,,0.0,,,0.4904,0.1022,5.6222,0.5294,0.0,smith,0.19442150368047428,0.03580748117774082,0.6549999618807048,1.3510378633855555,1.240947760564383,-1.445330580614438,0.5525114288120225,0.2815855976609852,-1.7153115870985982,-0.4135966796614918,0.868743575821279,1.3350354854460895,1.2614967572686955,0.09472727941682138,0.8337145016919743,-0.34645865267858583,1.9668913589156551,0.2652787900598371,0.5026809843658409,0.0,False,0.2836922633119184,45.8
2022,00-0034857,J.Allen,BUF,16,,,146.93,6.985,4283,506,281,5070,35,2,5,0,42,14,7,21,13,18.2,708.0,0.2075,567.0,33.0,51.0,57.0,23.23,12.0,164.0,0.1417,83.9,82.4,3.41,,,0.0,,,0.5282,0.0847,1.0026,0.8125,1.0,allen,1.5833803069244712,2.389353937948272,1.072337041534597,1.6320370617815536,2.203092279768486,-1.816324526440604,1.8400086702026888,1.6678531553766045,1.2910621965308007,0.7440023787983356,1.855718525866756,1.6155549799007698,1.7703357854106905,1.8990564111658002,1.5767597870195689,0.4471744759006667,0.49177422981960645,1.9027914739724006,-2.5134049218292045,0.039,False,1.2916344985138297,78.6
2022,00-0033119,J.Brissett,CLE,14,,,37.44,6.184,2608,199,48,2855,12,2,0,0,14,6,6,12,7,13.37,435.0,0.0861,367.0,24.0,23.0,21.0,0.25,0.0,3.0,0.0845,48.3,36.8,0.715,,,0.0,,,0.4713,0.0828,2.8882,0.4118,0.5,brissett,0.6664711241413216,0.4221060445838513,0.3456261702242323,0.11395602654463732,-0.24600286002377636,-0.14685177022285725,-0.14931048396139285,-0.4115481811968245,-0.008044037914546838,0.5110981714683951,-1.1052063242696746,0.10244982799370747,-0.1795011627636766,0.08123696815140843,0.4582604024920519,0.5333403584321283,1.0938784939601183,-0.4149454827346433,-1.005361968731682,0.0,False,0.09648481739036704,39.7
2022,00-0036442,J.Burrow,CIN,16,,,104.4,6.722,4475,203,75,4753,35,1,4,0,40,12,5,17,12,14.414,704.0,0.1483,610.0,41.0,27.0,26.0,3.32,10.0,184.0,0.018,81.0,78.4,2.829,,,0.0,,,0.5043,0.0838,2.7299,0.75,0.0,burrow,1.1362549064239567,1.6252014774058587,0.833729102515089,1.4147767059485503,2.0281569126404673,-1.0743366347882721,0.28067899780823496,1.3212862659476998,0.16550931890648088,0.24032667168795702,1.3622310508440174,1.4922964141555315,1.5992974566234655,1.5071628689055547,1.10695073095265,0.48798989394188536,1.043330602035297,1.5412777235501638,0.5026809843658409,0.0,False,1.0606260326306973,71.1
2022,00-0036945,J.Fields,CHI,15,,,-11.18,4.584,2242,642,510,3394,17,2,6,0,25,11,6,17,3,13.583,528.0,-0.0212,322.0,55.0,66.0,85.0,-31.11,4.0,110.0,-0.2828,68.3,64.1,-0.431,,,0.0,,,0.4318,0.1515,-2.4807,0.1765,0.0,fields,-0.14394366426586105,-0.4514677299652227,-1.1059810633545235,0.48336716785059575,0.7161416591803268,-1.0743366347882721,-0.061582744864715565,-1.7978157389124438,-1.7808887512394425,-0.9844562927324302,-0.11823137422419783,0.9525089020987985,0.987835431209135,-0.691757867356752,-0.31820226339260355,-2.5822365520475654,-0.6205029144743295,-1.77597245032428,0.5026809843658409,0.0,False,-0.5229914814527592,19.5
2022,00-0026158,J.Flacco,NYJ,5,,,-29.95,4.726,1051,7,0,1058,5,0,0,0,5,3,5,8,7,11.84,203.0,-0.1475,191.0,10.0,1.0,1.0,-7.15,0.0,37.0,-0.1934,18.9,17.9,-0.505,,,0.0,,,0.3941,0.0887,-4.0901,0.4118,0.0,flacco,-1.0978615372931413,-0.7887153595062784,-0.9771509213744087,-1.1176428991080665,-1.0332120120998607,0.5951361214294746,-0.7794674831065365,-0.4115481811968245,-0.42638111950269186,-0.6204416749824879,-1.1052063242696746,-1.1471370109407764,-0.9876572662833154,-0.74167201903878,-1.0592818204521361,0.2657726179396946,-1.1344118043278189,-0.4149454827346433,0.5026809843658409,0.0,False,-0.6793574151018753,14.4
2022,00-0031345,J.Garoppolo,SF,11,,,63.8,7.598,2437,11,28,2476,16,0,2,0,18,4,5,9,13,17.308,344.0,0.1855,308.0,18.0,3.0,15.0,0.0,0.0,0.0,0.0,38.8,35.3,0.979,,,0.0,,,0.5058,0.0785,-1.0455,0.7647,0.0,garoppolo,1.417218840522253,0.895726050694785,1.628484062899457,-0.14579689099702917,0.10386787423226113,0.40963914851639166,1.4726230210278732,1.6678531553766045,-0.022177047427659843,0.1670351379128009,-1.1052063242696746,-0.3013282322062108,-0.24364053605888603,0.25930907685485904,1.1364366549735874,0.7283473557401732,-0.16221905793292998,1.6263057576494742,0.5026809843658409,0.0,False,0.5412824097749537,54.2
2022,00-0033106,J.Goff,DET,17,,,92.68,7.454,4438,79,4,4521,29,0,0,0,29,7,5,12,9,18.12,630.0,0.1471,587.0,23.0,15.0,5.0,50.81,10.0,193.0,0.2632,68.9,52.7,2.504,,,0.0,,,0.4841,0.0556,-1.4849,0.5294,0.0,goff,1.1271915537111086,1.4146238419119233,1.497839411877369,1.255772281490327,1.0660123934363643,-0.14685177022285725,1.8070592846264728,0.2815855976609852,2.850215806017428,1.2387202317806396,1.3622310508440174,0.9780106743219515,0.5003761941655437,1.2879453108425947,0.7098736208040413,1.7668729925667381,-0.30252697777984394,0.2652787900598371,0.5026809843658409,0.0,False,1.1829619469292783,75.1
2022,00-0036355,J.Herbert,LAC,17,,,25.77,6.227,4739,143,22,4904,25,0,0,0,25,10,6,16,10,16.292,773.0,0.0333,698.0,38.0,22.0,15.0,14.49,5.0,206.0,0.0703,79.3,59.5,1.199,,,0.0,,,0.4644,0.0699,1.316,0.5882,0.0,herbert,0.26768360477599784,0.212426777842023,0.3846381146266615,1.5182666546261008,0.7161416591803268,-0.8888396618751891,1.054165824209922,0.62815248708989,0.79697218395237,0.4532792948235496,0.1285123632871714,1.4200413928565985,0.7911413531038263,0.4077025007744013,0.3226251519957446,1.1183613503562628,0.5918481990504277,0.6053909264570771,0.5026809843658409,0.0,False,0.5212389728199858,53.5
2022,00-0036389,J.Hurts,PHI,15,,,106.87,7.295,3701,321,460,4482,22,2,11,0,35,6,8,14,14,19.08,645.0,0.1657,461.0,38.0,43.0,103.0,14.94,6.0,139.0,0.1075,68.2,58.3,3.309,,,0.0,,,0.4946,0.0899,2.7173,0.8235,0.0,hurts,1.2676735207602565,1.669580893759956,1.3535859430404804,1.2290430894477808,1.5908184948204205,-0.5178457160490232,2.202451911541072,2.0144200448055094,0.8224116010759734,0.604748464625539,0.3752561007985406,0.9482586067282733,0.7398298544676586,1.830930339275465,0.9162750889505955,0.21135206055140332,1.0393072069736877,1.9664178940467143,0.5026809843658409,0.078,False,1.1099087542946857,72.7
2022,00-0035264,J.Stidham,LV,3,,,-0.31,6.156,656,79,5,740,4,0,0,0,4,3,1,4,6,15.192,104.0,-0.0029,83.0,7.0,11.0,3.0,1.59,4.0,90.0,0.0176,12.2,9.3,-0.184,,,0.0,,,0.5,0.1058,1.5499,0.3529,1.0,stidham,-0.005727535394924968,-0.25616236325711017,0.32022304363660364,-1.3355886188395967,-1.12067969566387,1.3371240130818065,0.6011117725369423,-0.7581150706257294,0.0677088930757389,0.238697970937398,-0.11823137422419783,-1.4319068007659819,-1.3553896731758495,-0.5251525232289025,1.0224244154259665,-0.5097203248434609,0.6665364613449045,-0.7556360411325592,-2.5134049218292045,0.0,False,-0.33640859934149536,25.6
2022,00-0031503,J.Winston,NO,3,,,-15.52,5.112,858,11,5,874,4,0,0,0,4,5,2,7,7,12.692,130.0,-0.1194,114.0,11.0,3.0,2.0,0.0,0.0,0.0,0.0,14.8,10.0,0.002,,,0.0,,,0.4615,0.1385,2.746,0.4118,0.0,winston,-0.8856280279339444,-0.5294461376481306,-0.6269506762735338,-1.2437498564370022,-1.12067969566387,0.7806330943425576,-0.4285565267198288,-0.4115481811968245,-0.022177047427659843,0.1670351379128009,-1.1052063242696746,-1.32139912113232,-1.325457965638085,-0.3996926284605623,0.2656190322219352,-1.9926805136744072,1.0484716068362423,-0.4149454827346433,0.5026809843658409,0.0,False,-0.5997259852318155,17.0
2022,00-0029604,K.Cousins,MIN,17,,,25.21,6.041,4547,109,1,4657,29,1,1,0,31,14,4,18,13,14.133,711.0,0.0355,644.0,46.0,12.0,9.0,28.65,11.0,216.0,0.1326,73.1,62.0,2.412,,,0.0,,,0.4796,0.0928,1.3007,0.7647,1.0,cousins,0.2842997514162196,0.202365047818422,0.21588877372313123,1.3489817716899752,1.240947760564383,-1.259833607701355,0.16494428097177363,1.6678531553766045,1.5974658427750905,0.7069494367231178,1.6089747883553867,1.1565230798840203,0.898040308595842,1.2258898790216952,0.6214158487412333,0.07983571352969863,0.5869626479041877,1.6263057576494742,-2.5134049218292045,0.0,False,0.6004638641254536,56.1
2022,00-0035228,K.Murray,ARI,11,,,4.61,5.122,2368,207,216,2791,14,2,1,0,17,7,2,9,4,12.143,479.0,0.0096,393.0,25.0,25.0,36.0,0.61,0.0,2.0,0.304,50.2,50.0,0.585,,,0.0,,,0.4384,0.0814,-0.8063,0.2353,0.0,murray,0.08868238869724449,-0.16776287804975834,-0.6178781310636668,0.07009273703892055,0.016400190668251758,0.40963914851639166,-0.6546716852366155,-1.4512488494835392,0.012307495784335891,1.4048477083376603,-1.1052063242696746,0.18320544003369135,0.38492532223416653,-0.006450055073775575,-0.18846419770048395,0.5968310087184685,-0.08583841517603004,-1.4358603139270396,0.5026809843658409,0.0,False,-0.0014271245394972855,36.5
2022,00-0038102,K.Pickett,PIT,13,,,8.17,4.693,2404,198,46,2648,7,1,2,0,10,9,1,10,9,11.407,467.0,0.0175,390.0,27.0,28.0,22.0,15.93,3.0,112.0,0.1423,47.9,34.5,1.231,,,0.0,,,0.4561,0.0835,0.8181,0.5294,0.0,pickett,0.14834946072349559,-0.10379902289972331,-1.0070903205669708,-0.027914300450415354,-0.5958735942798139,0.2241421756033087,-0.9578060325378092,0.2815855976609852,0.878378318747901,0.7464454299241742,-0.364975111735567,0.0854486465116057,-0.27784820181633096,0.42928699879906196,0.15946970574656424,0.501595033288958,0.4328602307031849,0.2652787900598371,0.5026809843658409,0.0,False,0.037066290635127036,37.7
2022,00-0034796,L.Jackson,BAL,12,,,47.71,6.116,2242,205,571,3018,17,0,3,0,20,7,3,10,10,12.963,451.0,0.1058,326.0,26.0,26.0,73.0,0.0,0.0,0.0,0.0,53.4,58.8,1.613,,,0.0,,,0.4922,0.0976,-0.6174,0.5882,0.5,jackson,0.8152611645105807,0.6066309862666772,0.28393286279713476,0.22567034200450972,0.2788032413602799,0.2241421756033087,-0.3169404830803952,0.62815248708989,-0.022177047427659843,0.1670351379128009,-1.1052063242696746,0.3192148918905057,0.7612096455660617,0.6869519439684488,0.8690976105170982,-0.13784651602346834,-0.025519420958729052,0.6053909264570771,-1.005361968731682,0.0,False,0.295016905531488,46.1
2022,00-0036972,M.Jones,NE,14,,,-35.57,5.337,2997,115,17,3129,14,1,0,0,15,11,4,15,8,13.481,509.0,-0.0699,444.0,34.0,20.0,11.0,-14.15,7.0,192.0,-0.0737,56.2,45.5,-0.137,,,0.0,,,0.4028,0.0982,-0.441,0.4706,0.0,jones,-0.5117647285289533,-0.8896920072431314,-0.42281840905152174,0.30174573474098726,-0.158535176459767,-0.7033426889621062,-0.10359321147439195,-0.06498129176791966,-0.822105385869856,-0.13305297537769956,0.6219998383099098,0.4382231622652187,0.19250720234853824,-0.4934502917551821,-0.8882634611307059,-0.16505679471761364,0.0308081099038008,-0.07483334633740293,0.5026809843658409,0.0,False,-0.3017277491375578,26.7
2022,00-0032268,M.Mariota,ATL,13,,,9.35,5.887,2219,200,247,2666,15,0,4,0,19,9,5,14,7,14.038,401.0,0.0233,298.0,28.0,27.0,48.0,0.0,0.0,0.0,0.0,49.4,55.9,0.414,,,0.0,,,0.4863,0.1247,-0.6461,0.4118,0.0,mariota,0.19215566550226224,-0.0825975203499926,0.07617157749117529,-0.015577750276932513,0.1913355577962705,-0.5178457160490232,0.1258168856000168,-0.4115481811968245,-0.022177047427659843,0.1670351379128009,-1.1052063242696746,0.14920307706948754,0.6372068571953236,-0.12179221639305607,0.7531196427014152,-1.3668441037090535,-0.03468382082128353,-0.4149454827346433,0.5026809843658409,0.0,False,-0.06527305271573364,34.4
2022,00-0026143,M.Ryan,IND,12,,,-54.97,4.91,3057,80,-3,3134,14,0,1,0,15,13,8,21,4,9.031,523.0,-0.1051,464.0,38.0,10.0,11.0,-5.31,1.0,38.0,-0.1398,56.3,50.0,0.741,,,0.0,,,0.4359,0.1166,-0.0987,0.2353,0.0,ryan,-0.7776230747725025,-1.2382590830607383,-0.8102160895128517,0.3051725542336214,-0.158535176459767,-1.816324526440604,-1.9364027841514442,-1.4512488494835392,-0.3223621694861801,-0.4021957744075786,-0.8584625867583054,0.44247345763574386,0.38492532223416653,0.09877437279644526,-0.23760740440204448,-0.9995053413380848,0.1401103424108528,-1.4358603139270396,0.5026809843658409,0.0,False,-0.5232985490696327,19.5
2022,00-0026498,M.Stafford,LA,9,,,-29.21,5.178,2087,15,2,2104,10,1,0,0,11,8,4,12,5,11.808,339.0,-0.0862,303.0,29.0,5.0,2.0,0.0,0.0,0.0,0.0,41.5,32.4,-0.396,,,0.0,,,0.4661,0.1209,-0.0387,0.2941,0.0,stafford,-0.6348752695451422,-0.7754195019750912,-0.5670718778884104,-0.4007522612490079,-0.5084059107158044,-0.14685177022285725,-0.7926472373370231,-1.1046819600546343,-0.022177047427659843,0.1670351379128009,-1.1052063242696746,-0.18657025720202336,-0.3676433244296242,-0.6681498226422795,0.35604253255280643,-1.1945123386461296,0.15926936651375412,-1.0957481775297997,0.5026809843658409,0.0,False,-0.4773798344608205,21.0
2022,00-0033869,M.Trubisky,PIT,7,,,5.18,5.44,1252,18,25,1295,4,0,2,0,6,5,1,6,9,11.407,205.0,0.0252,180.0,11.0,4.0,10.0,19.19,2.0,59.0,0.3253,23.4,20.7,0.932,,,0.0,,,0.4585,0.0878,1.608,0.5294,0.0,trubisky,0.20650597396427198,-0.1575214742757359,-0.32937119338988874,-0.955211655157209,-0.9457443285358513,0.9661300672556405,-0.9578060325378092,0.2815855976609852,1.0626727627988946,1.4915760233049284,-0.6117188492469362,-0.9558737192671308,-0.8679304361322577,0.22760684538113873,0.2066471841800626,0.30658803598091317,0.6850887830178807,0.2652787900598371,0.5026809843658409,0.0,False,0.004798866447893969,36.7
2022,00-0034401,M.White,NYJ,4,,,-5.05,5.413,1192,4,6,1202,3,0,1,0,4,4,1,5,7,11.84,188.0,-0.0269,175.0,9.0,1.0,3.0,-17.04,0.0,97.0,-0.1757,21.5,14.3,-0.183,,,0.0,,,0.4309,0.0745,-6.1846,0.4118,0.0,white,-0.18699458965189034,-0.3413277209568759,-0.35386706545653035,-1.0189504977202037,-1.12067969566387,1.1516270401687236,-0.7794674831065365,-0.4115481811968245,-0.9854829758414425,-0.5483716667702511,-1.1052063242696746,-1.0366293313071144,-1.141591762191818,-0.5244780076656318,-0.3358938178051656,0.9097492137011454,-1.8032214040532657,-0.4149454827346433,0.5026809843658409,0.0,False,-0.4188429657155288,22.9
2022,00-0033873,P.Mahomes,KC,17,,,210.67,7.891,5250,346,20,5616,41,4,0,0,45,12,4,16,14,18.37,730.0,0.2886,651.0,26.0,46.0,7.0,36.52,13.0,200.0,0.1826,81.5,76.3,6.042,,,0.0,,,0.5329,0.0575,3.5722,0.8235,1.0,mahomes,2.195911894434467,3.5345944231345734,1.8943096375485668,2.0062457503771998,2.4654953304605143,-0.8888396618751891,1.91002611455215,2.0144200448055094,2.0423729822478887,0.9105370305429961,2.1024622633781247,1.5135478910081588,1.5095023340101719,3.6743813736941404,1.6691490156185034,1.680707110035276,1.3122913687331936,1.9664178940467143,-2.5134049218292045,0.882,True,1.9481730801464863,100.0
2022,00-0033275,P.Walker,CAR,6,,,-18.5,5.398,731,26,14,771,3,0,0,0,3,3,0,3,7,12.852,118.0,-0.1568,106.0,7.0,2.0,3.0,0.0,0.0,0.0,0.0,14.5,8.6,0.314,,,0.0,,,0.3644,0.0847,-7.6131,0.4118,0.0,walker,-1.1681025208177154,-0.5829889152737218,-0.36747588327133174,-1.314342337985265,-1.2081473792278794,1.5226209859948894,-0.3626577555673954,-0.4115481811968245,-0.022177047427659843,0.1670351379128009,-1.1052063242696746,-1.3341500072438963,-1.3853213807136138,-0.1892437727201207,-1.643103116066675,0.4471744759006667,-2.259365836236508,-0.4149454827346433,0.5026809843658409,0.0,False,-0.5124845975076393,19.8
2022,00-0029701,R.Tannehill,TEN,12,,,22.98,6.391,2536,93,16,2645,13,0,2,0,15,6,3,9,7,11.462,381.0,0.0603,325.0,33.0,13.0,10.0,-12.3,3.0,73.0,-0.1684,50.8,42.9,1.031,,,0.0,,,0.4698,0.1129,0.5388,0.4118,0.0,tannehill,0.4716090408150838,0.16229780147443934,0.5334278560684836,-0.02997039214599583,-0.158535176459767,0.40963914851639166,-0.9351533299541603,-0.4115481811968245,-0.7175211154728198,-0.5186478780725489,-0.364975111735567,0.20870721225684385,0.08133228863684182,0.2943838861449326,0.4287744784711156,-0.8317086227241859,0.3436749735041793,-0.4149454827346433,0.5026809843658409,0.0,False,0.012643551889743728,36.9
2022,00-0029263,R.Wilson,DEN,15,,,-36.41,5.541,3524,218,66,3808,16,1,2,0,19,11,2,13,5,10.25,586.0,-0.0621,483.0,55.0,28.0,20.0,-12.78,10.0,161.0,-0.0794,66.5,59.4,-1.61,,,0.0,,,0.384,0.1195,-1.1704,0.2941,0.0,wilson,-0.4528529358954395,-0.9047846022785329,-0.23773848677022985,0.7671078218407011,0.1913355577962705,-0.3323487431359402,-1.4343365214338428,-1.1046819600546343,-0.7446564937379967,-0.15626196107316567,1.3622310508440174,0.8760035854293404,0.7868653948841455,-1.4870117164528442,-1.2578203755264403,-1.1310216883597894,-0.20210175977380287,-1.0957481775297997,0.5026809843658409,0.0,False,-0.39413243396570663,23.7
2022,00-0034869,S.Darnold,CAR,6,,,23.6,7.279,1143,81,28,1252,7,0,2,0,9,3,2,5,7,12.852,170.0,0.1388,137.0,10.0,9.0,14.0,17.57,7.0,149.0,0.1179,23.6,25.7,0.191,,,0.0,,,0.4706,0.1,4.8928,0.4118,0.0,darnold,1.064503364113908,0.17343757400056906,1.3390698707046929,-0.9846823027938624,-0.6833412778438233,1.1516270401687236,-0.3626577555673954,-0.4115481811968245,0.9710908611539222,0.6470946841400737,0.6219998383099098,-0.9473731285260798,-0.6541325251482263,-0.27220918700241015,0.4445003046156154,-0.2466876308000515,1.7339814892380514,-0.4149454827346433,0.5026809843658409,0.0,False,0.18912354998893155,42.7
2022,00-0036879,S.Ehlinger,IND,4,,,-35.0,3.574,573,71,17,661,3,0,0,0,3,3,1,4,4,9.031,131.0,-0.2672,101.0,14.0,11.0,5.0,-7.56,3.0,58.0,-0.1303,11.9,10.0,-1.126,,,0.0,,,0.3664,0.1374,-3.4685,0.2353,0.0,ehlinger,-2.001930970399756,-0.879450603469109,-2.0223081295511127,-1.3897323668232158,-1.2081473792278794,1.3371240130818065,-1.9364027841514442,-1.4512488494835392,-0.44955925510419714,-0.3635141315818017,-0.364975111735567,-1.4446576868775582,-1.325457965638085,-1.1605461838298512,-1.6037885507054264,-1.942795002735139,-0.9359243146217614,-1.4358603139270396,0.5026809843658409,0.0,False,-1.1024768781939496,0.6
2022,00-0037327,S.Thompson,MIA,7,,,-38.61,3.414,534,20,1,555,1,0,0,0,1,3,2,5,9,15.269,118.0,-0.3272,105.0,6.0,5.0,2.0,-9.63,1.0,57.0,-0.1689,8.8,2.2,-0.802,,,0.0,,,0.3305,0.0932,-5.2477,0.5294,0.5,thompson,-2.4550986060421693,-0.9443128273712512,-2.167468852908988,-1.462380940067059,-1.3830827463558981,1.1516270401687236,0.6328255561540508,0.2815855976609852,-0.5665805738727729,-0.5206837540107476,-0.8584625867583054,-1.576416843363847,-1.658982706773174,-0.9420031413301618,-2.3094849989398347,0.06169552773360091,-1.5040532426864617,0.2652787900598371,-1.005361968731682,0.0,False,-1.059908576471126,2.0
2022,00-0019596,T.Brady,TB,17,,,31.04,6.107,4694,4,8,4706,25,0,1,0,26,9,9,18,8,11.593,770.0,0.0403,736.0,22.0,4.0,8.0,-0.49,10.0,223.0,-0.0022,77.6,83.9,1.692,,,0.0,,,0.474,0.0519,0.5096,0.4706,0.0,brady,0.3205531622676127,0.30711484431412545,0.27576757210825475,1.3825646027177896,0.8036093427443362,-1.259833607701355,-0.8811987110731054,-0.06498129176791966,-0.04987774607336134,0.15807728378472624,1.3622310508440174,1.3477863715576657,1.8344751587059,0.7402386734668297,0.5113350657297369,1.9346697111806368,0.33435091510743403,-0.07483334633740293,0.5026809843658409,0.0,False,0.5859450977068341,55.6
2022,00-0031800,T.Heinicke,WAS,9,,,-16.18,6.116,1859,76,27,1962,12,0,1,0,13,6,5,11,8,11.464,299.0,-0.0541,257.0,19.0,13.0,10.0,-9.26,3.0,57.0,-0.1625,34.1,37.1,-0.309,,,0.0,,,0.4415,0.1104,1.7016,0.4706,0.0,heinicke,-0.39243058447645107,-0.5413046051759461,0.28393286279713476,-0.498073934839817,-0.3334705435877857,0.03864520269022573,-0.9343295953147547,-0.06498129176791966,-0.5456637197933656,-0.4946245420018033,-0.364975111735567,-0.501092114620907,-0.16667328810463453,-0.6094669686377333,-0.12752662139054907,-0.7183324614985783,0.7149768606184067,-0.07483334633740293,0.5026809843658409,0.0,False,-0.32236066600807517,26.0
2022,00-0035993,T.Huntley,BAL,5,,,-14.71,4.521,658,91,50,799,2,0,1,0,3,3,1,4,10,12.963,157.0,-0.0937,110.0,7.0,15.0,25.0,-18.86,2.0,114.0,-0.1654,14.1,8.8,0.042,,,0.0,,,0.4204,0.0828,3.1809,0.5882,0.5,huntley,-0.6915212240004439,-0.5148925638639935,-1.1631380981766868,-1.2951521488265139,-1.2081473792278794,1.3371240130818065,-0.3169404830803952,0.62815248708989,-1.0883712850969052,-0.5064326224433562,-0.6117188492469362,-1.351151188725998,-1.3767694642742527,-0.3727120059297364,-0.5422952859517198,0.5333403584321283,1.1873425998754386,0.6053909264570771,-1.005361968731682,0.0,False,-0.5618570609199927,18.2
2022,00-0036971,T.Lawrence,JAX,17,,,80.69,6.616,4113,219,81,4413,25,0,5,0,30,8,10,18,9,16.16,670.0,0.1204,588.0,27.0,24.0,31.0,31.91,10.0,189.0,0.1689,72.8,73.2,1.579,,,0.0,,,0.5104,0.0687,1.427,0.5294,0.0,lawrence,0.9255319558502345,1.1991950151566084,0.7375601232904958,1.18175298044943,1.1534800770003737,-1.259833607701355,0.999799338009164,0.2815855976609852,1.7817602868260842,0.8547540298363494,1.3622310508440174,1.1437721937724439,1.3769476292000726,0.6640184148172468,1.2268601553044574,1.1727819077445547,0.627292393640795,0.2652787900598371,0.5026809843658409,0.0,False,0.9128776180420737,66.3
2022,00-0036212,T.Tagovailoa,MIA,13,,,91.31,8.373,3548,76,1,3625,25,0,0,0,25,8,2,10,9,15.269,435.0,0.2099,400.0,21.0,10.0,4.0,-7.85,4.0,95.0,-0.0826,57.2,55.6,2.318,,,0.0,,,0.4897,0.0713,1.4326,0.5294,0.5,tagovailoa,1.6015070123501678,1.390008538104185,2.3316063166641663,0.6416862284102922,0.7161416591803268,0.2241421756033087,0.6328255561540508,0.2815855976609852,-0.46595354613940826,-0.1692915670776379,-0.11823137422419783,0.4807261159704732,0.6243789825362818,1.1624854160742544,0.8199544038155377,1.0548707000699227,0.6290805692237326,0.2652787900598371,-1.005361968731682,0.0,False,0.7969818491604812,62.5
2022,00-0037013,Z.Wilson,NYJ,9,,,-31.09,4.974,1688,97,13,1798,6,1,0,1,8,7,1,8,7,11.84,285.0,-0.1091,242.0,23.0,13.0,7.0,-8.34,2.0,64.0,-0.1303,32.1,28.6,-0.629,,,0.0,,,0.386,0.1088,-5.5554,0.4118,0.0,wilson,-0.8078342504819968,-0.8091981670543233,-0.7521518001697014,-0.6104736141982162,-0.7708089614078326,0.5951361214294746,-0.7794674831065365,-0.4115481811968245,-0.4936542447851098,-0.3635141315818017,-0.6117188492469362,-0.5860980220314161,-0.530129736777488,-0.82531194888434,-1.218505810165192,-0.6457717183141893,-1.6023071046275073,-0.4149454827346433,0.5026809843658409,0.0,False,-0.610109231400602,16.7
2023,00-0038579,A.O'Connell,LV,11,,,-22.35,5.368,2218,0,17,2235,12,0,1,0,13,7,4,11,8,12.296,378.0,-0.0591,343.0,24.0,0.0,11.0,-5.09,8.0,180.0,-0.0283,43.1,40.6,-1.506,,,0.0,,,0.4153,0.0926,-3.9035,0.4706,0.0,oconnell,-0.1763213951407415,-0.3799251208664775,-0.12692037098131526,-0.3208035084528413,-0.33292515331812134,0.2050050419798285,-0.23283497049934174,-0.06220158457477368,-0.2264225197393803,0.11348804216577114,0.8093974502902448,-0.17622378532049465,-0.04342929886848221,-1.1203146779607187,-0.4996472824323418,0.3294785808925927,-0.7437232532405769,-0.062146588071475245,0.3129843185743806,0.0,False,-0.20297052276566543,39.5
2023,00-0039164,A.Richardson,IND,4,,,2.06,6.054,577,37,100,714,3,0,4,0,7,1,2,3,9,13.2,117.0,0.0176,86.0,7.0,7.0,17.0,0.0,0.0,0.0,0.0,12.3,18.4,0.197,,,0.0,,,0.4274,0.094,-7.6875,0.5294,0.0,richardson,0.34399008362609956,0.016699422278229462,0.3572813484791245,-1.3980840654268802,-0.8591616859822486,1.4606609241062782,0.07666142408830773,0.31878312094571465,0.0033347553661929132,0.22431470982159846,-1.1371289332298529,-1.5338395934148839,-1.003640504338711,-0.0642757862024997,-0.24872328297940735,0.275263587730607,-1.6182711696003218,0.31866317277823736,0.3129843185743806,0.0,False,-0.13168029350996766,42.3
2023,00-0034855,B.Mayfield,TB,17,,,46.82,6.44,4044,172,11,4227,28,0,1,0,29,10,7,17,9,13.92,649.0,0.0721,569.0,40.0,30.0,10.0,34.6,11.0,177.0,0.1955,78.2,80.6,1.587,,,0.0,,,0.4438,0.0894,0.2398,0.5294,0.5,mayfield,0.713702933597323,0.743979821752096,0.6297330448519085,1.0900728028504365,1.0703722671195512,-0.7367368696150088,0.32316297729971016,0.31878312094571465,1.5651425586378698,0.9899194280800523,1.5393448441102815,1.370929294683176,1.6866809812580559,0.7976702264480724,0.09137205512208996,0.45339856526284616,0.2138651140568153,0.31866317277823736,-0.7824607964359516,0.0,False,0.7264228210432514,75.7
2023,00-0037834,B.Purdy,SF,16,,,156.91,9.066,4280,138,17,4435,31,0,2,0,33,11,3,14,12,18.885,497.0,0.3157,441.0,28.0,17.0,11.0,22.33,8.0,119.0,0.1876,64.9,54.1,2.731,,,0.0,,,0.5513,0.0845,5.3839,0.7059,2.5,purdy,2.366217617138424,2.53277113493525,2.48325158027919,1.2373932208981684,1.4211966222289696,-0.26586591381759017,2.0229966046533385,1.4617372375071798,1.0112875948764974,0.9589819484164114,0.8093974502902448,0.7846861048242354,0.5404829206742244,1.5070703980108453,2.320655521336178,0.6431510413297958,1.4027556892540047,1.4617400909750793,-5.16424125647728,0.093,False,1.254835287517034,96.2
2023,00-0039150,B.Young,CAR,16,,,-139.97,3.684,2877,259,-2,3134,11,0,0,0,11,10,7,17,2,9.44,625.0,-0.224,527.0,62.0,31.0,5.0,-48.38,2.0,174.0,-0.2781,66.0,44.0,-2.999,,,0.0,,,0.3712,0.1296,-1.4098,0.1176,0.0,young,-1.2949571558793609,-2.2910672251139346,-1.3155438339133572,0.31593233685923033,-0.5083373308728304,-0.7367368696150088,-1.2106244649045705,-2.3481098176977038,-2.1804878319830476,-0.8647628970718849,-0.6504973373498285,0.833172383684749,0.10363007494227348,-2.046131510253743,-1.4141719415955167,-1.1033462383884587,-0.16738600719768668,-2.3483004244651595,0.3129843185743806,0.0,False,-1.1396120760804107,3.1
2023,00-0038108,B.Zappe,NE,10,,,-81.64,3.373,1272,76,8,1356,6,1,0,0,7,9,3,12,4,8.429,252.0,-0.324,211.0,25.0,10.0,6.0,-52.01,7.0,177.0,-0.2939,27.9,23.3,-1.937,,,0.0,,,0.3333,0.1468,-4.4277,0.2353,0.0,zappe,-1.973329357661422,-1.343295426603867,-1.535058024514227,-0.9433739289526311,-0.8591616859822486,0.048048056714022264,-1.5567537292055809,-1.586140406656727,-2.344342234465018,-0.9266378563991665,0.5660816523502326,-0.8462160023021413,-0.79170199502321,-1.3875799523869032,-2.200123972939832,-1.7694161543785702,-0.8648749492648311,-1.5860332671180302,0.3129843185743806,0.0,False,-1.2181815138452685,0.0
2023,00-0039163,C.Stroud,HOU,15,,,59.54,7.513,4108,147,14,4269,23,2,1,0,26,5,7,12,10,14.5,571.0,0.1043,496.0,38.0,23.0,14.0,0.76,3.0,92.0,0.0083,70.4,68.4,2.73,,,0.0,,,0.4711,0.0876,0.2103,0.5882,0.0,stroud,0.9321387825711468,0.9506600425141063,1.387092294095424,1.1198201949562285,0.8072540007874878,0.048048056714022264,0.5217336729422287,0.6997678264662031,0.03764036029354766,0.25681864415175276,-0.4071815394098163,1.0271174991268048,1.158997345819462,1.5064502929657733,0.6575063679373894,0.5231035564711134,0.20704715329238282,0.6994729336279499,0.3129843185743806,0.0,False,0.7751555558276436,77.6
2023,00-0031280,D.Carr,NO,17,,,20.77,6.54,3878,51,10,3939,25,0,0,0,25,8,3,11,9,14.889,595.0,0.0349,550.0,31.0,9.0,5.0,26.19,14.0,164.0,0.1597,66.6,58.1,0.564,,,0.0,,,0.4588,0.0706,3.0328,0.5294,0.0,carr,0.46134847453439615,0.3207078287607148,0.7003163858811269,0.8860906855535771,0.7195479120101331,0.2050050419798285,0.6549129843300555,0.31878312094571465,1.1855239567443783,0.8497217354270975,2.269292237930318,0.8596194448813927,0.7134939486868783,0.16330276533905422,0.4024348643612652,1.181428473438083,0.859375772194439,0.31866317277823736,0.3129843185743806,0.0,False,0.66531485877337,73.3
2023,00-0035710,D.Jones,NYG,6,,,-57.86,2.681,909,160,46,1115,2,0,1,0,3,6,2,8,6,8.312,230.0,-0.2516,161.0,30.0,20.0,19.0,0.0,0.0,0.0,0.0,23.2,11.1,-0.4,,,0.0,,,0.4,0.1696,0.2797,0.3529,0.0,jones,-1.4821878835712095,-0.9569074038270896,-2.02349474443642,-1.1140672979406279,-1.2099860410916667,0.6758759977772472,-1.5968102316024342,-0.8241709956157504,0.0033347553661929132,0.22431470982159846,-1.1371289332298529,-1.0533846483425189,-1.3193856304618041,-0.4344784981106951,-0.8169313478562998,-2.6523460430166232,0.22308669488735275,-0.8244137454186047,0.3129843185743806,0.0,False,-0.9539515038249546,10.3
2023,00-0033077,D.Prescott,DAL,17,,,132.79,7.252,4516,188,63,4767,36,1,1,0,38,9,4,13,12,19.577,675.0,0.1967,592.0,39.0,27.0,17.0,23.5,10.0,204.0,0.1152,74.3,74.5,3.415,,,0.0,,,0.5096,0.077,3.9347,0.7059,1.0,prescott,1.5589546970177715,2.1408586408487964,1.2028697740091634,1.4725392727820479,1.8597270661157423,-0.10890892855178397,2.2599119863509642,1.4617372375071798,1.064100170883083,0.675453653777475,1.2960290461702693,1.1990233969049902,1.422839163538759,1.9312222488403357,1.4559009116512724,0.9335885046975768,1.0678204777348337,1.4617400909750793,-1.877905911446284,0.146,False,1.3021213713259923,98.1
2023,00-0038122,D.Ridder,ATL,15,,,-45.57,5.569,2836,129,72,3037,12,0,5,0,17,12,8,20,7,11.889,464.0,-0.0982,389.0,31.0,19.0,25.0,-1.76,5.0,106.0,-0.0166,53.4,53.1,-0.169,,,0.0,,,0.4612,0.1185,-1.3355,0.4118,0.0,ridder,-0.44156492603752745,-0.7572140144273171,0.014952144487413919,0.2472300265196631,0.017899201791296827,-1.2076078254124276,-0.37217682071745384,-0.44318629009526206,-0.07610980341294439,0.15930684116128985,0.07945005647020816,0.2777840985552262,0.49723016367106104,-0.2912342326989813,0.45220491383953343,-0.6734987926041432,-0.15021399076387879,-0.4429563489211882,0.3129843185743806,0.0,False,-0.181666202352948,40.3
2023,00-0038583,D.Thompson-Robinson,CLE,7,,,-37.33,1.88,440,40,26,506,1,0,0,0,1,4,0,4,11,12.774,131.0,-0.2849,111.0,6.0,5.0,9.0,-1.78,0.0,7.0,-0.254,8.6,2.3,-0.592,,,0.0,,,0.374,0.084,-11.6548,0.6471,0.0,thompsonrobinson,-1.7080858267646357,-0.6233268273928072,-2.5888673060804615,-1.545404483474612,-1.3853982186463758,1.303703938840472,-0.06918532822843866,1.0807525319866913,-0.07701258248998005,-0.7703840034144489,-1.1371289332298529,-1.6969298041275211,-1.700009892089643,-0.5535386667645871,-1.3561068838708703,0.6625135388876479,-2.535182889625168,1.0809303301253668,0.3129843185743806,0.0,False,-0.8138880340879109,15.7
2023,00-0033537,D.Watson,CLE,6,,,-16.55,5.294,1115,105,38,1258,7,0,1,0,8,4,4,8,11,12.774,215.0,-0.077,170.0,17.0,17.0,11.0,0.0,0.0,0.0,0.0,21.5,18.2,-1.576,,,0.0,,,0.4186,0.1209,-0.3261,0.6471,0.0,watson,-0.2977500192597305,-0.2856841397014099,-0.17915204334293755,-1.0127845105328124,-0.7714555972048941,0.6758759977772472,-0.06918532822843866,1.0807525319866913,0.0033347553661929132,0.22431470982159846,-1.1371289332298529,-1.1283179883996766,-1.0122910557393439,-1.1637220311157834,-0.4312134643997228,-0.7664387808818331,0.08307582603673608,1.0809303301253668,0.3129843185743806,0.0,False,-0.41331414714350817,31.3
2023,00-0035282,E.Stick,LAC,5,,,-24.06,5.465,1129,71,73,1273,3,0,1,0,4,1,4,5,5,12.815,214.0,-0.1124,173.0,14.0,9.0,18.0,-24.06,4.0,214.0,-0.1124,22.5,10.5,-1.002,,,0.0,,,0.4252,0.1028,-4.8077,0.2941,0.0,stick,-0.5378937786905802,-0.4077099618651439,-0.05845453018297352,-1.002160441923601,-1.1222799523143123,1.146746953574666,-0.05514843422612257,-1.2051557011362388,-1.0827084743076953,-0.21585905146868392,-0.16386574146980407,-1.0842395530719366,-1.3453372846637024,-0.8077817352442522,-0.2943458283344859,-0.06551636928758918,-0.9526995286032832,-1.2052235062683176,0.3129843185743806,0.0,False,-0.5039030959479682,27.8
2023,00-0035289,G.Minshew II,IND,16,,,-1.92,5.717,3305,113,1,3419,15,3,0,0,18,9,5,14,9,13.2,550.0,-0.0035,493.0,34.0,21.0,2.0,1.17,5.0,174.0,0.0067,58.9,47.4,0.777,,,0.0,,,0.4218,0.0873,-3.2766,0.5294,0.0,ii,0.2008535490500846,-0.04796938893504107,0.11941548921065727,0.5177896404342475,0.10560529056865137,-0.26586591381759017,0.07666142408830773,0.31878312094571465,0.05614733137277851,0.2505528254856989,0.07945005647020816,0.5202154928577957,0.2506894487530292,0.2953851399394657,-0.36485339842869924,0.5347210550058245,-0.5988358090635356,0.31866317277823736,0.3129843185743806,0.0,False,0.1574969838993621,53.5
2023,00-0030565,G.Smith,SEA,15,,,34.8,6.417,3624,157,7,3788,20,1,0,0,21,9,3,12,9,14.56,556.0,0.0626,497.0,31.0,20.0,8.0,25.32,5.0,109.0,0.2323,67.8,61.8,2.297,,,0.0,,,0.4802,0.0791,2.4441,0.5294,0.0,smith,0.6492575744280271,0.5486735125100076,0.6134988764151879,0.7791417282208487,0.368723556900715,0.048048056714022264,0.542275469043179,0.31878312094571465,1.1462530668933275,1.1340332573992906,0.07945005647020816,0.9125135672746807,0.873529149598583,1.237944808449444,0.8462178055424887,0.852266014954598,0.7233170094140526,0.31866317277823736,0.3129843185743806,0.0,False,0.6945827894885052,74.4
2023,00-0034857,J.Allen,BUF,17,,,130.02,6.497,4306,363,170,4839,29,5,10,0,44,18,8,26,11,16.704,706.0,0.1842,580.0,24.0,48.0,54.0,22.73,11.0,198.0,0.1148,78.3,86.3,3.995,,,0.0,,,0.5241,0.0722,5.0236,0.6471,0.0,allen,1.4741581717950136,2.0958504481199625,0.6699655492385628,1.5235348021062627,2.3859635987798695,-2.149349737007265,1.276302316383799,1.0807525319866913,1.0293431764172105,0.6738871991109616,1.5393448441102815,1.3753371382159496,1.9332216961760877,2.290883174982301,1.756594960582474,1.1194684812529565,1.3194841210023092,1.0809303301253668,0.3129843185743806,0.077,False,1.3515388726989834,100.0
2023,00-0035100,J.Browning,CIN,9,,,34.67,6.313,1936,123,9,2068,12,1,2,0,15,7,0,7,9,13.556,291.0,0.1192,244.0,24.0,16.0,7.0,17.76,11.0,196.0,0.0906,37.0,37.5,1.34,,,0.0,,,0.4811,0.1065,3.8663,0.5294,0.0,browning,1.0332162406366738,0.5465612146563079,0.5400922017448003,-0.4390848056353952,-0.15751297576341225,0.8328329830430534,0.1985427476206121,0.31878312094571465,0.8050025757738514,0.5791166917868973,1.5393448441102815,-0.4451022408197081,-0.17751284557828897,0.644504280315201,0.8648815740968395,-0.20879885121569416,1.0520120534539124,0.31866317277823736,0.3129843185743806,0.0,False,0.4283638839261696,64.1
2023,00-0036442,J.Burrow,CIN,10,,,1.7,5.564,2309,91,8,2408,15,0,0,0,15,6,2,8,9,13.556,407.0,0.0042,364.0,24.0,14.0,5.0,0.0,0.0,0.0,0.0,43.1,37.5,0.717,,,0.0,,,0.4693,0.0811,1.2338,0.5294,0.0,burrow,0.25308820858730335,0.010849982067983885,0.011422977435953063,-0.1982725838266028,-0.15751297576341225,0.6758759977772472,0.1985427476206121,0.31878312094571465,0.0033347553661929132,0.22431470982159846,-1.1371289332298529,-0.17622378532049465,-0.17751284557828897,0.2581788372351244,0.6201788308286879,0.7748160247231898,0.44359572422108234,0.31866317277823736,0.3129843185743806,0.0,False,0.12834655226928351,52.4
2023,00-0033949,J.Dobbs,ARI,13,,,-62.14,4.571,2464,281,145,2890,13,4,2,0,19,10,7,17,4,12.222,523.0,-0.1188,420.0,30.0,34.0,39.0,-14.52,0.0,33.0,-0.4399,52.7,50.0,-1.901,,,0.0,,,0.413,0.0956,-1.7743,0.2353,0.0,dobbs,-0.5813095996046321,-1.026450748548898,-0.6894695989841881,0.1431141541493911,0.19331137934600592,-0.7367368696150088,-0.25816985235718026,-1.586140406656727,-0.6520828545616899,-1.4983938096765796,-1.1371289332298529,0.24692919382580844,0.3631466169612542,-1.3652561707642985,-0.5473435798490158,0.21330359554548028,-0.2516282681683862,-1.5860332671180302,0.3129843185743806,0.0,False,-0.571723524644627,25.2
2023,00-0036945,J.Fields,CHI,13,,,-16.53,5.269,2562,360,305,3227,16,3,1,0,20,9,6,15,7,12.857,533.0,-0.031,372.0,44.0,43.0,74.0,4.63,7.0,209.0,0.0222,60.0,51.3,-0.126,,,0.0,,,0.4071,0.1332,0.7928,0.4118,0.0,fields,0.014301193560017729,-0.28535917080084067,-0.19679787860024184,0.3818015622363412,0.2810174681233605,-0.42282289908339643,-0.0407691769554575,-0.44318629009526206,0.21232811169994617,0.3112529438130955,0.5660816523502326,0.5687017717183096,0.41937520106536663,-0.2645697157608701,-0.6696949514830904,-1.2427562208049943,0.3416729887256681,-0.4429563489211882,0.3129843185743806,0.0,False,-0.09090447923923038,43.9
2023,00-0026158,J.Flacco,CLE,5,,,-9.62,6.85,1616,0,6,1622,13,0,0,0,13,8,3,11,11,12.774,218.0,-0.0441,205.0,8.0,0.0,5.0,-1.82,11.0,172.0,-0.0106,27.7,29.5,0.204,,,0.0,,,0.4312,0.0917,-2.8756,0.6471,0.0,flacco,-0.07456556487343231,-0.17308241565418253,0.9191247430717043,-0.7549737789492816,-0.33292515331812134,0.2050050419798285,-0.06918532822843866,1.0807525319866913,-0.07881814064405135,0.18280366115899177,1.5393448441102815,-0.8550316893676893,-0.5235349016035966,-0.059935050886993226,-0.16992070463881584,0.3643310764967263,-0.5061577661300636,1.0809303301253668,0.3129843185743806,0.0,False,0.07612266335078251,50.4
2023,00-0031345,J.Garoppolo,LV,7,,,-17.93,4.585,1205,39,8,1252,7,0,0,0,7,9,0,9,8,12.296,197.0,-0.091,169.0,14.0,8.0,6.0,-2.14,0.0,2.0,-1.0676,24.2,21.9,0.277,,,0.0,,,0.4721,0.1168,-1.9459,0.4706,0.0,garoppolo,-0.39272212750921903,-0.3081069938406846,-0.6795879312400974,-1.0170341379764969,-0.8591616859822486,0.5189190125114409,-0.23283497049934174,-0.06220158457477368,-0.09326260587662179,-3.9565527951028283,-1.1371289332298529,-1.009306213014779,-0.852255854827639,-0.014667382596711357,0.6782438885533344,-0.6076663009074466,-0.29128799925911886,-0.062146588071475245,0.3129843185743806,0.0,False,-0.563597514950284,25.5
2023,00-0033106,J.Goff,DET,17,,,67.12,6.978,4575,31,8,4614,30,0,2,0,32,12,7,19,12,19.208,648.0,0.1036,606.0,30.0,7.0,5.0,29.49,10.0,184.0,0.1603,66.8,53.3,3.596,,,0.0,,,0.4923,0.0756,1.2739,0.7059,1.5,goff,0.9273901771586722,1.0738232558298326,1.0094714195891044,1.3641737729680914,1.333490533451615,-1.0506508401466212,2.1335799403301197,1.4617372375071798,1.3344825044552606,0.8520714174268676,1.2960290461702693,0.8684351319469408,0.5058807150716935,2.0434612619984316,1.0971418049954231,0.9878034978595625,0.45286352851442957,1.4617400909750793,-2.973351026456616,0.0,False,0.9571011809411251,84.7
2023,00-0036355,J.Herbert,LAC,13,,,21.32,6.144,3134,240,4,3378,20,1,2,0,23,7,5,12,5,12.815,528.0,0.0404,457.0,29.0,31.0,11.0,-19.54,0.0,21.0,-0.9306,59.7,60.5,1.442,,,0.0,,,0.4583,0.0795,-0.3111,0.2941,0.0,herbert,0.49865894563240953,0.3296444735263678,0.42080635540542116,0.4887505195690696,0.5441357344554241,0.048048056714022264,-0.05514843422612257,-1.2051557011362388,-0.8786804028976383,-3.420042071821967,-1.1371289332298529,0.5554782411199878,0.8173005654944705,0.7077549949125811,0.3920661040532927,0.8367760169083165,0.08654258574746446,-1.2052235062683176,0.3129843185743806,0.0,False,0.07150583752678934,50.2
2023,00-0036389,J.Hurts,PHI,17,,,70.35,5.95,3858,322,293,4473,23,1,14,0,38,15,9,24,11,16.037,722.0,0.0974,539.0,36.0,48.0,99.0,1.2,7.0,175.0,0.0069,75.5,79.2,2.069,,,0.0,,,0.4765,0.1039,3.7886,0.6471,0.0,hurts,0.8853311006481845,1.126305733271758,0.28387467380873704,1.264307528041504,1.8597270661157423,-1.8354357664756524,1.0479460163949024,1.0807525319866913,0.05750149998833199,0.25133605281895566,0.5660816523502326,1.251917519298278,1.6261271214536273,1.0965608581729471,0.7694889792634915,-0.10811386391486383,1.0340542381523394,1.0809303301253668,0.3129843185743806,0.0,False,0.7276777911195977,75.7
2023,00-0036264,J.Love,GB,17,,,85.41,6.67,4159,203,56,4418,32,0,4,0,36,11,4,15,9,16.652,648.0,0.1318,579.0,30.0,24.0,15.0,37.56,12.0,185.0,0.203,74.6,85.7,1.969,,,0.0,,,0.4676,0.071,1.1351,0.5294,0.0,love,1.1186911380612135,1.3710073154003646,0.792074729219111,1.2253526098077288,1.684314888561033,-0.42282289908339643,1.2584994264296423,0.31878312094571465,1.698753862039146,1.0192904530771796,1.7826606420502937,1.2122469275033119,1.90727004197419,1.0345503536657117,0.5849250457815818,1.1659384753918016,0.4207844453244896,0.31866317277823736,0.3129843185743806,0.0,False,1.091963865408719,89.9
2023,00-0029604,K.Cousins,MIN,8,,,21.16,7.227,2331,21,11,2363,18,0,0,0,18,5,7,12,7,13.76,338.0,0.0626,309.0,17.0,3.0,9.0,0.0,0.0,0.0,0.0,39.0,47.4,0.196,,,0.0,,,0.4586,0.0858,4.2879,0.4118,0.0,cousins,0.6492575744280271,0.3270447223218142,1.185223938751859,-0.2301447896542371,0.10560529056865137,0.048048056714022264,0.26838485436384296,-0.44318629009526206,0.0033347553661929132,0.22431470982159846,-1.1371289332298529,-0.35694537016422834,0.2506894487530292,-0.06489589124757204,0.39828736023807665,0.5928085476793806,1.1494511130567846,-0.4429563489211882,0.3129843185743806,0.0,False,0.2087769380542676,55.5
2023,00-0035228,K.Murray,ARI,8,,,-5.99,5.727,1799,161,88,2048,10,0,3,0,13,5,0,5,4,12.222,330.0,-0.0182,271.0,18.0,16.0,25.0,9.48,7.0,167.0,0.0567,37.4,34.2,0.46,,,0.0,,,0.4212,0.0879,-2.2771,0.2353,0.0,murray,0.10113283538812157,-0.114100560200873,0.12647382331357962,-0.4532502304476771,-0.33292515331812134,1.146746953574666,-0.25816985235718026,-1.586140406656727,0.43125203788109157,0.4463596587998815,0.5660816523502326,-0.4274708666886122,-0.3202469436887283,0.09881184065152944,-0.377295910798266,0.5114860579364018,-0.3678340536720014,-1.5860332671180302,0.3129843185743806,0.0,False,0.018396173907784485,48.1
2023,00-0038102,K.Pickett,PIT,12,,,-40.85,5.294,2070,71,6,2147,6,0,1,0,7,4,1,5,10,11.259,371.0,-0.1101,324.0,23.0,14.0,10.0,0.0,0.0,0.0,0.0,40.3,24.1,-0.536,,,0.0,,,0.4151,0.0782,-2.1204,0.5882,0.0,pickett,-0.5222912180495928,-0.6805213538929862,-0.17915204334293755,-0.38313137762688165,-0.8591616859822486,1.146746953574666,-0.5878656797774304,0.6997678264662031,0.0033347553661929132,0.22431470982159846,-1.1371289332298529,-0.2996434042381666,-0.7570997894206792,-0.5188127842405352,-0.5037947865555303,0.8871185105587316,-0.33161797056059233,0.6994729336279499,0.3129843185743806,0.0,False,-0.2328513400083836,38.3
2023,00-0034796,L.Jackson,BAL,16,,,66.06,7.338,3678,440,390,4508,24,0,5,0,29,7,9,16,13,16.655,631.0,0.1047,457.0,37.0,66.0,71.0,51.59,11.0,164.0,0.3146,74.2,53.7,1.885,,,0.0,,,0.5024,0.0935,3.4752,0.7647,0.0,jackson,0.934852271378275,1.056599904099665,1.2635714472942916,1.2890970214629973,1.0703722671195512,-0.5797798843492027,1.25952651623469,1.842721943027668,2.3320533845796554,1.456331305034435,1.5393448441102815,1.1946155533722163,0.5231818178729591,0.982461529879634,1.3065907632164664,0.29462608528845907,0.9616220719295213,1.8425498518247927,0.3129843185743806,0.474,True,1.047973195508941,88.2
2023,00-0036972,M.Jones,NE,11,,,-73.99,4.492,2120,85,17,2222,10,0,0,0,10,12,5,17,4,8.429,391.0,-0.1892,346.0,22.0,12.0,11.0,0.0,0.0,0.0,0.0,45.7,33.3,-1.751,,,0.0,,,0.4322,0.0997,-2.8928,0.2353,0.0,jones,-1.0588836296592035,-1.2189948221361484,-0.7452304383972707,-0.33001103458082454,-0.5960434196501849,-0.7367368696150088,-1.5567537292055809,-1.586140406656727,0.0033347553661929132,0.22431470982159846,-1.1371289332298529,-0.06161985346837086,-0.35917442499157565,-1.2722404140034451,-0.14918318402287198,0.054531115571093754,-0.5101329839316988,-1.5860332671180302,0.3129843185743806,0.0,False,-0.6394192013399593,22.5
2023,00-0026498,M.Stafford,LA,15,,,52.26,6.797,3965,73,2,4040,24,0,0,0,24,11,2,13,10,14.963,567.0,0.0922,521.0,30.0,14.0,2.0,20.42,8.0,154.0,0.1326,64.6,53.3,1.603,,,0.0,,,0.4586,0.0758,-2.5568,0.5882,0.5,stafford,0.8500557461555174,0.832371362706918,0.8817155723262186,0.9576260808556006,0.6318418232327786,-0.10890892855178397,0.680247866187894,0.6997678264662031,0.925072193019593,0.7435944317708105,0.8093974502902448,0.7714625742259129,0.5058807150716935,0.8075919071692301,0.39828736023807665,0.9800584988364215,-0.43247756641138324,0.6994729336279499,-0.7824607964359516,0.0,False,0.6726045967165357,73.6
2023,00-0033869,M.Trubisky,PIT,5,,,-18.89,3.904,632,50,6,688,4,0,2,0,6,5,1,6,10,11.259,128.0,-0.1476,107.0,7.0,8.0,6.0,-13.98,4.0,73.0,-0.1916,12.9,20.7,-0.979,,,0.0,,,0.4609,0.1016,-2.2354,0.5882,0.0,trubisky,-0.7766807937178658,-0.3237055010680061,-1.1602604836490762,-1.4164991176828468,-0.9468677747596032,0.9897899683088597,-0.5878656797774304,0.6997678264662031,-0.6277078194817274,-0.5260170754383491,-0.16386574146980407,-1.5073925322182398,-0.9041591632314351,-0.793519319207588,0.4459836576547495,-0.019046375148743997,-0.3581964616761765,0.6994729336279499,0.3129843185743806,0.0,False,-0.48316301037076165,28.6
2023,00-0033319,N.Mullens,MIN,5,,,12.54,6.17,1306,20,5,1331,7,0,0,0,7,8,0,8,7,13.76,169.0,0.0742,147.0,12.0,5.0,5.0,12.54,7.0,169.0,0.0742,22.0,18.4,0.616,,,0.0,,,0.4379,0.1183,5.6518,0.4118,0.0,mullens,0.7279487498347462,0.18698312617648954,0.43915802407301785,-0.9610807099679834,-0.8591616859822486,0.6758759977772472,0.26838485436384296,-0.44318629009526206,0.5693772366675461,0.5148920504598453,0.5660816523502326,-1.1062787707358066,-1.003640504338711,0.19554822768281666,-0.030979316511984708,-0.6657537935810027,1.4646720176876136,-0.4429563489211882,0.3129843185743806,0.0,False,-0.006721357659243525,47.1
2023,00-0033873,P.Mahomes,KC,16,,,62.88,6.281,4183,408,5,4596,27,0,0,0,27,14,8,22,11,14.84,675.0,0.0932,595.0,27.0,50.0,3.0,-10.33,5.0,176.0,-0.0587,80.1,67.5,1.112,,,0.0,,,0.483,0.0741,2.7465,0.6471,0.0,mahomes,0.856839468173338,1.0049298489091625,0.5175055326154504,1.3514248906370376,0.8949600895648423,-1.5215217959440401,0.6381371841809463,1.0807525319866913,-0.462950637922721,-0.005562512489251864,0.07945005647020816,1.4546783218058814,1.1200698645166147,0.5031203300387044,0.9042828632671341,1.0458909905331186,0.7932068851823367,1.0809303301253668,0.3129843185743806,0.012,False,0.5986468622436799,70.7
2023,00-0033275,P.Walker,CLE,5,,,-38.17,3.132,674,17,17,708,1,0,0,0,1,5,2,7,11,12.774,130.0,-0.2936,110.0,11.0,4.0,5.0,0.0,0.0,0.0,0.0,12.1,2.3,-1.195,,,0.0,,,0.3385,0.1385,-12.9702,0.6471,0.0,walker,-1.7671042083196755,-0.6369755212167136,-1.705163876394644,-1.4023336928705648,-1.3853982186463758,0.8328329830430534,-0.06918532822843866,1.0807525319866913,0.0033347553661929132,0.22431470982159846,-1.1371289332298529,-1.5426552804804317,-1.700009892089643,-0.9274620089432166,-2.092288865736917,-1.447998694918226,-2.8391946045246415,1.0809303301253668,0.3129843185743806,0.0,False,-0.9282781710384145,11.3
2023,00-0029701,R.Tannehill,TEN,9,,,-18.87,4.427,1616,66,35,1717,4,0,1,0,5,7,0,7,6,10.517,273.0,-0.0691,228.0,32.0,8.0,5.0,-0.76,2.0,86.0,-0.0089,32.8,15.6,0.465,,,0.0,,,0.4029,0.1429,1.0427,0.3529,0.0,tannehill,-0.2441586153189476,-0.3233805321674369,-0.7911096100662631,-0.6876880110909426,-1.0345738635369577,0.8328329830430534,-0.8418992248925148,-0.8241709956157504,-0.03097084956116183,0.18946109349167398,-0.6504973373498285,-0.6302316691962159,-1.1247482239475686,0.1019123658768912,-0.7567925380700602,-1.6183886734273236,0.3994292055064028,-0.8244137454186047,0.3129843185743806,0.0,False,-0.4715395491484509,29.1
2023,00-0029263,R.Wilson,DEN,15,,,-10.85,6.053,3070,265,94,3429,26,0,3,0,29,8,10,18,8,13.222,557.0,-0.0195,446.0,45.0,36.0,30.0,-4.91,6.0,125.0,-0.0393,66.9,78.4,-0.202,,,0.0,,,0.4506,0.1131,4.853,0.4706,0.0,wilson,0.09231399676495478,-0.19306800303918825,0.35657551506883206,0.5248723528403885,1.0703722671195512,-0.8936938548808151,0.08419341599198954,-0.06220158457477368,-0.21829750804605946,0.07041053883665097,0.3227658544102204,0.8728429754797151,1.5915249158510967,-0.31169769918636897,0.23238719531051652,-0.46438381897934156,1.280055507225625,-0.062146588071475245,0.3129843185743806,0.0,False,0.16916189901888765,54.0
2023,00-0037077,S.Howell,WAS,17,,,-95.18,4.377,3946,239,31,4216,21,3,2,0,26,21,5,26,4,11.75,725.0,-0.1313,614.0,65.0,32.0,14.0,-54.33,3.0,117.0,-0.4644,76.5,59.1,-1.053,,,0.0,,,0.4166,0.1297,-0.4272,0.2353,0.0,howell,-0.6661061248273898,-1.5632993722892146,-0.8264012805808723,1.0822818192036814,0.8072540007874878,-2.149349737007265,-0.4197653150179882,-1.586140406656727,-2.4490646074011537,-1.594339158000529,-0.4071815394098163,1.295995954626018,0.7567467056900418,-0.8394070925429422,-0.47268850563161285,-1.1072187379000298,0.05970986558642682,-1.5860332671180302,0.3129843185743806,0.0,False,-0.6637904967732671,21.6
2023,00-0038416,T.Bagent,CHI,5,,,-20.54,4.121,859,94,24,977,3,0,2,0,5,6,3,9,7,12.857,170.0,-0.1208,144.0,5.0,11.0,10.0,0.0,0.0,0.0,0.0,18.2,12.8,-0.238,,,0.0,,,0.4882,0.0824,-2.4326,0.4118,0.0,bagent,-0.5948770436402734,-0.350515435364965,-1.0070946336156714,-1.2118087291453732,-1.0345738635369577,0.5189190125114409,-0.0407691769554575,-0.44318629009526206,0.0033347553661929132,0.22431470982159846,-1.1371289332298529,-1.2737768249812182,-1.2458559435564265,-0.3340214808089737,1.012117970470049,0.7244735310727746,-0.40377279600655225,-0.4429563489211882,0.3129843185743806,0.0,False,-0.36017759688142376,33.4
2023,00-0038476,T.DeVito,NYG,9,,,-52.55,4.326,1101,123,75,1299,8,0,1,0,9,3,1,4,6,8.312,248.0,-0.2119,178.0,37.0,22.0,11.0,-13.27,1.0,96.0,-0.1382,27.0,33.3,-1.019,,,0.0,,,0.3387,0.1774,-2.9027,0.3529,0.0,devito,-1.2128741194637314,-0.8706281607259674,-0.8623987845057739,-0.9837453896676345,-0.6837495084275396,1.303703938840472,-1.5968102316024342,-0.8241709956157504,-0.5956591622469617,-0.3168953774588021,-0.8938131352898407,-0.8858865940971071,-0.35917442499157565,-0.8183235210104822,-2.0881413616137285,-2.954401004919115,-0.5124210453407796,-0.8244137454186047,0.3129843185743806,0.0,False,-0.8813959986356045,13.1
2023,00-0031800,T.Heinicke,ATL,5,,,8.67,5.373,890,125,0,1015,5,1,0,0,6,4,0,4,7,11.889,156.0,0.0555,134.0,8.0,13.0,1.0,6.31,3.0,70.0,0.0902,17.9,18.8,-0.103,,,0.0,,,0.4359,0.0769,-9.087,0.4118,0.0,heinicke,0.6010931481015008,0.1241016439163496,-0.1233912039298544,-1.1848944220020374,-0.9468677747596032,1.303703938840472,-0.37217682071745384,-0.44318629009526206,0.28816155417094086,0.5775502371203838,-0.4071815394098163,-1.2870003555795404,-0.9863394015374456,-0.2503072997242059,-0.07245435774387474,0.9374610042091474,-1.9417198506112794,-0.4429563489211882,0.3129843185743806,0.0,False,-0.0806715394269685,44.3
2023,00-0036971,T.Lawrence,JAX,16,,,-10.67,5.95,4016,328,24,4368,21,1,3,0,25,14,12,26,9,12.567,660.0,-0.0162,567.0,35.0,41.0,17.0,-27.42,7.0,188.0,-0.1458,77.0,62.5,0.486,,,0.0,,,0.4682,0.0955,0.9033,0.5294,0.0,lawrence,0.1147002794237628,-0.19014328293406546,0.28387467380873704,1.189939047777024,0.7195479120101331,-2.149349737007265,-0.14005452477671645,0.31878312094571465,-1.234375359249685,-0.3466580161225579,0.5660816523502326,1.318035172289888,0.9038060795007975,0.11493457182341062,0.5973675581511485,0.21717609505705082,0.36721145192803384,0.31866317277823736,0.3129843185743806,0.0,False,0.13549061922029437,52.7
2023,00-0032156,T.Siemian,NYJ,5,,,-59.62,3.379,724,35,5,764,2,0,0,0,2,4,3,7,7,8.375,171.0,-0.3486,153.0,8.0,6.0,4.0,-52.47,2.0,154.0,-0.3407,16.0,10.0,-1.173,,,0.0,,,0.3509,0.0877,-8.9282,0.4118,0.0,siemian,-2.140208919299809,-0.9855046670771791,-1.530823024052474,-1.3626705033961755,-1.2976921298690214,0.8328329830430534,-1.5752413456964363,-0.44318629009526206,-2.365106153236838,-1.1099130523812415,-0.6504973373498285,-1.370749382702246,-1.3669636631652842,-0.9138196979516248,-1.8351436100991998,0.5192310569595429,-1.9050184211403685,-0.4429563489211882,0.3129843185743806,0.0,False,-1.0474254548349686,6.6
2023,00-0036212,T.Tagovailoa,MIA,17,,,77.94,7.475,4624,87,-3,4708,29,0,0,0,29,14,7,21,11,19.077,614.0,0.1269,560.0,29.0,16.0,9.0,7.58,5.0,178.0,0.0426,67.9,47.5,2.16,,,0.0,,,0.4902,0.0831,4.4996,0.6471,1.0,tagovailoa,1.0854509001738928,1.249631431037769,1.3602706245043208,1.4307512695858162,1.0703722671195512,-1.3645648106782338,2.088730352176379,1.0807525319866913,0.34548802556270475,0.39114213180528196,0.07945005647020816,0.916921410807455,0.2550147244533456,1.1529904172745313,1.053593011701939,0.697366034491782,1.1983786484408645,1.0809303301253668,-1.877905911446284,0.0,False,0.7502679210588863,76.6
2023,00-0028118,T.Taylor,NYG,10,,,1.17,6.312,1341,143,58,1542,5,0,0,0,5,3,0,3,6,8.312,227.0,0.0051,175.0,17.0,26.0,9.0,6.98,3.0,113.0,0.0618,32.1,18.5,-0.496,,,0.0,,,0.4405,0.0925,4.385,0.3529,0.0,taylor,0.25919355840334185,0.0022383062029001214,0.5393863683345086,-0.8116354781984093,-1.0345738635369577,1.4606609241062782,-1.5968102316024342,-0.8241709956157504,0.31840465325163525,0.4663319557979281,-0.4071815394098163,-0.6610865739256335,-0.9993152286383947,-0.49400858243764106,0.022938237089472104,0.3333510804041632,1.1718926042508997,-0.8244137454186047,0.3129843185743806,0.0,False,-0.10600317485644697,43.3
2023,00-0039152,W.Levis,TEN,9,,,-16.41,5.684,1808,57,10,1875,8,0,1,0,9,4,4,8,6,10.517,297.0,-0.0553,254.0,28.0,9.0,6.0,-6.4,2.0,87.0,-0.0736,35.9,28.1,-0.643,,,0.0,,,0.4108,0.1212,-0.3826,0.3529,0.0,levis,-0.1505432514730232,-0.28340935739742545,0.09612298667101549,-0.5757811550739156,-0.6837495084275396,0.6758759977772472,-0.8418992248925148,-0.8241709956157504,-0.2855545492852155,-0.06391294881687824,-0.6504973373498285,-0.49358851968022205,-0.5840887614080255,-0.5851640240632772,-0.5929661252040944,-0.7780562794165446,0.07001769779299252,-0.8244137454186047,0.3129843185743806,0.0,False,-0.36073683785913035,33.4
2023,00-0037013,Z.Wilson,NYJ,12,,,-120.33,4.3,2271,214,2,2487,8,0,0,0,8,7,8,15,7,8.375,445.0,-0.2704,367.0,46.0,25.0,7.0,-10.79,2.0,57.0,-0.1893,52.1,40.0,-2.562,,,0.0,,,0.373,0.1371,-3.1274,0.4118,0.0,wilson,-1.6097218575062369,-1.9719477647549817,-0.8807504531733705,-0.14231915581808927,-0.7714555972048941,-0.42282289908339643,-1.5752413456964363,-0.44318629009526206,-0.48371455669454094,-0.5170099611058967,-0.6504973373498285,0.22048213262916444,-0.06938095307038035,-1.7751456055571244,-1.3768444044868153,-1.3937837017562398,-0.5643531058074907,-0.4429563489211882,0.3129843185743806,0.0,False,-0.9623018836201238,10.0
2024,00-0027973,A.Dalton,CAR,6,,,-26.35,4.893,989,36,2,1027,7,0,0,0,7,6,2,8,5,12.63,175.0,-0.1506,161.0,7.0,6.0,1.0,0.0,0.0,0.0,0.0,20.5,17.1,-0.163,,,0.0,,,0.4114,0.0857,-1.142,0.2941,0.0,dalton,-1.0343644187245529,-0.7270794343727898,-0.6242223233731795,-1.2910102075541827,-0.9664766561898097,0.7134466753441128,-0.46497029977577065,-0.6790373588695612,-0.3704081570585653,-0.16379578617841414,-1.184111206818268,-1.2842148551648647,-1.231417760775801,-0.5108536445498716,-0.78862274239559,0.35241499345676275,-0.28794368659470687,-0.679145925112886,0.5314695258694914,0.0,False,-0.5780754802397926,31.6
2024,00-0038579,A.O'Connell,LV,9,,,-1.72,5.945,1612,26,17,1655,8,0,1,0,9,4,2,6,4,12.36,268.0,-0.0064,244.0,10.0,3.0,11.0,-4.13,5.0,144.0,-0.0287,30.8,28.1,-0.371,,,0.0,,,0.4478,0.0597,-3.5798,0.2353,1.0,oconnell,-0.11894245326832606,-0.3632694391169932,0.11226677288433115,-0.8403886838654188,-0.8018954864763277,1.132596597108779,-0.5528809227611333,-0.9541645646184351,-0.5227772495537719,-0.25267114256460194,-0.13007282196109765,-0.8237731343936371,-0.7248187456400573,-0.6305159239105891,-0.06975243778648355,1.3951537876557074,-0.8609215779424,-0.9541679309216587,-1.966437245717118,0.0,False,-0.2938497709051259,40.4
2024,00-0039164,A.Richardson,IND,11,,,-20.35,4.762,1814,184,324,2322,8,1,5,0,14,12,4,16,8,13.464,357.0,-0.057,263.0,14.0,21.0,59.0,-12.79,3.0,68.0,-0.1882,40.6,33.3,0.281,,,0.0,,,0.4062,0.098,-10.8596,0.4706,0.0,richardson,-0.4401654175684999,-0.6384533697550562,-0.7159334180592385,-0.3617827024953463,-0.3904425621926224,-0.9631530117145524,-0.1934241532209852,0.14634425837706075,-0.8422727316381519,-0.7465951615052623,-0.5516881759039658,-0.38568295346567316,-0.485335574848615,-0.25542070206834,-0.8913185001968906,-0.14088066687581524,-2.571957944105718,0.14638781681310786,0.5314695258694914,0.0,False,-0.48068258875775494,34.6
2024,00-0023459,A.Rodgers,NYJ,17,,,4.91,5.837,3897,103,8,4008,28,0,0,0,28,11,5,16,5,13.52,644.0,0.0076,587.0,40.0,16.0,1.0,17.91,9.0,184.0,0.0974,73.3,68.3,-0.099,,,0.0,,,0.4348,0.087,-2.584,0.2941,0.0,rodgers,-0.030066534291993352,-0.2653376377143976,0.03665762612025177,0.8480069295735326,0.7616256258017522,-0.9631530117145524,-0.17519083882402142,-0.6790373588695612,0.29034982032379575,0.13782301911826494,0.7131578859246387,1.0761077522837574,1.1265703824014786,-0.4740344816696508,-0.32649183228973505,0.3002780537468157,-0.6268698164344695,-0.679145925112886,0.5314695258694914,0.0,False,0.11178751031186196,53.0
2024,00-0034855,B.Mayfield,TB,17,,,120.1,7.111,4500,368,22,4890,41,1,2,0,44,16,4,20,10,18.593,666.0,0.1803,572.0,40.0,42.0,12.0,62.08,16.0,191.0,0.325,73.1,77.2,2.57,,,0.0,,,0.518,0.0916,3.604,0.5882,0.0,mayfield,1.0662814090803392,1.4361350928383914,0.92856552405948,1.4808862032892807,2.078274983509609,-1.8014528552438849,1.4765520886009516,0.6965986698748087,1.9199243519250735,0.842632465581552,2.188811624724677,1.0671671363464519,1.536455040102217,1.0614396703195559,1.3166402925310803,0.115793497850079,0.8275510514215995,0.6964318284306534,0.5314695258694914,0.0,False,1.0842776893994799,83.1
2024,00-0039732,B.Nix,DEN,17,,,49.51,6.12,3775,361,87,4223,29,2,2,1,34,12,4,16,10,14.167,668.0,0.0741,567.0,24.0,50.0,27.0,38.87,12.0,160.0,0.2429,78.7,81.0,0.708,,,0.0,,,0.4461,0.0644,0.5609,0.5882,0.0,nix,0.39209408084558695,0.3934494426107555,0.23478159402982943,1.0022802219192082,1.2553691349421985,-0.9631530117145524,0.03546906144090224,0.6965986698748087,1.0636321880476531,0.5883932056754191,1.345580916838941,1.317504382591003,1.7114619726036555,-0.009767849726867082,-0.10332605091383153,1.2066586979351293,0.11230409877570355,0.6964318284306534,0.5314695258694914,0.0,False,0.5936522853101779,67.9
2024,00-0037834,B.Purdy,SF,15,,,104.21,7.402,3864,300,28,4192,20,2,3,0,25,12,3,15,6,16.208,543.0,0.1919,451.0,31.0,44.0,17.0,36.91,8.0,149.0,0.2478,66.8,62.5,2.061,,,0.0,,,0.512,0.0847,2.0626,0.3529,0.5,purdy,1.1399214562321578,1.2014237317090934,1.1322901695071377,0.9800361658135527,0.5147538712315292,-0.7535780508322193,0.7000082522302512,-0.40391015312068723,0.991321432287216,0.6035670470096463,0.5023502089532046,0.7855377343213323,0.8594545380571775,0.7686122655378,1.1981451873757327,0.39252033169518374,0.46526205243754243,-0.4041239193041129,-0.7174838599238134,0.0,False,0.6698750169427722,70.2
2024,00-0039150,B.Young,CAR,14,,,-13.37,5.101,2403,257,-2,2658,15,6,0,0,21,9,3,12,5,12.63,452.0,-0.0296,385.0,29.0,37.0,1.0,19.67,13.0,184.0,0.1069,53.1,51.2,0.44,,,0.0,,,0.4049,0.0929,0.6654,0.2941,0.0,young,-0.2662225475719631,-0.5353517145830927,-0.4786047073831013,-0.12068583631791845,0.18559153180456492,-0.12485316818521983,-0.46497029977577065,-0.6790373588695612,0.35528192753724946,0.167241691092787,1.556388593810375,0.17310554261591352,0.3390391861450046,-0.16394809428779153,-0.9169924396472163,0.06365655814013194,0.13686566643746167,-0.679145925112886,0.5314695258694914,0.0,False,-0.07416906310839137,47.2
2024,00-0033662,C.Rush,DAL,11,,,-44.91,5.495,1844,12,15,1871,12,0,0,0,12,5,6,11,7,12.963,339.0,-0.1325,308.0,13.0,4.0,14.0,-2.82,7.0,134.0,-0.021,32.6,38.7,-0.561,,,0.0,,,0.4071,0.0796,-8.0643,0.4118,0.5,rush,-0.9194605520480085,-1.001229394256979,-0.20277133863266483,-0.6853978413227866,-0.5550237319061045,0.08472179269711332,-0.3565471980938244,-0.12878294737181323,-0.4744471015710308,-0.2288265347536735,0.2915425319817705,-0.7433075909578886,-0.23664151287288598,-0.7398228137112445,-0.8735442344235883,0.5970575567111304,-1.9149536370730624,-0.12863418899566517,-0.7174838599238134,0.0,False,-0.45683970182076744,35.3
2024,00-0039163,C.Stroud,HOU,17,,,-15.49,5.453,3727,253,-10,3970,20,0,0,0,20,12,4,16,10,13.286,623.0,-0.0249,531.0,52.0,37.0,3.0,-18.85,5.0,119.0,-0.1584,70.8,57.1,0.412,,,0.0,,,0.4205,0.1108,-1.6823,0.5882,0.0,stroud,-0.23638563191562284,-0.5666662574146919,-0.23217489570758432,0.8207400220891807,0.10330094694782387,-0.9631530117145524,-0.25138004541133535,0.6965986698748087,-1.0658457826117482,-0.6543134325746561,-0.13007282196109765,0.96435005306744,0.6107604760814489,-0.18005647804788813,-0.6089051662433134,-0.6542289963276032,-0.41493521776837106,0.6964318284306534,0.5314695258694914,0.0,False,-0.19287859868584206,43.5
2024,00-0039918,C.Williams,CHI,17,,,-41.69,5.039,3541,391,104,4036,20,0,0,0,20,6,7,13,5,11.923,711.0,-0.0586,568.0,68.0,50.0,25.0,-16.92,6.0,192.0,-0.0881,82.2,60.6,-1.56,,,0.0,,,0.4065,0.1139,-0.1022,0.2941,0.0,williams,-0.4503226654515094,-0.9536667395787952,-0.5220099583032209,0.8680983350883184,0.10330094694782387,-0.334428129067553,-0.6951658940374417,-0.6790373588695612,-0.9946418241333587,-0.43661525996319267,0.08073485501033643,1.4739651614938474,0.7719510718064583,-1.3145469342946905,-0.8853937449391239,-0.7785555448667084,-0.04355021238708883,-0.679145925112886,0.5314695258694914,0.0,False,-0.3949650932226058,37.3
2024,00-0031280,D.Carr,NO,10,,,41.21,7.49,2145,50,23,2218,15,0,1,0,16,5,1,6,5,12.071,305.0,0.1351,282.0,8.0,8.0,7.0,4.4,1.0,34.0,0.1295,40.3,41.0,1.005,,,0.0,,,0.4393,0.0459,3.2764,0.2941,0.0,carr,0.7793391563853223,0.27085005322289074,1.193897622426017,-0.43640792297883585,-0.22586139247914033,1.132596597108779,-0.6469778488454654,-0.6790373588695612,-0.20807788902493105,0.23722716336901856,-0.973303529846834,-0.39909387737163143,-0.13071626425359426,0.16109607801415737,-0.23762050342322455,1.9486074553459167,0.7505522995939252,-0.679145925112886,0.5314695258694914,0.0,False,0.2698591112088255,57.8
2024,00-0035710,D.Jones,NYG,10,,,-20.67,4.698,2070,80,194,2344,8,0,2,0,10,7,2,9,3,10.111,431.0,-0.048,342.0,29.0,15.0,45.0,0.0,0.0,0.0,0.0,46.2,30.3,-0.351,,,0.0,,,0.4524,0.0951,1.4571,0.1765,0.0,jones,-0.3830308982265718,-0.6431800932013352,-0.7607388383638772,-0.3459965981623004,-0.7196049016195866,0.5038717144617796,-1.2851438527392058,-1.2292917703673092,-0.3704081570585653,-0.16379578617841414,-1.184111206818268,-0.13534570722112227,-0.6234989426129086,-0.6190099355105201,0.021093809499283644,-0.024575185984394482,0.3229459833543411,-1.2291899367304318,0.5314695258694914,0.0,False,-0.43919008322689834,35.9
2024,00-0035704,D.Lock,NYG,7,,,-26.52,4.549,1071,134,4,1209,6,2,0,0,8,5,2,7,3,10.111,207.0,-0.1281,181.0,12.0,10.0,4.0,-5.37,7.0,154.0,-0.0349,23.8,24.2,-0.952,,,0.0,,,0.43,0.0918,-6.0963,0.1765,0.0,lock,-0.8915281203697324,-0.7295905062036255,-0.865051457510616,-1.160416071708076,-0.8841860713330687,0.9230216362264458,-1.2851438527392058,-1.2292917703673092,-0.5685248705450688,-0.271870696905869,0.2915425319817705,-1.1366946921993257,-0.9044311237336392,-0.9647648869325932,-0.4212879164140134,0.10777243020239458,-1.4523970326870346,-1.2291899367304318,0.5314695258694914,0.0,False,-0.5900586840421566,31.2
2024,00-0039851,D.Maye,NE,13,,,-10.07,5.072,2276,407,16,2699,15,2,0,0,17,10,7,17,4,11.115,426.0,-0.0236,340.0,34.0,45.0,7.0,-16.32,5.0,107.0,-0.1525,55.8,54.8,0.0,,,0.0,,,0.4765,0.1197,2.8359,0.2353,0.0,maye,-0.22813286801067764,-0.4866073790433392,-0.49890716345864095,-0.0912662782426966,-0.1435708076223993,-1.1727279725968855,-0.9582465731936368,-0.9541645646184351,-0.9725058784924084,-0.6360428889273213,-0.13007282196109765,0.29380385776953605,0.5048352274621568,-0.4170798390893093,0.4970491485399276,-1.0111665066495499,0.6470176531345525,-0.9541679309216587,0.5314695258694914,0.0,False,-0.36232492921119563,38.3
2024,00-0033077,D.Prescott,DAL,8,,,-14.77,5.622,1978,45,11,2034,11,0,1,0,12,8,3,11,7,12.963,318.0,-0.0464,286.0,21.0,6.0,5.0,0.0,0.0,0.0,0.0,35.4,38.7,1.233,,,0.0,,,0.4214,0.1006,-0.8513,0.4118,0.5,prescott,-0.37287365034356235,-0.5560311296605638,-0.11386058271564616,-0.5684371592188558,-0.5550237319061045,0.08472179269711332,-0.3565471980938244,-0.12878294737181323,-0.3704081570585653,-0.16379578617841414,-1.184111206818268,-0.6181389678356133,-0.23664151287288598,0.292264345774944,-0.591130900470011,-0.2451545462957094,-0.21961787109927067,-0.12863418899566517,-0.7174838599238134,0.0,False,-0.3294796633300251,39.3
2024,00-0038122,D.Ridder,LV,5,,,-20.51,3.66,458,35,1,494,2,0,0,0,2,2,2,4,4,12.36,103.0,-0.1991,84.0,10.0,6.0,3.0,-4.2,1.0,69.0,-0.0608,9.2,6.2,-0.441,,,0.0,,,0.3883,0.1456,-3.1811,0.2353,1.0,ridder,-1.3422559951782769,-0.6408167314781957,-1.487426748929748,-1.6734644625320667,-1.377929580473515,1.5517465188734452,-0.5528809227611333,-0.9541645646184351,-0.525359776545216,-0.3520752868153555,-0.973303529846834,-1.7893596556226192,-1.7334113303194014,-0.6707868833108306,-1.2448288972436772,-2.0498947670246532,-0.7672115585477304,-0.9541679309216587,-1.966437245717118,0.0,False,-1.0420515558052952,17.2
2024,00-0038583,D.Thompson-Robinson,CLE,6,,,-65.15,0.976,440,39,85,564,0,0,0,0,0,6,1,7,3,9.214,146.0,-0.4462,118.0,8.0,6.0,14.0,-49.42,0.0,118.0,-0.4188,10.7,0.0,-1.058,,,0.0,,,0.3151,0.1233,-11.6683,0.1765,0.0,thompsonrobinson,-2.910915965110549,-1.3001946522341337,-3.366454062955563,-1.6232359487451027,-1.542510750186997,0.9230216362264458,-1.577202477990576,-1.2292917703673092,-2.1936722130181567,-1.4606947149078722,-1.184111206818268,-1.7223050360928287,-2.018948957032275,-1.0257466254529588,-2.6904691801389133,-1.1555457243078657,-2.7620339227474764,-1.2291899367304318,0.5314695258694914,0.0,False,-1.5980958362396167,0.0
2024,00-0033537,D.Watson,CLE,7,,,-63.39,3.688,1148,132,17,1297,5,0,1,0,6,3,3,6,3,9.214,280.0,-0.2264,217.0,33.0,21.0,9.0,0.0,0.0,0.0,0.0,24.6,20.0,-1.199,,,0.0,,,0.3464,0.1429,-2.2257,0.1765,0.0,watson,-1.5155640371821255,-1.2741976732795985,-1.467824377546468,-1.0972716543758925,-1.0487672410465507,1.132596597108779,-1.577202477990576,-1.2292917703673092,-0.3704081570585653,-0.16379578617841414,-1.184111206818268,-1.1009322284501042,-1.0978598386036504,-1.1068638436734453,-2.072319714911852,-1.9416103537809162,-0.5426553696095132,-1.2291899367304318,0.5314695258694914,0.0,False,-1.0412087326858828,17.2
2024,00-0035289,G.Minshew II,LV,10,,,-53.24,4.742,2013,60,2,2075,9,0,0,0,9,10,4,14,4,12.36,348.0,-0.153,304.0,29.0,11.0,4.0,0.0,0.0,0.0,0.0,38.6,28.1,-1.364,,,0.0,,,0.4454,0.1236,0.5195,0.2353,1.0,ii,-1.0496002905490671,-1.1242719139679325,-0.7299351119044379,-0.539017601143634,-0.8018954864763277,-0.5440030899498861,-0.5528809227611333,-0.9541645646184351,-0.3704081570585653,-0.16379578617841414,-1.184111206818268,-0.475089112838727,-0.7248187456400573,-1.2017882479740145,-0.11715047984862162,-1.1675773257793918,0.10257348728099747,-0.9541679309216587,-1.966437245717118,0.0,False,-0.8320717216439976,23.7
2024,00-0030565,G.Smith,SEA,17,,,10.39,5.925,4320,256,35,4611,21,2,0,0,23,15,3,18,10,12.931,668.0,0.0156,579.0,50.0,24.0,15.0,7.3,8.0,159.0,0.0459,80.0,59.0,1.255,,,0.0,,,0.4701,0.1033,5.6395,0.5882,0.0,smith,0.020719705123053902,-0.18439249869686758,0.09826507903913101,1.2806896983383809,0.350172701518047,-1.3823029334792187,-0.36696623489208957,0.6965986698748087,-0.10108748509367217,-0.021657150006775844,0.5023502089532046,1.375618386183488,0.6982639423321682,0.30492093301501977,0.37065436970755794,-0.3534389595394463,1.3059727832446486,0.6964318284306534,0.5314695258694914,0.0,False,0.18068114181207695,55.1
2024,00-0034857,J.Allen,BUF,16,,,188.71,7.964,3731,391,148,4270,28,3,9,0,40,6,2,8,13,21.875,591.0,0.3193,483.0,14.0,44.0,50.0,66.88,14.0,159.0,0.4206,73.8,64.5,4.21,,,0.0,,,0.5144,0.044,0.8436,0.7647,0.0,allen,1.9486923189167853,2.4495741417421755,1.5257377665572527,1.0360050811761699,1.7491126440826448,0.7134466753441128,2.5451545502230215,1.5219802871214305,2.0970119170526744,1.1386772067146373,1.7671962707818092,1.0984592921270209,0.95156344990004,2.004930719125213,1.245543229437871,2.0248075979989166,0.1787496028711966,1.5219655703566475,0.5314695258694914,0.374,True,1.6310587693303589,100.0
2024,00-0033119,J.Brissett,NE,7,,,-32.8,3.922,826,65,-1,890,2,0,0,0,2,1,1,2,4,11.115,191.0,-0.1718,161.0,18.0,9.0,3.0,-2.18,0.0,2.0,-1.0905,18.4,6.5,-0.769,,,0.0,,,0.4084,0.1099,-2.9146,0.2353,0.0,brissett,-1.1689479531744282,-0.8223524538368532,-1.3040045595576304,-1.389314584537241,-1.377929580473515,1.9708964406381115,-0.9582465731936368,-0.9541645646184351,-0.450835426220684,-3.5407496586222393,-1.184111206818268,-1.3780913225065712,-1.7195949935429722,-0.8594850930719621,-0.8478702949732637,-0.6181341919130244,-0.7045736850371225,-0.9541679309216587,0.5314695258694914,0.0,False,-0.982491783787296,19.1
2024,00-0036442,J.Burrow,CIN,17,,,120.31,7.268,4918,205,7,5130,43,1,1,0,45,9,8,17,9,18.88,732.0,0.1644,653.0,48.0,22.0,9.0,40.13,14.0,228.0,0.176,81.4,78.9,4.881,,,0.0,,,0.5178,0.0888,6.7868,0.5294,1.0,burrow,0.9653437582429328,1.4392370051000123,1.0384788207442985,1.653098250558872,2.16056556836635,-1.1727279725968855,1.5699978248853919,0.4214714641259347,1.1101176738936485,0.38122382092852136,1.7671962707818092,1.4382026977446258,1.6147476151686502,2.3909566299475276,1.3126904556925691,0.22808844491765756,1.5756329418890034,0.42140982262188065,-1.966437245717118,0.08,False,1.1217786819424234,84.2
2024,00-0039910,J.Daniels,WAS,17,,,123.98,6.487,3568,577,325,4470,25,1,5,0,31,9,2,11,12,16.724,666.0,0.1862,481.0,47.0,72.0,66.0,28.5,10.0,173.0,0.1647,75.0,57.4,3.499,,,0.0,,,0.494,0.1006,3.5468,0.7059,0.5,daniels,1.1037362606489367,1.493446614624526,0.491712676089246,1.1795151205674959,1.0084973803719754,0.08472179269711332,0.8680152206022774,1.2468530813725567,0.6810492608865653,0.3462310847904057,0.9239655628960728,1.1521029877508533,0.6245768128578781,1.5958928315027605,0.8426598719096907,-0.2451545462957094,0.8141068249120056,1.2469435645478741,-0.7174838599238134,0.0,False,0.8251316390266848,75.0
2024,00-0036945,J.Fields,PIT,10,,,12.6,5.859,1106,113,180,1399,5,3,2,0,10,1,3,4,10,14.615,235.0,0.0536,161.0,16.0,19.0,39.0,1.37,0.0,1.0,1.3654,25.3,27.0,0.549,,,0.0,,,0.4553,0.1064,2.3884,0.5882,0.0,fields,0.26195434234452836,-0.15174856489600239,0.05205948934997173,-1.024081534286316,-0.7196049016195866,1.5517465188734452,0.18133557661661454,0.6965986698748087,-0.31986441451172914,4.064441552138686,-1.184111206818268,-1.0696400726695352,-0.7754786471536317,-0.1012404575074155,0.07836644365770067,-0.47776550807855095,0.5418377342002294,0.6964318284306534,0.5314695258694914,0.0,False,0.07234714902360681,51.7
2024,00-0026158,J.Flacco,IND,7,,,-2.78,5.854,1761,26,3,1790,12,0,0,0,12,7,4,11,8,13.464,273.0,-0.0102,249.0,18.0,3.0,3.0,3.14,3.0,85.0,0.0369,31.3,28.6,-0.528,,,0.0,,,0.4579,0.1062,1.0691,0.4706,0.0,flacco,-0.14306591699047352,-0.37892671053279287,0.04855906588867186,-0.7435194072762736,-0.5550237319061045,0.08472179269711332,-0.1934241532209852,0.14634425837706075,-0.2545633748709263,-0.049527470824744145,-0.5516881759039658,-0.8014215945503737,-0.7017915176793417,-0.7208379328511306,0.12971432255835097,-0.4697444404308671,0.23175088045709563,0.14638781681310786,0.5314695258694914,0.0,False,-0.3020100747169464,40.1
2024,00-0033106,J.Goff,DET,17,,,165.78,8.09,4629,69,3,4701,37,0,0,1,38,12,2,14,15,20.889,588.0,0.2819,537.0,31.0,14.0,6.0,75.53,15.0,213.0,0.3546,65.7,55.1,3.101,,,0.0,,,0.5425,0.0782,5.7057,0.8824,1.0,goff,1.7112666496514393,2.1108748647947366,1.613948437782011,1.3452692160644775,1.5845314743691628,-0.5440030899498861,2.224117978876476,2.0722346986191784,2.4161384667097057,0.9342948540495367,1.9780039477532432,0.7363643466661529,0.5186515642385864,1.3669236623413876,1.8004953052487476,0.6532050302449197,1.3215323600791786,2.0724773064738677,-1.966437245717118,0.046,False,1.31180652684693,90.1
2024,00-0036355,J.Herbert,LAC,17,,,81.83,7.25,3870,311,30,4211,23,1,1,0,25,3,3,6,11,14.889,593.0,0.138,504.0,41.0,31.0,17.0,57.58,10.0,194.0,0.2968,76.7,62.5,2.537,,,0.0,,,0.4637,0.0826,1.9456,0.6471,0.0,herbert,0.797749168173277,0.8708485106849473,1.025877296283619,0.9936696195557286,0.5147538712315292,1.132596597108779,0.2705485792017596,0.9717258756236826,1.7539047596179476,0.755305460351918,0.9239655628960728,1.2280982232179491,0.8594545380571775,1.042454789459442,0.2442595908751872,0.4767415419958674,0.43776249821337304,0.9719215587391015,0.5314695258694914,0.0,False,0.8524671147140281,75.9
2024,00-0036389,J.Hurts,PHI,15,,,91.76,6.935,2903,365,284,3552,18,0,14,0,32,5,5,10,14,17.808,530.0,0.1731,361.0,38.0,39.0,92.0,23.03,6.0,86.0,0.2678,57.2,59.3,2.814,,,0.0,,,0.5038,0.1057,7.5215,0.8235,1.5,hurts,1.020573793606797,1.0175246476272966,0.8053506182217216,0.5208040397613092,1.0907879652287165,0.29429675357944646,1.2209600921435093,1.7971074928703046,0.4792432231265701,0.665501093271798,0.08073485501033643,0.356388169330674,0.7120802791085974,1.2018127288003977,1.0362018769967585,-0.4496917713116566,1.7483160400812874,1.7969875761654204,-3.2153906315104224,0.0,False,0.6399020056971491,69.3
2024,00-0036264,J.Love,GB,15,,,63.38,7.464,3389,85,5,3479,25,0,1,0,26,11,2,13,11,17.037,460.0,0.1378,428.0,14.0,12.0,6.0,18.1,5.0,128.0,0.1414,55.4,49.1,1.26,,,0.0,,,0.4783,0.0587,0.6199,0.6471,0.0,love,0.7964795121879008,0.5983233619854164,1.1756954204272572,0.46842287538347516,0.5970444560882702,-0.334428129067553,0.9699264242853081,0.9717258756236826,0.29735953644343,0.2740779208949988,-0.13007282196109765,0.27592262589492533,0.2423248287099989,0.3077974301150371,0.5325976800865322,1.4352591258941285,0.1261713953502847,0.9719215587391015,0.5314695258694914,0.0,False,0.5602371296664351,66.8
2024,00-0031503,J.Winston,CLE,11,,,-13.42,5.248,2121,46,38,2205,13,1,0,0,14,12,3,15,3,9.214,350.0,-0.0383,302.0,24.0,8.0,16.0,-28.36,2.0,79.0,-0.359,41.8,46.7,-0.156,,,0.0,,,0.4429,0.1171,-1.775,0.1765,0.0,winston,-0.321452582935827,-0.5360902651215738,-0.3756922576208825,-0.445736075539272,-0.3904425621926224,-0.7535780508322193,-1.577202477990576,-1.2292917703673092,-1.4167005210208075,-1.2755119165840383,-0.7624958528753999,-0.332039257841841,0.13179413449856398,-0.5068265486098474,-0.16652344033001634,-0.9068926272296552,-0.436723326115213,-1.2291899367304318,0.5314695258694914,0.0,False,-0.5692478671151074,31.9
2024,00-0029604,K.Cousins,ATL,14,,,11.98,6.165,3508,16,9,3533,18,0,0,0,18,16,3,19,8,17.682,490.0,0.0244,450.0,28.0,3.0,9.0,-9.19,1.0,61.0,-0.1507,54.4,43.9,0.922,,,0.0,,,0.4755,0.098,0.9587,0.4706,0.0,cousins,0.0765845684796059,-0.16090659157316817,0.26628540518152893,0.5071705860191332,-0.061280222765658234,-1.5918778943615517,1.17993513475034,0.14634425837706075,-0.7094570577924512,-0.6304688247637277,-0.973303529846834,0.2312195462083984,0.00284165791855629,0.11334622615387116,0.4772999643473697,-0.14088066687581524,0.20580258313787944,0.14638781681310786,0.5314695258694914,0.0,False,-0.08319712212059419,46.9
2024,00-0035228,K.Murray,ARI,17,,,65.83,6.239,3851,357,224,4432,21,1,4,0,26,11,9,20,8,17.391,642.0,0.1025,540.0,30.0,41.0,31.0,23.79,9.0,215.0,0.1106,74.3,61.9,0.337,,,0.0,,,0.5047,0.0794,2.1179,0.4706,0.0,murray,0.5723852307690047,0.634512338370991,0.3180916724087682,1.152248213083144,0.5970444560882702,-1.8014528552438849,1.0851870188661161,0.14634425837706075,0.5072820876051068,0.17869948965128513,0.7131578859246387,1.1208108319702843,0.8318218645043187,-0.2232039345481468,1.053976142770061,0.6050786243588148,0.47825970498964987,0.14638781681310786,0.5314695258694914,0.0,False,0.40968210439825864,62.2
2024,00-0034796,L.Jackson,BAL,17,,,190.37,9.439,4172,405,522,5099,41,0,4,0,45,4,6,10,12,20.72,620.0,0.3071,471.0,23.0,45.0,81.0,55.89,13.0,123.0,0.4544,73.0,71.4,3.348,,,0.0,,,0.5274,0.0645,4.5519,0.7059,0.5,jackson,1.8712433038088383,2.4740940196197485,2.558362687640739,1.6308541944532164,2.16056556836635,0.29429675357944646,2.1690924407856382,1.2468530813725567,1.6915551793959382,1.2433457448976741,1.556388593810375,1.0626968283777996,1.2693391957579159,1.5090226190822396,1.5022826239411236,1.202648164111287,1.0503444484223698,1.2469435645478741,-0.7174838599238134,0.353,False,1.5997592815892048,99.0
2024,00-0036972,M.Jones,JAX,10,,,-1.09,4.918,1672,83,14,1769,8,0,1,0,9,8,3,11,4,12.308,302.0,-0.0036,265.0,14.0,14.0,9.0,20.47,6.0,193.0,0.1061,33.6,28.1,0.113,,,0.0,,,0.4305,0.0828,-0.4917,0.2353,0.0,jones,-0.10116726947305951,-0.3539637023321312,-0.6067202060666794,-0.758587961412363,-0.8018954864763277,0.08472179269711332,-0.5698118575583141,-0.9541645646184351,0.38479652172518286,0.16476432924230094,0.08073485501033643,-0.6986045112713617,-0.7248187456400573,-0.3520710046289195,-0.4114133243177345,0.46872047434818354,-0.13509787367182363,-0.9541679309216587,0.5314695258694914,0.0,False,-0.2806548314661684,40.8
2024,00-0039917,M.Penix,ATL,5,,,15.14,6.294,775,14,0,789,3,1,0,0,4,3,0,3,8,17.682,114.0,0.1328,105.0,4.0,4.0,1.0,11.96,4.0,108.0,0.1107,12.1,9.8,0.273,,,0.0,,,0.4737,0.0614,-4.4384,0.4706,0.0,penix,0.7647381125534962,-0.1142301975411618,0.35659633048306744,-1.4617871544298608,-1.213348410760033,1.7613214797557784,1.17993513475034,0.14634425837706075,0.07083502605104043,0.1790091598825959,-0.34088049893253175,-1.6597207245316907,-1.567615289002249,-0.2600230974283676,0.4417514328007661,1.326974712650392,-1.0627259989413045,0.14638781681310786,0.5314695258694914,0.0,False,-0.02254431455573058,48.8
2024,00-0034771,M.Rudolph,TEN,8,,,-0.91,5.207,1530,93,14,1637,9,1,0,0,10,9,2,11,3,12.44,261.0,-0.0035,226.0,11.0,13.0,11.0,16.55,5.0,116.0,0.1427,31.2,26.3,0.292,,,0.0,,,0.4828,0.0843,0.2381,0.1765,0.0,rudolph,-0.10053244148037142,-0.35130492039359923,-0.40439573000354234,-0.8533045874106382,-0.7196049016195866,0.08472179269711332,-0.5268333307654705,-1.2292917703673092,0.24017501020430881,0.2781036339020387,-0.13007282196109765,-0.8058919025190264,-0.8077167662986335,-0.24909240844830205,0.6214690089530428,0.40856246699055204,0.03643353378799525,-1.2291899367304318,0.5314695258694914,0.0,False,-0.2219846799522065,42.6
2024,00-0026498,M.Stafford,LA,16,,,39.0,6.573,3762,38,21,3821,20,0,0,0,20,8,2,10,10,13.593,561.0,0.0695,518.0,28.0,3.0,12.0,26.79,3.0,117.0,0.229,65.5,54.1,1.596,,,0.0,,,0.4884,0.0677,-0.6664,0.5882,0.0,stafford,0.3628919931819348,0.2382061194220255,0.5519199596236054,0.7138250427426428,0.10330094694782387,0.29429675357944646,-0.1514224111279789,0.6965986698748087,0.6179618158098574,0.5453490435232236,-0.5516881759039658,0.7274237307288475,0.4725971083171551,0.5010980352361961,0.7320644404313668,1.0743110817483401,-0.17615917386808333,0.6964318284306534,0.5314695258694914,0.0,False,0.45009281857676936,63.4
2024,00-0033873,P.Mahomes,KC,16,,,101.42,6.019,3928,333,4,4265,26,2,0,0,28,11,1,12,15,14.808,655.0,0.1548,581.0,36.0,37.0,1.0,33.41,8.0,167.0,0.2001,77.2,68.3,4.216,,,0.0,,,0.5053,0.0733,2.5634,0.8824,0.0,mahomes,0.9044002709448762,1.1602126116618476,0.16407304011157037,1.0324173301913866,0.7616256258017522,-0.12485316818521983,0.24417539230615112,2.0722346986191784,0.862195082715007,0.45585434667441427,0.5023502089532046,1.2504497630612126,1.1265703824014786,2.0083825156452337,1.0658256532855943,0.8497211876131824,0.5829695460739871,2.0724773064738677,0.5314695258694914,0.03,False,0.9314109752242012,78.3
2024,00-0029263,R.Wilson,PIT,11,,,-2.98,6.408,2482,146,19,2647,16,1,1,0,18,5,5,10,10,14.615,400.0,-0.0075,335.0,33.0,20.0,12.0,-34.32,7.0,184.0,-0.1865,47.9,48.6,-0.396,,,0.0,,,0.425,0.1075,4.4718,0.5882,0.0,wilson,-0.12592556118789505,-0.3818809126867173,0.43640598540070696,-0.12857888848444138,-0.061280222765658234,0.29429675357944646,0.18133557661661454,0.6965986698748087,-1.636584247720912,-0.7413307675729793,0.2915425319817705,-0.05935047175402666,0.21929760074928328,-0.6448984094106752,-0.5200338373768029,-0.5218813801408142,1.0315178305304384,0.6964318284306534,0.5314695258694914,0.0,False,-0.19445468818440795,43.5
2024,00-0034869,S.Darnold,MIN,17,,,41.13,6.988,4319,222,11,4552,35,0,1,0,36,12,7,19,14,15.429,638.0,0.0645,545.0,48.0,28.0,17.0,22.24,12.0,206.0,0.108,75.5,80.0,2.936,,,0.0,,,0.4953,0.1082,3.8546,0.8235,1.0,darnold,0.3311505935475303,0.26966837236132096,0.8424551069115016,1.2383542367179396,1.4199503046556807,-1.5918778943615517,0.4463698251724844,1.7971074928703046,0.45009756136598567,0.17064806363720536,1.345580916838941,1.1744545275941167,1.6654075166822244,1.2719992580408184,0.8683338113600164,-0.549955116907709,0.8864518060248203,1.7969875761654204,-1.966437245717118,0.0,False,0.5972762602491264,68.0
2024,00-0039376,S.Rattler,NO,7,,,-71.21,4.144,1317,118,29,1464,4,0,0,0,4,5,4,9,5,12.071,267.0,-0.2667,228.0,22.0,14.0,3.0,-18.67,3.0,146.0,-0.1279,26.6,10.3,-0.956,,,0.0,,,0.382,0.1161,-9.0621,0.2941,0.0,rattler,-1.7713997182354262,-1.3897069774980444,-1.1485857578759124,-0.9774407714841352,-1.213348410760033,0.5038717144617796,-0.6469778488454654,-0.6790373588695612,-1.0592049989194632,-0.5598640120248747,-0.5516881759039658,-1.0115260690770502,-1.5445880610415335,-0.967066084612607,-1.3692487576567913,-0.8667872889912343,-2.1494754764309785,-0.679145925112886,0.5314695258694914,0.0,False,-0.9807837743487365,19.1
2024,00-0035993,T.Huntley,MIA,5,,,-21.4,4.443,829,109,27,965,3,1,1,0,5,3,3,6,8,13.269,173.0,-0.1237,134.0,15.0,15.0,9.0,-0.54,3.0,83.0,-0.0065,17.1,13.9,-0.812,,,0.0,,,0.3931,0.1214,3.105,0.4706,0.0,huntley,-0.8635956886914565,-0.6539629310631595,-0.9392604348901755,-1.3354983197654937,-1.131057825903292,1.132596597108779,-0.25691515871041354,0.14634425837706075,-0.3903305081354203,-0.18392435121361347,-0.5516881759039658,-1.4362053260990562,-1.378792019724381,-0.8842229681321103,-1.1500328131193989,-1.0793455816548654,0.710266627850142,0.14638781681310786,0.5314695258694914,0.0,False,-0.6887682451106806,28.2
2024,00-0036971,T.Lawrence,JAX,10,,,6.87,5.934,2045,105,17,2167,11,1,2,0,14,7,3,10,4,12.308,327.0,0.021,287.0,18.0,13.0,9.0,0.0,0.0,0.0,0.0,41.2,43.8,-0.214,,,0.0,,,0.4465,0.0856,-0.9684,0.2353,0.0,lawrence,0.055000416728210814,-0.23638645660593796,0.10456584126947117,-0.473002983023624,-0.3904425621926224,0.29429675357944646,-0.5698118575583141,-0.9541645646184351,-0.3704081570585653,-0.16379578617841414,-1.184111206818268,-0.35886110565375695,-0.0017637876735869,-0.5401939149700474,-0.09542637723680815,0.35642552728060495,-0.24714092921593933,-0.9541679309216587,0.5314695258694914,0.0,False,-0.21177525395155428,42.9
2024,00-0036212,T.Tagovailoa,MIA,11,,,88.47,6.599,2867,57,-3,2921,19,0,0,0,19,7,2,9,8,13.269,432.0,0.2048,400.0,21.0,7.0,4.0,16.67,4.0,126.0,0.1323,51.6,52.8,2.351,,,0.0,,,0.5301,0.0718,3.7809,0.4706,0.0,tagovailoa,1.2218142672889216,0.9689280221952391,0.5701221616223651,0.06802986548167536,0.021010362091082816,0.5038717144617796,-0.25691515871041354,0.14634425837706075,0.24460219933249888,0.2458979298457198,-0.34088049893253175,0.10605092308612313,0.41272631561929435,0.9354490973388004,1.5556054212610304,0.9098791949708139,0.8691294372528435,0.14638781681310786,0.5314695258694914,0.0,False,0.5713277177856876,67.2
2024,00-0039152,W.Levis,TEN,12,,,-79.05,4.587,2091,139,46,2276,13,0,0,0,13,12,6,18,3,12.44,386.0,-0.2048,303.0,41.0,20.0,22.0,-33.21,1.0,73.0,-0.455,43.4,34.2,-3.176,,,0.0,,,0.3731,0.1606,-0.4323,0.1765,0.0,levis,-1.3784411907614982,-1.505511701931883,-0.8384482392047367,-0.39479001155535126,-0.4727331470493635,-1.3823029334792187,-0.5268333307654705,-1.2292917703673092,-1.5956327482851542,-1.572795338642367,-0.973303529846834,-0.2605143303433979,-0.4438865645193266,-2.244230797020265,-1.5450164969705567,-2.651474840600967,-0.1211365615272453,-1.2291899367304318,0.5314695258694914,0.0,False,-1.240556790821287,11.1
