season,player_id,player_name,team,position,total_epa,epa_per_play,total_tds,total_yards,turnovers,pct_team_yards,pct_team_tds,team_wins,pts_per_drive,late_epa,late_tds,any_a,late_epa_per_play,scrimmage_yards,target_share,yards_per_touch,total_touches,last_name,z_total_epa,z_epa_per_play,z_total_tds,z_total_yards,z_turnovers,z_pct_team_yards,z_pct_team_tds,z_team_wins,z_pts_per_drive,z_late_epa,z_late_tds,vote_pct,won,raw_index,mvp_index
1999,00-0003378,A.Connell,WAS,WR,84.83699798583984,1.368,7.0,1129.0,0.0,18.7,14.3,10.0,15.821,19.63599967956543,1.0,0,1.2668386890042214,1129.0,23.2,18.21,62.0,connell,0.6087064397966674,1.0189436890137653,-0.00803939688701704,-0.0488797670075923,0.597158284528552,-0.5930621930747709,-0.5547647291626701,0.9776756752657875,1.4961259032487744,0.37434780944539925,-0.5651624939133351,0.0,False,0.2680759728197385,53.6
1999,00-0005562,A.Freeman,GB,WR,100.11699676513672,1.335,6.0,1072.0,0.0,19.6,16.7,8.0,12.31,17.378999710083008,1.0,0,0.9268799845377604,1072.0,22.7,14.293,75.0,freeman,0.8980530532607411,0.9645493818002717,-0.2853985894891037,-0.22871524281756372,0.597158284528552,-0.5930432302031008,-0.5474561923054185,0.5438517421896503,0.868313408323681,0.22152159682202457,-0.5651624939133351,0.0,False,0.08741692714588406,46.3
1999,00-0011869,A.Murrell,ARI,RB,-47.16899871826172,-0.197,0.0,872.0,1.0,21.2,0.0,6.0,8.167,-6.809000015258789,0.0,0,-0.11395815925119313,872.0,13.0,3.649,239.0,murrell,-1.8909984787032716,-1.5606651227776593,-1.9495537451016238,-0.8597169123262355,-0.15200392697090417,-0.5930095184312427,-0.5983114279371274,0.11002780911351298,0.12749108805177464,-1.4162987128552122,-1.1841499872469876,0.0,False,-1.0508545396107332,0.0
1999,00-0016550,A.Toomer,NYG,WR,103.11199951171876,1.289,6.0,1187.0,0.0,22.6,22.2,7.0,10.31,28.871000289916992,1.0,0,1.4435500144958495,1187.0,23.0,14.838,80.0,toomer,0.9547673183962382,0.8887270141693415,-0.2853985894891037,0.13411071714992248,0.597158284528552,-0.592980020630867,-0.5307074620075503,0.3269397756515816,0.51068737874516,0.9996691146903592,-0.5651624939133351,0.0,False,0.07686749422371039,45.9
1999,00-0004915,B.Engram,CHI,WR,80.44300079345703,0.904,4.0,945.0,0.0,17.3,13.8,6.0,9.379,21.266000747680664,3.0,0,0.9557753145025017,945.0,21.9,10.618,89.0,engram,0.5255003986476825,0.2541267633452533,-0.8401169746932771,-0.6294013029555703,0.597158284528552,-0.5930916908751467,-0.5562873410079308,0.11002780911351298,0.3442124619763583,0.4847186083733373,0.6728124927539703,0.0,False,0.02886866951404482,43.9
1999,00-0014489,B.Schroeder,,WR,83.55999755859375,1.129,5.0,1051.0,0.0,105100.0,500.0,0.0,0.0,20.923999786376957,2.0,0,1.1310270154798354,1051.0,12300.0,14.203,74.0,schroeder,0.5845247788978152,0.6249970398008894,-0.5627577820911904,-0.29497041811597424,0.597158284528552,1.6209858145175564,0.9243004173236197,-1.1914439901148988,-1.3328748037321156,0.4615610043253475,0.053824999420317585,0.0,False,-0.1562483674946215,36.4
1999,00-0002721,C.Carter,,WR,112.97599792480467,1.299,12.0,1192.0,0.0,119200.0,1200.0,0.0,0.0,17.150999069213867,1.0,0,0.7885516813431663,1192.0,13300.0,13.701,87.0,carter,1.1415549338447741,0.9052101375673698,1.3787565661234162,0.14988575888763928,0.597158284528552,1.9180708040166567,3.055957000688666,-1.1914439901148988,-1.3328748037321156,0.20608319412336457,-0.5651624939133351,0.0,False,0.2657483798222672,53.5
1999,00-0004304,C.Dillon,CIN,RB,-1.274999976158142,-0.005,6.0,1332.0,2.0,26.8,21.4,4.0,10.481,5.797999858856201,3.0,0,0.08526470380670884,1332.0,8.7,4.897,272.0,dillon,-1.0219360326810616,-1.2441891535355167,-0.2853985894891037,0.5915869275437095,-0.9011661384703603,-0.5928915272297395,-0.5331436409599675,-0.3237961239626243,0.5412644042741234,-0.5626522488075479,0.6728124927539703,0.0,False,-0.12406264300910189,37.7
1999,00-0004916,C.Enis,CHI,RB,-40.52399826049805,-0.126,5.0,1211.0,3.0,22.2,17.2,6.0,9.379,-5.385000228881836,0.0,0,-0.06710280659042786,1211.0,10.2,3.773,321.0,enis,-1.765166768459535,-1.4436349466516587,-0.5627577820911904,0.20983091749096308,-1.6503283499698165,-0.5929884485738314,-0.5459335804601577,0.11002780911351298,0.3442124619763583,-1.3198766937718933,-1.1841499872469876,0.0,False,-0.6902420814103989,14.7
1999,00-0005779,C.Garner,SF,RB,27.676000595092773,0.096,6.0,1673.0,1.0,32.1,22.2,4.0,10.172,9.461000442504885,3.0,0,0.13094810301044824,1673.0,13.8,5.789,289.0,garner,-0.47371125251695034,-1.077709607215431,-0.2853985894891037,1.6674447740559948,-0.15200392697090417,-0.5927798569854598,-0.5307074620075503,-0.3237961239626243,0.48601118270424204,-0.3146227788892945,0.6728124927539703,0.0,False,0.012686816198257483,43.2
1999,00-0010442,C.Martin,NYJ,RB,-19.632999420166016,-0.049,5.0,1673.0,0.0,35.9,17.9,8.0,11.0,3.302000045776367,2.0,0,0.03269306976016205,1673.0,13.3,4.141,404.0,martin,-1.3695685846087557,-1.3167148964868411,-0.5627577820911904,1.6674447740559948,0.597158284528552,-0.5926997915272968,-0.5438019238767926,0.5438517421896503,0.6340683589497497,-0.7316616432689568,0.053824999420317585,0.0,False,-0.13844136789313471,37.1
1999,00-0012953,C.Pickens,,WR,53.209999084472656,0.934,6.0,737.0,0.0,73700.0,600.0,0.0,0.0,9.184000015258787,0.0,0,0.6444912291409676,737.0,10800.0,12.93,57.0,pickens,0.009808157256118886,0.30357613353933816,-0.2853985894891037,-1.2856430392445888,0.597158284528552,0.9593922918032478,1.228822786375769,-1.1914439901148988,-1.3328748037321156,-0.3333790601314186,-1.1841499872469876,0.0,False,-0.5469090812365839,20.5
1999,00-0000145,D.Alexander,KC,WR,64.88899993896484,1.159,3.0,914.0,0.0,16.8,8.3,9.0,12.188,12.145000457763672,1.0,0,0.8675000326974052,914.0,21.8,16.321,56.0,alexander,0.23096520017879107,0.6744464099949742,-1.1174761672953637,-0.7272065617294143,0.597158284528552,-0.5931022258038523,-0.573036071305799,0.7607637087277189,0.8464982205193912,-0.1328834955222927,-0.5651624939133351,0.0,False,-0.16862078020759957,35.9
1999,00-0009829,D.Levens,GB,RB,-15.20400047302246,-0.044,10.0,1583.0,4.0,29.0,27.8,8.0,12.31,2.177000045776367,6.0,0,0.025240580240885418,1583.0,15.5,4.588,345.0,levens,-1.2856997397939065,-1.308473334787827,0.824038180919243,1.3834940227770924,-2.3994905614692725,-0.5928451735434347,-0.5136542093406299,0.5438517421896503,0.868313408323681,-0.8078377582561109,2.5297749727549284,0.0,False,0.6162100125745981,67.8
1999,00-0010599,D.Mayes,,WR,86.0009994506836,1.387,10.0,829.0,0.0,82900.0,1000.0,0.0,0.0,19.56800079345703,3.0,0,1.262451664094002,829.0,10400.0,13.371,62.0,mayes,0.6307483186465594,1.0502616234700188,0.824038180919243,-0.9953822712705999,0.597158284528552,1.153234979987058,2.446912262584367,-1.1914439901148988,-1.3328748037321156,0.3697434619190066,0.6728124927539703,0.0,False,0.2982827819412222,54.9
1999,00-0014544,D.Scott,,WR,89.16200256347656,1.331,6.0,1012.0,0.0,101200.0,600.0,0.0,0.0,16.347999572753906,1.0,0,0.9759999744927705,1012.0,12100.0,15.104,67.0,scott,0.6906060162188448,0.9579561324410604,-0.2853985894891037,-0.41801574367016525,0.597158284528552,1.5388133706135498,1.228822786375769,-1.1914439901148988,-1.3328748037321156,0.15171041014384373,-0.5651624939133351,0.0,False,-0.20414200031563684,34.4
1999,00-0015523,D.Staley,PHI,RB,-24.77400016784668,-0.069,6.0,1524.0,4.0,40.9,26.1,5.0,8.242,-12.914999961853027,1.0,0,-0.14430167555143047,1524.0,14.3,4.257,358.0,staley,-1.4669201078414116,-1.3496811432828977,-0.2853985894891037,1.1973485302720344,-2.3994905614692725,-0.5925944422402404,-0.5188310896145164,-0.10688415742455565,0.14090206416096937,-1.8297488053381634,-0.5651624939133351,0.0,False,-0.491973417436566,22.7
1999,00-0005883,E.George,TEN,RB,2.3499999046325684,0.007,13.0,1650.0,4.0,32.6,31.7,13.0,12.25,9.0649995803833,2.0,0,0.10214084034234705,1650.0,12.3,4.648,355.0,george,-0.9532919539435939,-1.2244094054578827,1.6561157587255029,1.5948795820624975,-2.3994905614692725,-0.592769322056754,-0.501777836947596,1.6284115748799934,0.8575846274363252,-0.3414368297408376,0.053824999420317585,0.0,False,0.409150895083013,59.4
1999,00-0008241,E.James,IND,RB,3.8550000190734863,0.009,17.0,2055.0,3.0,36.7,42.5,13.0,14.586,5.311999797821045,6.0,0,0.05047030686765838,2055.0,15.9,4.881,421.0,james,-0.9247928229772653,-1.2211127807782771,2.7655525291338496,2.8726579628175575,-1.6503283499698165,-0.5926829356413678,-0.4688894210899639,1.6284115748799934,1.2752918299840377,-0.5955603346148174,2.5297749727549284,0.0,False,1.3085532505198185,95.9
1999,00-0009163,E.Kennison,NO,WR,68.97000122070312,1.095,4.0,850.0,0.0,17.1,17.4,3.0,7.879,18.89800071716309,2.0,0,1.1998730614071802,850.0,23.6,13.492,63.0,kennison,0.30824425742671663,0.5689544202475931,-0.8401169746932771,-0.9291270959721893,0.597158284528552,-0.593095904846629,-0.5453245357220534,-0.5407080905006929,0.07599293979246759,0.3243763482717449,0.053824999420317585,0.0,False,-0.20044923437064271,34.6
1999,00-0010650,E.McCaffrey,,WR,78.97899627685547,1.128,7.0,1001.0,0.0,100100.0,700.0,0.0,0.0,16.18600082397461,0.0,0,0.9249143327985491,1001.0,12200.0,14.3,70.0,mccaffrey,0.49777757254715166,0.6233487274610864,-0.00803939688701704,-0.4527208354931422,0.597158284528552,1.5156365274611379,1.5333451554279185,-1.1914439901148988,-1.3328748037321156,0.14074113430847768,-1.1841499872469876,0.0,False,-0.32398462435582687,29.6
1999,00-0011770,E.Moulds,BUF,WR,85.03399658203125,1.288,7.0,995.0,0.0,20.2,22.6,11.0,11.034,23.420000076293945,1.0,0,1.419393944017815,995.0,22.6,15.076,66.0,moulds,0.612436863960208,0.887078701829539,-0.00803939688701704,-0.47165088557840235,0.597158284528552,-0.593030588288654,-0.5294893725313417,1.1945876418038561,0.6401480014525847,0.6305704310744025,-0.5651624939133351,0.0,False,0.16450739270717743,49.4
1999,00-0013622,E.Rhett,BAL,RB,-33.79499816894531,-0.133,7.0,972.0,0.0,21.2,26.9,8.0,9.818,-12.800999641418455,1.0,0,-0.20079999437519144,972.0,6.6,3.812,255.0,rhett,-1.6377444161012176,-1.4551731330302784,-0.00803939688701704,-0.5442160775718996,0.597158284528552,-0.5930095184312427,-0.5163949106620992,0.5438517421896503,0.4227113754688437,-1.8220296039888335,-0.5651624939133351,0.0,False,-0.40870547812870184,26.1
1999,00-0015165,E.Smith,DAL,RB,-11.651000022888184,-0.033,13.0,1511.0,2.0,28.8,36.1,8.0,12.138,2.496999979019165,2.0,0,0.028294617325996203,1511.0,6.5,4.28,353.0,smith,-1.2184190637459738,-1.2903418990499957,1.6561157587255029,1.1563334217539707,-0.9011661384703603,-0.592849387514917,-0.4883788527093015,0.5438517421896503,0.837557569779928,-0.7861698900689242,0.053824999420317585,0.0,False,0.2620156121979317,53.4
1999,00-0014328,F.Sanders,,WR,76.33899688720703,0.966,1.0,954.0,0.0,95400.0,100.0,0.0,0.0,23.90800094604492,1.0,0,1.2105316934706287,954.0,15300.0,12.076,79.0,sanders,0.44778575684249444,0.35632212841302846,-1.672194552499537,-0.60100622782768,0.597158284528552,1.4166081976281044,-0.293789058884978,-1.1914439901148988,-1.3328748037321156,0.6636139958459415,-0.5651624939133351,0.0,False,-0.6174147640608058,17.6
1999,00-0018343,F.Wycheck,TEN,TE,37.4640007019043,0.543,2.0,637.0,0.0,12.6,4.9,13.0,12.25,19.48500061035156,2.0,0,1.1295652527740034,637.0,20.9,9.232,69.0,wycheck,-0.28836276365913716,-0.3409139913235673,-1.3948353598974503,-1.6011438739989248,0.597158284528552,-0.5931907192049798,-0.5833898318535721,1.6284115748799934,0.8575846274363252,0.3641233450370534,0.053824999420317585,0.0,False,-0.17955026554625506,35.4
1999,00-0003700,G.Crowell,DET,WR,109.9749984741211,1.279,7.0,1371.0,0.0,26.9,24.1,8.0,11.5,30.12700080871582,0.0,0,1.4012558515681777,1371.0,27.5,15.942,86.0,crowell,1.0847271133321605,0.8722438907713133,-0.00803939688701704,0.7146322530979005,0.597158284528552,-0.5928894202439984,-0.5249215369955594,0.5438517421896503,0.7234748663443799,1.0847155501960881,-1.1841499872469876,0.0,False,0.08853253670370653,46.3
1999,00-0017162,H.Ward,PIT,TE,50.49399948120117,0.814,7.0,594.0,0.0,12.4,21.9,6.0,10.931,17.183000564575195,3.0,0,1.1085806815854964,594.0,19.3,9.581,62.0,ward,-0.04162282115738424,0.1057786527629987,-0.00803939688701704,-1.7368092329432891,0.597158284528552,-0.593194933176462,-0.5316210291147067,0.11002780911351298,0.6217302609292905,0.20825008264816938,0.6728124927539703,0.0,False,0.09628246424667884,46.6
1999,00-0002099,I.Bruce,LA,WR,97.3290023803711,1.352,11.0,1054.0,0.0,17.5,21.2,0.0,0.0,18.94499969482422,1.0,0,1.05249998304579,1054.0,22.8,14.639,72.0,bruce,0.8452587601956268,0.9925706915769199,1.1013973735213296,-0.28550539307334416,0.597158284528552,-0.5930874769036645,-0.5337526856980718,-1.1914439901148988,-1.3328748037321156,0.3275587478509385,-0.5651624939133351,0.0,False,-0.05705489891229254,40.4
1999,00-0007468,I.Hilliard,NYG,WR,75.54100036621094,1.007,3.0,1012.0,0.0,19.3,11.1,7.0,10.31,13.928000450134276,1.0,0,0.742826690673828,1012.0,20.6,13.493,75.0,hilliard,0.43267465675398004,0.42390293434494425,-1.1174761672953637,-0.41801574367016525,0.597158284528552,-0.5930495511603241,-0.5645094449723389,0.3269397756515816,0.51068737874516,-0.01215281779703209,-0.5651624939133351,0.0,False,-0.24551576949565368,32.7
1999,00-0001215,J.Bettis,PIT,RB,-16.393999099731445,-0.053,7.0,1173.0,1.0,24.6,21.9,6.0,10.931,-4.984000205993652,2.0,0,-0.06410289654011128,1173.0,5.4,3.772,311.0,bettis,-1.3082339086533747,-1.3233081458460525,-0.00803939688701704,0.08994060028431547,-0.15200392697090417,-0.5929378809160444,-0.5316210291147067,0.11002780911351298,0.6217302609292905,-1.292724139235554,0.053824999420317585,0.0,False,-0.21974431964182592,33.8
1999,00-0006210,J.Graham,,WR,78.9990005493164,1.463,2.0,882.0,0.0,88200.0,200.0,0.0,0.0,30.450000762939453,1.0,0,2.255555612069589,882.0,11100.0,16.333,54.0,graham,0.49815637941585555,1.1755333612950338,-1.3948353598974503,-0.8281668288508018,0.597158284528552,1.2649052242668617,0.010733310167171406,-1.1914439901148988,-1.3328748037321156,1.1065865561105637,-0.5651624939133351,0.0,False,-0.4524758112918459,24.3
1999,00-0006331,J.Green,TB,WR,62.55199813842773,1.06,3.0,799.0,0.0,18.6,12.0,11.0,8.71,15.406999588012695,0.0,0,1.0445423449500133,799.0,23.0,13.542,59.0,green,0.18671103717708606,0.5112634883544943,-1.1174761672953637,-1.0900325216969007,0.597158284528552,-0.593064300060512,-0.5617687436508695,1.1945876418038561,0.2245865550823433,0.0879933229966821,-1.1841499872469876,0.0,False,-0.36297863287675874,28.0
1999,00-0009960,J.Linton,BUF,RB,-29.895000457763672,-0.131,5.0,892.0,3.0,18.1,16.1,11.0,11.034,-11.234000205993652,4.0,0,-0.19708772291216933,892.0,7.6,3.912,228.0,linton,-1.5638928964416083,-1.4518765083506728,-0.5627577820911904,-0.7966167453753683,-1.6503283499698165,-0.5930748349892176,-0.5492833265197313,1.1945876418038561,0.6401480014525847,-1.7159247780530773,1.2917999860876228,0.0,False,-0.08294188026991078,39.4
1999,00-0011727,J.Morton,,WR,85.56900024414062,1.083,5.0,1084.0,0.0,108400.0,500.0,0.0,0.0,28.077999114990234,2.0,0,1.4216708412653283,1084.0,13100.0,13.722,79.0,morton,0.6225678528469327,0.5491746721699592,-0.5627577820911904,-0.19085514264704342,0.597158284528552,1.6905163439747926,0.9243004173236197,-1.1914439901148988,-1.3328748037321156,0.9459733380804312,0.053824999420317585,0.0,False,-0.13385203462786743,37.3
1999,00-0013639,J.Rice,SF,WR,73.89199829101562,1.071,5.0,843.0,0.0,16.2,18.5,4.0,10.172,21.28899955749512,1.0,0,1.2341449018837751,843.0,22.8,12.217,69.0,rice,0.40144866171663296,0.5293949240923252,-0.5627577820911904,-0.9512121544049928,0.597158284528552,-0.5931148677182991,-0.5419747896624798,-0.3237961239626243,0.48601118270424204,0.4862759061342206,-0.5651624939133351,0.0,False,-0.2090431020473259,34.2
1999,00-0015218,J.Smith,,WR,138.7570037841797,1.196,6.0,1636.0,0.0,163600.0,600.0,0.0,0.0,35.04499816894531,0.0,0,1.2084482127222522,1636.0,17700.0,14.103,116.0,smith,1.6297517488350215,0.7354339665676787,-0.2853985894891037,1.5507094651968905,0.597158284528552,2.8535724730776537,1.228822786375769,-1.1914439901148988,-1.3328748037321156,1.4177234901244105,-1.1841499872469876,0.0,False,-0.09105483051567773,39.0
1999,00-0015698,J.Stewart,JAX,RB,-9.45300006866455,-0.037,13.0,1010.0,3.0,18.3,37.1,14.0,14.143,-0.4189999997615814,2.0,0,-0.0065214007744993216,1010.0,5.1,3.93,257.0,stewart,-1.1767970811571726,-1.296935148409207,1.6561157587255029,-0.42432576036525194,-1.6503283499698165,-0.5930706210177354,-0.48533362901878,1.845323541418062,1.1960776644323954,-0.9836183786788277,0.053824999420317585,0.0,False,0.3050669059928249,55.1
1999,00-0004694,K.Dyson,TEN,WR,51.26300048828125,0.932,4.0,661.0,0.0,13.1,9.8,13.0,12.25,5.015999794006348,1.0,0,0.36479998501864347,661.0,20.1,12.018,55.0,dyson,-0.027060788767004584,0.3002795088597325,-0.8401169746932771,-1.5254236736578841,0.597158284528552,-0.5931801842762742,-0.5684682357700167,1.6284115748799934,0.8575846274363252,-0.6156031171275164,-0.5651624939133351,0.0,False,-0.15267394708752416,36.5
1999,00-0008560,K.Johnson,CLE,WR,83.61000061035156,1.267,8.0,977.0,0.0,25.7,30.8,2.0,7.75,13.527999877929688,0.0,0,0.8198787804805872,977.0,28.8,14.803,66.0,johnson,0.5854716515970849,0.8524641426936793,0.26931979571506964,-0.5284410358341828,0.597158284528552,-0.5929147040728919,-0.5045185382690653,-0.7576200570387616,0.05292606088465307,-0.03923769742652914,-1.1841499872469876,0.0,False,-0.21781169421985067,33.9
1999,00-0008561,K.Johnson,NYJ,WR,112.78700256347656,1.213,8.0,1172.0,0.0,25.1,28.6,8.0,11.0,27.507999420166016,3.0,0,1.1831397600071405,1172.0,32.2,12.602,93.0,johnson,1.1379760613232135,0.763455276344327,0.26931979571506964,0.08678559193677211,0.597158284528552,-0.5929273459873388,-0.5112180303882127,0.5438517421896503,0.6340683589497497,0.9073774604843667,0.6728124927539703,0.0,False,0.4783818834689778,62.2
1999,00-0010668,K.McCardell,,WR,80.45700073242188,1.032,5.0,891.0,0.0,89100.0,500.0,0.0,0.0,17.691999435424805,1.0,0,0.9072820223294772,891.0,14800.0,11.423,78.0,mccardell,0.5257655056667793,0.46511074284001513,-0.5627577820911904,-0.7997717537229116,0.597158284528552,1.283868095937017,0.9243004173236197,-1.1914439901148988,-1.3328748037321156,0.2427154662163218,-0.5651624939133351,0.0,False,-0.36884602402144373,27.7
1999,00-0000251,M.Alstott,TB,RB,-20.239999771118164,-0.078,9.0,1179.0,5.0,27.5,36.0,11.0,8.71,-5.701000213623047,5.0,0,-0.08737165078349497,1179.0,7.8,4.517,261.0,alstott,-1.3810629242652142,-1.364515954341123,0.5466789883171563,0.10887065036957562,-3.148652772968729,-0.5928767783295517,-0.48868337507835363,1.1945876418038561,0.2245865550823433,-1.3412737170373026,1.9107874794212756,0.0,False,0.2886943780141786,54.5
1999,00-0005092,M.Faulk,LA,RB,83.16100311279297,0.274,12.0,2230.0,2.0,37.0,23.1,0.0,0.0,30.481000900268555,5.0,0,0.40106580131932307,2230.0,19.8,7.336,304.0,faulk,0.5769693010898029,-0.7843100107305279,1.3787565661234162,3.4247844236376452,-0.9011661384703603,-0.5926766146841445,-0.527966760686081,-1.1914439901148988,-1.3328748037321156,1.1086856405779406,1.9107874794212756,0.12,False,0.5623593569378533,65.6
1999,00-0007024,M.Harrison,IND,WR,136.46200561523438,1.187,12.0,1639.0,0.0,29.2,30.0,13.0,14.586,27.388999938964844,0.0,0,0.9526608674422554,1639.0,36.3,14.252,115.0,harrison,1.5862929791268519,0.7205991555094534,1.3787565661234162,1.5601744902395205,0.597158284528552,-0.5928409595719524,-0.5069547172214826,1.6284115748799934,1.2752918299840377,0.8993197554502403,-1.1841499872469876,0.0,False,0.5867362103597613,66.6
1999,00-0011795,M.Muhammad,,WR,95.38800048828124,1.004,8.0,1249.0,0.0,124900.0,800.0,0.0,0.0,12.37600040435791,4.0,0,0.5210947538677014,1249.0,15500.0,13.147,95.0,muhammad,0.8085033695496203,0.41895799732553596,0.26931979571506964,0.3297212346976107,0.597158284528552,2.038168991260974,1.837867524480068,-1.1914439901148988,-1.3328748037321156,-0.11724200352781344,1.2917999860876228,0.0,False,0.33333645877148627,56.3
1999,00-0013888,M.Robinson,,WR,122.71399688720705,1.478,9.0,1389.0,0.0,138900.0,900.0,0.0,0.0,29.25300025939941,3.0,0,1.409783145031297,1389.0,14800.0,16.735,83.0,robinson,1.3259565861214406,1.200258046392076,0.5466789883171563,0.771422403353681,0.597158284528552,2.333146995018946,2.142389893532217,-1.1914439901148988,-1.3328748037321156,1.0255351356684768,0.6728124927539703,0.0,False,0.46955798158359574,61.8
1999,00-0017470,M.Westbrook,WAS,WR,96.66200256347656,1.361,9.0,1217.0,0.0,20.2,18.4,10.0,15.821,21.121999740600582,2.0,0,1.1899718163718638,1217.0,22.2,17.141,71.0,westbrook,0.8326282527599141,1.0074055026351452,0.5466789883171563,0.22876096757622325,0.597158284528552,-0.593030588288654,-0.5422793120315319,0.9776756752657875,1.4961259032487744,0.4749679974634721,0.053824999420317585,0.0,False,0.5437296975123973,64.8
1999,00-0005816,O.Gary,DEN,RB,-6.492000102996826,-0.022,7.0,1269.0,2.0,24.2,24.1,6.0,10.467,-4.317999839782715,2.0,0,-0.05915068273674952,1269.0,5.5,4.346,292.0,gary,-1.1207267028208845,-1.2722104633121647,-0.00803939688701704,0.3928214016484779,-0.9011661384703603,-0.5929463088590088,-0.5249215369955594,0.11002780911351298,0.5387610220670739,-1.2476278543662462,0.053824999420317585,0.0,False,-0.20910785285163974,34.2
1999,00-0008300,P.Jeffers,CAR,WR,101.31600189208984,1.559,12.0,1098.0,0.0,19.0,25.5,8.0,13.581,55.1349983215332,7.0,0,3.3929229736328126,1098.0,17.8,16.892,65.0,jeffers,0.9207577718946199,1.333771345916105,1.3787565661234162,-0.1466850257814364,0.597158284528552,-0.5930558721175475,-0.5206582238288293,0.5438517421896503,1.095584750120831,2.7780596338715045,3.148762466088581,0.0,False,1.4086825164845334,100.0
1999,00-0008059,Q.Ismail,BAL,WR,86.45500183105469,1.33,6.0,1063.0,0.0,23.2,23.1,8.0,9.818,41.29399871826172,4.0,0,2.541169151893029,1063.0,27.3,16.354,65.0,ismail,0.6393454431072624,0.9563078201012577,-0.2853985894891037,-0.25711031794545397,0.597158284528552,-0.5929673787164201,-0.527966760686081,0.5438517421896503,0.4227113754688437,1.8408564540350918,1.2917999860876228,0.0,False,0.4984616670662093,63.0
1999,00-0008060,R.Ismail,DAL,WR,75.18099975585938,0.817,7.0,1200.0,0.0,22.8,19.4,8.0,12.138,10.722000122070312,2.0,0,0.4661739183508832,1200.0,26.5,13.043,92.0,ismail,0.4258575778422095,0.11072358978240719,-0.00803939688701704,0.17512582566798615,0.597158284528552,-0.5929758066593847,-0.5392340883410104,0.5438517421896503,0.837557569779928,-0.2292378396987695,0.053824999420317585,0.0,False,0.16014040882410016,49.2
1999,00-0011754,R.Moss,MIN,WR,111.81500244140624,1.347,11.0,1435.0,0.0,24.2,25.0,10.0,13.3,34.917999267578125,4.0,0,1.6827951454254517,1435.0,26.9,17.289,83.0,moss,1.1195699771559307,0.9843291298779057,1.1013973735213296,0.9165527873406754,0.597158284528552,-0.5929463088590088,-0.52218083567409,0.9776756752657875,1.0453382929650488,1.4091241275343758,1.2917999860876228,0.0,False,0.9691688166310424,82.1
1999,00-0015286,R.Smith,MIN,RB,-5.598999977111816,-0.023,2.0,1173.0,1.0,19.8,4.5,10.0,13.3,5.242000102996826,2.0,0,0.0862880675390424,1173.0,6.0,4.827,243.0,smith,-1.1038165861395985,-1.2738587756519675,-1.3948353598974503,0.08994060028431547,-0.15200392697090417,-0.5930390162316185,-0.5846079213297807,0.9776756752657875,1.0453382929650488,-0.6003001611054799,0.053824999420317585,0.0,False,-0.3156047266811441,29.9
1999,00-0015290,R.Smith,,WR,76.64800262451172,0.995,4.0,1004.0,0.0,100400.0,400.0,0.0,0.0,29.32099914550781,2.0,0,1.5231687867796264,1004.0,13400.0,13.039,77.0,smith,0.45363718163129896,0.4041231862673105,-0.8401169746932771,-0.4432558104505121,0.597158284528552,1.521957484684523,0.6197780482714702,-1.1914439901148988,-1.3328748037321156,1.0301394831948694,0.053824999420317585,0.0,False,-0.24528543888897558,32.8
1999,00-0017322,R.Watters,SEA,RB,-32.3380012512207,-0.09,7.0,1578.0,3.0,31.9,23.3,9.0,11.267,-6.602000236511231,1.0,0,-0.07315235719126018,1578.0,12.2,4.371,361.0,watters,-1.610154287982725,-1.384295702418757,-0.00803939688701704,1.3677189810393757,-1.6503283499698165,-0.592784070956942,-0.5273577159479765,0.7607637087277189,0.6818114338984821,-1.4022823226790437,-0.5651624939133351,0.0,False,-0.2529159418013929,32.4
1999,00-0017915,R.Williams,NO,RB,-53.28799819946289,-0.194,2.0,1033.0,3.0,20.8,8.7,3.0,7.879,-17.679000854492188,0.0,0,-0.2571491033380682,1033.0,7.5,3.756,275.0,williams,-2.00686967759845,-1.555720185758251,-1.3948353598974503,-0.35176056837175473,-1.6503283499698165,-0.5930179463742072,-0.5718179818295904,-0.5407080905006929,0.07599293979246759,-2.1523293207129064,-1.1841499872469876,0.0,False,-1.0479007252069352,0.1
1999,00-0004052,S.Davis,WAS,RB,54.86299896240234,0.179,17.0,1486.0,1.0,24.6,34.7,10.0,15.821,9.42300033569336,1.0,0,0.12317647497638379,1486.0,5.4,4.856,306.0,davis,0.041109855878210616,-0.9408996830117965,2.7655525291338496,1.0774582130653867,-0.15200392697090417,-0.5929378809160444,-0.4926421658760315,0.9776756752657875,1.4961259032487744,-0.31719584600573797,-0.5651624939133351,0.0,False,0.5879307511135589,66.6
1999,00-0004077,S.Dawkins,,WR,79.3010025024414,1.367,7.0,992.0,0.0,99200.0,700.0,0.0,0.0,22.6299991607666,1.0,0,1.5606895972942483,992.0,11500.0,17.103,58.0,dawkins,0.5038751784588668,1.017295376673962,-0.00803939688701704,-0.4811159106210324,0.597158284528552,1.4966736557909825,1.5333451554279185,-1.1914439901148988,-1.3328748037321156,0.5770778083355864,-0.5651624939133351,0.0,False,-0.1258480123920969,37.6
1999,00-0000232,T.Allen,NE,RB,-40.50299835205078,-0.153,9.0,1012.0,2.0,19.1,32.1,8.0,9.061,-22.57699966430664,1.0,0,-0.34207575248949457,1012.0,3.7,3.833,264.0,allen,-1.7647691079308898,-1.4881393798263352,0.5466789883171563,-0.41801574367016525,-0.9011661384703603,-0.5930537651318064,-0.5005597474713874,0.5438517421896503,0.28734992327337355,-2.483983116751458,-0.5651624939133351,0.0,False,-0.3757847916315826,27.4
1999,00-0002058,T.Brown,LV,WR,118.59700012207033,1.318,6.0,1339.0,0.0,23.8,14.3,0.0,0.0,28.18099975585937,1.0,0,1.2524888780381942,1339.0,28.3,14.878,90.0,brown,1.247995907665832,0.9365280720236238,-0.2853985894891037,0.613671985976513,0.597158284528552,-0.5929547368019734,-0.5547647291626701,-1.1914439901148988,-1.3328748037321156,0.9529477280027405,-0.5651624939133351,0.0,False,-0.23407399890598302,33.2
1999,00-0004780,T.Edwards,,WR,63.71599960327149,1.045,5.0,714.0,0.0,71400.0,500.0,0.0,0.0,16.466999053955078,2.0,0,1.079803216652792,714.0,11600.0,11.705,61.0,edwards,0.2087529160269784,0.48653880325745175,-0.5627577820911904,-1.358208231238086,0.597158284528552,0.9109316197572953,0.9243004173236197,-1.1914439901148988,-1.3328748037321156,0.1597681151779701,0.053824999420317585,0.0,False,-0.2997964222863267,30.5
1999,00-0006043,T.Glenn,,WR,81.27100372314453,1.195,4.0,1135.0,0.0,113500.0,400.0,0.0,0.0,11.454999923706056,0.0,0,0.6738235249238856,1135.0,11400.0,16.691,68.0,glenn,0.5411797090392527,0.733785654227876,-0.8401169746932771,-0.029949716922332153,0.597158284528552,1.7979726167723395,0.6197780482714702,-1.1914439901148988,-1.3328748037321156,-0.17960488220991114,-1.1841499872469876,0.0,False,-0.4843097656914459,23.0
1999,00-0006101,T.Gonzalez,,WR,75.45700073242188,0.993,11.0,849.0,0.0,84900.0,1100.0,0.0,0.0,32.62300109863281,5.0,0,1.7170000578227795,849.0,10800.0,11.171,76.0,gonzalez,0.4310840146393996,0.40082656158770485,1.1013973735213296,-0.9322821043197327,0.597158284528552,1.1953746948096253,2.751434631636516,-1.1914439901148988,-1.3328748037321156,1.2537249769451433,1.9107874794212756,0.0,False,0.5918544484595238,66.8
1999,00-0010477,T.Martin,MIA,WR,89.24299621582031,1.332,5.0,1006.0,0.0,20.1,17.9,9.0,10.867,18.03300094604492,1.0,0,1.0765970714056667,1006.0,20.7,15.015,67.0,martin,0.6921397361723766,0.9596044447808634,-0.5627577820911904,-0.4369457937554254,0.597158284528552,-0.5930326952743952,-0.5438019238767926,0.7607637087277189,0.6102862279827781,0.26580539535746944,-0.5651624939133351,0.0,False,0.0057545595244219705,43.0
1999,00-0010539,T.Mathis,ATL,WR,91.2249984741211,1.113,6.0,1016.0,0.0,21.3,19.4,5.0,10.556,18.92300033569336,2.0,0,0.9230731871069932,1016.0,31.9,12.39,82.0,mathis,0.7296715219794869,0.5986240423640441,-0.2853985894891037,-0.4053957102799918,0.597158284528552,-0.5930074114455016,-0.5392340883410104,-0.10688415742455565,0.5546753803833179,0.3260691249968976,0.053824999420317585,0.0,False,0.06274968241869201,45.3
1999,00-0017486,T.Wheatley,LV,RB,-1.1929999589920044,-0.005,11.0,1118.0,3.0,19.8,26.2,0.0,0.0,13.522000312805176,4.0,0,0.21128125488758087,1118.0,7.5,4.367,256.0,wheatley,-1.0203832559031494,-1.2441891535355167,1.1013973735213296,-0.08358485883056925,-1.6503283499698165,-0.5930390162316185,-0.5185265672454643,-1.1914439901148988,-1.3328748037321156,-0.03964394059346045,1.2917999860876228,0.0,False,-0.05031645665315865,40.7
1999,00-0004640,W.Dunn,TB,RB,-17.667999267578125,-0.07,2.0,1113.0,2.0,25.9,8.0,11.0,8.71,-4.553999900817871,1.0,0,-0.0719999984319031,1113.0,18.7,4.399,253.0,dunn,-1.3323587557455459,-1.3513294556227002,-1.3948353598974503,-0.09935990056828604,-0.9011661384703603,-0.5929104901014096,-0.5739496384129554,1.1945876418038561,0.2245865550823433,-1.2636079146208146,-0.5651624939133351,0.0,False,-0.5936799289888992,18.6
1999,00-0017109,W.Walls,,WR,83.16500091552734,1.32,12.0,822.0,0.0,82200.0,1200.0,0.0,0.0,24.707000732421875,2.0,0,1.5686984592013888,822.0,10900.0,13.048,63.0,walls,0.5770450046745478,0.9398246967032294,1.3787565661234162,-1.0174673297034034,0.597158284528552,1.1384860797991594,3.055957000688666,-1.1914439901148988,-1.3328748037321156,0.7177159510475083,0.053824999420317585,0.0,False,0.2944107232029572,54.7
2000,00-0005562,A.Freeman,GB,WR,79.25499725341797,1.258,9.0,899.0,0.0,16.7,26.5,9.0,11.387,23.67200088500977,2.0,0,1.5029841831752235,899.0,20.2,14.27,63.0,freeman,0.5106767251406781,0.9543050567702724,0.1974317902751178,-0.8597504417162217,0.639258025830402,-0.5156331962040865,-0.4574754793734705,0.7364591947446972,0.6533830198249039,0.7804579758687881,0.0,0.0,False,0.27308530394330316,43.9
2000,00-0006305,A.Green,GB,RB,22.23200035095215,0.067,13.0,1712.0,2.0,31.9,38.2,9.0,11.387,9.696999549865724,7.0,0,0.11613173113611645,1712.0,16.5,5.126,334.0,green,-0.698063172420563,-1.1169922508419443,1.1118527136546112,1.2068395865778705,-0.7671096309964823,-0.5152771114227117,-0.4166202900906003,0.7364591947446972,0.6533830198249039,-0.13321719742567287,2.296948851405713,0.0,False,0.7260351958666214,63.4
2000,00-0016550,A.Toomer,NYG,WR,113.55899810791016,1.385,8.0,1169.0,0.0,21.3,21.6,12.0,11.31,43.27000045776367,3.0,0,2.1107317296470085,1169.0,24.2,14.256,82.0,toomer,1.2378327276517733,1.1751738712679647,-0.031173440569755528,-0.17342903010563757,0.639258025830402,-0.51552543370446,-0.47458577232099736,1.4084357871845592,0.6395031029802349,2.0617605837498005,0.45938977028114264,0.0,False,0.55225682959028,55.9
2000,00-0014489,B.Schroeder,GB,WR,88.61699676513672,1.323,4.0,1010.0,0.0,18.8,11.8,9.0,11.387,29.165000915527344,1.0,0,1.7411940845090952,1010.0,19.9,15.075,67.0,schroeder,0.7091268758775638,1.0673481508045244,-0.9455943639492489,-0.5775960836096482,0.639258025830402,-0.515584000280344,-0.508806358216051,0.7364591947446972,0.6533830198249039,1.1395862245486936,-0.45938977028114264,0.0,False,0.0016419739902453906,32.2
2000,00-0002721,C.Carter,,WR,109.4250030517578,1.14,9.0,1253.0,0.0,125300.0,900.0,0.0,0.0,18.722999572753903,3.0,0,0.7801249821980792,1253.0,15800.0,13.052,96.0,carter,1.150202735681355,0.7490883629850149,0.1974317902751178,0.040093186839877504,0.639258025830402,2.4193323623761334,2.592696130762182,-1.2794705825748887,-1.3992223452432226,0.45689595800775107,0.45938977028114264,0.0,False,0.22596481877281277,41.8
2000,00-0004304,C.Dillon,CIN,RB,-14.564000129699709,-0.046,7.0,1518.0,3.0,36.6,38.9,4.0,6.379,-13.642000198364258,1.0,0,-0.1705250024795532,1518.0,6.0,4.744,320.0,dillon,-1.4780431150342634,-1.3135133220091821,-0.25977867141462885,0.7137049426798953,-1.4702934594099246,-0.5151670062600499,-0.4141759625266679,-0.38350179265507267,-0.24935235105954143,-1.659103609032489,-0.45938977028114264,0.0,False,-0.5285579285752249,9.3
2000,00-0005779,C.Garner,SF,RB,25.30500030517578,0.08,10.0,1756.0,3.0,30.5,21.7,6.0,13.379,-15.397000312805176,1.0,0,-0.19367295990949907,1756.0,16.3,5.522,318.0,garner,-0.6329235296159712,-1.094383632035094,0.42603702111999114,1.3186845573588546,-1.4702934594099246,-0.5153099087052068,-0.47423658266900703,0.06448260230483528,1.0124582711830936,-1.7738442087103694,-0.45938977028114264,0.0,False,-0.11410448268242945,27.2
2000,00-0009842,C.Lewis,,WR,54.74800109863281,0.793,3.0,735.0,0.0,73500.0,300.0,0.0,0.0,16.71500015258789,0.0,0,0.9689855160920516,735.0,11000.0,10.652,69.0,lewis,-0.00880814290889618,0.14561215329447005,-1.1741995947941222,-1.2766271509907987,0.639258025830402,1.2058329100592213,0.4975582188201195,-1.2794705825748887,-1.3992223452432226,0.3256144522535015,-0.9187795405622853,0.0,False,-0.6915851161696257,2.3
2000,00-0010442,C.Martin,NYJ,RB,-13.027999877929688,-0.034,11.0,1658.0,2.0,31.1,32.4,9.0,9.441,-1.4730000495910645,2.0,0,-0.015505263679905942,1658.0,15.5,4.363,380.0,martin,-1.4454838865153876,-1.2926438277259358,0.6546422519648645,1.0695753042557536,-0.7671096309964823,-0.5152958527269946,-0.43687328990604024,0.7364591947446972,0.3025996668414514,-0.8635034474933225,0.0,0.0,False,0.003703537971358549,32.3
2000,00-0000145,D.Alexander,KC,WR,99.4010009765625,1.325,9.0,1310.0,0.0,24.7,27.3,7.0,12.241,22.367000579833984,1.0,0,1.1929066975911458,1310.0,25.1,17.467,75.0,alexander,0.9377198445725348,1.070826399851732,0.1974317902751178,0.18498326262433415,0.639258025830402,-0.5154457831612577,-0.45468196215754775,0.28847479978478924,0.8073239157385053,0.6951380283863988,-0.45938977028114264,0.0,False,0.24228705051919808,42.5
2000,00-0001532,D.Boston,ARI,WR,92.06300354003906,1.279,6.0,1081.0,1.0,24.2,28.6,3.0,8.077,26.975000381469727,2.0,0,1.4986111323038738,1081.0,24.4,15.014,72.0,boston,0.7821732975382024,0.9908266717659537,-0.4883839022595022,-0.39711897166760574,-0.06392580258304023,-0.5154574964764345,-0.45014249668167333,-0.6074939901350266,0.056726854164457816,0.9964056215931785,0.0,0.0,False,-0.025545474093561317,31.0
2000,00-0007144,D.Hayes,,WR,81.74700164794922,1.277,3.0,909.0,0.0,90900.0,300.0,0.0,0.0,14.406999588012695,0.0,0,0.9004374742507935,909.0,11000.0,14.203,64.0,hayes,0.563500766320415,0.9873484227187459,-1.1741995947941222,-0.834331130175089,0.639258025830402,1.6134562782120065,0.4975582188201195,-1.2794705825748887,-1.3992223452432226,0.17471909523490273,-0.9187795405622853,0.0,False,-0.5276447690094125,9.4
2000,00-0017160,D.Ward,NYJ,WR,69.40599822998047,1.197,3.0,824.0,0.0,15.5,8.8,9.0,9.441,20.56800079345703,2.0,0,1.4184828133418643,824.0,19.3,14.207,58.0,ward,0.3019034456332342,0.8482184608304361,-1.1741995947941222,-1.0503952782747172,0.639258025830402,-0.5156613081605109,-0.5192820477757614,0.7364591947446972,0.3025996668414514,0.5775207629453492,0.0,0.0,False,-0.08066871975710826,28.6
2000,00-0005883,E.George,TEN,RB,-5.985000133514404,-0.014,16.0,1867.0,3.0,37.6,50.0,13.0,11.533,10.277999877929688,7.0,0,0.09301357355592478,1867.0,14.1,4.224,442.0,george,-1.2961905267828293,-1.257861337253858,1.7976684061892312,1.6008389154654281,-1.4702934594099246,-0.5151435796296963,-0.37541591115573975,1.632427984664513,0.6797007842316787,-0.0952318289310724,2.296948851405713,0.0,False,0.9285486138420412,72.1
2000,00-0008241,E.James,IND,RB,29.718000411987305,0.067,18.0,2271.0,5.0,37.3,38.3,10.0,14.3,-2.0160000324249268,4.0,0,-0.018121348606066758,2271.0,15.3,5.103,445.0,james,-0.5393793529363613,-1.1169922508419443,2.2548788678789777,2.627779101727191,-2.876661116236809,-0.5151506076188023,-0.41627110043861,0.9604513922246511,1.1784764973381605,-0.8990043817341639,0.9187795405622853,0.0,False,0.7540138690167104,64.6
2000,00-0010650,E.McCaffrey,,WR,104.68399810791016,1.047,9.0,1313.0,0.0,131300.0,900.0,0.0,0.0,18.017000198364254,2.0,0,0.7206800079345702,1313.0,14900.0,13.13,100.0,mccaffrey,1.049705705685446,0.5873497822898545,0.1974317902751178,0.19260905608667397,0.639258025830402,2.5598921444977836,2.592696130762182,-1.2794705825748887,-1.3992223452432226,0.41073824501211265,0.0,0.0,False,0.11582984756067455,37.1
2000,00-0011770,E.Moulds,BUF,WR,94.5479965209961,1.028,5.0,1299.0,0.0,25.6,17.2,8.0,9.545,18.45499992370605,0.0,0,0.8023913010306979,1299.0,31.6,14.12,92.0,moulds,0.834848714903236,0.5543064163413809,-0.7169891331043755,0.15702201992908815,0.639258025830402,-0.5154246991939395,-0.4899501170085725,0.5124669972647432,0.3213465675147704,0.43937434066300923,-0.9187795405622853,0.0,False,-0.14824414506364483,25.7
2000,00-0015165,E.Smith,DAL,RB,-16.413999557495117,-0.054,9.0,1276.0,5.0,28.1,31.0,5.0,10.889,-4.431000232696533,3.0,0,-0.058495052576851926,1276.0,3.3,4.211,303.0,smith,-1.5172583131177069,-1.3274263181980133,0.1974317902751178,0.09855760338448283,-2.876661116236809,-0.5153661326180555,-0.44176194503390503,-0.1595095951751187,0.5636142069853562,-1.0568952951997959,0.45938977028114264,0.0,False,-0.17853211742267244,24.4
2000,00-0008749,F.Jones,,WR,44.18299865722656,0.701,5.0,673.0,0.0,67300.0,500.0,0.0,0.0,1.065000057220459,0.0,0,0.06761905125209264,673.0,12000.0,10.683,63.0,jones,-0.23275884109128916,-0.014387302877086696,-0.7169891331043755,-1.4342268825458218,0.639258025830402,1.0605878018668495,1.1959375228008071,-1.2794705825748887,-1.3992223452432226,-0.6975708917961121,-0.9187795405622853,0.0,False,-0.6604762906131068,3.7
2000,00-0014328,F.Sanders,,WR,66.2239990234375,1.226,6.0,749.0,0.0,74900.0,600.0,0.0,0.0,24.066999435424805,2.0,0,1.7827406989203558,749.0,11600.0,13.87,54.0,sanders,0.23445330088662616,0.8986530720149484,-0.4883839022595022,-1.2410401148332129,0.639258025830402,1.238630192554273,1.5451271747911508,-1.2794705825748887,-1.3992223452432226,0.8062826867469141,0.0,0.0,False,-0.18902553802681124,24.0
2000,00-0016098,F.Taylor,JAX,RB,18.756000518798828,0.058,14.0,1603.0,1.0,28.1,35.9,7.0,12.233,9.527999877929688,7.0,0,0.11836024693080358,1603.0,9.9,4.978,322.0,taylor,-0.771745369240671,-1.132644371554379,1.3404579444994844,0.9297690907795236,-0.06392580258304023,-0.5153661326180555,-0.4246516520863782,0.28847479978478924,0.8058818464559424,-0.14426627004039647,2.296948851405713,0.0,False,0.7328267379174038,63.6
2000,00-0018343,F.Wycheck,,TE,45.98400115966797,0.676,4.0,610.0,0.0,61000.0,400.0,0.0,0.0,-1.0809999704360962,0.0,0,-0.06358823355506449,610.0,10700.0,8.971,68.0,wycheck,-0.19458225096867449,-0.05786541596718345,-0.9455943639492489,-1.594368545254958,0.639258025830402,0.913000030639117,0.8467478708104632,-1.2794705825748887,-1.3992223452432226,-0.8378747744317563,-0.9187795405622853,0.0,False,-0.7456401186678383,0.0
2000,00-0002099,I.Bruce,LA,WR,118.46099853515624,1.377,9.0,1445.0,0.0,20.3,14.5,0.0,0.0,17.468000411987305,0.0,0,0.81246513544127,1445.0,22.9,16.802,86.0,bruce,1.3417424450664743,1.1612608750791338,0.1974317902751178,0.5281439684296262,0.639258025830402,-0.5155488603348136,-0.49937823761231176,-1.2794705825748887,-1.3992223452432226,0.3748450480866033,-0.9187795405622853,0.0,False,-0.22536063801042477,22.4
2000,00-0007468,I.Hilliard,NYG,WR,76.375,1.317,8.0,806.0,0.0,14.7,21.6,12.0,11.31,13.095999717712402,2.0,0,0.9031723943249933,806.0,20.7,13.897,58.0,hilliard,0.4496282398948499,1.056913403662901,-0.031173440569755528,-1.0961500390487562,0.639258025830402,-0.5156800494647938,-0.47458577232099736,1.4084357871845592,0.6395031029802349,0.08900690065547448,0.0,0.0,False,0.26018853664891434,43.3
2000,00-0000210,J.Allen,CHI,RB,-29.604999542236328,-0.091,3.0,1387.0,4.0,31.5,18.8,5.0,7.448,-9.442999839782717,2.0,0,-0.11658024493558909,1387.0,11.6,4.281,324.0,allen,-1.7968733603162688,-1.3917739255713566,-1.1741995947941222,0.3807119614910563,-2.173477287823367,-0.5152864820748532,-0.48436308257672694,-0.1595095951751187,-0.05665584317705888,-1.3845760946312926,0.0,0.0,False,-0.616629931196761,5.6
2000,00-0000316,J.Anderson,ATL,RB,-31.420000076293945,-0.098,6.0,1388.0,4.0,32.7,30.0,4.0,8.69,-3.993000030517578,0.0,0,-0.04960248485115004,1388.0,11.3,4.311,322.0,anderson,-1.8353466724672045,-1.4039477972365837,-0.4883839022595022,0.38325389264516957,-2.173477287823367,-0.5152583701184289,-0.4452538415538085,-0.38350179265507267,0.1672254129408485,-1.028259168373641,-0.9187795405622853,0.0,False,-0.6670537011399292,3.4
2000,00-0001215,J.Bettis,PIT,RB,-3.927000045776367,-0.011,8.0,1389.0,0.0,31.0,27.6,9.0,10.355,-8.993000030517578,0.0,0,-0.09909641906906422,1389.0,4.5,3.826,363.0,bettis,-1.252566253237748,-1.2526439636830464,-0.031173440569755528,0.38579582379928284,0.639258025830402,-0.51529819539003,-0.4536343932015768,0.7364591947446972,0.4673560823742754,-1.3551554424358014,-0.9187795405622853,0.0,False,-0.33650841695259837,17.6
2000,00-0006210,J.Graham,,WR,75.54100036621094,1.373,4.0,907.0,0.0,90700.0,400.0,0.0,0.0,18.46500015258789,1.0,0,1.3429091020063921,907.0,11300.0,16.491,55.0,graham,0.4319496069454703,1.154304376984718,-0.9455943639492489,-0.8394149924833155,0.639258025830402,1.6087709521412847,0.8467478708104632,-1.2794705825748887,-1.3992223452432226,0.44002814817525765,-0.45938977028114264,0.0,False,-0.34306522022197616,17.3
2000,00-0006331,J.Green,TB,WR,57.4119987487793,1.063,1.0,739.0,0.0,16.9,2.9,10.0,12.516,13.755000114440918,0.0,0,1.018888897365994,739.0,24.1,13.685,54.0,green,0.047661709986580175,0.6151757746675165,-1.631410056483869,-1.2664594263743456,0.639258025830402,-0.5156285108780159,-0.5398842372431916,0.9604513922246511,0.8568950473266088,0.13209185551468194,-0.9187795405622853,0.0,False,-0.3599972878816202,16.6
2000,00-0007744,J.Horn,NO,WR,115.927001953125,1.183,8.0,1354.0,0.0,26.2,22.9,10.0,13.615,29.347999572753903,1.0,0,1.197877533581792,1354.0,31.4,13.816,98.0,horn,1.2880282782326276,0.8238707174999818,-0.031173440569755528,0.2968282334053182,0.639258025830402,-0.5154106432157273,-0.4700463068451229,0.9604513922246511,1.0549993150187025,1.151550540389842,-0.45938977028114264,0.0,False,0.3047933493329498,45.2
2000,00-0019693,J.Lewis,BAL,RB,22.59199905395508,0.063,7.0,1824.0,0.0,35.9,24.1,12.0,9.794,-7.284999847412109,2.0,0,-0.08185393086979899,1824.0,14.4,5.124,356.0,lewis,-0.6904321319802608,-1.1239487489363598,-0.25977867141462885,1.4915358758385573,0.639258025830402,-0.5151834049012973,-0.4658560310212388,1.4084357871845592,0.36623097393454423,-1.2434876632448684,0.0,0.0,False,-0.005076837762126377,31.9
2000,00-0010974,J.McKnight,,WR,68.02100372314453,1.36,2.0,888.0,0.0,88800.0,200.0,0.0,0.0,15.802000045776367,0.0,0,1.2641600036621095,888.0,10400.0,17.76,50.0,mcknight,0.27254514794188006,1.131695758177868,-1.4028048256389956,-0.8877116844114677,0.639258025830402,1.564260354469429,0.1483685668297758,-1.2794705825748887,-1.3992223452432226,0.26592318562649325,-0.9187795405622853,0.0,False,-0.5834583997711462,7.0
2000,00-0011727,J.Morton,DET,WR,55.01499938964844,0.86,3.0,790.0,0.0,17.9,11.1,9.0,9.594,13.597999572753906,0.0,0,0.8498749732971191,790.0,23.7,12.344,64.0,morton,-0.0031484704177560793,0.2621334963759297,-1.1741995947941222,-1.1368209375145686,0.639258025830402,-0.5156050842476623,-0.5112506857799834,0.7364591947446972,0.33017924187046876,0.12182727709403693,-0.9187795405622853,0.0,False,-0.38569442456957487,15.5
2000,00-0013639,J.Rice,SF,WR,68.17900085449219,0.909,7.0,797.0,0.0,13.8,15.2,6.0,13.379,19.05500030517578,2.0,0,1.0162666829427083,797.0,21.5,10.627,75.0,rice,0.2758942780601513,0.34735059803251966,-0.25977867141462885,-1.1190274194357757,0.639258025830402,-0.5157011334321121,-0.4969339100483794,0.06448260230483528,1.0124582711830936,0.4786019184906752,0.0,0.0,False,0.03851111129755108,33.8
2000,00-0015218,J.Smith,,WR,110.70500183105467,1.217,8.0,1213.0,0.0,121300.0,800.0,0.0,0.0,26.86199951171875,2.0,0,1.1807472312843406,1213.0,14500.0,13.33,91.0,smith,1.1773353957906119,0.8830009513025137,-0.031173440569755528,-0.06158405932465348,0.639258025830402,2.3256258409617003,2.243506478771838,-1.2794705825748887,-1.3992223452432226,0.989017708935703,0.0,0.0,False,0.09552221784710456,36.2
2000,00-0015698,J.Stewart,DET,RB,-17.516000747680664,-0.047,11.0,1462.0,2.0,33.1,40.7,9.0,9.594,-2.8010001182556152,2.0,0,-0.030363144913340002,1462.0,9.5,3.962,369.0,stewart,-1.5406178851867725,-1.3152524465327862,0.6546422519648645,0.5713567980495519,-0.7671096309964823,-0.5152489994662874,-0.4078905487908417,0.7364591947446972,0.33017924187046876,-0.9503271023734695,0.0,0.0,False,-0.03600314952121862,30.5
2000,00-0008561,K.Johnson,TB,WR,70.03099822998047,0.986,8.0,847.0,0.0,19.3,23.5,10.0,12.516,25.170000076293945,3.0,0,1.418028173312335,847.0,28.9,11.93,71.0,johnson,0.3151518274618488,0.4812631863500181,-0.031173440569755528,-0.991930861730112,0.639258025830402,-0.5155722869651672,-0.46795116893318084,0.9604513922246511,0.8568950473266088,0.8783960467045734,0.45938977028114264,0.0,False,0.3034492876398695,45.2
2000,00-0010668,K.McCardell,,WR,91.27999877929688,0.971,5.0,1207.0,0.0,120700.0,500.0,0.0,0.0,30.73900032043457,2.0,0,1.308042566827003,1207.0,14000.0,12.84,94.0,mccardell,0.7655756238679056,0.4551763184959599,-0.7169891331043755,-0.07683564624933313,0.639258025830402,2.3115698627495354,1.1959375228008071,-1.2794705825748887,-1.3992223452432226,1.2424931327167397,0.0,0.0,False,-0.14191755851144222,26.0
2000,00-0015242,L.Smith,MIA,RB,-13.975000381469728,-0.045,16.0,1243.0,3.0,30.4,53.3,11.0,9.788,-7.173999786376953,5.0,0,-0.09316882839450588,1243.0,8.7,4.036,308.0,smith,-1.4655578453358498,-1.3117741974855783,1.7976684061892312,0.014673875298744761,-1.4702934594099246,-0.5153122513682421,-0.36389265264005843,1.184443589704605,0.36514942197262196,-1.2362305619702554,1.3781693108434279,0.0,False,0.4798031481420836,52.8
2000,00-0019594,M.Anderson,DEN,RB,29.96299934387207,0.094,15.0,1658.0,3.0,25.5,31.2,11.0,16.724,21.55500030517578,8.0,0,0.2702821354880976,1658.0,5.9,5.197,319.0,anderson,-0.5341860099008219,-1.0700358887046395,1.5690631753443578,1.0695753042557536,-1.4702934594099246,-0.5154270418569749,-0.44106356572992433,1.184443589704605,1.6154234899547528,0.6420500555217553,2.7563386216868557,0.0,False,1.086509382690537,78.9
2000,00-0005092,M.Faulk,LA,RB,104.84400177001952,0.316,26.0,2145.0,0.0,30.2,41.9,0.0,0.0,33.97800064086914,11.0,0,0.4093735016972186,2145.0,19.1,6.461,332.0,faulk,1.053097369060808,-0.683950244464579,4.083720714637964,2.3074957763089183,0.639258025830402,-0.5153169366943129,-0.40370027296695754,-1.2794705825748887,-1.3992223452432226,1.4542565600039805,4.134507932530283,0.68,True,1.5774218177574064,100.0
2000,00-0007024,M.Harrison,,WR,117.54000091552734,1.164,14.0,1408.0,0.0,140800.0,1400.0,0.0,0.0,27.11400032043457,4.0,0,1.073821794868696,1408.0,16800.0,13.941,101.0,harrison,1.3222196800615322,0.790827351551508,1.3404579444994844,0.43409251572743507,0.639258025830402,2.7824451328570627,4.338644390713901,-1.2794705825748887,-1.3992223452432226,1.0054933340216736,0.9187795405622853,0.0,False,0.6980939489530722,62.1
2000,00-0011795,M.Muhammad,CAR,WR,95.24199676513672,0.916,6.0,1195.0,0.0,24.5,23.1,7.0,11.481,25.05699920654297,1.0,0,0.9637307387131911,1195.0,28.7,11.49,104.0,muhammad,0.8495597232608788,0.3595244696977468,-0.4883839022595022,-0.10733882009869242,0.639258025830402,-0.5154504684873285,-0.46934792754114224,0.28847479978478924,0.6703273338950192,0.8710081340470979,-0.45938977028114264,0.0,False,-0.009725079954760033,31.7
2000,00-0013013,M.Pittman,ARI,RB,-12.206000328063965,-0.048,6.0,1275.0,1.0,28.5,28.6,3.0,8.077,-21.733999252319336,0.0,0,-0.34498411511617993,1275.0,16.8,5.06,252.0,pittman,-1.428059624276075,-1.31699157105639,-0.4883839022595022,0.09601567223036955,-0.06392580258304023,-0.5153567619659141,-0.45014249668167333,-0.6074939901350266,0.056726854164457816,-2.1881524771229772,-0.9187795405622853,0.0,False,-0.6953516761425583,2.2
2000,00-0013888,M.Robinson,CHI,WR,53.64799880981445,0.975,5.0,741.0,0.0,16.8,31.2,5.0,7.448,0.0,0.0,0,0.0,741.0,19.3,13.473,55.0,robinson,-0.0321253434442812,0.4621328165903754,-0.7169891331043755,-1.261375564066119,0.639258025830402,-0.5156308535410512,-0.44106356572992433,-0.1595095951751187,-0.05665584317705888,-0.7671998019123832,-0.9187795405622853,0.0,False,-0.4504051851895683,12.7
2000,00-0019643,R.Dayne,NYG,RB,-34.3129997253418,-0.15,5.0,765.0,1.0,13.9,13.5,12.0,11.31,-14.008000373840332,0.0,0,-0.24468122923738572,765.0,0.6,3.341,229.0,dayne,-1.8966707748362188,-1.4943822724639853,-0.7169891331043755,-1.2003692163674005,-0.06392580258304023,-0.5156987907690767,-0.5028701341322152,1.4084357871845592,0.6395031029802349,-1.6830324277663342,-0.9187795405622853,0.0,False,-0.5777745941723668,7.2
2000,00-0011754,R.Moss,MIN,WR,123.48400115966795,1.563,15.0,1433.0,0.0,25.3,34.1,11.0,15.88,22.632999420166016,3.0,0,1.145974654185621,1433.0,26.5,18.139,79.0,moss,1.4482170957795377,1.4847380364694547,1.5690631753443578,0.49764079458026694,0.639258025830402,-0.5154317271830455,-0.4309370658222044,1.184443589704605,1.4632851806443552,0.7125288343482782,0.45938977028114264,0.0,False,0.9708282138333186,73.9
2000,00-0015286,R.Smith,MIN,RB,35.91299819946289,0.109,10.0,1853.0,1.0,32.7,22.7,11.0,15.88,2.7079999446868896,2.0,0,0.03292401148555489,1853.0,9.2,5.632,329.0,smith,-0.4080614391509224,-1.0439490208505813,0.42603702111999114,1.5652518793078423,-0.06392580258304023,-0.5152583701184289,-0.47074468614910364,1.184443589704605,1.4632851806443552,-0.5901527834966471,0.0,0.0,False,0.26441463558303013,43.5
2000,00-0015290,R.Smith,DEN,WR,132.22300720214844,1.271,9.0,1677.0,0.0,25.8,18.8,11.0,16.724,23.92799949645996,0.0,0,0.9203076729407678,1677.0,31.5,16.125,104.0,smith,1.6334613979449002,0.9769136755771226,0.1974317902751178,1.1178719961839059,0.639258025830402,-0.5154200138678687,-0.48436308257672694,1.184443589704605,1.6154234899547528,0.797194974318419,-0.9187795405622853,0.0,False,0.4067847450677313,49.6
2000,00-0017322,R.Watters,SEA,RB,24.371999740600582,0.073,9.0,1807.0,2.0,38.7,29.0,6.0,11.852,3.431999921798706,2.0,0,0.04097910354386515,1807.0,18.3,5.394,335.0,watters,-0.6527007259772596,-1.106557503700321,0.1974317902751178,1.4483230462186316,-0.7671096309964823,-0.5151178103363072,-0.44874573807371193,0.06448260230483528,0.7372032968738789,-0.5428182045088586,0.0,0.0,False,-0.014232828220626777,31.5
2000,00-0017915,R.Williams,NO,RB,7.189000129699707,0.025,9.0,1383.0,3.0,26.8,25.7,10.0,13.615,0.0,0.0,0,0.0,1383.0,11.3,4.802,288.0,williams,-1.0169358296671014,-1.190035480833307,0.1974317902751178,0.3705442368746032,-1.4702934594099246,-0.5153965872375151,-0.4602689965893933,0.9604513922246511,1.0549993150187025,-0.7671998019123832,-0.9187795405622853,0.0,False,-0.21093371891428214,23.0
2000,00-0004052,S.Davis,WAS,RB,-17.781999588012695,-0.05,11.0,1596.0,3.0,29.1,34.4,8.0,9.367,-17.82200050354004,1.0,0,-0.2019490142044197,1596.0,9.0,4.521,353.0,davis,-1.5462563719110722,-1.3204698201035978,0.6546422519648645,0.9119755727007307,-1.4702934594099246,-0.5153427059877019,-0.42988949686623334,0.5124669972647432,0.2892605259777436,-1.9323889141006203,-0.45938977028114264,0.0,False,-0.19948662839998849,23.5
2000,00-0004077,S.Dawkins,,WR,61.59799957275391,1.01,5.0,690.0,0.0,69000.0,500.0,0.0,0.0,13.305999755859377,2.0,0,0.8725245741547132,690.0,10100.0,11.311,61.0,dawkins,0.13639408958803798,0.5230021749165111,-0.7169891331043755,-1.391014052925896,0.639258025830402,1.1004130734679838,1.1959375228008071,-1.2794705825748887,-1.3992223452432226,0.10273654666010598,0.0,0.0,False,-0.342261454248241,17.4
2000,00-0008313,S.Jefferson,ATL,WR,59.95299911499024,0.983,2.0,823.0,0.0,19.4,10.0,4.0,8.69,8.824000358581543,1.0,0,0.578622974333216,823.0,20.9,13.492,61.0,jefferson,0.10152433891171964,0.47604581277920643,-1.4028048256389956,-1.0529372094288305,0.639258025830402,-0.5155699443021318,-0.5150917719518773,-0.38350179265507267,0.1672254129408485,-0.1902932340036885,-0.45938977028114264,0.0,False,-0.44151008315711976,13.1
2000,00-0014722,S.Sharpe,,WR,70.72100067138672,1.056,5.0,810.0,0.0,81000.0,500.0,0.0,0.0,6.689000129699707,0.0,0,0.3993432913253556,810.0,10500.0,12.09,67.0,sharpe,0.3297780927521308,0.6030019030022895,-0.7169891331043755,-1.085982314432303,0.639258025830402,1.381532637711284,1.1959375228008071,-1.2794705825748887,-1.3992223452432226,-0.32987795799235486,-0.9187795405622853,0.0,False,-0.5118142305771901,10.1
2000,00-0000745,T.Barber,NYG,RB,14.50100040435791,0.051,9.0,1708.0,3.0,31.1,24.3,12.0,11.31,-0.1389999985694885,3.0,0,-0.0019716311853828156,1708.0,18.1,6.057,282.0,barber,-0.8619403551557305,-1.1448182432196061,0.1974317902751178,1.1966718619614174,-1.4702934594099246,-0.5152958527269946,-0.46515765171725804,1.4084357871845592,0.6395031029802349,-0.7762875182377855,0.45938977028114264,0.0,False,0.1575334459315626,38.9
2000,00-0002058,T.Brown,LV,WR,110.93900299072266,1.46,11.0,1101.0,0.0,20.8,22.4,0.0,0.0,21.23900032043457,2.0,0,1.1178421221281354,1101.0,28.4,14.487,76.0,brown,1.182295614529204,1.3056082105382554,0.6546422519648645,-0.34628034858534024,0.639258025830402,-0.5155371470196368,-0.4717922551050746,-1.2794705825748887,-1.3992223452432226,0.6213902119986351,0.0,0.0,False,0.02818887725240918,33.3
2000,00-0002068,T.Brown,NE,WR,71.81300354003906,0.798,4.0,988.0,0.0,21.1,14.8,5.0,9.2,24.395999908447266,2.0,0,1.0842666625976562,988.0,21.5,10.978,90.0,brown,0.3529257262910888,0.15430777591248945,-0.9455943639492489,-0.6335185690001403,0.639258025830402,-0.5155301190305307,-0.4983306686563407,-0.1595095951751187,0.25915732970424044,0.8277924925060601,0.0,0.0,False,-0.17466888990740156,24.6
2000,00-0006043,T.Glenn,NE,WR,82.43599700927734,1.03,6.0,963.0,0.0,20.5,22.2,5.0,9.2,16.993999481201172,2.0,0,0.8496999740600586,963.0,29.6,12.038,80.0,glenn,0.5781056841204459,0.5577846653885887,-0.4883839022595022,-0.6970668478529721,0.639258025830402,-0.5155441750087428,-0.4724906344090553,-0.1595095951751187,0.25915732970424044,0.3438552204514067,0.0,0.0,False,-0.05024729031793412,29.9
2000,00-0006101,T.Gonzalez,,WR,94.56099700927734,1.062,9.0,1160.0,0.0,116000.0,900.0,0.0,0.0,26.15800094604492,3.0,0,1.1756404919570749,1160.0,14300.0,13.034,89.0,gonzalez,0.8351242915955694,0.6134366501439128,0.1974317902751178,-0.19630641049265704,0.639258025830402,2.201464700087576,2.592696130762182,-1.2794705825748887,-1.3992223452432226,0.9429908073229268,0.45938977028114264,0.0,False,0.19261307386511123,40.4
2000,00-0007681,T.Holt,LA,WR,119.7239990234375,1.46,6.0,1603.0,0.0,22.6,9.7,0.0,0.0,28.857999801635746,1.0,0,1.4077073073968656,1603.0,23.8,19.549,82.0,holt,1.368514785416037,1.3056082105382554,-0.4883839022595022,0.9297690907795236,0.639258025830402,-0.5154949790850003,-0.5161393409078483,-1.2794705825748887,-1.3992223452432226,1.1195147204958746,-0.45938977028114264,0.0,False,-0.1842481591287618,24.2
2000,00-0010539,T.Mathis,ATL,WR,60.60300064086914,1.063,5.0,660.0,0.0,15.5,25.0,4.0,8.69,6.787000179290772,0.0,0,0.47628071433619457,660.0,25.1,11.579,57.0,mathis,0.11530268835816088,0.6151757746675165,-0.7169891331043755,-1.4672719875492943,0.639258025830402,-0.5156613081605109,-0.46271332415332567,-0.38350179265507267,0.1672254129408485,-0.3234707877785096,-0.9187795405622853,0.0,False,-0.42074714389534573,14.0
2000,00-0012478,T.Owens,SF,WR,116.06800079345705,1.197,13.0,1442.0,1.0,25.0,28.3,6.0,13.379,41.749000549316406,2.0,0,1.7216082700749034,1442.0,25.6,14.866,97.0,owens,1.291017088591205,0.8482184608304361,1.1118527136546112,0.5205181749672864,-0.06392580258304023,-0.5154387551721517,-0.4511900656376443,0.06448260230483528,1.0124582711830936,1.9623187431657407,0.0,0.0,False,0.5698070878820187,56.6
2000,00-0017486,T.Wheatley,LV,RB,-12.43299961090088,-0.05,10.0,1184.0,3.0,22.3,20.4,0.0,0.0,-20.53199958801269,1.0,0,-0.33116128367762404,1184.0,7.4,4.774,248.0,wheatley,-1.4328714213542273,-1.3204698201035978,0.42603702111999114,-0.13530006279393844,-1.4702934594099246,-0.5155020070741064,-0.47877604814488145,-1.2794705825748887,-1.3992223452432226,-2.109566634785815,-0.45938977028114264,0.0,False,-0.6894044027623512,2.4
2000,00-0002962,W.Chrebet,NYJ,WR,85.96299743652344,1.194,8.0,934.0,0.0,17.5,23.5,9.0,9.441,22.511999130249023,2.0,0,1.250666618347168,934.0,23.0,12.972,72.0,chrebet,0.652868961512195,0.8430010872596243,-0.031173440569755528,-0.7707828513222571,0.639258025830402,-0.5156144548998037,-0.46795116893318084,0.7364591947446972,0.3025996668414514,0.704617925561417,0.0,0.0,False,0.18473224795369036,40.0
2000,00-0004640,W.Dunn,TB,RB,21.268999099731445,0.074,9.0,1474.0,1.0,33.7,26.5,10.0,12.516,18.20400047302246,5.0,0,0.25460140521709734,1474.0,16.0,5.154,286.0,dunn,-0.7184763056647319,-1.104818379176717,0.1974317902751178,0.6018599718989112,-0.06392580258304023,-0.5152349434880752,-0.4574754793734705,0.9604513922246511,0.8568950473266088,0.4229641836189863,1.3781693108434279,0.0,False,0.38821272393973766,48.8
2001,00-0005562,A.Freeman,GB,WR,76.09100341796875,1.436,6.0,813.0,0.0,14.6,14.3,12.0,13.929,11.293999671936035,0.0,0,0.8523773337310215,813.0,21.6,15.34,53.0,freeman,0.47153400440002136,1.2359052281218668,-0.28963936780391786,-1.063857671855507,0.5886142446091295,-0.5103084598539178,-0.47794446070699637,1.48378679123522,1.1515873056392294,-0.07776823984056631,-1.0711237251049752,0.0,False,0.05596797615789337,37.7
2001,00-0006305,A.Green,GB,RB,12.428999900817873,0.034,11.0,1981.0,4.0,35.6,26.2,12.0,13.929,0.2980000078678131,3.0,0,0.0032568306870799247,1981.0,16.2,5.413,366.0,green,-0.6254719251944049,-1.045515614309808,1.0157775011714867,2.248738182959458,-2.0549865732845047,-0.5097921058258233,-0.42909752217126074,1.48378679123522,1.1515873056392294,-0.8309357485796437,0.9063354597042098,0.0,False,0.5588763062746311,59.5
2001,00-0015091,A.Smith,NE,RB,-2.757999897003174,-0.009,13.0,1349.0,4.0,26.6,36.1,11.0,13.741,-2.8559999465942383,2.0,0,-0.0373333326352188,1349.0,5.9,4.408,306.0,smith,-0.8871700796747408,-1.115487865539881,1.5379442487616484,0.4563061793267029,-2.0549865732845047,-0.5100134004092923,-0.3884601531373294,1.2619121308635983,1.1175881878623128,-1.0469679749198981,0.24718239810114814,0.0,False,0.3437456945526698,50.1
2001,00-0020403,A.Thomas,CHI,RB,9.4399995803833,0.031,7.0,1361.0,0.0,28.3,21.9,13.0,12.071,-1.9730000495910645,2.0,0,-0.026219269762007502,1361.0,5.7,4.522,301.0,thomas,-0.6769775469769961,-1.0503973992793483,-0.028555994008836974,0.49033969838302105,0.5886142446091295,-0.5099716003213037,-0.44674809660014,1.7056614516068416,0.8155747480354485,-0.9864871770879442,0.24718239810114814,0.0,False,0.1266695379542456,40.7
2001,00-0016550,A.Toomer,NYG,WR,90.98799896240234,1.213,5.0,1062.0,0.0,19.6,16.7,7.0,10.5,24.395000457763672,2.0,0,1.3010666910807291,1062.0,25.4,14.16,75.0,toomer,0.7282348862844998,0.8730258787193965,-0.5507227415989988,-0.35766215143690583,0.5886142446091295,-0.5101855184186572,-0.4680929773048312,0.3744134893771116,0.5314650989528115,0.8195806529657729,0.24718239810114814,0.0,False,0.16243019802585615,42.3
2001,00-0002721,C.Carter,MIN,WR,67.85399627685547,0.917,6.0,875.0,0.0,17.5,20.7,5.0,10.741,8.423999786376953,0.0,0,0.45535133980415965,875.0,23.9,11.824,74.0,carter,0.32959618942882674,0.3913564283914536,-0.28963936780391786,-0.8880178233978634,0.5886142446091295,-0.5102371538214666,-0.45167383830122254,-0.06933583136613178,0.5750490744008798,-0.27434797155440316,-1.0711237251049752,0.0,False,-0.2700665258906877,23.5
2001,00-0003396,C.Conway,LAC,WR,100.18199920654295,1.284,7.0,1241.0,0.0,24.0,25.0,0.0,0.0,27.55900001525879,2.0,0,1.4132820520645533,1241.0,23.5,15.91,78.0,conway,0.8866633401077866,0.9885614563318421,-0.028555994008836974,0.1500045078198397,0.5886142446091295,-0.5100773299556278,-0.4340232638723433,-1.17870913322424,-1.367421798162204,1.0362977989436117,0.24718239810114814,0.0,False,-0.03756559145642677,33.6
2001,00-0004304,C.Dillon,CIN,RB,-19.003999710083008,-0.051,13.0,1543.0,3.0,31.3,56.5,6.0,7.29,5.054999828338623,4.0,0,0.0540641692870441,1543.0,10.4,4.126,374.0,dillon,-1.1671166277336185,-1.1838328551134405,1.5379442487616484,1.0065147374038461,-1.394086368811096,-0.5098978354601474,-0.3047225442189254,0.1525388290054899,-0.0490517524509219,-0.5051065549353532,1.5654885213072716,0.0,False,0.4472584602399925,54.6
2001,00-0005779,C.Garner,LV,RB,5.056000232696533,0.018,3.0,1417.0,2.0,26.8,7.3,0.0,0.0,4.189000129699707,1.0,0,0.05920848239858243,1417.0,16.9,5.007,283.0,garner,-0.7525214038154765,-1.0715518008140215,-1.0728894891891605,0.6491627873125057,-0.7331861643376876,-0.5100084827518819,-0.5066779539633115,-1.17870913322424,-1.367421798162204,-0.5644229295733051,-0.4119706635019136,0.0,False,-0.768827906152152,1.9
2001,00-0010442,C.Martin,NYJ,RB,-12.53499984741211,-0.033,10.0,1811.0,2.0,37.3,35.7,10.0,10.621,-5.080999851226807,0.0,0,-0.05278960884391488,1811.0,14.1,4.704,385.0,martin,-1.055644622207062,-1.1545421452962008,0.7546941273764057,1.7665966629949512,-0.7331861643376876,-0.5097503057378348,-0.39010206703769024,1.0400374704919766,0.5533475098624226,-1.1993686375529484,-1.0711237251049752,0.0,False,-0.08270901813197376,31.7
2001,00-0001532,D.Boston,ARI,WR,130.89199829101562,1.271,8.0,1633.0,0.0,33.0,28.6,7.0,10.536,25.37299919128418,2.0,0,0.9853591918945312,1633.0,34.1,15.854,103.0,boston,1.4158494987625312,0.9674070547971687,0.2325273797862439,1.2617661303262322,0.5886142446091295,-0.5098560353721588,-0.41924603876909555,0.3744134893771116,0.5379755683143486,0.8865683659685843,0.24718239810114814,0.0,False,0.47146041440791553,55.7
2001,00-0007144,D.Hayes,,WR,51.28900146484375,0.986,2.0,597.0,0.0,59700.0,200.0,0.0,0.0,10.918999671936035,1.0,0,0.8399230516873873,597.0,10500.0,11.481,52.0,hayes,0.04415280831402789,0.5036374826908726,-1.3339728629842413,-1.6764610148692336,0.5886142446091295,0.9572532881665147,0.28431406753553395,-1.17870913322424,-1.367421798162204,-0.10345374587964705,-0.4119706635019136,0.0,False,-0.6176090873338308,8.5
2001,00-0019663,D.Jackson,SEA,WR,94.2969970703125,1.328,8.0,1090.0,0.0,22.1,26.7,9.0,11.148,29.8129997253418,4.0,0,1.6796056183291155,1090.0,29.0,15.352,71.0,jackson,0.7852546208961546,1.0601609692184282,0.2325273797862439,-0.27825060697216353,0.5886142446091295,-0.5101240477010269,-0.4270451297958096,0.818162810120355,0.6486535474604809,1.1906847940514076,1.5654885213072716,0.0,False,0.7102137302902637,66.0
2001,00-0010500,D.Mason,,WR,93.50399780273438,1.281,9.0,1128.0,0.0,112800.0,900.0,0.0,0.0,39.928001403808594,4.0,0,2.187835693359375,1128.0,11400.0,15.452,73.0,mason,0.7715898781825064,0.9836796713623019,0.49361075358132483,-0.17047779662715606,0.5886142446091295,2.262891330633935,3.157663393167043,-1.17870913322424,-1.367421798162204,1.8835086252449291,1.5654885213072716,0.0,False,0.6131726160932404,61.8
2001,00-0019863,D.Rhodes,IND,RB,-21.496000289916992,-0.081,9.0,1328.0,5.0,21.8,21.4,6.0,13.323,2.0969998836517334,4.0,0,0.03141572859403346,1328.0,10.1,4.974,267.0,rhodes,-1.2100580882846386,-1.23265070480884,0.49361075358132483,0.3967475209781462,-2.7158867777579134,-0.5101314241871425,-0.44880048897559105,0.1525388290054899,1.04199440472002,-0.707713822782968,1.5654885213072716,0.0,False,0.2680137065195085,46.9
2001,00-0014544,D.Scott,,WR,65.16400146484375,1.143,2.0,819.0,0.0,81900.0,200.0,0.0,0.0,21.93400001525879,0.0,0,1.5392280712462307,819.0,10300.0,14.368,57.0,scott,0.2832429473641138,0.759117562763464,-1.3339728629842413,-1.046840912327348,0.5886142446091295,1.5031132607235154,0.28431406753553395,-1.17870913322424,-1.367421798162204,0.6510152083574008,-1.0711237251049752,0.0,False,-0.626033593476207,8.1
2001,00-0005883,E.George,TEN,RB,-59.25899887084961,-0.168,5.0,1207.0,6.0,23.0,14.7,7.0,12.0,-9.550999641418455,2.0,0,-0.10853408683430063,1207.0,9.8,3.429,352.0,george,-1.8607795716477649,-1.374222468925499,-0.5507227415989988,0.05357620382693831,-3.3767869822313217,-0.5101019182426799,-0.4763025468066355,0.3744134893771116,0.802734655683528,-1.5055398551680343,0.24718239810114814,0.0,False,-0.3450962495733003,20.3
2001,00-0011770,E.Moulds,BUF,WR,60.32600021362305,0.862,5.0,907.0,0.0,17.7,18.5,3.0,9.815,19.97800064086914,1.0,0,1.1416000366210937,907.0,25.4,12.957,70.0,moulds,0.19987585605753022,0.3018570372832209,-0.5507227415989988,-0.797261772581015,0.5886142446091295,-0.5102322361640562,-0.4607043647532073,-0.5130851521093751,0.4075853347124508,0.5170396517085383,-0.4119706635019136,0.0,False,-0.2192030616125028,25.7
2001,00-0015165,E.Smith,DAL,RB,-29.326000213623047,-0.105,3.0,1137.0,1.0,25.4,13.6,5.0,8.2,-3.92300009727478,1.0,0,-0.05644604456510475,1137.0,5.2,4.09,278.0,smith,-1.3449824681420108,-1.2717049845651598,-1.0728894891891605,-0.14495265733491747,-0.07228595986427906,-0.5100429063537548,-0.4808178100326279,-0.06933583136613178,0.11551844529904598,-1.120051811757245,-0.4119706635019136,0.0,False,-0.6018088145169325,9.2
2001,00-0007180,G.Hearst,SF,RB,32.319000244140625,0.11,5.0,1553.0,0.0,27.9,11.1,12.0,15.148,-1.7790000438690186,0.0,0,-0.024286690018689674,1553.0,11.0,5.3,293.0,hearst,-0.2827329740022395,-0.9218437284147959,-0.5507227415989988,1.0348760032841111,0.5886142446091295,-0.5099814356361245,-0.4910797719098833,1.48378679123522,1.372039032075725,-0.9731992082384634,-1.0711237251049752,0.0,False,-0.15837683240726894,28.4
2001,00-0017162,H.Ward,PIT,WR,78.25,0.752,4.0,1086.0,0.0,18.8,12.9,13.0,12.138,11.515999794006348,1.0,0,0.44292306900024414,1086.0,32.5,10.442,104.0,ward,0.508737232724815,0.1228582550667557,-0.8118061153940797,-0.28959511332426957,0.5886142446091295,-0.5102051890482989,-0.48369115935825935,1.7056614516068416,0.8276914549027539,-0.06256241190426319,-0.4119706635019136,0.0,False,0.0050154147655446235,35.5
2001,00-0002099,I.Bruce,LA,WR,82.78500366210938,1.217,6.0,1129.0,1.0,16.6,10.5,0.0,0.0,19.858999252319336,3.0,0,1.1681764266070198,1129.0,18.8,16.603,68.0,bruce,0.5868831538899595,0.8795349253454497,-0.28963936780391786,-0.16764167003912955,-0.07228595986427906,-0.5102592832798135,-0.4935426427604246,-1.17870913322424,-1.367421798162204,0.5088886893505249,0.9063354597042098,0.0,False,-0.031622144938790925,33.9
2001,00-0001215,J.Bettis,PIT,RB,-3.58899998664856,-0.015,4.0,1120.0,0.0,19.4,12.9,13.0,12.138,0.0,0.0,0,0.0,1120.0,2.2,4.807,233.0,bettis,-0.9014896419798903,-1.125251435478961,-0.8118061153940797,-0.19316680933136818,0.5886142446091295,-0.5101904360760675,-0.48369115935825935,1.7056614516068416,0.8276914549027539,-0.8513471645842698,-1.0711237251049752,0.0,False,-0.3740789127209513,19.0
2001,00-0005720,J.Galloway,DAL,WR,57.777000427246094,1.05,3.0,731.0,0.0,16.3,13.6,5.0,8.2,24.933000564575195,1.0,0,1.813309131969105,731.0,28.0,13.291,55.0,galloway,0.15595220104034066,0.6077822287077252,-1.0728894891891605,-1.296420052073681,0.5886142446091295,-0.5102666597659292,-0.4808178100326279,-0.06933583136613178,0.11551844529904598,0.8564307996125288,-0.4119706635019136,0.0,False,-0.29351134118925165,22.5
2001,00-0006210,J.Graham,,WR,73.37999725341797,1.411,5.0,811.0,0.0,81100.0,500.0,0.0,0.0,6.706999778747559,0.0,0,0.5159230599036584,811.0,11000.0,15.596,52.0,graham,0.4248187005551142,1.1952236867090338,-0.5507227415989988,-1.0695299250315602,0.5886142446091295,1.4834426310818216,1.5157494928061805,-1.17870913322424,-1.367421798162204,-0.3919533423945804,-1.0711237251049752,0.0,False,-0.4090520184908289,17.5
2001,00-0007744,J.Horn,NO,WR,108.51100158691406,1.292,9.0,1269.0,0.0,24.3,26.5,7.0,11.483,17.767000198364258,3.0,0,0.8460476284935361,1269.0,28.7,15.107,84.0,horn,1.030186391442664,1.0015795495839488,0.49361075358132483,0.229416052284582,0.5886142446091295,-0.5100699534695122,-0.4278660867459901,0.3744134893771116,0.7092370817970077,0.36559787779288666,0.9063354597042098,0.0,False,0.5815716829212645,60.4
2001,00-0020430,J.Jackson,CLE,RB,-31.464000701904297,-0.156,2.0,610.0,1.0,14.0,7.7,7.0,10.179,0.3479999899864197,0.0,0,0.0068910889106221715,610.0,2.2,3.02,202.0,jackson,-1.3818238976218176,-1.3546953290473391,-1.3339728629842413,-1.639591369224889,-0.07228595986427906,-0.510323212826149,-0.5050360400629506,0.3744134893771116,0.4734134138124382,-0.82751101566588,-1.0711237251049752,0.0,False,-0.8130342790228952,0.0
2001,00-0011727,J.Morton,DET,WR,98.802001953125,1.267,4.0,1160.0,0.0,22.4,15.4,2.0,10.0,22.93099975585937,1.0,0,1.1759487054286857,1160.0,24.4,14.872,78.0,morton,0.8628836114441155,0.9608980081711155,-0.8118061153940797,-0.07972174581030772,0.5886142446091295,-0.5101166712149112,-0.473429197481004,-0.7349598124809968,0.4410419133759059,0.7193043893124893,-0.4119706635019136,0.0,False,-0.12670748673478524,29.7
2001,00-0013639,J.Rice,,WR,113.95700073242188,1.373,9.0,1139.0,0.0,113900.0,900.0,0.0,0.0,31.246000289916992,1.0,0,1.505831339273108,1139.0,12500.0,13.723,83.0,rice,1.1240303332780595,1.1333877437615276,0.49361075358132483,-0.13928040415886445,0.5886142446091295,2.289938446391264,3.157663393167043,-1.17870913322424,-1.367421798162204,1.28883771313248,-0.4119706635019136,0.0,False,0.1928915374560332,43.6
2001,00-0016440,J.Thrash,PHI,WR,70.39800262451172,1.02,8.0,890.0,0.0,18.7,25.0,11.0,11.065,12.604999542236328,1.0,0,0.730724611144135,890.0,21.2,12.899,69.0,thrash,0.3734337988994887,0.5589643790123255,0.2325273797862439,-0.8454759245774658,0.5886142446091295,-0.510207647877004,-0.4340232638723433,1.2619121308635983,0.6336432986547146,0.012028280388319636,-0.4119706635019136,0.0,False,0.1579422806471804,42.1
2001,00-0015218,Ji.Smith,JAX,WR,48.73500061035156,0.431,8.0,1370.0,0.0,27.4,26.7,6.0,10.5,26.04199981689453,2.0,0,0.9218407014829922,1370.0,33.3,12.124,113.0,smith,0.00014297628270713958,-0.39949273667402013,0.2325273797862439,0.5158648376752597,0.5886142446091295,-0.5099937297796506,-0.4270451297958096,0.1525388290054899,0.5314650989528115,0.9323913515932869,0.24718239810114814,0.0,False,0.17580054165526418,42.9
2001,00-0004694,K.Dyson,,WR,72.8270034790039,1.349,7.0,825.0,0.0,82500.0,700.0,0.0,0.0,18.24799919128418,2.0,0,1.3517036437988281,825.0,11400.0,15.278,54.0,dyson,0.415289665714142,1.0943334640052078,-0.028555994008836974,-1.029824152799189,0.5886142446091295,1.5178662329547856,2.336706442986612,-1.17870913322424,-1.367421798162204,0.3985437512260504,0.24718239810114814,0.0,False,0.03937982763180278,36.9
2001,00-0008560,K.Johnson,,WR,96.88600158691406,1.153,9.0,1097.0,0.0,109700.0,900.0,0.0,0.0,20.822999954223636,1.0,0,0.9915714263916018,1097.0,12900.0,13.06,84.0,johnson,0.829867626292592,0.7753901793285971,0.49361075358132483,-0.25839772085597795,0.5886142446091295,2.186667640772372,3.157663393167043,-1.17870913322424,-1.367421798162204,0.5749176116183675,-0.4119706635019136,0.0,False,0.0958220813797591,39.4
2001,00-0008561,K.Johnson,,WR,94.96499633789062,0.896,1.0,1266.0,0.0,126600.0,100.0,0.0,0.0,9.619000434875488,0.0,0,0.3629811484858675,1266.0,18000.0,11.943,106.0,johnson,0.7967653983931355,0.3571839336046738,-1.5950562367793224,0.22090767252050247,0.5886142446091295,2.602209691953152,-0.12616440755468164,-1.17870913322424,-1.367421798162204,-0.19249678122449776,-1.0711237251049752,0.0,False,-0.629101716010762,8.0
2001,00-0010668,K.McCardell,,WR,51.8129997253418,0.557,6.0,1110.0,0.0,111000.0,600.0,0.0,0.0,16.844999313354492,3.0,0,0.724516099499118,1110.0,14600.0,11.935,93.0,mccardell,0.053182200527684194,-0.1944577679533417,-0.28963936780391786,-0.22152807521163329,0.5886142446091295,2.2186324139401243,1.9262279678963963,-1.17870913322424,-1.367421798162204,0.3024457196596704,0.9063354597042098,0.0,False,0.022139269978921655,36.2
2001,00-0018958,L.Coles,NYJ,WR,81.61699676513672,1.183,7.0,976.0,0.0,20.1,25.0,10.0,10.621,21.0629997253418,1.0,0,1.221043462338655,976.0,22.6,14.145,69.0,coles,0.5667563840587053,0.8242080290239968,-0.028555994008836974,-0.6015690380071858,0.5886142446091295,-0.5101732242751311,-0.4340232638723433,1.0400374704919766,0.5533475098624226,0.5913563198061904,-0.4119706635019136,0.0,False,0.15542497739212957,42.0
2001,00-0015242,L.Smith,MIA,RB,-56.70399856567383,-0.165,8.0,1202.0,3.0,25.4,25.0,11.0,11.862,-11.428000450134276,1.0,0,-0.13327114227561837,1202.0,7.8,3.504,343.0,smith,-1.8167525173603782,-1.369340683955959,0.2325273797862439,0.03939557088680576,-1.394086368811096,-0.5100429063537548,-0.4340232638723433,1.2619121308635983,0.7777778564643021,-1.6341044301217134,-0.4119706635019136,0.0,False,-0.20324175499496563,26.4
2001,00-0020536,L.Tomlinson,LAC,RB,-45.36100006103516,-0.114,10.0,1601.0,4.0,31.0,35.7,0.0,0.0,-3.134000062942505,0.0,0,-0.031576826830654964,1601.0,13.7,4.033,397.0,tomlinson,-1.6212931235067582,-1.2863503394737796,0.7546941273764057,1.1710100795093838,-2.0549865732845047,-0.509905211946263,-0.39010206703769024,-1.17870913322424,-1.367421798162204,-1.066009504699441,-1.0711237251049752,0.0,False,-0.6256777872889708,8.1
2001,00-0001477,M.Booker,CHI,WR,81.92500305175781,0.788,8.0,1079.0,0.0,22.5,25.0,13.0,12.071,21.2450008392334,1.0,0,0.8171154168935922,1079.0,30.0,10.375,104.0,booker,0.5720638626818793,0.1814396747012353,0.2325273797862439,-0.30944799944045515,0.5886142446091295,-0.510114212386206,-0.4340232638723433,1.7056614516068416,0.8155747480354485,0.6038224283661426,-0.4119706635019136,0.0,False,0.24755514679723178,46.0
2001,00-0005092,M.Faulk,LA,RB,83.74400329589844,0.243,21.0,2147.0,2.0,31.5,36.8,0.0,0.0,34.26900100708008,8.0,0,0.39847675589627995,2147.0,19.0,6.241,344.0,faulk,0.6034083687217872,-0.7054179280985243,3.6266112391222953,2.719535196571859,-0.7331861643376876,-0.5098929178027369,-0.3855868038116979,-1.17870913322424,-1.367421798162204,1.4958971882707142,4.202100767719518,0.32,False,1.4942037778596728,100.0
2001,00-0007024,M.Harrison,IND,WR,138.6529998779297,1.26,15.0,1527.0,0.0,25.1,35.7,6.0,13.323,39.652000427246094,3.0,0,1.4418909246271308,1527.0,30.2,13.882,110.0,harrison,1.5495849184802408,0.9495071765755224,2.0601109963518103,0.9611367119954219,0.5886142446091295,-0.5100502828398705,-0.39010206703769024,0.1525388290054899,1.04199440472002,1.864604025910827,0.9063354597042098,0.0,False,1.0325021406025066,80.0
2001,00-0013013,M.Pittman,ARI,RB,-40.39300155639648,-0.143,5.0,1110.0,2.0,22.4,17.9,7.0,10.536,-4.236999988555908,1.0,0,-0.05988692563329905,1110.0,12.9,3.922,283.0,pittman,-1.5356859557031777,-1.333540927512666,-0.5507227415989988,-0.22152807521163329,-0.7331861643376876,-0.5101166712149112,-0.4631672356037486,0.3744134893771116,0.5379755683143486,-1.1415591347006373,-0.4119706635019136,0.0,False,-0.44260243387926645,16.1
2001,00-0018977,M.Smith,ATL,RB,-41.31999969482422,-0.161,6.0,990.0,1.0,19.5,21.4,7.0,11.64,-20.15900039672852,2.0,0,-0.3149843811988831,990.0,5.6,3.867,256.0,smith,-1.5516597296718881,-1.3628316373299059,-0.28963936780391786,-0.5618632657748146,-0.07228595986427906,-0.5101879772473624,-0.44880048897559105,0.3744134893771116,0.7376299620681561,-2.232131501736273,0.24718239810114814,0.0,False,-0.28286516066038836,23.0
2001,00-0019642,P.Burress,,WR,93.75499725341795,1.421,6.0,1008.0,0.0,100800.0,600.0,0.0,0.0,35.676998138427734,4.0,0,2.162242311419863,1008.0,12000.0,15.273,66.0,burress,0.7759150308719068,1.211496303274167,-0.28963936780391786,-0.5108129871903374,0.5886142446091295,1.9678318860085293,1.9262279678963963,-1.17870913322424,-1.367421798162204,1.5923375051246837,1.5654885213072716,0.0,False,0.38981188040973885,52.1
2001,00-0007661,P.Holmes,KC,RB,44.20600128173828,0.114,10.0,2167.0,1.0,38.0,30.3,6.0,11.852,-4.3480000495910645,2.0,0,-0.04482474277928932,2167.0,14.5,5.585,388.0,holmes,-0.07789947987843847,-0.9153346817887427,0.7546941273764057,2.7762577283323893,-0.07228595986427906,-0.5097330939368983,-0.4122679046925619,0.1525388290054899,0.775969392752764,-1.1491620486687888,0.24718239810114814,0.0,False,0.29125404194503035,47.9
2001,00-0013232,P.Price,BUF,WR,90.84500122070312,1.489,7.0,992.0,0.0,19.3,25.9,3.0,9.815,24.722000122070312,1.0,0,1.6211147621029713,992.0,21.0,16.262,61.0,price,0.725770788991043,1.3221500959170729,-0.028555994008836974,-0.5561910125987616,0.5886142446091295,-0.5101928949047728,-0.43032895759653134,-0.5130851521093751,0.4075853347124508,0.841978391238641,-0.4119706635019136,0.0,False,0.059156189435573533,37.8
2001,00-0019455,P.Warrick,CIN,TE,44.6259994506836,0.572,1.0,681.0,0.0,13.8,4.3,6.0,7.29,13.324999809265137,0.0,0,0.6833333235520583,681.0,23.3,8.731,78.0,warrick,-0.07066218830266059,-0.17004884310564203,-1.5950562367793224,-1.4382263814750067,0.5886142446091295,-0.5103281304835595,-0.5189923082160179,0.1525388290054899,-0.0490517524509219,0.061344470273408176,-1.0711237251049752,0.0,False,-0.6823460201380644,5.7
2001,00-0008059,Q.Ismail,,WR,85.6760025024414,1.158,7.0,1059.0,0.0,105900.0,700.0,0.0,0.0,9.20199966430664,1.0,0,0.4974053872598184,1059.0,13600.0,14.311,74.0,ismail,0.6367000414379683,0.7835264876111636,-0.028555994008836974,-0.36617053120098536,0.5886142446091295,2.0932321499743267,2.336706442986612,-1.17870913322424,-1.367421798162204,-0.2210591167198243,-0.4119706635019136,0.0,False,-0.09176397505765999,31.3
2001,00-0019643,R.Dayne,NYG,RB,-17.395000457763672,-0.093,7.0,757.0,1.0,14.0,23.3,7.0,10.5,5.738999843597412,3.0,0,0.12210637965100876,757.0,2.0,4.027,188.0,dayne,-1.1393908003485003,-1.2521778446869998,-0.028555994008836974,-1.2226807607849917,-0.07228595986427906,-0.510323212826149,-0.441001397948877,0.3744134893771116,0.5314650989528115,-0.45825619087492403,0.9063354597042098,0.0,False,-0.049755111682342784,33.1
2001,00-0011754,R.Moss,MIN,WR,123.75399780273438,1.456,10.0,1267.0,0.0,25.4,34.5,5.0,10.741,21.847000122070312,2.0,0,1.0280941233915442,1267.0,28.1,14.906,85.0,moss,1.292849460616027,1.268450461252133,0.7546941273764057,0.22374379910852898,0.5886142446091295,-0.5100429063537548,-0.39502780873877286,-0.06933583136613178,0.5750490744008798,0.6450561782723555,0.24718239810114814,0.0,False,0.48438491219541857,56.2
2001,00-0015290,R.Smith,DEN,WR,119.5469970703125,1.031,11.0,1370.0,0.0,27.9,34.4,8.0,12.143,21.929000854492188,2.0,0,0.7561724432583513,1370.0,34.8,11.81,116.0,smith,1.2203555946629778,0.5768642572339719,1.0157775011714867,0.5158648376752597,0.5886142446091295,-0.5099814356361245,-0.39543828721386304,0.5962881497487332,0.828595686758523,0.6506727924265717,0.24718239810114814,0.0,False,0.5661452666515248,59.8
2001,00-0017915,R.Williams,NO,RB,-34.512001037597656,-0.092,7.0,1756.0,4.0,33.6,20.6,7.0,11.483,-28.19300079345703,0.0,0,-0.30152942025087737,1756.0,16.2,4.695,374.0,williams,-1.434346191249611,-1.2505505830304866,-0.028555994008836974,1.610609700653493,-2.0549865732845047,-0.5098412823999275,-0.45208431677631283,0.3744134893771116,0.7092370817970077,-2.7824178102913324,-1.0711237251049752,0.0,False,-0.4250038102538256,16.8
2001,00-0019647,S.Alexander,SEA,RB,-3.9189999103546143,-0.011,16.0,1661.0,4.0,33.7,53.3,9.0,11.148,-0.7540000081062317,4.0,0,-0.008543909440297244,1661.0,13.1,4.705,353.0,alexander,-0.9071761088372163,-1.1187423888529078,2.321194370146891,1.3411776747909745,-2.0549865732845047,-0.5098388235712223,-0.31785785542181233,0.818162810120355,0.6486535474604809,-0.9029921559487486,1.5654885213072716,0.0,False,0.7557203309425249,68.0
2001,00-0004052,S.Davis,WAS,RB,-19.35400009155273,-0.05,5.0,1637.0,3.0,36.2,21.7,8.0,9.143,4.703999996185303,3.0,0,0.048872727233094056,1637.0,8.8,4.252,385.0,davis,-1.1731477369136676,-1.1822055934569273,-0.5507227415989988,1.2731106366783382,-1.394086368811096,-0.509777352853592,-0.4475690535503204,0.5962881497487332,0.28605657329709,-0.5291481770913277,0.9063354597042098,0.0,False,-0.014226372272359011,34.6
2001,00-0010240,S.Mack,JAX,RB,-87.08100128173828,-0.369,10.0,1042.0,1.0,20.8,33.3,6.0,10.5,-2.890000104904175,3.0,0,-0.04898305262549449,1042.0,6.4,4.415,236.0,mack,-2.3402005752565,-1.7013020618846766,0.7546941273764057,-0.41438468319743604,-0.07228595986427906,-0.5101560124741946,-0.3999535504398554,0.1525388290054899,0.5314650989528115,-1.0492968049774969,0.9063354597042098,0.0,False,0.008797200986028403,35.6
2001,00-0014722,S.Sharpe,,WR,59.880001068115234,0.82,2.0,811.0,0.0,81100.0,200.0,0.0,0.0,10.300999641418455,0.0,0,0.5644383365160798,811.0,11400.0,11.11,73.0,sharpe,0.1921905228888324,0.23351204770966139,-1.3339728629842413,-1.0695299250315602,0.5886142446091295,1.4834426310818216,0.28431406753553395,-1.17870913322424,-1.367421798162204,-0.14578346192234404,-1.0711237251049752,0.0,False,-0.728502292605555,3.7
2001,00-0002058,T.Brown,LV,WR,106.03600311279295,1.116,9.0,1204.0,0.0,22.8,22.0,0.0,0.0,16.08099937438965,0.0,0,0.6770947105006168,1204.0,26.0,12.674,95.0,brown,0.9875379064461691,0.7151814980376044,0.49361075358132483,0.04506782406285878,0.5886142446091295,-0.5101068359000904,-0.4463376181250498,-1.17870913322424,-1.367421798162204,0.2501157862033002,-1.0711237251049752,0.0,False,-0.29129239097490606,22.6
2001,00-0002068,T.Brown,NE,WR,103.41799926757812,0.923,5.0,1290.0,0.0,25.5,13.9,11.0,13.741,16.02199935913086,0.0,0,0.5722142628261021,1290.0,29.8,11.518,112.0,brown,0.9424251926886144,0.4011199983305335,-0.5507227415989988,0.28897471063313873,0.5886142446091295,-0.5100404475250496,-0.4795863746073572,1.2619121308635983,1.1175881878623128,0.24607459887467228,-1.0711237251049752,0.0,False,0.0021415537093394943,35.3
2001,00-0006101,T.Gonzalez,KC,WR,78.13300323486328,1.056,6.0,926.0,0.0,16.2,18.2,6.0,11.852,14.734000205993652,2.0,0,0.7964324435672244,926.0,23.0,12.514,74.0,gonzalez,0.5067211770242782,0.6175457986468051,-0.28963936780391786,-0.7433753674085114,0.5886142446091295,-0.5102691185946343,-0.46193580017847796,0.1525388290054899,0.775969392752764,0.15785350547137467,0.24718239810114814,0.0,False,0.12429454177138587,40.6
2001,00-0020471,T.Henry,BUF,RB,-28.34199905395508,-0.121,4.0,908.0,2.0,17.7,14.8,3.0,9.815,0.1879999935626983,0.0,0,0.0031999998904289075,908.0,5.0,3.864,235.0,henry,-1.3280264339733292,-1.297741171069373,-0.8118061153940797,-0.7944256459929886,-0.7331861643376876,-0.5102322361640562,-0.4758920683315453,-0.5130851521093751,0.4075853347124508,-0.838470164664265,-1.0711237251049752,0.0,False,-0.7571733932729937,2.4
2001,00-0007681,T.Holt,LA,WR,110.16300201416016,1.327,7.0,1363.0,0.0,20.0,12.3,0.0,0.0,33.137001037597656,2.0,0,1.596963905426393,1363.0,24.3,16.422,83.0,holt,1.0586532031083267,1.0585337075619148,-0.028555994008836974,0.49601195155907407,0.5886142446091295,-0.5101756831038363,-0.4861540302088007,-1.17870913322424,-1.367421798162204,1.4183612094643676,0.24718239810114814,0.0,False,0.015192730291218419,35.9
2001,00-0010539,T.Mathis,,WR,46.88600158691406,0.919,2.0,564.0,0.0,56400.0,200.0,0.0,0.0,17.933000564575195,0.0,0,1.406509848201976,564.0,10500.0,11.059,51.0,mathis,-0.031718460374384395,0.39461095170448024,-1.3339728629842413,-1.7700531922741085,0.5886142446091295,0.8761119408945282,0.28431406753553395,-1.17870913322424,-1.367421798162204,0.37696802021635506,-1.0711237251049752,0.0,False,-0.766934299941754,2.0
2001,00-0012478,T.Owens,SF,WR,144.63600158691406,1.491,16.0,1433.0,0.0,25.8,35.6,12.0,15.148,32.41899871826172,3.0,0,1.3368659265262564,1433.0,31.2,14.773,97.0,owens,1.6526823390595544,1.3254046192300994,2.321194370146891,0.6945408127209298,0.5886142446091295,-0.510033071038934,-0.3905125455127805,1.48378679123522,1.372039032075725,1.369181868372695,0.9063354597042098,0.0,False,1.2682353781733198,90.2
2001,00-0008210,W.Jackson,,WR,95.90399932861328,1.184,5.0,1046.0,0.0,104600.0,500.0,0.0,0.0,30.85300064086914,1.0,0,1.5236049699194638,1046.0,13600.0,12.914,81.0,jackson,0.8129460366360419,0.82583529068051,-0.5507227415989988,-0.40304017684533,0.5886142446091295,2.0612673768065743,1.5157494928061805,-1.17870913322424,-1.367421798162204,1.2619193268418796,-0.4119706635019136,0.0,False,-0.1574019634320291,28.4
2002,00-0006305,A.Green,GB,RB,-1.218000054359436,-0.004,9.0,1633.0,2.0,28.7,22.0,12.0,13.724,-2.510999917984009,1.0,0,-0.029282797877364534,1633.0,13.0,4.761,343.0,green,-0.9039896773742007,-1.01770662354672,0.3249436752089896,0.988391783665788,-0.659689961178059,-0.38929291060711385,-0.3730073027517037,1.400891889301227,0.774675991312616,-0.912123488438997,-0.575153486891997,0.0,False,-0.008439689853530746,39.1
2002,00-0015091,A.Smith,NE,RB,3.818000078201294,0.013,8.0,1225.0,1.0,23.4,21.6,9.0,13.607,6.323999881744385,2.0,0,0.08907042086963922,1225.0,7.1,4.313,284.0,smith,-0.8112765620186482,-0.9885905515737125,0.09098422905851715,-0.06101536672333244,-0.03472052427252944,-0.389444309398554,-0.37534097866230015,0.6646567357998522,0.7536391146357169,-0.32978261902322725,0.13883015200841303,0.0,False,-0.002187853586910083,39.4
2002,00-0020403,A.Thomas,CHI,RB,-32.80799865722656,-0.138,6.0,884.0,3.0,19.5,20.0,4.0,8.781,0.0,0.0,0,0.0,884.0,7.7,3.714,238.0,thomas,-1.4855637654312848,-1.2472097790986625,-0.3769346632424277,-0.9380934017299257,-1.2846593980835885,-0.3895557160564062,-0.3846756823046864,-0.5624018533691059,-0.11408709769517136,-0.7466160851013436,-1.289137125792407,0.0,False,-0.7916936499577925,5.7
2002,00-0016550,A.Toomer,NYG,WR,134.16400146484375,1.616,8.0,1345.0,0.0,22.6,24.2,10.0,11.034,44.60300064086914,4.0,0,2.1495421995599586,1345.0,24.7,16.205,83.0,toomer,1.5884024579558518,1.7568837644693007,0.09098422905851715,0.2476337951558206,0.5902489126330002,-0.3894671620463186,-0.36017208524342265,0.9100684536336439,0.2910076301087018,2.1932991113375255,1.566797429809233,0.0,False,0.8549898115525605,76.0
2002,00-0018501,A.Zereoue,PIT,RB,-19.979999542236328,-0.085,4.0,1103.0,1.0,18.5,10.0,10.0,13.0,-3.7890000343322754,2.0,0,-0.06422033956495382,1103.0,9.6,4.674,236.0,zereoue,-1.249399402757954,-1.156436142947521,-0.8448535555433726,-0.37480868130047135,-0.03472052427252944,-0.38958428186611194,-0.44301758006959996,0.9100684536336439,0.6444990792265066,-0.996360241776624,0.13883015200841303,0.0,False,-0.2633169987725222,28.2
2002,00-0005231,B.Finneran,,WR,72.7300033569336,1.299,6.0,838.0,0.0,83800.0,600.0,0.0,0.0,20.215999603271484,2.0,0,1.443999971662249,838.0,10100.0,14.964,56.0,finneran,0.45739824758954467,1.2139546576785112,-0.3769346632424277,-1.056408913783601,0.5902489126330002,2.0037021039912775,2.9991543880603007,-1.5440487247042722,-1.6929316626511457,0.5858800158538467,0.13883015200841303,0.0,False,-0.0584635489128431,37.0
2002,00-0020446,C.Chambers,MIA,WR,69.03800201416016,1.19,3.0,812.0,0.0,15.0,7.3,9.0,13.034,23.83699989318848,1.0,0,1.643931027116447,812.0,22.5,14.0,58.0,chambers,0.38942824413933513,1.0272692550280504,-1.0788130016938449,-1.1232828988574175,0.5902489126330002,-0.38968426220008184,-0.45876989246612665,0.6646567357998522,0.6506123596283406,0.8245508143579783,-0.575153486891997,0.0,False,-0.11999409472418762,34.4
2002,00-0004304,C.Dillon,CIN,RB,-6.414999961853027,-0.018,7.0,1598.0,2.0,29.7,25.0,2.0,10.333,-5.160999774932861,0.0,0,-0.05750417576526865,1598.0,10.8,4.451,359.0,dillon,-0.9996668098688827,-1.0416845651715498,-0.14297521709195526,0.8983691114510349,-0.659689961178059,-0.3892643447974081,-0.3555047334222296,-1.053225289036689,0.16496617241206832,-1.0867927873216863,-1.289137125792407,0.0,False,-0.595982331037217,14.0
2002,00-0005779,C.Garner,LV,RB,96.5719985961914,0.354,11.0,1903.0,0.0,30.2,23.9,0.0,0.0,19.584999084472656,3.0,0,0.2869596935453869,1903.0,18.2,6.971,273.0,garner,0.8963310507544751,-0.40455640199750076,0.7928625675099344,1.6828523978938823,0.5902489126330002,-0.3892500618925553,-0.3619223421763701,-1.5440487247042722,-1.6929316626511457,0.5442889123961638,0.852813790908823,0.0,False,0.10648609368681972,44.0
2002,00-0020397,C.Johnson,,WR,104.98500061035156,1.522,5.0,1166.0,0.0,116600.0,500.0,0.0,0.0,30.572999954223636,0.0,0,1.7723478234332544,1166.0,13700.0,16.899,69.0,johnson,1.051215007405348,1.595889013559729,-0.6108941093929001,-0.21276787131391603,0.5902489126330002,2.9406606623379576,2.4157354104111652,-1.5440487247042722,-1.6929316626511457,1.2685404262251432,-1.289137125792407,0.0,False,-0.24821127761473513,28.9
2002,00-0010442,C.Martin,NYJ,RB,7.38100004196167,0.024,7.0,1456.0,0.0,28.0,18.9,9.0,13.808,7.38700008392334,2.0,0,0.09500964738165067,1456.0,11.6,4.682,311.0,martin,-0.7456814829962866,-0.9697507402970604,-0.14297521709195526,0.5331342698940372,0.5902489126330002,-0.38931290667390783,-0.39109329105882695,0.6646567357998522,0.7897793899524407,-0.2597171435327737,0.13883015200841303,0.0,False,0.017101820022547294,40.2
2002,00-0021179,C.Portis,DEN,RB,67.66200256347656,0.221,17.0,1872.0,3.0,29.7,41.5,9.0,13.517,23.920000076293945,7.0,0,0.312679739559398,1872.0,8.9,6.118,306.0,portis,0.3640959978243344,-0.632346847433384,2.196619244412769,1.603118031075101,-1.2846593980835885,-0.3892643447974081,-0.2592406021101222,0.6646567357998522,0.7374569018073333,0.8300216009892117,3.708748346510463,0.0,False,1.4185135868561103,100.0
2002,00-0004541,D.Driver,GB,WR,97.86599731445312,1.255,9.0,1134.0,0.0,20.0,22.0,12.0,13.724,17.541000366210938,2.0,0,0.8995384803185096,1134.0,19.8,14.538,78.0,driver,0.9201536578391045,1.138595412571903,0.3249436752089896,-0.2950743144816902,0.5902489126330002,-0.3895414331515534,-0.3730073027517037,1.400891889301227,0.774675991312616,0.40956293416650497,0.13883015200841303,0.0,False,0.4793230749764054,59.9
2002,00-0019663,D.Jackson,SEA,WR,58.70700073242188,0.903,4.0,880.0,0.0,15.2,11.1,7.0,13.148,18.972000122070312,2.0,0,1.1675076998197116,880.0,19.4,13.538,65.0,jackson,0.1992337865619235,0.5357214517190396,-0.8448535555433726,-0.9483817071258974,0.5902489126330002,-0.3896785490381407,-0.4365999713154595,0.173833300132269,0.6711098292109599,0.5038843445627476,0.13883015200841303,0.0,False,-0.03433277159247247,38.0
2002,00-0010500,D.Mason,,WR,93.64700317382812,1.185,5.0,1012.0,0.0,101200.0,500.0,0.0,0.0,19.857999801635746,1.0,0,1.0054683443866201,1012.0,12600.0,12.81,79.0,mason,0.8424816800496066,1.0187057044477543,-0.6108941093929001,-0.6088676290588291,0.5902489126330002,2.500747192870309,2.4157354104111652,-1.5440487247042722,-1.6929316626511457,0.5622831940699189,-0.575153486891997,0.0,False,-0.24339076594911765,29.1
2002,00-0020527,D.McAllister,NO,RB,1.934999942779541,0.005,16.0,1740.0,3.0,33.5,38.1,9.0,14.897,-9.281999588012695,4.0,0,-0.09874467646822016,1740.0,14.1,4.628,376.0,mcallister,-0.8459427264695032,-1.0022922325021866,1.9626597982622966,1.2636039530080327,-1.2846593980835885,-0.3891557947205265,-0.2790768473501928,0.6646567357998522,0.9855841651758841,-1.3584200276624174,1.566797429809233,0.0,False,0.722146420784795,70.3
2002,00-0012642,D.Patten,NE,WR,67.27799987792969,1.068,5.0,830.0,0.0,15.8,13.5,9.0,13.607,7.642000198364258,1.0,0,0.48520636180090526,830.0,20.4,13.175,63.0,patten,0.35702648147310145,0.8183186208688196,-0.6108941093929001,-1.0769855245755446,0.5902489126330002,-0.3896614095523173,-0.4225979158518802,0.6646567357998522,0.7536391146357169,-0.24290933462380124,-0.575153486891997,0.0,False,-0.08305084170461549,35.9
2002,00-0015523,D.Staley,PHI,RB,8.10200023651123,0.025,8.0,1570.0,0.0,29.0,20.5,12.0,13.833,-2.743000030517578,4.0,0,-0.0341806857385368,1570.0,12.8,4.891,321.0,staley,-0.7324078188880493,-0.9680380301810012,0.09098422905851715,0.8263509736792326,0.5902489126330002,-0.38928434086420216,-0.3817585874164407,1.400891889301227,0.7942744490714363,-0.9274152994519987,1.566797429809233,0.0,False,0.4441500862572546,58.4
2002,00-0005883,E.George,TEN,RB,-9.996000289916992,-0.026,14.0,1420.0,1.0,28.5,37.8,11.0,14.68,-1.371999979019165,5.0,0,-0.014404199254794383,1420.0,9.3,3.727,381.0,george,-1.065593276859511,-1.055386246100024,1.4947409059613517,0.4405395213302913,-0.03472052427252944,-0.389298623769055,-0.2808271042831402,1.1554801714674354,0.9465670520230032,-0.8370486463612772,2.280781068709643,0.0,False,0.8109612802532479,74.1
2002,00-0008241,E.James,IND,RB,-31.777000427246094,-0.094,3.0,1343.0,1.0,23.9,7.9,10.0,11.633,-4.852000236511231,0.0,0,-0.05725074025381984,1343.0,13.5,3.962,339.0,james,-1.4665830157665811,-1.1718505339920544,-1.0788130016938449,0.24248964245783472,-0.03472052427252944,-0.3894300264937012,-0.45526937860023176,0.9100684536336439,0.39870924659983337,-1.0664257172670777,-1.289137125792407,0.0,False,-0.6204559081598895,13.0
2002,00-0010650,E.McCaffrey,DEN,WR,70.36699676513672,0.991,2.0,925.0,1.0,14.7,4.9,9.0,13.517,14.05500030517578,0.0,0,0.7918310031084946,925.0,19.0,13.028,71.0,mccaffrey,0.4138951306387127,0.6864399419322555,-1.3127724478443175,-0.832638271421215,-0.03472052427252944,-0.38969283194299353,-0.47277194792970584,0.6646567357998522,0.7374569018073333,0.1797903985305621,-1.289137125792407,0.0,False,-0.37415914656687976,23.5
2002,00-0011770,E.Moulds,BUF,WR,117.43800354003906,1.163,10.0,1299.0,0.0,21.9,24.4,8.0,14.037,29.084999084472656,3.0,0,1.1518811518603032,1299.0,29.9,12.861,101.0,moulds,1.280475664028102,0.9810260818944504,0.558903121359462,0.12931828310214527,0.5902489126330002,-0.3894871581131126,-0.35900524728812444,0.4192450179660606,0.8309541314824396,1.1704619044566602,0.852813790908823,0.0,False,0.6430301519849728,66.9
2002,00-0015165,E.Smith,DAL,RB,-34.57099914550781,-0.129,5.0,1053.0,1.0,23.0,23.8,5.0,7.483,-14.350000381469728,2.0,0,-0.21338290530066512,1053.0,5.4,3.914,269.0,smith,-1.5180207279688933,-1.231795388054129,-0.6108941093929001,-0.5034124987501185,-0.03472052427252944,-0.3894557357224363,-0.3625057611540192,-0.31699013553531424,-0.3474705671534171,-1.69246689298915,0.13883015200841303,0.0,False,-0.5071935113994018,17.8
2002,00-0016098,F.Taylor,JAX,RB,-69.4000015258789,-0.206,8.0,1722.0,2.0,36.2,22.9,6.0,12.615,-4.333000183105469,2.0,0,-0.05143026923567322,1722.0,13.2,5.11,337.0,taylor,-2.1592251025542066,-1.363674066990693,0.09098422905851715,1.2173065787261597,-0.659689961178059,-0.38907866703432115,-0.36775653195286145,-0.07157841770152262,0.5752751687939762,-1.0322168944964836,0.13883015200841303,0.0,False,-0.1561657941284222,32.8
2002,00-0007180,G.Hearst,SF,RB,7.242000102996826,0.028,9.0,1289.0,2.0,23.5,24.3,10.0,13.107,-12.824999809265137,1.0,0,-0.19505703131962185,1289.0,12.5,4.901,263.0,hearst,-0.7482404816135303,-0.9628998998328233,0.3249436752089896,0.10359751961221585,-0.659689961178059,-0.38944145281758347,-0.35958866626577357,0.9100684536336439,0.6637379322558072,-1.5919496118111165,-0.575153486891997,0.0,False,-0.14567325533652925,33.3
2002,00-0017162,H.Ward,PIT,WR,115.7490005493164,0.941,12.0,1451.0,0.0,24.3,30.0,10.0,13.0,18.44099998474121,1.0,0,0.59970731657695,1451.0,29.8,11.797,123.0,ward,1.2493810006061776,0.6008044361292918,1.026822013660407,0.5202738881490725,0.5902489126330002,-0.38941860016981894,-0.3263337845397728,0.9100684536336439,0.6444990792265066,0.4688845609021267,-0.575153486891997,0.0,False,0.4054801143864021,56.8
2002,00-0002099,I.Bruce,LA,WR,68.19300079345703,0.832,7.0,1093.0,0.0,18.7,20.0,0.0,0.0,15.300999641418455,2.0,0,0.7463902264106563,1093.0,21.0,13.329,82.0,bruce,0.37387171244981043,0.4141190334788312,-0.14297521709195526,-0.4005294447904008,0.5902489126330002,-0.38957856870417074,-0.3846756823046864,-1.5440487247042722,-1.6929316626511457,0.2619178861600851,0.13883015200841303,0.0,False,-0.31031629887627454,26.2
2002,00-0001215,J.Bettis,PIT,RB,0.7289999723434448,0.004,9.0,743.0,1.0,12.4,22.5,10.0,13.0,-4.460000038146973,2.0,0,-0.09148718026968149,743.0,1.6,3.81,195.0,bettis,-0.8681452704398466,-1.0040049426182458,0.3249436752089896,-1.3007561669379306,-0.03472052427252944,-0.3897585333053166,-0.370090207863458,0.9100684536336439,0.6444990792265066,-1.0405878291514927,0.13883015200841303,0.0,False,-0.059999080144289285,36.9
2002,00-0005720,J.Galloway,DAL,WR,67.7040023803711,1.042,6.0,939.0,0.0,20.5,28.6,5.0,7.483,0.7870000004768372,0.0,0,0.048430769260113055,939.0,26.8,14.446,65.0,galloway,0.36486921739664496,0.7737881578512784,-0.3769346632424277,-0.7966292025353139,0.5902489126330002,-0.38952715024670054,-0.3345016502268607,-0.31699013553531424,-0.3474705671534171,-0.6947425961486917,-1.289137125792407,0.0,False,-0.4158569018916331,21.7
2002,00-0007744,J.Horn,NO,WR,127.2519989013672,1.43,7.0,1314.0,0.0,25.3,16.7,9.0,14.897,21.374000549316406,0.0,0,0.9606292381715239,1314.0,28.7,14.764,89.0,horn,1.461152006379787,1.4383196828822757,-0.14297521709195526,0.1678994283370394,0.5902489126330002,-0.3893900343601132,-0.4039285085671078,0.6646567357998522,0.9855841651758841,0.662207270295303,-1.289137125792407,0.0,False,0.12189012129416471,44.7
2002,00-0019693,J.Lewis,BAL,RB,-9.045000076293944,-0.025,7.0,1769.0,6.0,36.6,24.1,7.0,11.286,-6.1579999923706055,2.0,0,-0.06938591540699274,1769.0,12.7,4.983,355.0,lewis,-1.048085296282085,-1.0536735359839648,-0.14297521709195526,1.338194167128828,-3.1595677088001772,-0.3890672407104389,-0.36075550422107183,0.173833300132269,0.3363178260281761,-1.1525080093467346,0.13883015200841303,0.0,False,-0.17208341395590515,32.1
2002,00-0013639,J.Rice,LV,WR,110.90799713134766,1.18,7.0,1224.0,0.0,19.5,15.2,0.0,0.0,20.729999542236328,0.0,0,0.8821276400951629,1224.0,24.5,13.021,94.0,rice,1.160257788431332,1.0101421538674578,-0.14297521709195526,-0.06358744307232538,0.5902489126330002,-0.3895557160564062,-0.4126797932318449,-1.5440487247042722,-1.6929316626511457,0.6197592663486393,-1.289137125792407,0.0,False,-0.48076045254826305,19.0
2002,00-0021148,J.Shockey,,WR,66.11199951171875,0.893,2.0,894.0,0.0,89400.0,200.0,0.0,0.0,23.106000900268555,1.0,0,1.248973021636138,894.0,12800.0,12.081,74.0,shockey,0.3355603330196537,0.5185943505584469,-1.3127724478443175,-0.9123726382399963,0.5902489126330002,2.1636706383431497,0.6654784774637579,-1.5440487247042722,-1.6929316626511457,0.7763685168222015,-0.575153486891997,0.0,False,-0.5587121587993671,15.6
2002,00-0015218,J.Smith,JAX,WR,55.41999816894531,0.684,7.0,1029.0,0.0,21.6,20.0,6.0,12.615,6.611999988555908,2.0,0,0.32651851795337816,1029.0,31.8,12.704,81.0,smith,0.13871983902025814,0.1606379363020591,-0.14297521709195526,-0.565142331125949,0.5902489126330002,-0.38949572785602427,-0.3846756823046864,-0.07157841770152262,0.5752751687939762,-0.3107996833815521,0.13883015200841303,0.0,False,0.01440293207843878,40.1
2002,00-0015698,J.Stewart,DET,RB,-1.4270000457763672,-0.005,6.0,1354.0,0.0,29.7,22.2,3.0,10.552,-0.781000018119812,1.0,0,-0.011277978601008116,1354.0,12.5,4.888,277.0,stewart,-0.9078373818625829,-1.0194193336627793,-0.3769346632424277,0.2707824822967571,0.5902489126330002,-0.3892643447974081,-0.37184046479640537,-0.8078135712028974,0.20434289029446864,-0.7980940975376999,-0.575153486891997,0.0,False,-0.45293096813325484,20.2
2002,00-0021223,J.Wells,HOU,RB,-54.77899932861328,-0.266,3.0,577.0,1.0,15.5,20.0,4.0,7.345,-19.76499938964844,1.0,0,-0.38378639591550373,577.0,2.8,2.801,206.0,wells,-1.8900514274852995,-1.4664366739542494,-1.0788130016938449,-1.727720840870759,-0.03472052427252944,-0.389669979295229,-0.3846756823046864,-0.5624018533691059,-0.37228329349027217,-2.0493854330897694,-0.575153486891997,0.0,False,-0.9252071218378461,0.0
2002,00-0008560,K.Johnson,,WR,60.41400146484375,0.902,4.0,703.0,0.0,70300.0,400.0,0.0,0.0,17.784000396728516,2.0,0,1.0617313669688666,703.0,12000.0,10.493,67.0,johnson,0.23065978966978437,0.5340087416029804,-0.8448535555433726,-1.4036392208976483,0.5902489126330002,1.6180636729644426,1.8323164327620294,-1.5440487247042722,-1.6929316626511457,0.4255797821854506,0.13883015200841303,0.0,False,-0.33413387149724283,25.2
2002,00-0008561,K.Johnson,,WR,98.8249969482422,1.3,5.0,1088.0,0.0,108800.0,500.0,0.0,0.0,27.003999710083008,1.0,0,1.4212631426359479,1088.0,14400.0,14.316,76.0,johnson,0.9378089083023742,1.2156673677945706,-0.6108941093929001,-0.4133898265353655,0.5902489126330002,2.717847346633564,2.4157354104111652,-1.5440487247042722,-1.6929316626511457,1.0332971039579666,-0.575153486891997,0.0,False,-0.17466947433267954,32.0
2002,00-0010668,K.McCardell,TB,WR,57.6259994506836,0.929,6.0,673.0,0.0,13.1,20.7,12.0,12.357,10.614999771118164,2.0,0,0.6848386949108493,673.0,18.3,10.855,62.0,mccardell,0.1793324772102219,0.5802519147365808,-0.3769346632424277,-1.4808015113674364,0.5902489126330002,-0.38973853723852264,-0.38059174946114244,1.400891889301227,0.5288861586859427,-0.04695017274318122,0.13883015200841303,0.0,False,0.11689883916640074,44.5
2002,00-0020490,K.Robinson,SEA,WR,99.79499816894533,1.16,5.0,1296.0,0.0,22.4,13.9,7.0,13.148,35.27199935913086,2.0,0,1.6405581097270168,1296.0,24.4,15.07,86.0,robinson,0.9556666987517057,0.9758879515462723,-0.6108941093929001,0.12160205405516644,0.5902489126330002,-0.38947287520825974,-0.42026423994128365,0.173833300132269,0.6711098292109599,1.5782653227579064,0.13883015200841303,0.0,False,0.21395031919809293,48.6
2002,00-0018958,L.Coles,NYJ,WR,114.90499877929688,1.21,5.0,1303.0,0.0,25.1,13.5,9.0,13.808,38.08700180053711,2.0,0,1.6036632337068257,1303.0,28.0,13.716,95.0,coles,1.233842868873778,1.061523457349236,-0.6108941093929001,0.13960658849811705,0.5902489126330002,-0.38939574752205436,-0.4225979158518802,0.6646567357998522,0.7897793899524407,1.763810428167691,0.13883015200841303,0.0,False,0.30843157213821626,52.6
2002,00-0015242,L.Smith,CAR,RB,-29.23900032043457,-0.128,7.0,904.0,1.0,20.3,26.9,7.0,8.062,0.0,0.0,0,0.0,904.0,5.8,3.948,229.0,smith,-1.4198582559410544,-1.2300826779380698,-0.14297521709195526,-0.8866518747500668,-0.03472052427252944,-0.3895328634086417,-0.344419772846896,0.173833300132269,-0.24336499795748173,-0.7466160851013436,-1.289137125792407,0.0,False,-0.645657588774466,11.9
2002,00-0020536,L.Tomlinson,LAC,RB,15.916999816894531,0.035,15.0,2192.0,0.0,40.9,41.7,0.0,0.0,-13.135000228881836,2.0,0,-0.11649667608764377,2192.0,19.2,4.86,451.0,tomlinson,-0.5885331289500951,-0.9509109290204084,1.728700352111824,2.4261824627528426,0.5902489126330002,-0.3889444077287044,-0.2580737641548239,-1.5440487247042722,-1.6929316626511457,-1.6123826528944216,0.13883015200841303,0.0,False,-0.028535064465379432,38.3
2002,00-0020514,M.Bennett,MIN,RB,15.97700023651123,0.055,6.0,1647.0,2.0,28.0,14.0,6.0,13.0,6.0,1.0,0,0.0821917808219178,1647.0,7.5,5.64,292.0,bennett,-0.587428517020215,-0.9166567266992229,-0.3769346632424277,1.024400852551689,-0.659689961178059,-0.38931290667390783,-0.4196808209636345,-0.07157841770152262,0.6444990792265066,-0.35113840590524076,-0.575153486891997,0.0,False,-0.2636176707114577,28.2
2002,00-0001477,M.Booker,,WR,96.54399871826172,0.985,7.0,1219.0,0.0,121900.0,700.0,0.0,0.0,12.565999984741213,1.0,0,0.5128979585608658,1219.0,16900.0,12.439,98.0,booker,0.8958155710396014,0.6761636812358999,-0.14297521709195526,-0.0764478248172901,0.5902489126330002,3.092059453778122,3.5825733657094365,-1.5440487247042722,-1.6929316626511457,0.08164600002260947,-0.575153486891997,0.0,False,-0.10419902165319578,35.0
2002,00-0005092,M.Faulk,LA,RB,12.211000442504885,0.042,10.0,1490.0,2.0,25.5,28.6,0.0,0.0,-6.301000118255615,0.0,0,-0.08631507011309061,1490.0,16.5,5.103,292.0,faulk,-0.6567608371433196,-0.9389219582079935,0.558903121359462,0.6205848657597972,-0.659689961178059,-0.38938432119817207,-0.3345016502268607,-1.5440487247042722,-1.6929316626511457,-1.1619335689983603,-1.289137125792407,0.0,False,-0.7058625712167486,9.4
2002,00-0007024,M.Harrison,IND,WR,157.33900451660156,1.085,11.0,1732.0,0.0,30.9,28.9,10.0,11.633,37.44900131225586,3.0,0,1.033075898269127,1732.0,34.9,11.945,145.0,harrison,2.015055888207125,0.847434692841827,0.7928625675099344,1.2430273422160891,0.5902489126330002,-0.38923006582576136,-0.3327513932939133,0.9100684536336439,0.39870924659983337,1.7217579360957826,0.852813790908823,0.0,False,0.8064940977584285,73.9
2002,00-0011795,M.Muhammad,CAR,WR,68.75,1.042,3.0,863.0,0.0,19.3,11.5,7.0,8.062,23.51300048828125,2.0,0,1.425030332623106,863.0,24.1,13.076,66.0,muhammad,0.3841261068759104,0.7737881578512784,-1.0788130016938449,-0.9921070050587775,0.5902489126330002,-0.38956142921834735,-0.43426629540486295,0.173833300132269,-0.24336499795748173,0.8031950589057066,0.13883015200841303,0.0,False,-0.13437250322721325,33.7
2002,00-0013013,M.Pittman,TB,RB,-13.355999946594238,-0.051,1.0,1195.0,2.0,23.3,3.4,12.0,12.357,4.874000072479248,1.0,0,0.0741292786688859,1195.0,15.6,4.544,263.0,pittman,-1.1274511060025245,-1.098203999001506,-1.5467318939947898,-0.1381776571931207,-0.659689961178059,-0.3894471659795246,-0.4815232325944429,1.400891889301227,0.5288861586859427,-0.42535637892372197,-0.575153486891997,0.0,False,-0.4828882199952858,18.9
2002,00-0020022,M.Shipp,ARI,RB,6.883999824523926,0.03,9.0,1247.0,3.0,27.2,34.6,5.0,9.357,-2.694999933242798,3.0,0,-0.04769911386270439,1247.0,9.2,5.518,226.0,shipp,-0.7548312918283229,-0.9594744796007048,0.3249436752089896,-0.004429687045487715,-1.2846593980835885,-0.38933575932167236,-0.29949651156791257,-0.31699013553531424,-0.0105209355935156,-0.9242514716067626,0.852813790908823,0.0,False,-0.025521631973324438,38.4
2002,00-0019642,P.Burress,,WR,113.41100311279295,1.454,7.0,1325.0,0.0,132500.0,700.0,0.0,0.0,38.69100189208984,1.0,0,1.9841539431840942,1325.0,14500.0,16.987,78.0,burress,1.2063383039565325,1.4794247256676984,-0.14297521709195526,0.19619226817596178,0.5902489126330002,3.394857036658452,3.5825733657094365,-1.5440487247042722,-1.6929316626511457,1.8036218539079418,-0.575153486891997,0.0,False,0.10703376753915606,44.0
2002,00-0007661,P.Holmes,KC,RB,81.6760025024414,0.213,24.0,2287.0,1.0,38.7,46.2,8.0,16.679,13.762999534606934,2.0,0,0.14373889853375388,2287.0,17.3,5.971,383.0,holmes,0.6220947187801434,-0.6460485283618581,3.834335367466076,2.670529715907172,-0.03472052427252944,-0.3890072525100569,-0.23181991016061282,0.4192450179660606,1.305991979177882,0.16054376735255532,0.13883015200841303,0.12,False,1.0815507803362552,85.6
2002,00-0013232,P.Price,BUF,WR,107.14600372314452,1.105,9.0,1239.0,0.0,20.9,22.0,8.0,14.037,15.177000045776367,0.0,0,0.6258556719907781,1239.0,24.6,12.773,97.0,price,1.090999226151626,0.8816888951630125,0.3249436752089896,-0.02500629783743125,0.5902489126330002,-0.38951572392281825,-0.3730073027517037,0.4192450179660606,0.8309541314824396,0.25374470744245375,-1.289137125792407,0.0,False,0.06065049464744021,42.1
2002,00-0020525,R.Gardner,WAS,WR,97.9250030517578,1.36,8.0,1007.0,0.0,18.9,23.5,7.0,10.964,23.847999572753903,2.0,0,1.3248888651529946,1007.0,25.7,13.986,72.0,gardner,0.9212399575979144,1.318429974758127,0.09098422905851715,-0.6217280108037938,0.5902489126330002,-0.38957285554222965,-0.3642560180869666,0.173833300132269,0.2784214645755144,0.8252758356490506,0.13883015200841303,0.0,False,0.2696034282021415,51.0
2002,00-0011754,R.Moss,MIN,WR,115.9290008544922,1.035,7.0,1398.0,0.0,23.8,16.3,6.0,13.0,39.59299850463867,3.0,0,1.4140356608799525,1398.0,33.8,12.482,112.0,moss,1.2526948188386073,0.7617991870388633,-0.14297521709195526,0.38395384165244656,0.5902489126330002,-0.3894328830746718,-0.4062621844777044,-0.07157841770152262,0.6444990792265066,1.8630751084035353,0.852813790908823,0.0,False,0.45046038109591646,58.7
2002,00-0015290,R.Smith,DEN,WR,76.12100219726562,0.801,5.0,1036.0,0.0,16.4,12.2,9.0,13.517,18.084999084472656,1.0,0,0.7614736456620066,1036.0,27.1,10.905,95.0,smith,0.5198267738760175,0.3610250198809939,-0.6108941093929001,-0.5471377966829984,0.5902489126330002,-0.3896442700664939,-0.430182362561319,0.6646567357998522,0.7374569018073333,0.44541949259713814,-0.575153486891997,0.0,False,-0.06869912987972518,36.5
2002,00-0017915,R.Williams,MIA,RB,8.057000160217285,0.019,17.0,2226.0,5.0,41.1,41.5,9.0,13.034,1.968000054359436,4.0,0,0.018264501664588734,2226.0,13.5,5.165,431.0,williams,-0.7332362734461567,-0.9783142908773568,2.196619244412769,2.5136330586186024,-2.5345982718946476,-0.3889386945667633,-0.2592406021101222,0.6646567357998522,0.6506123596283406,-0.6168994027420313,1.566797429809233,0.0,False,0.8271438004673564,74.8
2002,00-0019647,S.Alexander,SEA,RB,4.3420000076293945,0.012,18.0,1635.0,1.0,28.3,50.0,7.0,13.148,-2.400000095367432,5.0,0,-0.027118645145394714,1635.0,13.5,4.619,354.0,alexander,-0.8016296865967714,-0.9903032616897717,2.4305786905632414,0.9935359363637738,-0.03472052427252944,-0.38930433693099614,-0.20964998900994566,0.173833300132269,0.6711098292109599,-0.9048071630657332,2.280781068709643,0.0,False,0.9199367562011666,78.7
2002,00-0004052,S.Davis,WAS,RB,-7.242000102996826,-0.031,8.0,962.0,4.0,18.1,23.5,7.0,10.964,-0.5979999899864197,1.0,0,-0.010399999825850777,962.0,6.0,4.183,230.0,davis,-1.0148919404222323,-1.0639497966803204,0.09098422905851715,-0.7374714465084762,-1.9096288349891182,-0.38959570818999417,-0.3642560180869666,0.173833300132269,0.2784214645755144,-0.786032026467864,-0.575153486891997,0.0,False,-0.3845277941815263,23.1
2002,00-0000745,T.Barber,NYG,RB,-13.269000053405762,-0.036,11.0,1984.0,5.0,33.4,33.3,10.0,11.034,4.741000175476074,4.0,0,0.050841824938081225,1984.0,17.5,5.319,373.0,barber,-1.1258494318721066,-1.0725133472606168,0.7928625675099344,1.8911905821623105,-2.5345982718946476,-0.3891586513014971,-0.3070809582773513,0.9100684536336439,0.2910076301087018,-0.4341227940237446,1.566797429809233,0.0,False,0.47275839860066826,59.6
2002,00-0002058,T.Brown,LV,WR,75.47200012207031,0.867,2.0,949.0,0.0,15.1,4.3,0.0,0.0,15.845999717712402,0.0,0,0.7285517111591909,949.0,20.8,10.908,87.0,brown,0.5078786001906089,0.4740638875409058,-1.3127724478443175,-0.7709084390453844,0.5902489126330002,-0.38968140561911124,-0.47627246179560073,-1.5440487247042722,-1.6929316626511457,0.29784044704915663,-1.289137125792407,0.0,False,-0.8664929527838623,2.5
2002,00-0002068,T.Brown,NE,TE,60.51599884033203,0.605,3.0,904.0,0.0,17.3,8.1,9.0,13.607,13.29800033569336,1.0,0,0.5319200134277344,904.0,23.9,9.04,100.0,brown,0.23253756850034213,0.02533383713337651,-1.0788130016938449,-0.8866518747500668,0.5902489126330002,-0.38961856083775875,-0.45410254064493355,0.6646567357998522,0.7536391146357169,0.1298943000168241,-0.575153486891997,0.0,False,-0.24843356636202207,28.9
2002,00-0006043,T.Glenn,,WR,62.4109992980957,1.114,2.0,817.0,0.0,81700.0,200.0,0.0,0.0,15.3100004196167,1.0,0,1.09357145854405,817.0,10600.0,14.589,56.0,glenn,0.26742465972647594,0.8971032862075461,-1.3127724478443175,-1.1104225171124529,0.5902489126330002,1.9437139036093254,0.6654784774637579,-1.5440487247042722,-1.6929316626511457,0.2625111539722185,-0.575153486891997,0.0,False,-0.5593101310820042,15.6
2002,00-0020516,T.Heap,BAL,WR,79.9260025024414,1.11,6.0,874.0,0.0,18.1,20.7,7.0,11.286,26.5629997253418,1.0,0,1.4757222069634333,874.0,26.0,12.139,72.0,heap,0.5898770961428469,0.8902524457433091,-0.3769346632424277,-0.9638141652198551,0.5902489126330002,-0.38959570818999417,-0.38059174946114244,0.173833300132269,0.3363178260281761,1.004229495542805,-0.575153486891997,0.0,False,-0.05343230975870111,37.2
2002,00-0020471,T.Henry,BUF,RB,-17.981000900268555,-0.049,14.0,1747.0,8.0,29.5,34.1,8.0,14.037,-17.219999313354492,2.0,0,-0.18717390557994013,1747.0,9.8,4.747,368.0,henry,-1.2125976976725905,-1.0947785787693873,1.4947409059613517,1.2816084874509832,-4.409506582611237,-0.3892700579593493,-0.3024136064561582,0.4192450179660606,0.8309541314824396,-1.88163697913533,0.13883015200841303,0.0,False,0.15793540099581216,46.2
2002,00-0007681,T.Holt,LA,WR,111.11599731445312,1.195,4.0,1320.0,0.0,22.6,11.4,0.0,0.0,36.04399871826172,2.0,0,1.550279514763945,1320.0,25.9,14.194,93.0,holt,1.1640870863786352,1.035832805608347,-0.8448535555433726,0.18333188643099704,0.5902489126330002,-0.3894671620463186,-0.434849714382512,-1.5440487247042722,-1.6929316626511457,1.629150075239565,0.13883015200841303,0.0,False,-0.24634580326600491,29.0
2002,00-0012478,T.Owens,SF,WR,127.6269989013672,1.193,14.0,1379.0,0.0,25.1,37.8,10.0,13.107,15.807000160217283,3.0,0,0.5909158938398984,1379.0,28.5,12.888,107.0,owens,1.4680557826592076,1.0324073853762286,1.4947409059613517,0.33508439102158066,0.5902489126330002,-0.38939574752205436,-0.2808271042831402,0.9100684536336439,0.6637379322558072,0.29526987130118254,0.852813790908823,0.0,False,0.8542338646887081,75.9
2002,00-0019606,T.Pinkston,PHI,WR,69.3479995727539,1.137,7.0,783.0,0.0,14.5,17.9,12.0,13.833,16.895999908447266,2.0,0,1.1079344202260502,783.0,20.9,12.836,61.0,pinkston,0.3951353209171961,0.9364956188769092,-0.14297521709195526,-1.1978731129782128,0.5902489126330002,-0.3896985451049347,-0.39692748083531826,1.400891889301227,0.7942744490714363,0.3670490534803715,0.13883015200841303,0.0,False,0.2794717038969622,51.4
2002,00-0015811,T.Streets,,WR,65.74700164794922,0.913,5.0,756.0,0.0,75600.0,500.0,0.0,0.0,18.952999114990234,3.0,0,1.0529443952772353,756.0,10900.0,10.5,72.0,streets,0.3288406967691702,0.5528485528796323,-0.6108941093929001,-1.2673191744010222,0.5902489126330002,1.7694624644046073,2.4157354104111652,-1.5440487247042722,-1.6929316626511457,0.5026319321990113,0.852813790908823,0.0,False,-0.08396426615950159,35.9
2002,00-0019721,T.Taylor,BAL,WR,82.3740005493164,1.144,6.0,974.0,0.0,20.2,20.7,7.0,11.286,29.81399917602539,2.0,0,1.656333287556966,974.0,24.9,13.528,72.0,taylor,0.6349449117377369,0.9484845896893239,-0.3769346632424277,-0.7066065303205609,0.5902489126330002,-0.38953571998961223,-0.38059174946114244,0.173833300132269,0.3363178260281761,1.218512448513497,0.13883015200841303,0.0,False,0.13745881621160777,45.3
2002,00-0004640,W.Dunn,ATL,RB,-4.814000129699707,-0.017,9.0,1304.0,2.0,25.4,25.0,9.0,12.562,-1.1449999809265137,1.0,0,-0.01635714258466448,1304.0,14.3,4.657,280.0,dunn,-0.9701922907633451,-1.0399718550554906,0.3249436752089896,0.14217866484710998,-0.659689961178059,-0.38938717777914267,-0.3555047334222296,0.6646567357998522,0.5657456434617056,-0.8220864076240769,-0.575153486891997,0.0,False,-0.16533351738294455,32.4
2002,00-0021150,W.Green,CLE,RB,-30.292999267578125,-0.117,6.0,1011.0,1.0,19.5,16.2,9.0,12.741,3.931999921798706,4.0,0,0.06049230648921086,1011.0,5.0,3.888,260.0,green,-1.439262450420585,-1.211242866661418,-0.3769346632424277,-0.611439705407822,-0.03472052427252944,-0.3895557160564062,-0.40684560345535353,0.6646567357998522,0.5979302667537134,-0.4874463844893086,1.566797429809233,0.0,False,0.10208700890913874,43.8
2003,00-0022084,A.Boldin,ARI,WR,122.52100372314452,1.156,8.0,1417.0,0.0,31.6,36.4,4.0,8.333,32.0,2.0,0,1.2075471698113207,1417.0,31.7,13.368,106.0,boldin,1.449687220999177,0.8778006329906706,0.08816206014786242,0.48606746341659435,0.5674076795925728,-0.38525959082410854,-0.2885823531649147,-0.5607502500698546,-0.12364790076631622,1.5997159970709336,-0.03673591791853233,0.0,False,0.18997615184385147,39.9
2003,00-0006305,A.Green,GB,RB,42.34400177001953,0.105,20.0,2250.0,5.0,38.0,40.0,10.0,15.241,8.9350004196167,6.0,0,0.08824691772460938,2250.0,12.8,5.556,405.0,green,-0.1279898221638413,-0.9533631096121652,2.5441051642668855,2.3360690665862487,-2.406906769884623,-0.3850702333623328,-0.27362691927556293,0.8501697339768761,1.179372127915218,-0.1898706050953014,1.8735318138451447,0.0,False,1.0760867144723183,69.1
2003,00-0006627,A.Hakim,DET,TE,40.28200149536133,0.775,4.0,500.0,0.0,11.9,18.2,5.0,9.643,16.698999404907227,2.0,0,1.2845384157620943,500.0,18.8,9.615,52.0,hakim,-0.16856468050321938,0.2139819974705181,-0.7304856412251453,-1.5504889232659664,0.5674076795925728,-0.38584245676113704,-0.36419038004997084,-0.3255969193953995,0.12345057021990422,0.4125290834407983,-0.03673591791853233,0.0,False,-0.25738214192515374,25.1
2003,00-0022044,A.Johnson,HOU,WR,85.8550033569336,1.209,4.0,966.0,0.0,22.5,14.3,5.0,8.793,13.873000144958496,0.0,0,0.7815774729554082,966.0,27.8,13.606,71.0,johnson,0.7281947027805765,0.9701428578793011,-0.7304856412251453,-0.5155540528253194,0.5674076795925728,-0.38552883346507094,-0.3803921000967686,-0.3255969193953995,-0.0368804987406207,0.19326307410441756,-0.9918697838003708,0.0,False,-0.2949689754522773,23.9
2003,00-0015091,A.Smith,NE,RB,-27.535999298095703,-0.14,3.0,734.0,0.0,14.0,9.7,14.0,11.226,-15.053999900817873,1.0,0,-0.30722448777179334,734.0,3.0,3.745,196.0,smith,-1.5030483897793838,-1.380228111455833,-0.9351475665683971,-1.0308005977657275,0.5674076795925728,-0.38578032384399186,-0.3995018211776069,1.7907830566746965,0.42204360806050484,-2.051149354448645,-0.5143028508594516,0.0,False,-0.46719588169509263,18.2
2003,00-0020403,A.Thomas,CHI,RB,-5.196000099182129,-0.021,6.0,1060.0,0.0,24.0,25.0,7.0,9.759,-6.885000228881836,2.0,0,-0.10885375855939662,1060.0,2.8,4.19,253.0,thomas,-1.0634547030384887,-1.1728936819889086,-0.3211617905386414,-0.3067903665132576,0.5674076795925728,-0.3854844528099673,-0.33594122714786195,0.14470974195351075,0.14533104551334045,-1.417326131731979,-0.03673591791853233,0.0,False,-0.321226741703069,23.0
2003,00-0016550,A.Toomer,NYG,WR,91.87200164794922,1.435,5.0,1062.0,0.0,20.7,22.7,4.0,8.1,17.96299934387207,1.0,0,1.1226874589920044,1062.0,25.2,16.594,64.0,toomer,0.8465937429197479,1.36390404325346,-0.5258237158818934,-0.30234858595342645,0.5674076795925728,-0.3855820902511954,-0.3454960876882811,-0.5607502500698546,-0.16759747614020132,0.5106013746640021,-0.5143028508594516,0.0,False,-0.10782011903362232,30.1
2003,00-0020446,C.Chambers,MIA,WR,96.36900329589844,1.417,11.0,993.0,0.0,20.8,35.5,10.0,11.107,26.81100082397461,2.0,0,1.5771176955279183,993.0,29.5,14.603,68.0,chambers,0.9350831612093428,1.332542532913925,0.7021478361776181,-0.4555900152675995,0.5674076795925728,-0.38557913154085516,-0.2923212116372526,0.8501697339768761,0.3995972584060311,1.1971075612153994,-0.03673591791853233,0.0,False,0.46635402269251236,49.0
2003,00-0020397,C.Johnson,,WR,135.9080047607422,1.51,10.0,1355.0,0.0,135500.0,1000.0,0.0,0.0,23.246999740600582,1.0,0,1.033199988471137,1355.0,15400.0,15.056,90.0,johnson,1.7131089466726468,1.4945770030015213,0.4974859108343662,0.34837226606183014,0.5674076795925728,3.6228579677416666,3.714488784551574,-1.501363572767675,-1.695458250940495,0.9205808451977393,-0.5143028508594516,0.0,False,0.26046573652014426,42.2
2003,00-0010442,C.Martin,NYJ,RB,-30.44300079345703,-0.083,2.0,1570.0,2.0,30.7,7.4,6.0,10.481,-1.116000056266785,1.0,0,-0.01223013760292367,1570.0,10.8,4.301,365.0,martin,-1.560250697323304,-1.280916662047306,-1.139809491911649,0.8258636762436737,-0.6223181001983055,-0.38528621921717077,-0.4090566817180261,-0.09044358872094437,0.28151814173628015,-0.9697160903432409,-0.5143028508594516,0.0,False,-0.5644611782590552,15.0
2003,00-0021179,C.Portis,DEN,RB,44.19499969482422,0.135,14.0,1900.0,1.0,34.0,35.9,10.0,14.111,17.503999710083008,7.0,0,0.21346341109857325,1900.0,11.1,5.793,328.0,portis,-0.09156694700303067,-0.9010939257129406,1.316133612207374,1.5587574686158059,-0.02745521030286639,-0.3851885817759427,-0.290659496760658,0.8501697339768761,0.9662261185912268,0.47498812471940943,2.351098746786064,0.0,False,0.951194861133868,65.0
2003,00-0001532,D.Boston,LAC,WR,69.5479965209961,0.953,7.0,898.0,0.0,17.4,18.9,0.0,0.0,4.98199987411499,1.0,0,0.27298629447205425,898.0,22.9,12.301,73.0,boston,0.40731477835034835,0.5241124886059174,-0.1164998651953895,-0.6665745918595769,0.5674076795925728,-0.38567972769242354,-0.36128237901593024,-1.501363572767675,-1.695458250940495,-0.4965793388167748,-0.5143028508594516,0.0,False,-0.47786391332286404,17.9
2003,00-0021192,D.Branch,NE,WR,76.03700256347656,1.311,3.0,814.0,0.0,15.5,9.7,14.0,11.226,14.295000076293944,0.0,0,0.9858620742271685,814.0,19.7,14.034,58.0,branch,0.5350017162100712,1.1478580831366645,-0.9351475665683971,-0.8531293753724832,0.5674076795925728,-0.38573594318888815,-0.3995018211776069,1.7907830566746965,0.42204360806050484,0.22600555999092448,-0.9918697838003708,0.0,False,-0.075426789137742,31.1
2003,00-0021979,D.Davis,HOU,RB,-9.704999923706056,-0.034,8.0,1382.0,2.0,32.2,28.6,5.0,8.793,-11.934000015258787,3.0,0,-0.1674947370562637,1382.0,15.9,4.849,285.0,davis,-1.1521802145628095,-1.1955436616785726,0.08816206014786242,0.40833630361955003,-0.6223181001983055,-0.38524183856206706,-0.3209857932585101,-0.3255969193953995,-0.0368804987406207,-1.80907217710044,0.4408310150223869,0.0,False,-0.20573092867708634,26.8
2003,00-0019663,D.Jackson,,WR,103.03399658203124,1.515,9.0,1137.0,0.0,113700.0,900.0,0.0,0.0,19.575000762939453,1.0,0,1.1514706331140854,1137.0,13000.0,16.721,68.0,jackson,1.066233075077599,1.503288533651392,0.2928239854911143,-0.1357818149597601,0.5674076795925728,2.9778591135680443,3.2990600654029136,-1.501363572767675,-1.695458250940495,0.6356746976520273,-0.5143028508594516,0.0,False,0.10813153486358332,37.2
2003,00-0010500,D.Mason,TEN,WR,114.84700012207033,1.172,8.0,1314.0,0.0,23.7,20.0,12.0,15.536,32.15299987792969,3.0,0,1.3123673419563138,1314.0,27.3,13.408,98.0,mason,1.2986825810695943,0.9056775310702571,0.08816206014786242,0.25731576458529254,0.5674076795925728,-0.385493328940988,-0.3567126631052949,1.3204763953257863,1.2350164400838708,1.6115870803857977,0.4408310150223869,0.0,False,0.6162673166292023,53.9
2003,00-0020527,D.McAllister,NO,RB,1.6740000247955322,0.004,8.0,2152.0,4.0,39.5,22.9,8.0,10.968,-23.3799991607666,0.0,0,-0.22266665867396762,2152.0,16.5,5.124,420.0,mcallister,-0.9282707822370675,-1.1293360287395546,0.08816206014786242,2.1184218191545248,-1.8120438799891836,-0.38502585270722917,-0.34466523024998386,0.37986307262796587,0.37337841301131014,-2.6971539933528104,-0.9918697838003708,0.0,False,-0.3327521248293388,22.6
2003,00-0019660,D.White,CHI,WR,49.83399963378906,0.977,3.0,596.0,0.0,13.5,12.5,7.0,9.759,7.363999843597412,0.0,0,0.5775686151841107,596.0,21.4,11.686,51.0,white,0.01939405843969958,0.5659278357252971,-0.9351475665683971,-1.3372834563940736,0.5674076795925728,-0.3857951173956931,-0.38786981704144446,0.14470974195351075,0.14533104551334045,-0.31176272016087786,-0.9918697838003708,0.0,False,-0.4217836290892577,19.7
2003,00-0005883,E.George,TEN,RB,-36.24700164794922,-0.109,5.0,1194.0,0.0,21.5,12.5,12.0,15.536,-1.3769999742507937,0.0,0,-0.016491017655698128,1194.0,6.3,3.575,334.0,george,-1.674458496113091,-1.326216621426634,-0.5258237158818934,-0.00919106900457366,0.5674076795925728,-0.3855584205684734,-0.38786981704144446,1.3204763953257863,1.2350164400838708,-0.98996677167375,-0.9918697838003708,0.0,False,-0.3374847424965979,22.5
2003,00-0008241,E.James,IND,RB,-2.507999897003174,-0.007,11.0,1549.0,3.0,26.0,24.4,12.0,17.192,1.8819999694824217,4.0,0,0.020911110772026908,1549.0,12.6,4.303,360.0,james,-1.010561777290596,-1.1485013961692705,0.7021478361776181,0.7792249803654472,-1.2171809900937445,-0.38542527860316234,-0.3384337994627539,1.3204763953257863,1.5473790873763753,-0.7371047408100775,0.9183979479633062,0.0,False,0.4297991940493473,47.8
2003,00-0009163,E.Kennison,KC,WR,76.66999816894531,1.322,5.0,863.0,0.0,14.5,8.9,13.0,17.926,21.78300094604492,2.0,0,1.5022759273134427,863.0,18.8,14.879,58.0,kennison,0.547457440555501,1.1670234505663803,-0.5258237158818934,-0.7443057516566213,0.5674076795925728,-0.38576553029229066,-0.4028252509307962,1.5556297260002414,1.6858296810434634,0.8069908744199988,-0.03673591791853233,0.0,False,0.3616288396247251,45.5
2003,00-0011770,E.Moulds,,WR,61.66699981689453,0.964,1.0,780.0,0.0,78000.0,100.0,0.0,0.0,8.704000473022461,0.0,0,0.5440000295639038,780.0,12200.0,12.188,64.0,moulds,0.25223704690095194,0.5432778560356332,-1.344471417254901,-0.928639644889612,0.5674076795925728,1.9215995221002322,-0.024369687786366858,-1.501363572767675,-1.695458250940495,-0.20779362339345717,-0.9918697838003708,0.0,False,-0.732373101885059,9.5
2003,00-0016098,F.Taylor,JAX,RB,-3.8529999256134033,-0.01,7.0,1942.0,3.0,36.3,25.0,5.0,10.222,13.142000198364258,2.0,0,0.1337608162683385,1942.0,14.5,4.941,393.0,taylor,-1.0370279161645908,-1.1537283145591928,-0.1164998651953895,1.652034860372259,-1.2171809900937445,-0.38512053143811703,-0.33594122714786195,-0.3255969193953995,0.23266432190007313,0.1365456349364632,-0.03673591791853233,0.0,False,-0.15972162545879737,28.3
2003,00-0017162,H.Ward,PIT,WR,110.71900177001952,1.045,10.0,1224.0,0.0,24.4,34.5,6.0,10.345,22.28199958801269,1.0,0,0.8408301731325544,1224.0,29.8,11.547,106.0,ward,1.2174541979223557,0.6844046525635396,0.4974859108343662,0.05743563939289289,0.5674076795925728,-0.38547261796860627,-0.29647549882873925,-0.09044358872094437,0.25586517070259635,0.8457076010799103,-0.5143028508594516,0.0,False,0.1628018062022805,39.0
2003,00-0002099,I.Bruce,LA,WR,83.45800018310547,1.175,5.0,998.0,0.0,17.5,12.5,0.0,0.0,8.513999938964844,2.0,0,0.47966196839238556,998.0,20.0,14.056,71.0,bruce,0.6810278495980582,0.9109044494601798,-0.5258237158818934,-0.4444855638680218,0.5674076795925728,-0.38567676898208325,-0.38786981704144446,-1.501363572767675,-1.695458250940495,-0.22253554476089257,-0.03673591791853233,0.0,False,-0.37108230146278653,21.4
2003,00-0007468,I.Hilliard,NYG,WR,50.275001525878906,0.811,6.0,627.0,0.0,12.2,27.3,4.0,8.1,0.8090000152587891,0.0,0,0.05219354937153478,627.0,17.1,10.113,62.0,hilliard,0.028071840648971665,0.2767050181495877,-0.3211617905386414,-1.2684358577166914,0.5674076795925728,-0.38583358063011625,-0.32638636660744275,-0.5607502500698546,-0.16759747614020132,-0.8203575644449299,-0.9918697838003708,0.0,False,-0.45641579439031293,18.6
2003,00-0001215,J.Bettis,PIT,RB,-25.03400039672852,-0.096,7.0,897.0,4.0,17.9,24.1,6.0,10.345,-6.839000225067139,2.0,0,-0.10521538807795598,897.0,4.2,3.45,260.0,bettis,-1.4538154909112784,-1.30356664173697,-0.1164998651953895,-0.6687954821394925,-1.8120438799891836,-0.3856649341407223,-0.33968008562019986,-0.09044358872094437,0.25586517070259635,-1.4137570447159795,-0.03673591791853233,0.0,False,-0.4031230165605888,20.3
2003,00-0007744,J.Horn,NO,WR,93.81199645996094,1.173,10.0,988.0,0.0,18.1,28.6,8.0,10.968,29.35400009155273,4.0,0,1.4677000045776365,988.0,25.0,12.35,80.0,horn,0.88476784776537,0.9074198372002314,0.4974859108343662,-0.4666944666671773,0.5674076795925728,-0.38565901672004177,-0.3209857932585101,0.37986307262796587,0.37337841301131014,1.39441592893143,0.9183979479633062,0.0,False,0.5361230934129219,51.3
2003,00-0019693,J.Lewis,BAL,RB,7.275000095367432,0.018,14.0,2268.0,7.0,45.0,41.2,10.0,11.171,12.081000328063965,6.0,0,0.11672464085085957,2268.0,9.4,5.478,414.0,lewis,-0.8180575164022839,-1.1049437429199165,1.316133612207374,2.3760450916247287,-3.596632549675501,-0.3848631236385156,-0.268641774645779,0.8501697339768761,0.4116692447748236,0.05422388391400067,1.8735318138451447,0.0,False,0.6896261239158128,56.3
2003,00-0021166,J.Reed,BUF,WR,44.67100143432617,0.732,2.0,626.0,0.0,13.3,8.3,6.0,8.679,6.808000087738037,1.0,0,0.44642623526151065,626.0,21.2,10.262,61.0,reed,-0.08220045787742145,0.1390628338816294,-1.139809491911649,-1.2706567479966069,0.5674076795925728,-0.3858010348163736,-0.4053178232456882,-0.09044358872094437,-0.05838372446003205,-0.3549020972255056,-0.5143028508594516,0.0,False,-0.45798862152592734,18.5
2003,00-0013639,J.Rice,,WR,64.03299713134766,1.016,2.0,861.0,0.0,86100.0,200.0,0.0,0.0,20.87800025939941,1.0,0,1.3255873180571054,861.0,12400.0,13.667,63.0,rice,0.29879378457219086,0.6338777747942892,-1.139809491911649,-0.7487475322164524,0.5674076795925728,2.161255059660156,0.39105903136229325,-1.501363572767675,-1.695458250940495,0.7367729193696337,-0.5143028508594516,0.0,False,-0.49741351378272514,17.2
2003,00-0015218,J.Smith,,WR,65.27999877929688,1.209,4.0,805.0,0.0,80500.0,400.0,0.0,0.0,15.642999649047852,1.0,0,1.1587407147442852,805.0,11200.0,14.907,54.0,smith,0.3233315675377617,0.9701428578793011,-0.7304856412251453,-0.8731173878917232,0.5674076795925728,1.9955672806063816,1.2219164696596134,-1.501363572767675,-1.695458250940495,0.330595285506372,-0.5143028508594516,0.0,False,-0.373095955473869,21.3
2003,00-0020474,K.Barlow,SF,RB,9.12399959564209,0.039,7.0,1331.0,3.0,23.9,17.9,7.0,13.241,8.736000061035156,5.0,0,0.14806779764466366,1331.0,8.7,5.64,236.0,barlow,-0.7816739650927861,-1.0683553141904594,-0.1164998651953895,0.29507089934385694,-1.2171809900937445,-0.3854874115203075,-0.3654366662074168,0.14470974195351075,0.8021225538904543,-0.20531081242340785,1.3959648809042255,0.0,False,0.1775497335468861,39.5
2003,00-0010668,K.McCardell,,WR,108.61900329589844,1.293,8.0,1180.0,0.0,118000.0,800.0,0.0,0.0,25.726999282836918,1.0,0,1.225095203944615,1180.0,13800.0,14.048,84.0,mccardell,1.1761316328152793,1.1164965727971297,0.08816206014786242,-0.04028353292339138,0.5674076795925728,3.1050836581986214,2.8836313462542535,-1.501363572767675,-1.695458250940495,1.1130011371945876,-0.5143028508594516,0.0,False,0.04024292104064328,34.9
2003,00-0020490,K.Robinson,SEA,WR,72.58100128173828,1.052,4.0,911.0,0.0,15.8,9.3,10.0,13.032,11.635000228881836,1.0,0,0.6744927668917007,911.0,23.1,13.203,69.0,robinson,0.4669965058565062,0.6966007954733588,-0.7304856412251453,-0.6377030182206748,0.5674076795925728,-0.38572706705786747,-0.4011635360542016,0.8501697339768761,0.7626999734048665,0.019619252802713826,-0.5143028508594516,0.0,False,-0.04207825520072077,32.2
2003,00-0018958,L.Coles,WAS,WR,94.13200378417967,1.023,6.0,1243.0,0.0,25.8,20.7,5.0,9.567,22.83799934387207,2.0,0,0.9929564932118291,1243.0,30.8,13.511,92.0,coles,0.8910647682882787,0.6460739177041082,-0.3211617905386414,0.09963255471128837,0.5674076795925728,-0.38543119602384285,-0.35380466207125433,-0.3255969193953995,0.10911508640696309,0.8888469781445383,-0.03673591791853233,0.0,False,0.04946499848821523,35.2
2003,00-0020536,L.Tomlinson,LAC,RB,43.56900024414063,0.105,17.0,2370.0,0.0,46.0,45.9,0.0,0.0,24.53899955749512,8.0,0,0.23766585527840312,2370.0,27.0,5.738,413.0,tomlinson,-0.10388500502861715,-0.9533631096121652,1.9301193882371297,2.6025759001761153,0.5674076795925728,-0.38483353653511315,-0.24911662484579197,-1.501363572767675,-1.695458250940495,1.020825614518358,2.8286656797269836,0.0,False,0.7438884316921869,58.1
2003,00-0001477,M.Booker,CHI,WR,48.78900146484375,0.887,4.0,708.0,0.0,16.0,16.7,7.0,9.759,25.093000411987305,2.0,0,1.8249454845081676,708.0,21.0,12.873,55.0,booker,-0.0011688159648122498,0.40912028402762335,-0.7304856412251453,-1.0885437450435318,0.5674076795925728,-0.38572114963718696,-0.3704218108372007,0.14470974195351075,0.14533104551334045,1.0638098991411538,-0.03673591791853233,0.0,False,-0.1178690716179599,29.7
2003,00-0005092,M.Faulk,LA,RB,-7.900000095367432,-0.031,11.0,1108.0,0.0,19.4,27.5,0.0,0.0,4.635000228881836,4.0,0,0.07299212958869034,1108.0,10.3,4.362,254.0,faulk,-1.1166624635530134,-1.1903167432886501,0.7021478361776181,-0.2001876330773111,0.5674076795925728,-0.3856205534856186,-0.32555550916914544,-1.501363572767675,-1.695458250940495,-0.5235026393744664,0.9183979479633062,0.0,False,-0.24201373222458972,25.6
2003,00-0007024,M.Harrison,IND,WR,99.16600036621094,1.044,10.0,1275.0,0.0,21.4,22.2,12.0,17.192,19.632999420166016,2.0,0,0.8266526071648849,1275.0,25.1,13.421,95.0,harrison,0.9901208647918007,0.6826623464335656,0.4974859108343662,0.17070104366858602,0.5674076795925728,-0.3855613792788137,-0.3475732312840244,1.3204763953257863,1.5473790873763753,0.6401747462886882,-0.03673591791853233,0.0,False,0.5410848699342298,51.4
2003,00-0011795,M.Muhammad,CAR,WR,67.05000305175781,1.197,3.0,835.0,0.0,15.8,11.1,11.0,10.833,22.170000076293945,1.0,0,1.583571434020996,835.0,22.3,14.911,56.0,muhammad,0.3581606960775729,0.9492351843196112,-0.9351475665683971,-0.8064906794942567,0.5674076795925728,-0.38572706705786747,-0.3936858191095257,1.0853230646513312,0.34791406676463865,0.8370176886902523,-0.5143028508594516,0.0,False,-0.054568237732802866,31.8
2003,00-0013013,M.Pittman,TB,RB,2.4140000343322754,0.009,2.0,1347.0,0.0,24.3,6.2,7.0,11.148,5.071000099182129,0.0,0,0.07741984884247526,1347.0,20.3,5.141,262.0,pittman,-0.913709486621785,-1.120624498089684,-1.139809491911649,0.3306051438225057,0.5674076795925728,-0.38547557667894655,-0.41404182634781,0.14470974195351075,0.40733087467353885,-0.48967391443925207,-0.9918697838003708,0.0,False,-0.5710076203117125,14.8
2003,00-0020022,M.Shipp,ARI,RB,-43.51100158691406,-0.169,0.0,1015.0,3.0,22.7,0.0,4.0,8.333,-16.958999633789062,0.0,0,-0.26395330169321496,1015.0,7.1,3.949,257.0,shipp,-1.8173953192178334,-1.4307549892250835,-1.5491333425981528,-0.4067304291094574,-1.2171809900937445,-0.38552291604439043,-0.439798406935027,-0.5607502500698546,-0.12364790076631622,-2.1989560772441217,-0.9918697838003708,0.0,False,-1.0199464745622648,0.0
2003,00-0019642,P.Burress,PIT,WR,71.98200225830078,1.18,4.0,853.0,0.0,17.0,13.8,6.0,10.345,15.8149995803833,3.0,0,1.0370491528120198,853.0,23.7,13.984,61.0,burress,0.4552097467468688,0.9196159801100503,-0.7304856412251453,-0.7665146544557768,0.5674076795925728,-0.3856915625337845,-0.3824692436925119,-0.09044358872094437,0.25586517070259635,0.34394056095797976,0.4408310150223869,0.0,False,0.04558266630547445,35.1
2003,00-0007661,P.Holmes,KC,RB,73.23300170898438,0.186,27.0,2110.0,1.0,35.4,48.2,13.0,17.926,19.72100067138672,10.0,0,0.20021320478565197,2110.0,16.9,5.355,394.0,holmes,0.4798261961809216,-0.8122363130842587,3.9767386416696486,2.0251444273980717,-0.02745521030286639,-0.38514715983117925,-0.2395617643053728,1.5556297260002414,1.6858296810434634,0.6470026614425378,3.783799545608822,0.0,False,2.014387164231205,100.0
2003,00-0013232,P.Price,ATL,WR,63.02299880981445,0.955,3.0,841.0,0.0,19.3,9.7,5.0,9.061,17.726999282836914,1.0,0,1.074363592899207,841.0,31.6,12.742,66.0,price,0.27891961708401614,0.5275971008658658,-0.9351475665683971,-0.7931653378147634,0.5674076795925728,-0.38562351219595886,-0.3995018211776069,-0.3255969193953995,0.013670944178697787,0.49229040327781004,-0.5143028508594516,0.0,False,-0.30451123886411335,23.6
2003,00-0019455,P.Warrick,CIN,WR,86.94400024414062,0.896,7.0,976.0,0.0,17.8,18.4,8.0,12.815,16.829999923706055,2.0,0,0.6940206154105589,976.0,24.4,10.062,97.0,warrick,0.7496233587189338,0.42480103919739076,-0.1164998651953895,-0.4933451500261639,0.5674076795925728,-0.38566789285106257,-0.36335952261167354,0.37986307262796587,0.7217683946231795,0.4226932619616857,-0.03673591791853233,0.0,False,0.1372691276289837,38.1
2003,00-0020525,R.Gardner,,WR,49.6609992980957,0.842,5.0,600.0,0.0,60000.0,500.0,0.0,0.0,9.109000205993652,1.0,0,0.6175593359995697,600.0,11500.0,10.169,59.0,gardner,0.01598985709225483,0.33071650817878634,-0.5258237158818934,-1.3283998952744114,0.5674076795925728,1.3890316608559572,1.6373451888082737,-1.501363572767675,-1.695458250940495,-0.17637016320737628,-0.5143028508594516,0.0,False,-0.48028066413469983,17.8
2003,00-0011754,R.Moss,MIN,WR,143.9029998779297,1.23,18.0,1650.0,0.0,27.1,40.0,9.0,14.345,36.8849983215332,6.0,0,1.2610255836421609,1650.0,34.1,14.103,117.0,moss,1.8704298734885632,1.006731286608758,2.1347813135803815,1.003534898636918,0.5674076795925728,-0.38539273278941966,-0.27362691927556293,0.6150164033024209,1.010364318752124,1.978737358738571,1.8735318138451447,0.0,False,1.339416930819716,77.8
2003,00-0015290,R.Smith,DEN,WR,66.38600158691406,0.79,3.0,944.0,0.0,16.9,7.7,10.0,14.111,19.61400032043457,1.0,0,0.9340000152587891,944.0,24.9,11.238,84.0,smith,0.3450948562208636,0.24011658942013045,-0.9351475665683971,-0.5644136389834615,0.5674076795925728,-0.38569452124412473,-0.40781039556058013,0.8501697339768761,0.9662261185912268,0.6387006281464302,-0.5143028508594516,0.0,False,-0.08946988189557326,30.7
2003,00-0020498,R.Wayne,,WR,79.57499694824219,1.17,7.0,838.0,0.0,83800.0,700.0,0.0,0.0,7.486000061035156,1.0,0,0.4403529447667739,838.0,10700.0,12.324,68.0,wayne,0.604620339801756,0.9021929188103088,-0.1164998651953895,-0.7998280086545101,0.5674076795925728,2.093204721834499,2.4682026271055935,-1.501363572767675,-1.695458250940495,-0.3022968645979043,-0.5143028508594516,0.0,False,-0.21541177415571208,26.5
2003,00-0017915,R.Williams,MIA,RB,-53.98500061035156,-0.122,10.0,1723.0,4.0,36.2,32.3,10.0,11.107,-8.069999694824219,2.0,0,-0.07303167144637301,1723.0,14.1,3.898,442.0,williams,-2.023496662581236,-1.3488666011162982,0.4974859108343662,1.1656598890707532,-1.8120438799891836,-0.38512349014845726,-0.3056149306500098,0.8501697339768761,0.3995972584060311,-1.5092688677564896,-0.03673591791853233,0.0,False,-0.07759589667608532,31.1
2003,00-0020407,Ru.Johnson,CIN,RB,10.086000442504885,0.043,9.0,1113.0,0.0,20.3,23.7,8.0,12.815,9.097000122070312,4.0,0,0.15484255526928192,1113.0,4.6,4.736,235.0,johnson,-0.7627442643727949,-1.0613860896705627,0.2928239854911143,-0.18908318167773333,0.5674076795925728,-0.3855939250925564,-0.3413418004967945,0.37986307262796587,0.7217683946231795,-0.17730123581976617,0.9183979479633062,0.0,False,0.18079984597825288,39.6
2003,00-0019647,S.Alexander,SEA,RB,13.354000091552734,0.036,16.0,1730.0,3.0,30.1,37.2,10.0,13.032,7.27400016784668,5.0,0,0.07906521921572478,1730.0,11.4,4.701,368.0,alexander,-0.698438442282042,-1.0735822325803817,1.7254574628938777,1.181206121030162,-1.2171809900937445,-0.38530397147921225,-0.2852589234117254,0.8501697339768761,0.7626999734048665,-0.3187456907593165,1.3959648809042255,0.0,False,0.6699267568606985,55.7
2003,00-0004052,S.Davis,CAR,RB,0.1280000060796737,0.0,8.0,1603.0,3.0,30.4,29.6,11.0,10.833,2.82699990272522,1.0,0,0.034060239791870124,1603.0,3.8,4.828,332.0,davis,-0.9586920835933292,-1.1363052532594513,0.08816206014786242,0.899153055480887,-1.2171809900937445,-0.38529509534819156,-0.31683150606702354,1.0853230646513312,0.34791406676463865,-0.6637832905457721,-0.5143028508594516,0.0,False,-0.1432861813415179,28.9
2003,00-0020494,S.Moss,NYJ,WR,93.9260025024414,1.118,10.0,1172.0,0.0,22.9,37.0,6.0,10.481,18.183000564575195,0.0,0,0.8658571697416759,1172.0,23.9,13.952,84.0,moss,0.887011193258738,0.8115930000516531,0.4974859108343662,-0.0580506551627158,0.5674076795925728,-0.38551699862370997,-0.28608978085002273,-0.09044358872094437,0.28151814173628015,0.527671014559655,-0.9918697838003708,0.0,False,0.042210755933922095,35.0
2003,00-0020337,S.Smith,CAR,WR,78.58799743652344,0.794,7.0,1120.0,0.0,21.3,25.9,11.0,10.833,17.340999603271484,1.0,0,0.7006464486170296,1120.0,31.4,11.313,99.0,smith,0.5851987296976245,0.24708581394002707,-0.1164998651953895,-0.17353694971832448,0.5674076795925728,-0.3855643379891539,-0.33220236867552405,1.0853230646513312,0.34791406676463865,0.4623411352284727,-0.5143028508594516,0.0,False,0.06139890583732277,35.6
2003,00-0000745,T.Barber,NYG,RB,-16.790000915527344,-0.048,3.0,1676.0,5.0,32.7,13.6,4.0,8.1,1.9470000267028809,0.0,0,0.022379310651757252,1676.0,16.2,4.816,348.0,barber,-1.291594799085672,-1.2199359474982108,-0.9351475665683971,1.0612780459147222,-2.406906769884623,-0.38522704501036586,-0.3833001011308092,-0.5607502500698546,-0.16759747614020132,-0.7320614616573345,-0.9918697838003708,0.0,False,-0.7207139067271644,9.9
2003,00-0021376,T.Duckett,ATL,RB,-7.550000190734863,-0.036,11.0,873.0,2.0,20.1,35.5,5.0,9.061,-14.26200008392334,3.0,0,-0.27426923238314116,873.0,2.9,4.197,208.0,duckett,-1.1097753662408578,-1.199028273938521,0.7021478361776181,-0.7220968488574657,-0.6223181001983055,-0.38559984251323687,-0.2923212116372526,-0.3255969193953995,0.013670944178697787,-1.9896990059978255,0.4408310150223869,0.0,False,-0.16053582987855144,28.3
2003,00-0006101,T.Gonzalez,,WR,76.8550033569336,1.082,10.0,915.0,0.0,91500.0,1000.0,0.0,0.0,23.46299934387207,2.0,0,1.3218591179646237,915.0,10700.0,12.887,71.0,gonzalez,0.5510978664986639,0.7488699793725835,0.4974859108343662,-0.6288194571010126,0.5674076795925728,2.3210254180334386,3.714488784551574,-1.501363572767675,-1.695458250940495,0.9373400042317865,-0.03673591791853233,0.0,False,0.11194833457230191,37.3
2003,00-0019516,T.Hambrick,DAL,RB,-33.78799819946289,-0.116,5.0,1071.0,3.0,20.9,18.5,10.0,9.633,4.666999816894531,0.0,0,0.06393150434102098,1071.0,4.9,3.668,292.0,hambrick,-1.6260716370982864,-1.3384127643364532,-0.5258237158818934,-0.2823605734341865,-1.2171809900937445,-0.38557617283051493,-0.36294409389252485,0.8501697339768761,0.1215643223497801,-0.5210198284044171,-0.9918697838003708,0.0,False,-0.5451479630105149,15.6
2003,00-0020516,T.Heap,BAL,WR,52.42599868774414,0.874,3.0,714.0,0.0,14.2,8.8,10.0,11.171,8.602999687194824,1.0,0,0.573533312479655,714.0,28.3,11.9,60.0,heap,0.07039792867316123,0.3864703043379593,-0.9351475665683971,-1.0752184033640384,0.5674076795925728,-0.38577440642331134,-0.40324067964994487,0.8501697339768761,0.4116692447748236,-0.2156301573806126,-0.5143028508594516,0.0,False,-0.21398569789964283,26.6
2003,00-0020471,T.Henry,BUF,RB,-10.288999557495115,-0.029,11.0,1511.0,4.0,32.1,45.8,6.0,8.679,-5.999000072479248,1.0,0,-0.06665555636088054,1511.0,8.2,4.197,360.0,henry,-1.1636718242887916,-1.1868321310287018,0.7021478361776181,0.6948311497286562,-1.8120438799891836,-0.38524479727240735,-0.24953205356494065,-0.09044358872094437,-0.05838372446003205,-1.3485824058156002,-0.5143028508594516,0.0,False,-0.2559351629671406,25.2
2003,00-0007681,T.Holt,LA,WR,160.65199279785156,1.361,12.0,1701.0,0.0,29.8,30.0,0.0,0.0,26.590999603271484,2.0,0,0.9013898170600503,1701.0,30.8,14.415,118.0,holt,2.200006946491487,1.2349733896353723,0.9068097615208701,1.116800302912611,0.5674076795925728,-0.38531284761023304,-0.3151697911904289,-1.501363572767675,-1.695458250940495,1.1800379213197465,-0.03673591791853233,0.0,False,0.18038218919916038,39.6
2003,00-0012478,T.Owens,SF,WR,91.13500213623048,1.098,9.0,1100.0,0.0,19.7,23.1,7.0,13.241,21.176000595092773,3.0,0,1.0205301491610974,1100.0,29.0,13.253,83.0,owens,0.8320914893790031,0.77674687745217,0.2928239854911143,-0.21795475531663552,0.5674076795925728,-0.38561167735459784,-0.34383437281168644,0.14470974195351075,0.8021225538904543,0.7598944202540929,0.4408310150223869,0.0,False,0.38565965793222345,46.3
2004,00-0022084,A.Boldin,ARI,WR,54.1150016784668,0.949,1.0,626.0,0.0,13.2,3.6,6.0,9.467,27.496999740600582,1.0,0,1.9296140168842515,626.0,19.6,10.982,57.0,boldin,0.045845212630956304,0.429970071768565,-1.648073673772967,-1.703629644038009,0.695153673964081,-0.4802370069068534,-0.46685719319638547,0.003305371684067292,0.05537532513200373,1.0011478406799015,-0.6176973464105703,0.0,False,-0.4939453490317375,24.7
2004,00-0021547,A.Gates,,WR,105.8769989013672,1.307,13.0,964.0,0.0,96400.0,1300.0,0.0,0.0,15.984999656677246,2.0,0,0.7893826990951727,964.0,11400.0,11.901,81.0,gates,1.0507400733867376,1.0154092877645677,1.1434944575482413,-0.6744874148273123,0.695153673964081,1.6826976828442117,3.2490583248200258,-1.4047829657285564,-1.5761190386249917,0.24209488544087496,-0.01692321497015259,0.0,False,0.24691513761263365,55.9
2004,00-0006305,A.Green,GB,RB,-2.845000028610229,-0.01,8.0,1438.0,4.0,22.4,17.8,10.0,15.143,-4.964000225067139,1.0,0,-0.06640802976678446,1438.0,8.6,4.809,299.0,green,-1.059962446559574,-1.138287492868772,-0.019658930502262213,0.768747545663428,-2.2081351996506102,-0.4800305574848816,-0.4261552490774152,0.9420309299591498,1.0335481368658905,-1.1391942175488492,-0.6176973464105703,0.0,False,-0.19042963742282648,37.5
2004,00-0022044,A.Johnson,HOU,WR,94.05500030517578,1.133,6.0,1154.0,0.0,22.5,18.8,7.0,11.036,11.991999626159668,1.0,0,0.577927692826972,1154.0,30.0,13.904,83.0,johnson,0.8212306597136702,0.7308662051296392,-0.48492028572246365,-0.09597551083313376,0.695153673964081,-0.4800283134694254,-0.42328891498453,0.23798676125283794,0.32576876093370694,-0.0211867729450194,-0.6176973464105703,0.0,False,-0.07511551682428835,42.3
2004,00-0021152,A.Lelie,DEN,WR,95.80599975585938,1.681,7.0,1089.0,0.0,17.4,17.9,10.0,13.138,21.381999969482425,1.0,0,1.5004912259285912,1089.0,20.3,19.105,57.0,lelie,0.855224138396515,1.6270133849224033,-0.2522896081123629,-0.29388747798903697,0.695153673964081,-0.48014275825769237,-0.42586861566812667,0.9420309299591498,0.688016690860527,0.5979504280916861,-0.6176973464105703,0.0,False,0.20440373449903884,54.1
2004,00-0016550,A.Toomer,,WR,57.34099960327149,1.124,0.0,747.0,0.0,74700.0,0.0,0.0,0.0,11.065999984741213,0.0,0,0.8679215674306834,747.0,10700.0,14.647,51.0,toomer,0.10847395397347215,0.7161484594761085,-1.880704351383068,-1.3352089051785585,0.695153673964081,1.195746328845551,-0.4771759959307723,-1.4047829657285564,-1.5761190386249917,-0.08224330171889795,-1.218471477850988,0.0,False,-0.9149479385064916,7.0
2004,00-0022156,B.Johnson,ARI,WR,43.667999267578125,0.856,1.0,531.0,0.0,11.2,3.6,6.0,9.467,15.145000457763672,0.0,0,1.187843173157935,531.0,19.2,10.412,51.0,johnson,-0.1569703585649852,0.2778867000154135,-1.648073673772967,-1.9928855960350984,0.695153673964081,-0.4802818872159777,-0.46685719319638547,0.003305371684067292,0.05537532513200373,0.18670886479410778,-1.218471477850988,0.0,False,-0.7052632654627267,15.8
2004,00-0015754,B.Stokley,,WR,97.68399810791016,1.437,10.0,1077.0,0.0,107700.0,1000.0,0.0,0.0,16.695999145507812,1.0,0,0.9821175967945772,1077.0,10200.0,15.838,68.0,stokley,0.8916831429507042,1.2279989472044572,0.4456024247179392,-0.3304250719255114,0.695153673964081,1.9362714293965098,2.3891580969544566,-1.4047829657285564,-1.5761190386249917,0.28897520677825556,-0.6176973464105703,0.0,False,-0.0030924429531768716,45.4
2004,00-0022092,C.Brown,TEN,RB,-13.196999549865724,-0.055,6.0,1214.0,4.0,21.5,15.4,5.0,10.424,-2.4489998817443848,1.0,0,-0.040816664695739746,1214.0,5.7,5.058,240.0,brown,-1.2609336546962964,-1.211876221136426,-0.48492028572246365,0.08671245884923842,-2.2081351996506102,-0.4800507536239876,-0.43303445090033976,-0.23137601788470336,0.22029981083132166,-0.9733656535191917,-0.6176973464105703,0.0,False,-0.5487115746896462,22.4
2004,00-0020446,C.Chambers,MIA,WR,79.77400207519531,1.023,7.0,954.0,1.0,20.6,25.0,4.0,8.333,20.097999572753903,1.0,0,1.0306666447566104,954.0,24.2,12.231,78.0,chambers,0.5439828235072902,0.5509826471420404,-0.2522896081123629,-0.7049354097743744,-0.030668544439591848,-0.48007094976309356,-0.40551764360864156,-0.46605740745347396,-0.14005243535182782,0.513288832490593,-0.6176973464105703,0.0,False,-0.22046385479155953,36.2
2004,00-0004304,C.Dillon,NE,RB,11.0649995803833,0.031,13.0,1738.0,3.0,29.5,29.5,14.0,16.185,4.943999767303467,4.0,0,0.054781160856548106,1738.0,4.4,4.814,361.0,dillon,-0.7899170876063771,-1.0712399848915761,1.1434944575482413,1.682187394075289,-1.4823129812469373,-0.47987123238749035,-0.392619140190658,1.8807564882342325,1.2131210878572063,-0.48590229434777865,1.1846250479106828,0.0,False,0.6742221674578586,73.9
2004,00-0020397,C.Johnson,CIN,WR,113.48999786376952,1.146,9.0,1313.0,0.0,24.9,24.3,8.0,12.467,20.011999130249023,3.0,0,0.808565621424203,1313.0,32.6,13.263,99.0,johnson,1.1985369889368311,0.7521251710736279,0.2129717471078385,0.38814760882515253,0.695153673964081,-0.47997445709847625,-0.4075240774736612,0.47266815082160857,0.5723799824966374,0.5076183243634818,0.5838509164702651,0.0,False,0.4492952800844371,64.4
2004,00-0010442,C.Martin,NYJ,RB,23.655000686645508,0.057,14.0,1942.0,0.0,35.3,41.2,10.0,11.483,7.040999889373779,2.0,0,0.0683592222269299,1942.0,11.2,4.714,412.0,martin,-0.5454978594589132,-1.0287220530035983,1.3761251351583421,2.3033264909953544,0.695153673964081,-0.4797410794910299,-0.35908303130390085,0.9420309299591498,0.4028024548810375,-0.34763491003660685,-0.01692321497015259,0.0,False,0.3857885236639136,61.7
2004,00-0021179,C.Portis,WAS,RB,-38.98099899291992,-0.102,7.0,1550.0,4.0,34.0,29.2,6.0,8.276,-12.803999900817873,2.0,0,-0.13372323656206656,1550.0,11.2,4.047,383.0,portis,-1.761497966743204,-1.288735559549309,-0.2522896081123629,1.1097650890705226,-2.2081351996506102,-0.4797702516919607,-0.39347904041852366,0.003305371684067292,-0.14987552384175593,-1.6561308818616145,-0.01692321497015259,0.0,False,-0.3762494899785556,29.7
2004,00-0019976,D.Bennett,TEN,WR,124.2249984741211,1.534,11.0,1259.0,0.0,22.3,28.2,5.0,10.424,49.19499969482422,6.0,0,2.429382700978974,1259.0,24.7,15.543,81.0,bennett,1.4069436873317662,1.3866235392480668,0.6782331023280399,0.22372843611101756,0.695153673964081,-0.4800328015003379,-0.3963453745114089,-0.23137601788470336,0.22029981083132166,2.4318228639567163,2.386173310791518,0.0,False,0.9774585697944495,86.6
2004,00-0021979,D.Davis,HOU,RB,-6.160999774932861,-0.017,14.0,1776.0,2.0,34.6,43.8,7.0,11.036,12.302000045776367,4.0,0,0.13299459508947423,1776.0,18.5,4.8,370.0,davis,-1.12433846143778,-1.1497346283770737,1.3761251351583421,1.7978897748741245,-0.7564907628432646,-0.4797567875992234,-0.3516305626623993,0.23798676125283794,0.32576876093370694,-0.0007466467358472083,1.1846250479106828,0.0,False,0.47599942969605935,65.5
2004,00-0004541,D.Driver,GB,WR,94.26200103759766,1.083,9.0,1212.0,1.0,18.9,20.0,10.0,15.143,34.21099853515625,3.0,0,1.5729194728807472,1212.0,23.3,13.931,87.0,driver,0.8252493217310506,0.6491009514989124,0.2129717471078385,0.08062285985982602,-0.030668544439591848,-0.4801090980258491,-0.4198493140730677,0.9420309299591498,1.0335481368658905,1.4438407341238275,0.5838509164702651,0.0,False,0.52174919850259,67.5
2004,00-0021353,D.Givens,,WR,78.41699981689453,1.4,3.0,872.0,0.0,87200.0,300.0,0.0,0.0,6.8460001945495605,0.0,0,0.4890000138963972,872.0,10600.0,15.571,56.0,givens,0.5176383107650898,1.1674926595177193,-1.1828123185527657,-0.9546089683402831,0.695153673964081,1.4762482608724292,0.3827242319347965,-1.4047829657285564,-1.5761190386249917,-0.3604923712551606,-1.218471477850988,0.0,False,-0.6464051395078386,18.3
2004,00-0019663,D.Jackson,,WR,104.99400329589844,1.207,7.0,1207.0,0.0,120700.0,700.0,0.0,0.0,26.47100067138672,2.0,0,1.2170575021327228,1207.0,15700.0,13.874,87.0,jackson,1.0335978108464325,0.8518787805031147,-0.2522896081123629,0.065398862386295,0.695153673964081,2.227993438704463,1.529257869088888,-1.4047829657285564,-1.5761190386249917,0.9334977694601435,-0.01692321497015259,0.0,False,-0.01916082044384995,44.7
2004,00-0010500,D.Mason,TEN,WR,105.9499969482422,1.092,7.0,1165.0,0.0,20.6,17.9,5.0,10.424,27.538000106811523,2.0,0,1.1355876332705783,1165.0,27.3,12.01,97.0,mason,1.0521572397652683,0.6638186971524433,-0.2522896081123629,-0.06248271639136553,0.695153673964081,-0.48007094976309356,-0.42586861566812667,-0.23137601788470336,0.22029981083132166,1.0038512326979192,-0.01692321497015259,0.0,False,0.08833237038785617,49.2
2004,00-0020527,D.McAllister,NO,RB,-35.13100051879883,-0.116,9.0,1302.0,4.0,24.8,25.7,8.0,12.0,-9.456000328063965,3.0,0,-0.12483168749919425,1302.0,9.0,4.297,303.0,mcallister,-1.686755030068994,-1.3116298305659124,0.2129717471078385,0.3546548143833843,-2.2081351996506102,-0.4799767011139325,-0.4035112097436219,0.47266815082160857,0.4918995908335426,-1.4353778457852142,0.5838509164702651,0.0,False,-0.0766801751893765,42.3
2004,00-0015523,D.Staley,PIT,RB,-10.61299991607666,-0.054,1.0,885.0,2.0,16.7,2.9,15.0,14.308,-3.953999996185303,0.0,0,-0.07987878780172329,885.0,3.4,4.47,198.0,staley,-1.2107685124780079,-1.2102409160638115,-1.648073673772967,-0.9150265749091024,-0.7564907628432646,-0.4801584663658859,-0.4688636270614051,2.115437877803003,0.889648507232734,-1.0725990426933973,-1.218471477850988,0.0,False,-0.6313541331876051,18.9
2004,00-0021147,D.Stallworth,NO,WR,66.23899841308594,1.035,5.0,804.0,0.0,15.3,14.3,8.0,12.0,17.68000030517578,2.0,0,1.1050000190734863,804.0,20.0,12.562,64.0,stallworth,0.2812175449228124,0.5706063080134147,-0.7175509633325643,-1.1616553339803048,0.695153673964081,-0.4801898825822729,-0.4361874184025135,0.47266815082160857,0.4918995908335426,0.3538561121604289,-0.01692321497015259,0.0,False,-0.046032408833623965,43.6
2004,00-0008241,E.James,IND,RB,34.55099868774414,0.09,9.0,2031.0,2.0,30.9,14.8,12.0,20.077,-4.890999794006348,1.0,0,-0.05068393568918495,2031.0,11.7,5.262,386.0,james,-0.33396559676513304,-0.9747569856073188,0.2129717471078385,2.574313646024206,-0.7564907628432646,-0.47983981617110333,-0.4347542513560709,1.411393709096691,1.8838484633449246,-1.1343808755990175,-0.6176973464105703,0.0,False,0.20105515523401016,54.0
2004,00-0020455,E.Johnson,,WR,65.44400024414062,0.798,2.0,825.0,0.0,82500.0,200.0,0.0,0.0,8.14900016784668,0.0,0,0.39751220330959414,825.0,11700.0,10.061,82.0,johnson,0.26578364327401827,0.18303900580377067,-1.4154429961628665,-1.0977145445914747,0.695153673964081,1.370779534430323,0.09609082264627355,-1.4047829657285564,-1.5761190386249917,-0.2745780233401734,-1.218471477850988,0.0,False,-0.8426719362113575,10.0
2004,00-0009163,E.Kennison,KC,WR,89.55599975585938,1.399,8.0,1101.0,0.0,16.1,13.8,7.0,17.889,31.250999450683597,4.0,0,1.9531874656677248,1101.0,19.5,17.203,64.0,kennison,0.7338881541477273,1.165857354445105,-0.019658930502262213,-0.25734988405256254,0.695153673964081,-0.4801719304586232,-0.4376205854489561,0.23798676125283794,1.506779733240318,1.2486708213202775,1.1846250479106828,0.0,False,0.6288165507072043,72.0
2004,00-0011770,E.Moulds,BUF,WR,84.90499877929688,0.913,5.0,1062.0,0.0,22.1,13.9,9.0,12.344,13.293999671936035,0.0,0,0.5717849321262811,1062.0,34.3,11.419,93.0,moulds,0.6435947491504019,0.37109908915444195,-0.7175509633325643,-0.37609706434610446,0.695153673964081,-0.4800372895312503,-0.4373339520396676,0.7073495403903792,0.5511827915446872,0.06466164394719862,-1.218471477850988,0.0,False,-0.24530791634078655,35.2
2004,00-0015165,E.Smith,ARI,RB,-26.481000900268555,-0.094,9.0,1042.0,1.0,22.0,32.1,6.0,9.467,-9.800999641418455,1.0,0,-0.13902127150948163,1042.0,4.0,3.695,282.0,smith,-1.5188260352744325,-1.2756531189683928,0.2129717471078385,-0.4369930542402285,-0.030668544439591848,-0.4800395335467065,-0.38516667154915646,0.003305371684067292,0.05537532513200373,-1.4581256521132275,-0.6176973464105703,0.0,False,-0.42814871302072144,27.5
2004,00-0016098,F.Taylor,JAX,RB,5.447999954223633,0.018,3.0,1569.0,2.0,31.8,12.5,9.0,9.321,2.0910000801086426,1.0,0,0.02825675783930598,1569.0,11.3,5.301,296.0,taylor,-0.898964156112802,-1.0924989508355651,-1.1828123185527657,1.1676162794699405,-0.7564907628432646,-0.47981962003199746,-0.4413468197697069,0.7073495403903792,0.03021443180692476,-0.6740171161054251,-0.6176973464105703,0.0,False,-0.46274423300645606,26.0
2004,00-0017162,H.Ward,PIT,WR,81.43000030517578,0.936,5.0,1029.0,0.0,19.4,14.3,15.0,14.308,14.496999740600586,0.0,0,0.6665287237057741,1029.0,30.6,11.828,87.0,ward,0.5761319715311191,0.4087111058245762,-0.7175509633325643,-0.47657544767140914,0.695153673964081,-0.48009787794856806,-0.4361874184025135,2.115437877803003,0.889648507232734,0.14398241797566588,-1.218471477850988,0.0,False,-0.06458337450018317,42.8
2004,00-0002099,I.Bruce,,WR,91.69200134277344,1.03,6.0,1292.0,0.0,129200.0,600.0,0.0,0.0,19.795000076293945,2.0,0,0.889662924777256,1292.0,14800.0,14.517,89.0,bruce,0.7753559709325577,0.5624297826503423,-0.48492028572246365,0.3242068194363223,0.695153673964081,2.4187347524827403,1.2426244598003653,-1.4047829657285564,-1.5761190386249917,0.49331031776272605,-0.01692321497015259,0.0,False,-0.11597040352348693,40.6
2004,00-0001215,J.Bettis,PIT,RB,-2.428999900817871,-0.009,13.0,987.0,0.0,18.6,37.1,15.0,14.308,3.8559999465942383,2.0,0,0.06024999916553497,987.0,2.3,3.855,256.0,bettis,-1.051886320967045,-1.1366521877961575,1.1434944575482413,-0.6044570264490697,0.695153673964081,-0.48011583007221786,-0.37083500108473033,2.115437877803003,0.889648507232734,-0.5576404348262678,-0.01692321497015259,0.0,False,0.27498176314147244,57.1
2004,00-0007744,J.Horn,,WR,130.16900634765625,1.385,11.0,1399.0,0.0,139900.0,1100.0,0.0,0.0,30.875,3.0,0,1.3138297872340425,1399.0,15400.0,14.883,94.0,horn,1.5223392146466352,1.1429630834285014,0.6782331023280399,0.650000365369886,0.695153673964081,2.658844406297748,2.67579150624298,-1.4047829657285564,-1.5761190386249917,1.2238789960832184,0.5838509164702651,0.0,False,0.4652588744846218,65.1
2004,00-0022840,J.Jones,DAL,RB,-11.152000427246094,-0.052,7.0,928.0,3.0,17.4,21.9,6.0,10.464,-12.868000030517578,2.0,0,-0.24052336505640334,928.0,5.1,4.336,214.0,jones,-1.2212325376833428,-1.2069703059185826,-0.2522896081123629,-0.7841001966367357,-1.4823129812469373,-0.48014275825769237,-0.41440327929658577,0.003305371684067292,0.22719320626285028,-1.6603507817252434,-0.01692321497015259,0.0,False,-0.414948757390667,28.0
2004,00-0019693,J.Lewis,BAL,RB,-0.270000010728836,-0.001,7.0,1122.0,0.0,25.1,30.4,9.0,10.567,4.76200008392334,2.0,0,0.07774694014568719,1122.0,2.7,4.58,245.0,lewis,-1.0099720207019285,-1.1235697472152413,-0.2522896081123629,-0.19340909466373227,0.695153673964081,-0.47996996906756384,-0.3900394395070613,0.7073495403903792,0.244943699499036,-0.4979025893890528,-0.01692321497015259,0.0,False,-0.18302203893408905,37.8
2004,00-0019703,J.Porter,LV,WR,85.8479995727539,1.321,9.0,994.0,0.0,18.9,26.5,0.0,0.0,30.915000915527344,4.0,0,1.9024615948016828,994.0,24.1,15.292,65.0,porter,0.6619019378578415,1.0383035587811713,0.2129717471078385,-0.5831434299861262,0.695153673964081,-0.4801090980258491,-0.4012181424693137,-1.4047829657285564,-1.5761190386249917,1.2265164885191069,1.1846250479106828,0.0,False,0.12824660978441688,50.9
2004,00-0015218,J.Smith,,WR,100.85099792480467,1.363,6.0,1172.0,0.0,117200.0,600.0,0.0,0.0,19.049999237060547,3.0,0,1.0297296884897593,1172.0,13500.0,15.838,74.0,smith,0.9531665093344844,1.1069863718309816,-0.48492028572246365,-0.04116911992842211,0.695153673964081,2.1494528977369374,1.2426244598003653,-1.4047829657285564,-1.5761190386249917,0.4441880901260717,0.5838509164702651,0.0,False,0.050970057081123774,47.6
2004,00-0021153,J.Walker,,WR,123.51799774169922,1.388,12.0,1380.0,0.0,138000.0,1200.0,0.0,0.0,33.35300064086914,2.0,0,1.4990112647581637,1380.0,14400.0,15.506,89.0,walker,1.3932181465744826,1.1478689986463448,0.9108637799381406,0.5921491749704682,0.695153673964081,2.616208112629663,2.9624249155315026,-1.4047829657285564,-1.5761190386249917,1.3872679550672156,-0.01692321497015259,0.0,False,0.3882514330753039,61.8
2004,00-0022127,J.Witten,,WR,73.54900360107422,0.845,6.0,980.0,0.0,98000.0,600.0,0.0,0.0,20.5310001373291,1.0,0,0.9439540293024874,980.0,12300.0,11.264,87.0,witten,0.42313221281854074,0.2598983442166536,-0.48492028572246365,-0.6257706229120131,0.695153673964081,1.7186019301436521,1.2426244598003653,-1.4047829657285564,-1.5761190386249917,0.5418390718725371,-0.6176973464105703,0.0,False,-0.38659620132680106,29.2
2004,00-0020474,K.Barlow,SF,RB,-29.732999801635746,-0.107,7.0,1034.0,2.0,21.4,26.9,2.0,9.25,-0.8209999799728394,1.0,0,-0.011770609031868665,1034.0,8.1,3.706,279.0,barlow,-1.581959553270171,-1.2969120849123816,-0.2522896081123629,-0.46135145019787815,-0.7564907628432646,-0.48005299763944376,-0.40007160883215964,-0.9354201865910152,0.01797865491596181,-0.8660221747526947,-0.6176973464105703,0.0,False,-0.6198458030772561,19.4
2004,00-0008561,K.Johnson,DAL,WR,91.86599731445312,1.276,6.0,989.0,0.0,18.6,18.8,6.0,10.464,20.677000045776367,1.0,0,1.1487222247653537,989.0,24.5,13.736,72.0,johnson,0.7787338865292104,0.9647148305135174,-0.48492028572246365,-0.5983674274596573,0.695153673964081,-0.48011583007221786,-0.42328891498453,0.003305371684067292,0.22719320626285028,0.5514656928909202,-0.6176973464105703,0.0,False,-0.09377885123056173,41.5
2004,00-0022782,K.Jones,DET,RB,-4.7170000076293945,-0.018,6.0,1313.0,1.0,28.0,23.1,6.0,10.963,-5.3429999351501465,3.0,0,-0.07944981316208397,1313.0,8.2,4.881,269.0,jones,-1.096305000154454,-1.1513699334496883,-0.48492028572246365,0.38814760882515253,-0.030668544439591848,-0.4799048926193336,-0.41096367838512354,0.003305371684067292,0.31318831427116745,-1.1641838672948557,0.5838509164702651,0.0,False,-0.17585815219644454,38.1
2004,00-0018958,L.Coles,WAS,WR,80.33499908447266,0.864,1.0,947.0,0.0,20.8,4.2,6.0,8.276,19.93099975585937,0.0,0,0.8572473013272848,947.0,33.0,10.183,93.0,coles,0.554873883392297,0.2909691405963297,-1.648073673772967,-0.7262490062373178,0.695153673964081,-0.4800664617321811,-0.46513739274065435,0.003305371684067292,-0.14987552384175593,0.5022775656721368,-1.218471477850988,0.0,False,-0.5976604343342913,20.3
2004,00-0022921,L.Fitzgerald,ARI,WR,70.53299713134766,1.069,8.0,794.0,0.0,16.7,28.6,6.0,9.467,18.95400047302246,4.0,0,1.1487273013953008,794.0,21.9,12.03,66.0,fitzgerald,0.36458019465774333,0.6262066804823089,-0.019658930502262213,-1.1921033289273668,0.695153673964081,-0.4801584663658859,-0.3951988408742548,0.003305371684067292,0.05537532513200373,0.43785833465254936,1.1846250479106828,0.0,False,0.2705445924952929,56.9
2004,00-0022180,L.Suggs,CLE,RB,-31.70400047302246,-0.145,3.0,922.0,3.0,20.2,11.5,4.0,9.2,-5.513999938964844,0.0,0,-0.10071232765232592,922.0,8.6,4.21,219.0,suggs,-1.6202240822970073,-1.359053677671734,-1.1828123185527657,-0.8023689936049729,-1.4823129812469373,-0.4800799258249184,-0.4442131538625922,-0.46605740745347396,0.00936191062655113,-1.1754588896450289,-1.218471477850988,0.0,False,-0.9496679195855924,5.5
2004,00-0020536,L.Tomlinson,LAC,RB,12.69499969482422,0.032,18.0,1776.0,2.0,31.8,34.0,0.0,0.0,6.986999988555908,5.0,0,0.0712959182505705,1776.0,15.0,4.531,392.0,tomlinson,-0.758272660692565,-1.0696046798189616,2.3066478455987447,1.7978897748741245,-0.7564907628432646,-0.47981962003199746,-0.3797206367726745,-1.4047829657285564,-1.5761190386249917,-0.3511954367912636,1.7853991793511006,0.0,False,0.42182746623355516,63.2
2004,00-0001477,M.Booker,MIA,WR,54.34000015258789,1.065,1.0,630.0,0.0,13.6,3.6,4.0,8.333,12.166000366210938,1.0,0,0.954196107153799,630.0,18.3,12.353,51.0,booker,0.05021327844086963,0.6196654601918508,-1.648073673772967,-1.6914504460591842,0.695153673964081,-0.4802280308450286,-0.46685719319638547,-0.46605740745347396,-0.14005243535182782,-0.009713894645258144,-0.6176973464105703,0.0,False,-0.5822771121693744,21.0
2004,00-0022725,M.Clayton,TB,WR,101.46199798583984,1.194,7.0,1223.0,0.0,23.5,21.2,5.0,10.75,32.67399978637695,4.0,0,1.5375999899471506,1223.0,24.2,14.388,85.0,clayton,0.9650283163395679,0.8306198145591256,-0.2522896081123629,0.11411565430159426,0.695153673964081,-0.4800058733148633,-0.41640971316160547,-0.23137601788470336,0.2764809835982786,1.3424974893397283,1.1846250479106828,0.0,False,0.39934356012509753,62.3
2004,00-0005092,M.Faulk,LA,RB,-10.368000030517578,-0.042,4.0,1084.0,1.0,17.6,12.5,0.0,0.0,-9.272000312805176,0.0,0,-0.15015385121951702,1084.0,11.3,4.389,247.0,faulk,-1.2060121441171836,-1.1906172551924372,-0.950181640942665,-0.309111475462568,-0.030668544439591848,-0.48013827022678,-0.4413468197697069,-1.4047829657285564,-1.5761190386249917,-1.4232456572577616,-1.218471477850988,0.0,False,-1.0808934147036036,0.0
2004,00-0007024,M.Harrison,,WR,97.43199920654295,1.133,15.0,1113.0,0.0,111300.0,1500.0,0.0,0.0,23.87299919128418,3.0,0,1.1103720554085665,1113.0,13900.0,12.942,86.0,harrison,0.8867908973943838,0.7308662051296392,1.6087558127684427,-0.22081229011608808,0.695153673964081,2.017055985820251,3.8223251433970713,-1.4047829657285564,-1.5761190386249917,0.7621964589310417,0.5838509164702651,0.0,False,0.5169760378723939,67.3
2004,00-0011795,M.Muhammad,CAR,WR,141.97799682617188,1.479,16.0,1420.0,1.0,26.4,41.0,7.0,12.241,43.37300109863281,6.0,0,1.8072083791097004,1420.0,30.5,14.792,96.0,muhammad,1.751596091877876,1.2966817602542677,1.8413864903785435,0.7139411547587162,-0.030668544439591848,-0.479940796866633,-0.3596562981224779,0.23798676125283794,0.5334322983085015,2.0479447187499566,2.386173310791518,0.0,False,1.295009251192038,100.0
2004,00-0013013,M.Pittman,TB,RB,-11.97599983215332,-0.046,10.0,1317.0,5.0,25.3,30.3,5.0,10.75,-9.267999649047852,0.0,0,-0.14258460998535155,1317.0,12.9,5.065,260.0,pittman,-1.237229462293716,-1.1971584754828952,0.4456024247179392,0.40032680680397736,-2.9339574180542836,-0.47996548103665143,-0.3903260729163498,-0.23137601788470336,0.2764809835982786,-1.4229818702854042,-1.218471477850988,0.0,False,-0.4998578999797214,24.5
2004,00-0021999,N.Burleson,MIN,WR,100.41300201416016,1.357,9.0,1055.0,0.0,17.0,19.1,8.0,15.577,26.756999969482425,3.0,0,1.4463243226747258,1055.0,19.1,14.257,74.0,burleson,0.944663362948085,1.0971745413952945,0.2129717471078385,-0.39741066080904786,0.695153673964081,-0.48015173431951724,-0.42242901475666444,0.47266815082160857,1.108341477297974,0.9523553624790144,0.5838509164702651,0.0,False,0.5036715410542265,66.7
2004,00-0019831,N.Goings,CAR,RB,0.3300000131130218,0.001,7.0,1202.0,1.0,22.3,17.9,7.0,12.241,-8.182999610900879,2.0,0,-0.12493129176947906,1202.0,11.5,4.588,262.0,goings,-0.9983237657511849,-1.1202991370700122,-0.2522896081123629,0.05017486491276399,-0.030668544439591848,-0.4800328015003379,-0.42586861566812667,0.23798676125283794,0.5334322983085015,-1.3514415228752226,-0.01692321497015259,0.0,False,-0.23615403818179723,35.6
2004,00-0007661,P.Holmes,KC,RB,34.66999816894531,0.161,15.0,1079.0,2.0,15.8,25.9,7.0,17.889,0.0,0.0,0,0.0,1079.0,4.5,5.019,215.0,holmes,-0.33165536969687076,-0.8586503254516868,1.6087558127684427,-0.324335472936099,-0.7564907628432646,-0.48017866250499186,-0.40293794292504487,0.23798676125283794,1.506779733240318,-0.8118888828393418,-1.218471477850988,0.0,False,0.01585890693376496,46.2
2004,00-0019610,R.Droughns,DEN,RB,3.247999906539917,0.011,8.0,1481.0,3.0,23.7,20.5,10.0,13.138,-2.5409998893737797,3.0,0,-0.033107490415293546,1481.0,8.8,4.824,307.0,droughns,-0.9416744234940954,-1.1039460863438668,-0.019658930502262213,0.8996739239357947,-1.4823129812469373,-0.4800013852839508,-0.4184161470266251,0.9420309299591498,0.688016690860527,-0.9794317477829181,0.5838509164702651,0.0,False,0.07508983255867835,48.7
2004,00-0020525,R.Gardner,WAS,WR,55.19300079345703,1.022,5.0,657.0,0.0,14.4,20.8,6.0,8.276,16.090999603271484,0.0,0,1.1919258965386286,657.0,20.8,12.167,54.0,gardner,0.06677322601282223,0.549347342069426,-0.7175509633325643,-1.6092408597021168,0.695153673964081,-0.48021007872137883,-0.4175562467987595,0.003305371684067292,-0.14987552384175593,0.2490840769046501,-1.218471477850988,0.0,False,-0.4720430589848798,25.6
2004,00-0020407,R.Johnson,CIN,RB,-42.98500061035156,-0.114,12.0,1541.0,4.0,29.2,32.4,8.0,12.467,-12.927000045776367,5.0,0,-0.13715649915943096,1541.0,5.4,4.088,377.0,johnson,-1.839230683092773,-1.3083592204206835,0.9108637799381406,1.082361893618167,-2.2081351996506102,-0.479877964433859,-0.3843067713212909,0.47266815082160857,0.5723799824966374,-1.6642409950343862,1.7853991793511006,0.0,False,0.36586287352718466,60.9
2004,00-0021236,R.McMichael,,WR,61.73699951171875,0.846,4.0,791.0,0.0,79100.0,400.0,0.0,0.0,7.420000076293945,0.0,0,0.40657534664624356,791.0,11900.0,10.836,73.0,mcmichael,0.1938168300773167,0.26153364928926814,-0.950181640942665,-1.2012377274114856,0.695153673964081,1.294483008919012,0.6693576412233194,-1.4047829657285564,-1.5761190386249917,-0.32264522884996005,-1.218471477850988,0.0,False,-0.7330897247726372,14.6
2004,00-0015290,R.Smith,DEN,WR,98.48699951171876,1.172,7.0,1177.0,0.0,18.9,17.9,10.0,13.138,28.40699958801269,2.0,0,1.3527142660958424,1177.0,27.1,14.012,84.0,smith,0.9072724174601883,0.7946431029616058,-0.2522896081123629,-0.02594512245489109,0.695153673964081,-0.4801090980258491,-0.42586861566812667,0.9420309299591498,0.688016690860527,1.0611494102081933,-0.01692321497015259,0.0,False,0.27515126956192437,57.1
2004,00-0020498,R.Wayne,IND,WR,108.59400177001952,1.392,12.0,1206.0,0.0,18.4,19.7,12.0,20.077,28.60300064086914,2.0,0,1.466820545685597,1206.0,22.0,15.462,78.0,wayne,1.1034873081506908,1.154410218936803,0.9108637799381406,0.0623540628915888,0.695153673964081,-0.4801203181031302,-0.42070921430093333,1.411393709096691,1.8838484633449246,1.074072896771437,-0.01692321497015259,0.0,False,0.7414613784291625,76.7
2004,00-0022909,R.Williams,DET,WR,65.98300170898438,1.2,8.0,818.0,0.0,17.4,30.8,6.0,10.963,21.597999572753903,3.0,0,1.5707636052911929,818.0,23.7,14.873,55.0,williams,0.276247686993755,0.8404316449948127,-0.019658930502262213,-1.119028141054418,0.695153673964081,-0.48014275825769237,-0.3888929058699072,0.003305371684067292,0.31318831427116745,0.6121925351103125,0.5838509164702651,0.0,False,0.20217152313217734,54.0
2004,00-0019647,S.Alexander,SEA,RB,13.223999977111816,0.035,20.0,1858.0,3.0,32.6,50.0,9.0,11.968,1.037999987602234,5.0,0,0.011042553059598234,1858.0,7.2,4.941,376.0,alexander,-0.7480027775054847,-1.064698764601118,2.7719092008189463,2.047563333440033,-1.4823129812469373,-0.4798016679083477,-0.3338592912865108,0.7073495403903792,0.48638487448831985,-0.7434475214439524,1.7853991793511006,0.0,False,0.9440486808041113,85.2
2004,00-0000745,T.Barber,NYG,RB,36.44200134277344,0.097,15.0,2096.0,2.0,42.4,51.7,6.0,8.912,-1.2020000219345093,5.0,0,-0.012855615207855714,2096.0,17.2,5.604,374.0,barber,-0.297254129826725,-0.963309850099017,1.6087558127684427,2.7722256131801095,-0.7564907628432646,-0.4795817543936386,-0.32898652332860595,0.003305371684067292,-0.04027053648045343,-0.8911437179848798,1.7853991793511006,0.0,False,0.6749927852135493,73.9
2004,00-0006101,T.Gonzalez,KC,WR,108.14199829101562,1.05,7.0,1263.0,0.0,18.5,12.1,7.0,17.889,31.19499969482422,2.0,0,1.211456298828125,1263.0,26.7,12.262,103.0,gonzalez,1.0947122222292807,0.595135884102633,-0.2522896081123629,0.2359076340898424,0.695153673964081,-0.48011807408767404,-0.442493353406861,0.23798676125283794,1.506779733240318,1.2449784325200821,-0.01692321497015259,0.0,False,0.30047980598091634,58.1
2004,00-0007681,T.Holt,,WR,117.67400360107422,1.252,10.0,1372.0,0.0,137200.0,1000.0,0.0,0.0,34.73099899291992,3.0,0,1.47791485076255,1372.0,13700.0,14.596,94.0,holt,1.2797642616149816,0.9254675087707686,0.4456024247179392,0.5677907790128185,0.695153673964081,2.5982559889799424,2.3891580969544566,-1.4047829657285564,-1.5761190386249917,1.4781273812150117,0.5838509164702651,0.0,False,0.3742575834940358,61.2
2004,00-0020438,T.Houshmandzadeh,CIN,WR,92.82599639892578,1.175,4.0,1029.0,0.0,19.5,10.8,8.0,12.467,31.43099975585937,1.0,0,1.5914430256131327,1029.0,20.9,13.025,79.0,houshmandzadeh,0.7973710759359983,0.7995490181794496,-0.950181640942665,-0.47657544767140914,0.695153673964081,-0.4800956339331119,-0.4462195877276118,0.47266815082160857,0.5723799824966374,1.2605392857566533,-0.6176973464105703,0.0,False,-0.08130276505210651,42.1
2004,00-0019641,T.Jones,CHI,RB,-4.952000141143799,-0.017,7.0,1375.0,1.0,33.2,38.9,5.0,6.417,-10.54300022125244,2.0,0,-0.14199326897309683,1375.0,15.5,4.63,297.0,jones,-1.1008672357542248,-1.1497346283770737,-0.2522896081123629,0.5769251774969372,-0.030668544439591848,-0.4797882038156104,-0.3656755997175369,-0.23137601788470336,-0.47024607652204053,-1.507050055240934,-0.01692321497015259,0.0,False,-0.3707003909657414,29.9
2004,00-0012478,T.Owens,PHI,WR,102.11900329589844,1.276,14.0,1195.0,0.0,21.2,35.0,13.0,13.31,-0.828000009059906,0.0,0,-0.0414000004529953,1195.0,23.3,14.938,80.0,owens,0.9777832580919902,0.9647148305135174,1.3761251351583421,0.028861268449820565,0.695153673964081,-0.4800574856703562,-0.37685430267978925,1.6460750986654618,0.7176582912160994,-0.8664837272827991,-1.218471477850988,0.0,False,0.35818458456189434,60.6
2004,00-0004640,W.Dunn,ATL,RB,-0.5379999876022339,-0.002,9.0,1399.0,2.0,30.1,28.1,11.0,13.077,7.657999992370605,2.0,0,0.10383728803214379,1399.0,10.3,4.742,295.0,dunn,-1.0151749072575424,-1.1252050522878558,0.2129717471078385,0.650000365369886,-0.7564907628432646,-0.47985776829475313,-0.39663200792069736,1.1767123195279205,0.677504262827446,-0.30695251356785064,-0.01692321497015259,0.0,False,0.035837856318676475,47.0
2004,00-0022178,W.McGahee,BUF,RB,-8.567999839782715,-0.028,13.0,1284.0,2.0,26.7,36.1,9.0,12.344,9.791000366210938,6.0,0,0.12798693289164625,1284.0,8.1,4.196,306.0,mcgahee,-1.1710673769506523,-1.1677229841758336,1.1434944575482413,0.29984842347867263,-0.7564907628432646,-0.47993406482026435,-0.37370133517761556,0.7073495403903792,0.5511827915446872,-0.1663114237931474,2.386173310791518,0.0,False,0.65246050161619,73.0
2005,00-0022084,A.Boldin,ARI,WR,113.68299865722656,0.997,7.0,1443.0,0.0,25.2,30.4,5.0,10.032,30.06599998474121,2.0,0,1.0549473678856565,1443.0,26.1,12.658,114.0,boldin,1.1747349391729143,0.5119487682857367,-0.12879551998507757,0.7181313007704282,0.5489681694783679,-0.6102028621715135,-0.5345439165260496,-0.06405167456557828,0.44152777756292116,1.1661282934329888,0.14478834462632095,0.0,False,0.22302465581704864,37.4
2005,00-0021191,A.Bryant,CLE,WR,86.14700317382812,1.231,4.0,1012.0,0.0,21.3,21.1,6.0,8.286,28.059999465942383,1.0,0,1.6034285409109934,1012.0,25.3,14.457,70.0,bryant,0.6156560198444295,0.9123644724106448,-0.7759930079100925,-0.44129381229832126,0.5489681694783679,-0.6102952374100458,-0.5669224090152719,0.14030366809602848,0.15226153088192312,1.0203289962843867,-0.4258480724303556,0.0,False,-0.10031419281160645,24.6
2005,00-0020285,A.Crumpler,,WR,60.9379997253418,0.938,5.0,877.0,0.0,87700.0,500.0,0.0,0.0,5.8420000076293945,0.0,0,0.3595076927771935,877.0,11900.0,13.492,65.0,crumpler,0.10382333837028411,0.41098925314313156,-0.5602605119350875,-0.8044548105913171,0.5489681694783679,1.4664588207157931,1.100395876263071,-1.0858283878736121,-1.220510588246799,-0.5945104191160394,-0.9964844894870322,0.0,False,-0.48568155876032276,9.5
2005,00-0021547,A.Gates,,WR,105.3270034790039,1.183,10.0,1101.0,0.0,110100.0,1000.0,0.0,0.0,17.358999252319336,2.0,0,0.7801797416772736,1101.0,14000.0,12.371,89.0,gates,1.0050784342184695,0.8302279177183559,0.5184019679399373,-0.2018765615718278,0.5489681694783679,1.9970242933108338,2.8411750423502946,-1.0858283878736121,-1.220510588246799,0.2425633400384406,0.14478834462632095,0.0,False,0.23059967333314815,37.7
2005,00-0022044,A.Johnson,HOU,WR,52.66400146484375,0.763,2.0,698.0,1.0,16.3,8.7,2.0,9.63,18.19499969482422,1.0,0,1.0547825910043025,698.0,25.9,10.116,69.0,johnson,-0.06416833670076733,0.11153306416082866,-1.2074579998601025,-1.285979393513141,-0.4189493924966492,-0.6104136672030357,-0.6100937323342351,-0.6771177025503986,0.37492695788035474,0.3033251772318415,-0.4258480724303556,0.0,False,-0.4804072642402454,9.7
2005,00-0016550,A.Toomer,,WR,71.10700225830078,1.185,7.0,684.0,0.0,68400.0,700.0,0.0,0.0,21.975000381469727,2.0,0,1.4650000254313151,684.0,10900.0,11.4,60.0,toomer,0.31029035897257207,0.8336502741638679,-0.12879551998507757,-1.323640534076859,0.5489681694783679,1.0093198197745303,1.7967075426979604,-1.0858283878736121,-1.220510588246799,0.5780616183092113,0.14478834462632095,0.0,False,-0.06727023361655624,25.9
2005,00-0022092,C.Brown,TEN,RB,-17.854000091552734,-0.072,7.0,1162.0,2.0,22.5,25.0,4.0,9.967,-8.440999984741211,0.0,0,-0.1355983933291761,1162.0,6.3,4.667,249.0,brown,-1.4959352807040853,-1.3173007518404456,-0.12879551998507757,-0.03778159197277044,-1.3868669544716663,-0.6102668142597281,-0.5533443315197916,-0.2684070172271851,0.430758988310765,-1.6326214966286565,-0.9964844894870322,0.0,False,-0.591848830734998,5.3
2005,00-0020446,C.Chambers,MIA,WR,106.31199645996094,1.131,11.0,1210.0,0.0,22.7,33.3,9.0,10.258,30.045000076293945,5.0,0,1.2785106415444232,1210.0,30.7,12.872,94.0,chambers,1.0250773048484279,0.741246650135043,0.7341344639149423,0.09134231853140583,0.5489681694783679,-0.6102620770680085,-0.5244473973627437,0.7533696960808488,0.47897002942426437,1.1646019868029038,1.8566975957963505,0.0,False,0.834181460356242,61.5
2005,00-0022738,C.Cooley,,WR,62.81999969482422,0.885,7.0,774.0,0.0,77400.0,700.0,0.0,0.0,17.163999557495117,4.0,0,0.9669858905631052,774.0,10300.0,10.901,71.0,cooley,0.1420346501693742,0.32029680733706273,-0.12879551998507757,-1.0815332018815287,0.5489681694783679,1.2224934471564664,1.7967075426979604,-1.0858283878736121,-1.220510588246799,0.22839045315076073,1.286061178739674,0.0,False,0.12277010124961288,33.4
2005,00-0004304,C.Dillon,NE,RB,-1.4889999628067017,-0.006,13.0,914.0,1.0,15.8,29.5,10.0,14.037,3.6489999294281006,5.0,0,0.06318614596412295,914.0,4.7,3.957,231.0,dillon,-1.1636674100071276,-1.2043629891385486,1.1655994558649523,-0.7049217962443478,-0.4189493924966492,-0.6104255101823347,-0.5376773190250066,0.9577250387424555,1.1050508691765506,-0.7539011406299269,1.8566975957963505,0.0,False,0.5273088245697535,49.4
2005,00-0020397,C.Johnson,CIN,WR,125.2030029296875,1.227,9.0,1465.0,0.0,25.2,19.1,11.0,14.517,30.054000854492188,2.0,0,1.1785882688036151,1465.0,29.0,14.363,102.0,johnson,1.4086321136255338,0.9055197595196207,0.3026694719649323,0.7773130930848423,0.5489681694783679,-0.6102028621715135,-0.5738855256796208,1.1620803814040623,1.1845742359617044,1.1652561776282782,0.14478834462632095,0.0,False,0.5752266691212609,51.3
2005,00-0010442,C.Martin,NYJ,RB,-25.475000381469727,-0.104,5.0,853.0,1.0,20.5,23.8,4.0,8.571,0.0,0.0,0,0.0,853.0,6.5,3.496,244.0,martin,-1.6506687679628873,-1.372058454968638,-0.5602605119350875,-0.8690167658434051,-0.4189493924966492,-0.6103141861769241,-0.5575222015184009,-0.2684070172271851,0.19947852991060838,-1.01911623904101,-0.9964844894870322,0.0,False,-0.7239127553305029,0.1
2005,00-0021179,C.Portis,WAS,RB,13.524999618530272,0.035,11.0,1732.0,2.0,31.9,27.5,10.0,11.581,11.14900016784668,4.0,0,0.11674345725493905,1732.0,9.0,4.534,382.0,portis,-0.8588296689567638,-1.1342046820055518,0.7341344639149423,1.4955648452643229,-1.3868669544716663,-0.6100441662489069,-0.5446404356893555,0.9577250387424555,0.6981563091258454,-0.20878923605746516,1.286061178739674,0.0,False,0.4436656814550436,46.1
2005,00-0023440,C.Williams,TB,RB,-15.423999786376951,-0.05,6.0,1259.0,2.0,25.3,20.0,11.0,10.345,0.7110000252723694,3.0,0,0.009174193874482185,1259.0,5.3,4.061,310.0,williams,-1.4465976075698546,-1.2796548309398132,-0.34452801596008253,0.22315631050441911,-1.3868669544716663,-0.6102004935756538,-0.5707521231806638,1.1620803814040623,0.49338363965407384,-0.9674396302934598,0.7154247616829975,0.0,False,-0.05507781831469083,26.4
2005,00-0019976,D.Bennett,TEN,WR,61.119998931884766,1.036,4.0,741.0,0.0,14.3,14.3,4.0,9.967,19.53899955749512,3.0,0,1.324677936101364,741.0,18.6,12.559,59.0,bennett,0.10751857138897164,0.5786847189732214,-0.7759930079100925,-1.1703058903531498,0.5489681694783679,-0.6104610391202316,-0.5905970056740582,-0.2684070172271851,0.430758988310765,0.4010092174446378,0.7154247616829975,0.0,False,-0.0005127145957315726,28.6
2005,00-0021192,D.Branch,,WR,96.65599822998048,1.239,5.0,998.0,0.0,99800.0,500.0,0.0,0.0,20.457000732421875,1.0,0,1.0490769606370192,998.0,12500.0,12.795,78.0,branch,0.829026101298878,0.9260538981926929,-0.5602605119350875,-0.4789549528620394,0.5489681694783679,1.753058919751507,1.100395876263071,-1.0858283878736121,-1.220510588246799,0.4677309978388203,-0.4258480724303556,0.0,False,-0.19182947763448618,21.0
2005,00-0021979,D.Davis,HOU,RB,7.124000072479248,0.026,6.0,1313.0,1.0,30.6,26.1,2.0,9.63,6.296999931335449,1.0,0,0.0936356867113078,1313.0,10.9,4.881,269.0,davis,-0.9887927898101907,-1.1496052860103558,-0.34452801596008253,0.3684207098216174,-0.4189493924966492,-0.6100749579950844,-0.5495146173543998,-0.6771177025503986,0.37492695788035474,-0.5614403035017458,-0.4258480724303556,0.0,False,-0.42272482426440305,11.9
2005,00-0004541,D.Driver,GB,WR,119.23799896240234,1.355,5.0,1234.0,0.0,23.5,16.1,4.0,10.643,26.17799949645996,0.0,0,1.1899090680209072,1234.0,23.7,14.023,88.0,driver,1.2875212580608406,1.1245505720323907,-0.5602605119350875,0.15590427378349397,0.5489681694783679,-0.6102431283011301,-0.5843302006761442,-0.2684070172271851,0.5427543965331904,0.8835422555967364,-0.9964844894870322,0.0,False,-0.09439426355904762,24.9
2005,00-0021164,D.Foster,CAR,RB,7.833000183105469,0.033,3.0,1254.0,0.0,24.4,7.1,11.0,13.483,-1.7289999723434448,1.0,0,-0.02881666620572408,1254.0,10.9,5.225,240.0,foster,-0.9743975588154854,-1.1376270384510638,-0.9917255038850974,0.20970590316023408,0.5489681694783679,-0.6102218109383919,-0.6156642256657142,1.1620803814040623,1.0132676500120186,-1.14478269743683,-0.4258480724303556,0.0,False,-0.3043716896260687,16.6
2005,00-0010500,D.Mason,,WR,89.8949966430664,1.045,3.0,1073.0,0.0,107300.0,300.0,0.0,0.0,31.309999465942383,1.0,0,1.4562790449275527,1073.0,13700.0,12.477,86.0,mason,0.6917536550178264,0.5940853229780253,-0.9917255038850974,-0.2771988426992639,0.5489681694783679,1.9307036092364538,0.4040842098281815,-1.0858283878736121,-1.220510588246799,1.256544147423376,-0.4258480724303556,0.0,False,-0.2975485410224813,16.9
2005,00-0021147,D.Stallworth,NO,WR,80.27200317382812,1.115,7.0,947.0,1.0,18.7,30.4,3.0,8.103,21.447999954223636,1.0,0,1.1915555530124242,947.0,24.1,13.153,72.0,stallworth,0.49637256582748146,0.7138677985709466,-0.12879551998507757,-0.6161491077727267,-0.4189493924966492,-0.6103568209024005,-0.5345439165260496,-0.4727623598887918,0.12194324729508316,0.5397583919792891,-0.4258480724303556,0.0,False,-0.12067139110103536,23.8
2005,00-0008241,E.James,IND,RB,33.8390007019043,0.084,14.0,1843.0,1.0,31.6,28.6,14.0,17.56,-4.435999870300293,1.0,0,-0.04392079079505241,1843.0,9.7,4.562,404.0,james,-0.4463829942114228,-1.0503569490905071,1.3813319518399572,1.7941638883052304,-0.4189493924966492,-0.6100512720364865,-0.5408107215239636,1.7751464093888825,1.6887192466434209,-1.3415317405227085,-0.4258480724303556,0.0,False,0.4124943093861407,44.8
2005,00-0009163,E.Kennison,KC,WR,86.94499969482422,1.159,5.0,1145.0,0.0,18.1,11.6,10.0,15.5,19.7549991607666,1.0,0,1.0535999552408855,1145.0,21.8,15.267,75.0,kennison,0.6318581953879057,0.7891596403722114,-0.5602605119350875,-0.08351297694299953,0.5489681694783679,-0.6103710324775593,-0.5999972131709292,0.9577250387424555,1.347431464190468,0.41670841096240224,-0.4258480724303556,0.0,False,0.14065698396839615,34.1
2005,00-0011770,E.Moulds,,WR,69.08899688720703,0.853,4.0,816.0,0.0,81600.0,400.0,0.0,0.0,26.67200088500977,1.0,0,1.317135846173322,816.0,12900.0,10.074,81.0,moulds,0.2693176524383056,0.26553910420887017,-0.7759930079100925,-0.9685497801903744,0.5489681694783679,1.3219744732680365,0.7522400430456263,-1.0858283878736121,-1.220510588246799,0.9194470594918637,-0.4258480724303556,0.0,False,-0.38171539946243094,13.5
2005,00-0016098,F.Taylor,JAX,RB,-15.11299991607666,-0.073,3.0,870.0,0.0,16.9,8.1,12.0,12.893,0.0390000008046627,1.0,0,0.0007536232039548347,870.0,3.7,4.203,207.0,taylor,-1.4402832009778135,-1.3190119300632015,-0.9917255038850974,-0.823285380873176,0.5489681694783679,-0.6103994556278768,-0.6121826673335398,1.366435724065669,0.9155201783386001,-1.016281657168858,-0.4258480724303556,0.0,False,-0.3993489828416835,12.9
2005,00-0021508,G.Lewis,PHI,WR,44.62900161743164,0.893,1.0,574.0,0.0,11.1,3.3,6.0,10.0,8.529000282287598,0.0,0,0.6823200225830078,574.0,17.2,11.48,50.0,lewis,-0.2273074915645915,0.3339862331191109,-1.4231904958351074,-1.6195494956489298,0.5489681694783679,-0.6105368341877453,-0.6288941473279771,0.14030366809602848,0.43622621977724424,-0.3992149803502262,-0.9964844894870322,0.0,False,-0.5671865719868887,6.2
2005,00-0017162,H.Ward,PIT,WR,92.68599700927734,1.287,11.0,985.0,1.0,18.8,27.5,11.0,13.414,19.128999710083008,2.0,0,1.0627222061157227,985.0,30.3,13.681,72.0,ward,0.7484209169487553,1.0081904528849814,0.7341344639149423,-0.5139260119569204,-0.4189493924966492,-0.6103544523065407,-0.5446404356893555,1.1620803814040623,1.0018361660366526,0.3712097786989717,0.14478834462632095,0.0,False,0.48405806767148263,47.7
2005,00-0005720,J.Galloway,TB,WR,113.3219985961914,1.333,10.0,1291.0,0.0,25.9,33.3,11.0,10.345,19.67099952697754,2.0,0,0.9256940953871783,1291.0,31.9,15.188,85.0,galloway,1.1674053503762158,1.0869046511317584,0.5184019679399373,0.3092389175072033,0.5489681694783679,-0.6101862820004949,-0.5244473973627437,1.1620803814040623,0.49338363965407384,0.41060318444206284,0.14478834462632095,0.0,False,0.49274600430315063,48.0
2005,00-0022840,J.Jones,DAL,RB,-24.472000122070312,-0.084,5.0,1211.0,2.0,22.2,14.3,9.0,11.607,-2.907000064849853,2.0,0,-0.03982191869657333,1211.0,9.3,4.147,292.0,jones,-1.6303042853550478,-1.3378348905135178,-0.5602605119350875,0.09403240000024284,-1.3868669544716663,-0.6102739200473075,-0.5905970056740582,0.7533696960808488,0.7024638248267079,-1.2304016112501053,0.14478834462632095,0.0,False,-0.2765668167640184,17.7
2005,00-0019693,J.Lewis,BAL,RB,-49.119998931884766,-0.163,4.0,1097.0,5.0,22.6,18.2,6.0,9.138,-2.0160000324249268,1.0,0,-0.02679069810531464,1097.0,8.0,3.645,301.0,lewis,-2.130746571761906,-1.4730179701112434,-0.7759930079100925,-0.2126368874471758,-4.290619640396717,-0.6102644456638684,-0.5770189281785779,0.14030366809602848,0.29341550692557167,-1.165642316688844,-0.4258480724303556,0.0,False,-0.6714708554170701,2.1
2005,00-0019703,J.Porter,LV,WR,91.7509994506836,1.192,5.0,934.0,0.0,17.9,15.6,0.0,0.0,16.229999542236328,1.0,0,0.8431168593369521,934.0,24.6,12.13,77.0,porter,0.729437131708504,0.8456285217231598,-0.5602605119350875,-0.6511201668676078,0.5489681694783679,-0.6103757696692789,-0.5860709798422314,-1.0858283878736121,-1.220510588246799,0.16050585168363052,-0.4258480724303556,0.0,False,-0.3886499163136837,13.3
2005,00-0021148,J.Shockey,,WR,89.77999877929688,1.381,7.0,891.0,0.0,89100.0,700.0,0.0,0.0,13.456000328063965,0.0,0,0.8280615586500901,891.0,12300.0,13.708,65.0,shockey,0.689418788227188,1.1690412058240471,-0.12879551998507757,-0.7667936700275989,0.5489681694783679,1.4996191627529831,1.7967075426979604,-1.0858283878736121,-1.220510588246799,-0.04111280789641945,-0.9964844894870322,0.0,False,-0.2298171130312805,19.5
2005,00-0015218,J.Smith,,WR,97.052001953125,1.386,6.0,1023.0,0.0,102300.0,600.0,0.0,0.0,24.51099967956543,1.0,0,1.4006285531180245,1023.0,12800.0,14.614,70.0,smith,0.8370663892818991,1.177597096937827,-0.34452801596008253,-0.4117029161411142,0.5489681694783679,1.8122738162464893,1.4485517094805158,-1.0858283878736121,-1.220510588246799,0.762382066767072,-0.4258480724303556,0.0,False,-0.0854966571491584,25.2
2005,00-0008561,K.Johnson,DAL,WR,60.98799896240234,0.847,6.0,842.0,0.0,15.4,17.1,9.0,11.607,19.461000442504883,0.0,0,1.0811666912502713,842.0,25.7,11.694,72.0,johnson,0.10483850121195107,0.255272034872334,-0.34452801596008253,-0.8986076620006123,0.5489681694783679,-0.6104349845657738,-0.5808486423439697,0.7533696960808488,0.7024638248267079,0.3953401181412142,-0.9964844894870322,0.0,False,-0.17412442150967666,21.7
2005,00-0022782,K.Jones,DET,RB,-11.204999923706056,-0.054,5.0,773.0,0.0,17.7,20.0,5.0,9.407,1.503999948501587,0.0,0,0.029203882495176445,773.0,5.4,3.752,206.0,jones,-1.3609368626989755,-1.2864995438308373,-0.5602605119350875,-1.0842232833503656,0.5489681694783679,-0.6103805068609984,-0.5707521231806638,-0.06405167456557828,0.33798172706141844,-0.9098031389953686,-0.9964844894870322,0.0,False,-0.6539587167214179,2.8
2005,00-0010668,K.McCardell,LAC,WR,90.52100372314452,1.24,9.0,919.0,0.0,15.9,18.4,0.0,0.0,21.98200035095215,2.0,0,1.2044931699151862,919.0,21.0,12.589,73.0,mccardell,0.7044638314860444,0.9277650764154488,0.3026694719649323,-0.6914713889001628,0.5489681694783679,-0.6104231415864748,-0.5763226165121429,-1.0858283878736121,-1.220510588246799,0.5785703871859063,0.14478834462632095,0.0,False,-0.07032085675641525,25.8
2005,00-0018958,L.Coles,,WR,83.31700134277344,1.141,5.0,845.0,0.0,84500.0,500.0,0.0,0.0,27.91699981689453,3.0,0,1.5296986201038099,845.0,13200.0,11.575,73.0,coles,0.5581968890729417,0.7583584323626031,-0.5602605119350875,-0.8905374175941012,0.5489681694783679,1.390663753202216,1.100395876263071,-1.0858283878736121,-1.220510588246799,1.0099355551420295,0.7154247616829975,0.0,False,0.00679964315387363,28.9
2005,00-0022921,L.Fitzgerald,ARI,WR,123.1259994506836,1.109,10.0,1450.0,0.0,25.3,43.5,5.0,10.032,21.33099937438965,3.0,0,0.7686846621401675,1450.0,24.9,13.063,111.0,fitzgerald,1.3664615350756097,0.7036007292344105,0.5184019679399373,0.7369618710522872,0.5489681694783679,-0.6102004935756538,-0.4889355023745643,-0.06405167456557828,0.44152777756292116,0.5312546043950322,0.7154247616829975,0.0,False,0.4825421575754986,47.6
2005,00-0021976,L.Johnson,KC,RB,52.88100051879883,0.143,21.0,2093.0,4.0,33.0,48.8,10.0,15.5,26.21299934387207,10.0,0,0.2841517544051173,2093.0,9.9,5.672,369.0,johnson,-0.0597624819477168,-0.949397433947902,2.8914594236649918,2.466684255514482,-3.3227020784217003,-0.6100181116944492,-0.4704832432140398,0.9577250387424555,1.347431464190468,0.8860860999802112,4.709879681079734,0.0,False,1.8124983043895697,100.0
2005,00-0020462,L.Jordan,LV,RB,21.89900016784668,0.064,11.0,1588.0,1.0,30.5,34.4,0.0,0.0,5.605999946594238,0.0,0,0.06537609267165292,1588.0,17.7,4.63,343.0,jordan,-0.6888075907504181,-1.0845805135456272,0.7341344639149423,1.108193113751794,-0.4189493924966492,-0.6100773265909442,-0.5206176831973518,-1.0858283878736121,-1.220510588246799,-0.6116632776041103,-0.9964844894870322,0.0,False,-0.4820776350416306,9.6
2005,00-0022126,L.Smith,,WR,50.82600021362305,0.833,3.0,682.0,0.0,68200.0,300.0,0.0,0.0,8.6850004196167,0.0,0,0.5695082242371606,682.0,10700.0,11.18,61.0,smith,-0.10148631759150396,0.23131553975374977,-0.9917255038850974,-1.329020697014533,0.5489681694783679,1.004582628054932,0.4040842098281815,-1.0858283878736121,-1.220510588246799,-0.3878766431142579,-0.9964844894870322,0.0,False,-0.6735030396338884,2.1
2005,00-0020536,L.Tomlinson,LAC,RB,25.106000900268555,0.064,20.0,1834.0,0.0,31.8,40.8,0.0,0.0,-10.734999656677246,1.0,0,-0.1095408128232372,1834.0,15.0,4.679,392.0,tomlinson,-0.623694037661369,-1.0845805135456272,2.675726927689987,1.7699531550856973,0.5489681694783679,-0.6100465348447668,-0.4983357098714354,-1.0858283878736121,-1.220510588246799,-1.799353028696091,-0.4258480724303556,0.0,False,0.04505382156107639,30.4
2005,00-0019594,M.Anderson,DEN,RB,29.822999954223636,0.116,13.0,1226.0,1.0,21.1,30.2,13.0,14.107,6.583000183105469,3.0,0,0.10245914681876216,1226.0,4.6,4.77,257.0,anderson,-0.5279221330229964,-0.9955992459623144,1.1655994558649523,0.1343836220327979,-0.4189493924966492,-0.6102999746017653,-0.5352402281924845,1.5707910667272758,1.1166480268327188,-0.5406533519024707,0.7154247616829975,0.0,False,0.4602712633333065,46.7
2005,00-0007024,M.Harrison,,WR,108.7490005493164,1.326,12.0,1136.0,0.0,113600.0,1200.0,0.0,0.0,30.88400077819824,2.0,0,1.5065366233267434,1136.0,13200.0,13.854,82.0,harrison,1.0745571797814912,1.0749264035724664,0.9498669598899472,-0.10772371016253258,0.5489681694783679,2.079925148403809,3.5374867087851842,-1.0858283878736121,-1.220510588246799,1.2255818876047624,0.14478834462632095,0.0,False,0.4268872750281585,45.4
2005,00-0011795,M.Muhammad,,WR,72.76399993896484,1.137,4.0,750.0,0.0,75000.0,400.0,0.0,0.0,20.072999954223636,1.0,0,1.2545624971389773,750.0,13600.0,11.719,64.0,muhammad,0.34393332180621994,0.7515137194715791,-0.7759930079100925,-1.1460951571336166,0.5489681694783679,1.1656471465212834,0.7522400430456263,-1.0858283878736121,-1.220510588246799,0.4398212126512552,-0.4258480724303556,0.0,False,-0.3582117735720042,14.5
2005,00-0019642,P.Burress,,WR,108.59600067138672,1.429,7.0,1214.0,0.0,121400.0,700.0,0.0,0.0,24.090999603271484,1.0,0,1.2679473475406045,1214.0,16600.0,15.974,76.0,burress,1.071450736563853,1.2511777605163361,-0.12879551998507757,0.10210264440675386,0.5489681694783679,2.2646756254681533,1.7967075426979604,-1.0858283878736121,-1.220510588246799,0.7318557955362531,-0.4258480724303556,0.0,False,0.04037155388042764,30.2
2005,00-0023437,R.Brown,MIA,RB,-6.159999847412109,-0.026,5.0,1139.0,3.0,21.4,15.2,9.0,10.258,-8.1850004196167,0.0,0,-0.13698745472161838,1139.0,8.9,4.766,239.0,brown,-1.2585053674451698,-1.2385865535936689,-0.5602605119350875,-0.09965346575602156,-2.3547845164466836,-0.6102928688141859,-0.5874636031751013,0.7533696960808488,0.47897002942426437,-1.6140150424848405,-0.9964844894870322,0.0,False,-0.5731582945489014,6.0
2005,00-0019610,R.Droughns,CLE,RB,-24.18000030517578,-0.069,2.0,1601.0,1.0,33.7,10.5,6.0,8.286,-17.559999465942383,0.0,0,-0.20126073886466914,1601.0,11.5,4.587,349.0,droughns,-1.6243756476135165,-1.3121672171721774,-1.2074579998601025,1.143164172846675,-0.4189493924966492,-0.6100015315234306,-0.603826927336321,0.14030366809602848,0.15226153088192312,-2.2954048322250564,-0.9964844894870322,0.0,False,-0.7256081962266392,0.0
2005,00-0020407,R.Johnson,CIN,RB,6.00600004196167,0.017,12.0,1548.0,0.0,26.7,25.5,11.0,14.517,2.5439999103546143,3.0,0,0.028266665670606823,1548.0,5.6,4.3,360.0,johnson,-1.0114921779346486,-1.16500589001516,0.9498669598899472,1.0005898549983137,0.5489681694783679,-0.6101673332336165,-0.5516035523537044,1.1620803814040623,1.1845742359617044,-0.8342142934034744,0.7154247616829975,0.0,False,0.40963303861282907,44.7
2005,00-0021236,R.McMichael,,TE,38.79600143432617,0.647,5.0,582.0,0.0,58200.0,500.0,0.0,0.0,7.313000202178955,0.0,0,0.48753334681193033,582.0,10400.0,9.7,60.0,mcmichael,-0.34573819950030404,-0.08696360967886932,-0.5602605119350875,-1.5980288438982337,0.5489681694783679,0.767723042075003,1.100395876263071,-1.0858283878736121,-1.220510588246799,-0.4875957934911142,-0.9964844894870322,0.0,False,-0.6397724752399907,3.4
2005,00-0011754,R.Moss,,WR,90.39700317382812,1.507,8.0,1005.0,0.0,100500.0,800.0,0.0,0.0,24.42099952697754,3.0,0,1.628066635131836,1005.0,12500.0,16.75,60.0,moss,0.7019461780694558,1.3846496618913051,0.08693697598992739,-0.4601243825801803,0.5489681694783679,1.769639090770102,2.1448633759154054,-1.0858283878736121,-1.220510588246799,0.7558407130298165,0.7154247616829975,0.0,False,0.29088143146795836,40.0
2005,00-0015290,R.Smith,DEN,WR,89.75,1.044,6.0,1112.0,0.0,19.2,14.0,13.0,14.107,25.16200065612793,1.0,0,1.170325611912927,1112.0,27.8,12.93,86.0,smith,0.6888097060125798,0.5923741447552695,-0.34452801596008253,-0.17228566541462073,0.5489681694783679,-0.6103449779231015,-0.5916414731737105,1.5707910667272758,1.1166480268327188,0.8096978495579461,-0.4258480724303556,0.0,False,0.21079822879845211,36.9
2005,00-0020498,R.Wayne,,WR,93.06600189208984,1.121,5.0,1055.0,0.0,105500.0,500.0,0.0,0.0,16.47599983215332,0.0,0,0.7940240882965456,1055.0,12300.0,12.711,83.0,wayne,0.7561363714109137,0.7241348679074827,-0.5602605119350875,-0.32562030913833,0.5489681694783679,1.8880688837600665,1.100395876263071,-1.0858283878736121,-1.220510588246799,0.17838554265685436,-0.9964844894870322,0.0,False,-0.34021265091478203,15.2
2005,00-0019647,S.Alexander,SEA,RB,54.7130012512207,0.142,28.0,1958.0,1.0,32.5,51.9,13.0,15.586,15.85200023651123,6.0,0,0.16469610635336343,1958.0,6.2,5.086,385.0,alexander,-0.022566332990293834,-0.951108612170658,4.401586895490027,2.103523257221486,-0.4189493924966492,-0.6100299546737482,-0.4596904123842989,1.5707910667272758,1.3616794007394748,0.1330322630275422,2.427334012853027,0.52,True,1.6880801024576633,95.1
2005,00-0022736,S.Jackson,LA,RB,-13.347999572753906,-0.045,10.0,1366.0,3.0,23.5,28.6,0.0,0.0,-15.074000358581545,1.0,0,-0.20233557528297375,1366.0,9.2,4.584,298.0,jackson,-1.4044473988854498,-1.2710989398260333,0.5184019679399373,0.5109950276699787,-2.3547845164466836,-0.6102431283011301,-0.5408107215239636,-1.0858283878736121,-1.220510588246799,-2.1147184768784,-0.4258480724303556,0.0,False,-0.5999344078263844,5.0
2005,00-0020494,S.Moss,WAS,WR,136.552001953125,1.57,9.0,1480.0,0.0,27.3,22.5,10.0,11.581,33.733001708984375,3.0,0,1.5509426073096264,1480.0,28.7,17.011,87.0,moss,1.6390572716086138,1.4924538899249344,0.3026694719649323,0.8176643151173973,0.5489681694783679,-0.6101531216584578,-0.5620482273502277,0.9577250387424555,0.6981563091258454,1.4326517908234606,0.7154247616829975,0.0,False,0.7198768348130171,57.0
2005,00-0020337,S.Smith,CAR,WR,144.32699584960938,1.349,13.0,1588.0,0.0,30.9,31.0,11.0,13.483,34.380001068115234,3.0,0,1.2852336847893546,1588.0,34.2,14.841,107.0,smith,1.7969173783206727,1.1142835026958546,1.1655994558649523,1.108193113751794,0.5489681694783679,-0.6100678522075049,-0.5324549815267449,1.1620803814040623,1.0132676500120186,1.479676729716976,0.7154247616829975,0.0,False,0.9293340960425582,65.2
2005,00-0000745,T.Barber,NYG,RB,53.6870002746582,0.13,11.0,2390.0,1.0,40.5,26.8,11.0,14.067,32.797000885009766,4.0,0,0.31841748432048317,2390.0,12.8,5.801,412.0,barber,-0.04339781219184904,-0.9716427508437302,0.7341344639149423,3.2656384517590724,-0.4189493924966492,-0.6098404670049642,-0.5470775265218776,1.1620803814040623,1.1100210796006227,1.364621767407651,1.286061178739674,0.0,False,0.7702241636560703,58.9
2005,00-0006043,T.Glenn,DAL,WR,98.0790023803711,1.532,8.0,1125.0,0.0,20.6,22.9,9.0,11.607,35.26100158691406,3.0,0,2.203812599182129,1125.0,24.5,17.578,64.0,glenn,0.8579181608970132,1.4274291174602058,0.08693697598992739,-0.13731460631973966,0.5489681694783679,-0.6103118175810643,-0.5606556040173579,0.7533696960808488,0.7024638248267079,1.5437092437790048,0.7154247616829975,0.0,False,0.5565548754376418,50.5
2005,00-0006101,T.Gonzalez,,WR,71.62000274658203,0.918,2.0,905.0,0.0,90500.0,200.0,0.0,0.0,20.92300033569336,0.0,0,1.072974376189403,905.0,11600.0,11.603,78.0,gonzalez,0.32070609857334964,0.37676568868801136,-1.2074579998601025,-0.7291325294638809,0.5489681694783679,1.532779504790173,0.055928376610736755,-1.0858283878736121,-1.220510588246799,0.5016005875980457,-0.9964844894870322,0.0,False,-0.5974451891955876,5.0
2005,00-0020516,T.Heap,,WR,72.7229995727539,0.97,7.0,855.0,0.0,85500.0,700.0,0.0,0.0,22.558000564575195,3.0,0,1.2030933634440104,855.0,11400.0,11.4,75.0,heap,0.34310086813854324,0.4657469562713241,-0.12879551998507757,-0.8636366029057312,0.5489681694783679,1.4143497118002089,1.7967075426979604,-1.0858283878736121,-1.220510588246799,0.6204349956526934,0.7154247616829975,0.0,False,0.06253803617211862,31.1
2005,00-0007681,T.Holt,LA,WR,111.4990005493164,1.083,9.0,1333.0,0.0,23.0,25.7,0.0,0.0,23.35400009155273,2.0,0,0.9069514598661255,1333.0,27.3,12.942,103.0,holt,1.1303919880447435,0.659110095442754,0.3026694719649323,0.4222223391983575,0.5489681694783679,-0.6102549712804292,-0.5509072406872695,-1.0858283878736121,-1.220510588246799,0.6782895029054818,0.14478834462632095,0.0,False,-0.004435985876574157,28.4
2005,00-0020438,T.Houshmandzadeh,CIN,WR,91.01499938964844,1.058,8.0,1018.0,0.0,17.5,17.0,11.0,14.517,27.631000518798828,2.0,0,1.2851628148278524,1018.0,21.5,11.837,86.0,houshmandzadeh,0.7144937054213623,0.6163306398738537,0.08693697598992739,-0.4251533234852993,0.5489681694783679,-0.6103852440527181,-0.5811967981771872,1.1620803814040623,1.1845742359617044,0.9891486728573153,0.14478834462632095,0.0,False,0.3802483735078337,43.6
2005,00-0019641,T.Jones,CHI,RB,-32.922000885009766,-0.097,9.0,1478.0,2.0,34.7,40.9,11.0,8.966,-10.652000427246094,3.0,0,-0.12531765208524817,1478.0,9.4,4.347,340.0,jones,-1.8018694389634333,-1.360080207409346,0.3026694719649323,0.8122841521797234,-1.3868669544716663,-0.6099778455648326,-0.49798755403821787,1.1620803814040623,0.264919633827558,-1.7933205131500913,0.7154247616829975,0.0,False,0.03101722117221606,29.8
2005,00-0004640,W.Dunn,ATL,RB,17.89900016784668,0.058,4.0,1636.0,0.0,32.0,11.8,8.0,13.0,-2.8550000190734863,0.0,0,-0.03695792904949497,1636.0,8.3,5.294,309.0,dunn,-0.7700218573151487,-1.0948475828821633,-0.7759930079100925,1.2373170242559701,0.5489681694783679,-0.6100417976530472,-0.5993009015044942,0.549014353419242,0.9332472621844572,-1.2266221655047824,-0.9964844894870322,0.0,False,-0.378212653989583,13.7
2005,00-0022178,W.McGahee,BUF,RB,-15.437000274658203,-0.044,5.0,1425.0,1.0,32.5,20.8,5.0,10.037,-7.949999809265137,1.0,0,-0.09008498367439248,1425.0,8.3,4.037,353.0,mcgahee,-1.4468615638500408,-1.2693877616032772,-0.5602605119350875,0.669709834331362,-0.4189493924966492,-0.6100299546737482,-0.5679668765149243,-0.06405167456557828,0.4423561459669333,-1.5969348256565483,-0.4258480724303556,0.0,False,-0.4517995762845077,10.8
2005,00-0022250,W.Parker,PIT,RB,14.755000114440918,0.054,5.0,1420.0,0.0,27.1,12.5,11.0,13.414,7.765999794006348,1.0,0,0.11378754276932378,1420.0,6.4,5.201,273.0,parker,-0.8338562719193544,-1.1016922957731874,-0.5602605119350875,0.656259426987177,0.5489681694783679,-0.6101578588501774,-0.5968638106719721,1.1620803814040623,1.0018361660366526,-0.4546710651682194,-0.4258480724303556,0.0,False,-0.1507491103751749,22.6
2006,00-0022084,A.Boldin,ARI,WR,103.89199829101562,1.181,4.0,1231.0,0.0,23.6,14.3,5.0,10.467,22.239999771118164,0.0,0,1.010909080505371,1231.0,29.0,13.989,88.0,boldin,1.0577596814654122,0.8492015152317719,-0.7532606095043778,0.12091307395664994,0.6696204545765386,-0.5569751598317793,-0.5335848550410137,-0.1952130888440236,0.35822744395652056,0.8416348722697594,-1.036789222613943,0.0,False,-0.1937643234907151,35.0
2006,00-0020285,A.Crumpler,,WR,73.74400329589844,1.317,8.0,780.0,0.0,78000.0,800.0,0.0,0.0,16.809999465942383,1.0,0,1.2007142475673132,780.0,10300.0,13.929,56.0,crumpler,0.4835042993468932,1.0715319672825059,0.15824802720680212,-1.0617041963808014,0.6696204545765386,1.1886298879133224,1.7119132802472263,-1.347290334480884,-1.4990663672675697,0.4383487352997,-0.4669508712536079,0.0,False,-0.14796642729961765,37.1
2006,00-0021547,A.Gates,,WR,93.70800018310548,1.32,9.0,924.0,0.0,92400.0,900.0,0.0,0.0,23.86400032043457,3.0,0,1.344450722278004,924.0,12000.0,13.014,71.0,gates,0.8637761105546635,1.0764363154895076,0.3861251863845971,-0.6841057774703957,0.6696204545765386,1.5109929706861802,1.997709148299694,-1.347290334480884,-1.4990663672675697,0.9622493973457145,0.6727258314670622,0.0,False,0.23324377782883604,54.1
2006,00-0006305,A.Green,GB,RB,-4.579999923706055,-0.015,6.0,1439.0,2.0,25.8,22.2,8.0,11.148,-6.033999919891357,1.0,0,-0.07711182006250936,1439.0,10.2,4.597,313.0,green,-1.0084018922658755,-1.1059986366261556,-0.29750629114878785,0.6663330123827916,-0.8370255682206734,-0.5569259099163556,-0.5110069814648689,0.49603325853809266,0.479065992293542,-1.2582751592658208,-0.4669508712536079,0.0,False,-0.30031651029943723,30.3
2006,00-0022044,A.Johnson,HOU,WR,89.70999908447266,0.846,5.0,1161.0,0.0,25.5,19.2,6.0,9.536,7.426000118255615,0.0,0,0.28022641955681565,1161.0,35.2,10.953,106.0,johnson,0.7876226665535783,0.3015492987832721,-0.5253834503265828,-0.0626417130136862,0.6696204545765386,-0.5569326258139133,-0.5195808575064429,0.03520236028334849,0.19302819505524704,-0.2586009209739646,-1.036789222613943,0.0,False,-0.277973753018232,31.3
2006,00-0022807,B.Berrian,CHI,WR,59.91899871826172,1.131,6.0,780.0,0.0,14.5,15.8,13.0,12.939,10.75,2.0,0,0.8113207547169812,780.0,20.0,14.717,53.0,berrian,0.22016727518303503,0.7674623784484137,-0.29750629114878785,-1.0617041963808014,0.6696204545765386,-0.5571788753910315,-0.5292979170202268,1.648110504174953,0.7968660511358413,-0.011727441000148695,0.10288748010672719,0.0,False,0.2227805655731323,53.7
2006,00-0023438,B.Edwards,CLE,WR,74.34100341796875,1.162,6.0,891.0,0.0,19.9,27.3,4.0,8.207,16.777999877929688,2.0,0,1.0486249923706055,891.0,24.7,13.922,64.0,edwards,0.49487588585802983,0.8181406432540956,-0.29750629114878785,-0.770638748470697,0.6696204545765386,-0.5570579892349917,-0.49643139219419297,-0.4256285379713957,-0.04279328914431478,0.4359721258136982,0.10288748010672719,0.0,False,-0.025939285276583943,42.5
2006,00-0021216,B.Westbrook,PHI,RB,50.70299911499024,0.16,11.0,1916.0,1.0,32.0,26.2,10.0,13.267,14.041000366210938,2.0,0,0.17717350619824526,1916.0,20.4,6.044,317.0,westbrook,0.044622023346621464,-0.8199116578844019,0.841879504740187,1.9171277750235107,-0.08370255682206737,-0.5567871147001617,-0.49957514674277015,0.9568641567928369,0.8550672902761394,0.232695164868065,0.10288748010672719,0.0,False,0.3795119272012551,60.7
2006,00-0020446,C.Chambers,MIA,WR,62.6259994506836,0.935,4.0,772.0,0.0,14.9,18.2,6.0,9.63,4.410999774932861,0.0,0,0.26334327014524544,772.0,26.8,11.522,67.0,chambers,0.27172989950494464,0.4470449622576497,-0.7532606095043778,-1.0826818863202685,0.6696204545765386,-0.5571699208609545,-0.5224388161869676,0.03520236028334849,0.2097078184674059,-0.4825250044151855,-1.036789222613943,0.0,False,-0.40341272850482635,25.7
2006,00-0004304,C.Dillon,NE,RB,10.116000175476074,0.047,13.0,959.0,2.0,17.4,28.9,12.0,13.75,5.48199987411499,3.0,0,0.10246728736663534,959.0,3.0,4.481,214.0,dillon,-0.7284742501810052,-1.0046421070147913,1.297633823095777,-0.5923283839852277,-0.8370255682206734,-0.5571139550479731,-0.49185865830535347,1.417695055047581,0.9407721637662738,-0.40298182422751344,0.6727258314670622,0.0,False,0.38358748973294776,60.8
2006,00-0020397,C.Johnson,CIN,WR,104.71700286865234,1.126,7.0,1394.0,0.0,24.6,16.7,8.0,13.815,14.6899995803833,0.0,0,0.6318279389412172,1394.0,29.3,14.989,93.0,johnson,1.0734742694191728,0.7592884647700777,-0.06962913197099287,0.5483335064732898,0.6696204545765386,-0.5569527735065867,-0.5267257542077546,0.49603325853809266,0.9523059459129791,0.2808963382143534,-1.036789222613943,0.0,False,0.07270076965779176,46.9
2006,00-0021314,C.Taylor,MIN,RB,-30.628999710083008,-0.089,6.0,1502.0,3.0,29.5,24.0,6.0,9.724,-8.763999938964844,1.0,0,-0.10131791836953577,1502.0,9.6,4.341,346.0,taylor,-1.5045801067227198,-1.2269725590655256,-0.29750629114878785,0.8315323206560942,-1.5903485796192796,-0.5568430805131431,-0.5058626558399244,0.03520236028334849,0.22638744187956444,-1.461032267874251,-0.4669508712536079,0.0,False,-0.4249218848941047,24.7
2006,00-0023440,C.Williams,TB,RB,-36.5369987487793,-0.143,1.0,994.0,2.0,22.8,5.3,4.0,6.806,-11.87600040435791,0.0,0,-0.18629020242130054,994.0,8.3,3.898,255.0,williams,-1.6171149617295575,-1.3152508267915524,-1.4368920870377626,-0.5005509905000596,-0.8370255682206734,-0.5569930688919333,-0.5593064831657358,-0.4256285379713957,-0.29139065510638146,-1.6921605506371686,-1.036789222613943,0.0,False,-0.9777396196106496,0.0
2006,00-0021192,D.Branch,SEA,WR,56.36600112915039,0.989,4.0,755.0,0.0,14.7,11.8,9.0,11.167,14.272000312805176,0.0,0,1.0015438816003632,755.0,20.0,13.246,57.0,branch,0.1524902045011619,0.5353232299836764,-0.7532606095043778,-1.1272594774416358,0.6696204545765386,-0.557174398125993,-0.5407297517423255,0.7264487076654648,0.48243740553642517,0.24985153151015943,-1.036789222613943,0.0,False,-0.26973984743960505,31.6
2006,00-0004541,D.Driver,GB,WR,116.12799835205078,1.185,8.0,1277.0,0.0,22.9,29.6,8.0,11.148,31.38400077819824,2.0,0,1.280979623599928,1277.0,27.3,13.031,98.0,driver,1.2908295387408297,0.8557406461744406,0.15824802720680212,0.2415347911085851,0.6696204545765386,-0.556990830259414,-0.4898580872289862,0.49603325853809266,0.479065992293542,1.5207598511543194,0.10288748010672719,0.0,False,0.3677440984395832,60.1
2006,00-0021164,D.Foster,CAR,RB,-38.70399856567383,-0.149,3.0,1056.0,2.0,20.6,11.5,8.0,9.31,-9.769000053405762,1.0,0,-0.1508725876973863,1056.0,8.7,4.077,259.0,foster,-1.658391713570039,-1.3250595232055553,-0.9811377686821727,-0.33797389346919043,-0.8370255682206734,-0.557042318807357,-0.541587139346483,0.49603325853809266,0.15292612174516368,-1.5356736290213244,-0.4669508712536079,0.0,False,-0.6046331978234014,16.7
2006,00-0019663,D.Jackson,,WR,87.43699645996094,1.388,10.0,956.0,0.0,95600.0,1000.0,0.0,0.0,6.291999816894531,1.0,0,0.3994920518663194,956.0,11200.0,15.175,63.0,jackson,0.7443267859848447,1.1876015415148744,0.6140023455623921,-0.6001950177125277,0.6696204545765386,1.5826292113023708,2.2835050163521617,-1.347290334480884,-1.4990663672675697,-0.34282312634343376,-0.4669508712536079,0.0,False,0.0033918202713077855,43.8
2006,00-0010500,D.Mason,BAL,WR,72.66500091552734,1.053,2.0,746.0,0.0,14.8,6.2,13.0,11.767,6.447000026702881,0.0,0,0.3737391319827757,746.0,21.8,10.812,69.0,mason,0.4629515918004328,0.6399493250663748,-1.2090149278599678,-1.1508593786235362,0.6696204545765386,-0.5571721594934738,-0.5567343203532638,1.648110504174953,0.5889030868906292,-0.331311260352639,-1.036789222613943,0.0,False,-0.25360778668615275,32.4
2006,00-0020527,D.McAllister,NO,RB,7.532999992370605,0.027,10.0,1255.0,1.0,19.8,21.3,10.0,14.241,8.809000015258789,2.0,0,0.12859854036874144,1255.0,6.3,4.58,274.0,mcallister,-0.7776749269557517,-1.0373377617281345,0.6140023455623921,0.1838461437750509,-0.08370255682206737,-0.557060227867511,-0.513579144277341,0.9568641567928369,1.0278965796744641,-0.15588551498019923,0.10288748010672719,0.0,False,0.15933881235945674,50.8
2006,00-0019863,D.Rhodes,IND,RB,-18.4950008392334,-0.083,5.0,892.0,2.0,14.6,10.6,12.0,18.565,-8.163999557495117,1.0,0,-0.14643945394610075,892.0,8.3,4.0,223.0,rhodes,-1.2734531558480773,-1.2171638626515224,-0.5253834503265828,-0.7680165372282637,-0.8370255682206734,-0.5571766367585124,-0.5441593021589551,1.417695055047581,1.7951592566337617,-1.4164702379618686,-0.4669508712536079,0.0,False,-0.235227487033853,33.2
2006,00-0008241,E.James,ARI,RB,-38.310001373291016,-0.102,6.0,1376.0,3.0,26.4,21.4,5.0,10.467,-5.144999980926514,3.0,0,-0.05487999979654948,1376.0,11.6,3.669,375.0,james,-1.6508869024440567,-1.2482247346291986,-0.29750629114878785,0.5011337041094891,-1.5903485796192796,-0.55691247812124,-0.5132933484092885,-0.1952130888440236,0.35822744395652056,-1.192249131456943,0.6727258314670622,0.0,False,-0.2057709926553691,34.5
2006,00-0009163,E.Kennison,KC,WR,70.63899993896484,1.239,5.0,876.0,0.0,16.4,14.3,9.0,12.731,18.572999954223636,2.0,0,1.3033684178402551,876.0,22.6,15.368,57.0,kennison,0.42436056890962953,0.9440189139004674,-0.5253834503265828,-0.8099719171071976,0.6696204545765386,-0.5571363413731656,-0.5335848550410137,0.7264487076654648,0.7599579482663839,0.5692867862087522,0.10288748010672719,0.0,False,0.14949174356395328,50.4
2006,00-0023500,F.Gore,SF,RB,10.392999649047852,0.028,9.0,2180.0,6.0,43.4,33.3,7.0,10.643,7.431000232696533,4.0,0,0.07947593831760998,2180.0,19.7,5.829,374.0,gore,-0.7231979975291007,-1.0357029789924674,0.3861251863845971,2.609391543025921,-3.8503176138150974,-0.5565319105929666,-0.47928364011104496,0.2656178094107206,0.3894573771537538,-0.25822956246126544,1.2425641828273972,0.0,False,0.3002025426194611,57.1
2006,00-0016098,F.Taylor,JAX,RB,10.439000129699709,0.041,6.0,1388.0,1.0,25.9,15.8,8.0,14.269,12.182000160217283,2.0,0,0.19184252220814618,1388.0,6.3,5.465,254.0,taylor,-0.7223217859071124,-1.0144508034287942,-0.29750629114878785,0.5326002390186896,-0.08370255682206737,-0.5569236712838364,-0.5292979170202268,0.49603325853809266,1.0328649781376604,0.0946272146716136,0.10288748010672719,0.0,False,-0.02879255663259922,42.4
2006,00-0017162,H.Ward,PIT,WR,84.33899688720703,1.11,6.0,1005.0,0.0,16.9,15.8,8.0,13.074,19.325000762939453,0.0,0,1.0171053033126027,1005.0,24.4,13.224,76.0,ward,0.6853164627861398,0.7331319409994034,-0.29750629114878785,-0.47170666683329243,0.6696204545765386,-0.5571251482105694,-0.5292979170202268,0.49603325853809266,0.8208208294405371,0.6251378882531275,-1.036789222613943,0.0,False,-0.06041530651471286,41.0
2006,00-0002099,I.Bruce,,WR,94.31199645996094,1.274,3.0,1098.0,0.0,109800.0,300.0,0.0,0.0,26.739999771118164,1.0,0,1.4454053930334143,1098.0,12800.0,14.838,74.0,bruce,0.8752809589805693,1.0012363096488182,-0.9811377686821727,-0.22784102128698874,0.6696204545765386,1.9005150290367168,0.28293393998488686,-1.347290334480884,-1.4990663672675697,1.1758498841244445,-0.4669508712536079,0.0,False,-0.30876640953350404,29.9
2006,00-0024245,J.Addai,IND,RB,28.722000122070312,0.108,8.0,1401.0,2.0,22.9,17.0,12.0,18.565,-3.7109999656677246,0.0,0,-0.055804510761920674,1401.0,9.1,5.267,266.0,addai,-0.3740694013424966,-0.9049203601390944,0.15824802720680212,0.5666889851703234,-0.8370255682206734,-0.556990830259414,-0.5258683666035971,1.417695055047581,1.7951592566337617,-1.0857459465459798,-1.036789222613943,0.0,False,-0.0452102250025645,41.7
2006,00-0022811,J.Cotchery,NYJ,WR,87.12000274658203,1.001,6.0,986.0,0.0,19.8,18.8,10.0,12.154,17.58300018310547,1.0,0,0.8084138015220905,986.0,26.2,11.333,87.0,cotchery,0.7382887278640623,0.5549406228116822,-0.29750629114878785,-0.5215286804395266,0.6696204545765386,-0.557060227867511,-0.5207240409786527,0.9568641567928369,0.657573451364091,0.4957595005997757,-0.4669508712536079,0.0,False,0.06605102269730619,46.7
2006,00-0005720,J.Galloway,TB,WR,97.66100311279295,1.526,7.0,1066.0,0.0,24.4,36.8,4.0,6.806,30.06100082397461,2.0,0,1.878812551498413,1066.0,26.9,16.656,64.0,galloway,0.9390724348465762,1.4132015590369431,-0.06962913197099287,-0.3117517810448567,0.6696204545765386,-0.5569572507716252,-0.4692807847292086,-0.4256285379713957,-0.29139065510638146,1.4225006410688532,0.10288748010672719,0.0,False,0.15505733193767834,50.6
2006,00-0022840,J.Jones,DAL,RB,-4.172999858856201,-0.015,4.0,1226.0,1.0,20.8,8.7,9.0,14.655,1.2910000085830688,1.0,0,0.018710145051928535,1226.0,3.0,4.442,276.0,jones,-1.0006494039892764,-1.1059986366261556,-0.7532606095043778,0.10780201774448306,-0.08370255682206737,-0.5570378415423184,-0.5495894236519521,0.7264487076654648,1.101357899808865,-0.7142473952812323,-0.4669508712536079,0.0,False,-0.29744840978025433,30.4
2006,00-0019693,J.Lewis,BAL,RB,-36.32099914550781,-0.109,9.0,1247.0,2.0,24.7,28.1,13.0,11.767,-5.867000102996826,3.0,0,-0.07068674822887742,1247.0,5.1,3.756,332.0,lewis,-1.6130006272693653,-1.2596682137788688,0.3861251863845971,0.1628684538355839,-0.8370255682206734,-0.5569505348740674,-0.4941450252497733,1.648110504174953,0.5889030868906292,-1.245872082425124,0.6727258314670622,0.0,False,0.13736941223820132,49.8
2006,00-0021148,J.Shockey,,TE,59.42699813842773,0.9,7.0,623.0,0.0,62300.0,700.0,0.0,0.0,9.894000053405762,1.0,0,0.5996363668730764,623.0,11500.0,9.439,66.0,shockey,0.21079570732186015,0.38982756650929895,-0.06962913197099287,-1.473391361442841,0.6696204545765386,0.8371645823901372,1.4261174121947584,-1.347290334480884,-1.4990663672675697,-0.07530255928872719,-0.4669508712536079,0.0,False,-0.36029438316201157,27.6
2006,00-0021153,J.Walker,DEN,WR,109.45600128173828,1.403,9.0,1207.0,0.0,23.7,28.1,9.0,10.29,18.011999130249023,2.0,0,0.9236922630896935,1207.0,28.1,15.474,78.0,walker,1.1637421411302595,1.2121232825498822,0.3861251863845971,0.05798000413824897,0.6696204545765386,-0.55697292119926,-0.4941450252497733,0.7264487076654648,0.3268200679570301,0.5276212535342714,0.10288748010672719,0.0,False,0.403156058817749,61.7
2006,00-0008561,K.Johnson,CAR,WR,67.16400146484375,0.946,5.0,819.0,0.0,16.0,19.2,8.0,9.31,11.111000061035156,0.0,0,0.6259718344245159,819.0,24.2,11.535,71.0,johnson,0.35816921598745743,0.46502757234998837,-0.5253834503265828,-0.9594379579258999,0.6696204545765386,-0.5571452959032427,-0.5195808575064429,0.49603325853809266,0.15292612174516368,0.015084034483941704,-1.036789222613943,0.0,False,-0.2821418805573519,31.1
2006,00-0022782,K.Jones,DET,RB,-16.753000259399414,-0.069,8.0,1209.0,4.0,23.1,26.7,3.0,11.296,0.4230000078678131,1.0,0,0.00699173566723658,1209.0,13.3,4.996,242.0,jones,-1.2402717383513162,-1.1942769043521821,0.15824802720680212,0.06322442662311571,-2.3436715910178854,-0.5569863529943756,-0.49814616740250783,-0.6560439870987678,0.505327527027579,-0.7787137576209914,-0.4669508712536079,0.0,False,-0.4010060885230741,25.8
2006,00-0022922,K.Winslow,,TE,57.400001525878906,0.645,3.0,875.0,0.0,87500.0,300.0,0.0,0.0,11.144000053405762,0.0,0,0.5008539349845286,875.0,11900.0,9.831,89.0,winslow,0.17218571967655596,-0.027042031085827676,-0.9811377686821727,-0.812594128349631,0.6696204545765386,1.4012999772426384,0.28293393998488686,-1.347290334480884,-1.4990663672675697,0.01753494400424091,-1.036789222613943,0.0,False,-0.692651419756231,12.7
2006,00-0021184,L.Betts,WAS,RB,11.017000198364258,0.037,5.0,1599.0,2.0,30.3,15.6,5.0,10.964,0.6359999775886536,3.0,0,0.00853691245085441,1599.0,13.8,5.366,298.0,betts,-0.7113121101277032,-1.020989934371463,-0.5253834503265828,1.0858868111721314,-0.8370255682206734,-0.5568251714529892,-0.5298695087563318,-0.1952130888440236,0.44641651667825294,-0.7628942493087029,0.6727258314670622,0.0,False,-0.10073007460918834,39.2
2006,00-0018958,L.Coles,NYJ,WR,93.8209991455078,1.009,6.0,1093.0,0.0,21.9,18.8,10.0,12.154,22.32900047302246,2.0,0,0.9603871171192456,1093.0,31.7,11.753,93.0,coles,0.8659285011976846,0.5680188846970196,-0.29750629114878785,-0.2409520774991556,0.6696204545765386,-0.5570132165846066,-0.5207240409786527,0.9568641567928369,0.657573451364091,0.8482449546346528,0.10288748010672719,0.0,False,0.23089680180237543,54.0
2006,00-0022910,L.Evans,,WR,119.125,1.453,8.0,1291.0,0.0,129100.0,800.0,0.0,0.0,37.323001861572266,4.0,0,1.8206342371498667,1291.0,13700.0,15.744,82.0,evans,1.34791606561705,1.2938624193332404,0.15824802720680212,0.2782457485026523,0.6696204545765386,2.332571105253116,1.7119132802472263,-1.347290334480884,-1.4990663672675697,1.9618494772620612,1.2425641828273972,0.0,False,0.4851276426846069,65.4
2006,00-0022921,L.Fitzgerald,ARI,WR,89.44400024414062,1.296,6.0,946.0,0.0,18.1,21.4,5.0,10.467,31.35099983215332,3.0,0,1.8174492656320766,946.0,20.9,13.71,69.0,fitzgerald,0.7825559526403415,1.0372015298334958,-0.29750629114878785,-0.6264171301368615,0.6696204545765386,-0.5570982846203384,-0.5132933484092885,-0.1952130888440236,0.35822744395652056,1.5183088708046264,0.6727258314670622,0.0,False,0.2585880741776101,55.3
2006,00-0021976,L.Johnson,KC,RB,26.576000213623047,0.058,19.0,2199.0,2.0,41.2,54.3,9.0,12.731,3.2730000019073486,4.0,0,0.028647702423696707,2199.0,14.8,4.812,457.0,johnson,-0.41494614945298575,-0.9866594969224525,2.6648967781625466,2.6592135566321553,-0.8370255682206734,-0.5565811605083901,-0.4192665078200267,0.7264487076654648,0.7599579482663839,-0.5670442505557078,1.2425641828273972,0.0,False,0.9164946384551513,84.7
2006,00-0020536,L.Tomlinson,LAC,RB,83.46199798583984,0.206,31.0,2323.0,1.0,39.0,55.4,0.0,0.0,12.371000289916992,5.0,0,0.12218271891276042,2323.0,17.5,5.736,405.0,tomlinson,0.668611493208438,-0.7447116520437125,5.399422688296086,2.9843677506938935,-0.08370255682206737,-0.5566304104238138,-0.4161227532714495,-1.347290334480884,-1.4990663672675697,0.1086642548023081,1.8124025341877323,0.92,True,1.2597472294129546,100.0
2006,00-0023457,M.Clayton,BAL,WR,62.8129997253418,0.849,5.0,908.0,0.0,18.0,15.6,13.0,11.767,21.03199958801269,2.0,0,1.1368648425952805,908.0,22.0,12.27,74.0,clayton,0.27529185824208463,0.30645364699027355,-0.5253834503265828,-0.7260611573493296,0.6696204545765386,-0.5571005232528575,-0.5298695087563318,1.648110504174953,0.5889030868906292,0.7519166954881912,0.10288748010672719,0.0,False,0.15669213037418406,50.7
2006,00-0024466,M.Colston,,WR,108.85900115966795,1.555,8.0,1038.0,0.0,103800.0,800.0,0.0,0.0,20.19700050354004,1.0,0,1.1541143144880022,1038.0,11500.0,14.829,70.0,colston,1.1523705546191225,1.4606102583712908,0.15824802720680212,-0.38517369583299116,0.6696204545765386,1.7661970778813594,1.7119132802472263,-1.347290334480884,-1.4990663672675697,0.689901311284707,-0.4669508712536079,0.0,False,0.00475131363982724,43.9
2006,00-0019281,M.Furrey,,WR,87.09500122070312,0.889,6.0,1086.0,0.0,108600.0,600.0,0.0,0.0,21.45499992370605,2.0,0,0.875714282600247,1086.0,14600.0,11.082,98.0,furrey,0.7378125018065927,0.37184495641696014,-0.29750629114878785,-0.2593075561961892,0.6696204545765386,1.873651438805645,1.1403215441422905,-1.347290334480884,-1.4990663672675697,0.7833329315344782,0.10288748010672719,0.0,False,-0.11564354804976455,38.5
2006,00-0007024,M.Harrison,,WR,129.17999267578125,1.36,12.0,1366.0,0.0,136600.0,1200.0,0.0,0.0,39.67399978637695,6.0,0,1.6704842015316612,1366.0,14900.0,14.379,95.0,harrison,1.5394423565748685,1.1418276249161943,1.069756663917982,0.47491159168515534,0.6696204545765386,2.500468544197313,2.8550967524570976,-1.347290334480884,-1.4990663672675697,2.136458099330714,2.3822408855480672,0.0,False,0.9766213935598427,87.3
2006,00-0011795,M.Muhammad,,WR,78.79199981689453,1.313,5.0,863.0,0.0,86300.0,500.0,0.0,0.0,20.29599952697754,1.0,0,1.353066635131836,863.0,11700.0,14.383,60.0,muhammad,0.579657929847597,1.0649928363398373,-0.5253834503265828,-0.8440606632588314,0.6696204545765386,1.3744363870115668,0.8545256760898227,-1.347290334480884,-1.4990663672675697,0.6972539690162106,-0.4669508712536079,0.0,False,-0.28186299761352535,31.1
2006,00-0019642,P.Burress,,WR,87.61699676513672,1.391,10.0,988.0,0.0,98800.0,1000.0,0.0,0.0,21.89299964904785,2.0,0,1.39003172374907,988.0,12100.0,15.683,63.0,burress,0.7477554101453207,1.192505889721876,0.6140023455623921,-0.5162842579546598,0.6696204545765386,1.6542654519185616,2.2835050163521617,-1.347290334480884,-1.4990663672675697,0.815863172289469,0.10288748010672719,0.0,False,0.18520943185005034,52.0
2006,00-0023437,R.Brown,MIA,RB,-21.05900001525879,-0.077,5.0,1281.0,3.0,24.7,22.7,6.0,9.63,4.369999885559082,0.0,0,0.0635636346990412,1281.0,6.5,4.658,275.0,brown,-1.3222919037256227,-1.2073551662375195,-0.5253834503265828,0.2520236360783186,-1.5903485796192796,-0.5569505348740674,-0.5095780021246066,0.03520236028334849,0.2097078184674059,-0.4855700663069851,-1.036789222613943,0.0,False,-0.5843443574602644,17.6
2006,00-0021176,R.Caldwell,NE,WR,63.44400024414063,1.023,4.0,765.0,0.0,13.9,8.9,12.0,13.75,17.0,1.0,0,1.096774193548387,765.0,19.6,12.339,62.0,caldwell,0.2873110802201464,0.5909058429963598,-0.7532606095043778,-1.101037365017302,0.6696204545765386,-0.5571923071861471,-0.5490178319158471,1.417695055047581,0.9407721637662738,0.45246007546469175,-0.4669508712536079,0.0,False,-0.0017407117124507432,43.6
2006,00-0019610,R.Droughns,CLE,RB,-45.54199981689453,-0.184,4.0,927.0,4.0,20.7,18.2,4.0,8.207,-11.359000205993652,0.0,0,-0.1839514203399782,927.0,6.6,3.753,247.0,droughns,-1.7886411388496517,-1.382276918953906,-0.7532606095043778,-0.6762391437430956,-2.3436715910178854,-0.5570400801748376,-0.5224388161869676,-0.4256285379713957,-0.04279328914431478,-1.653762944542683,-1.036789222613943,0.0,False,-0.8738207587204454,4.6
2006,00-0020407,R.Johnson,CIN,RB,-21.733999252319336,-0.06,12.0,1432.0,2.0,25.2,28.6,8.0,13.815,-7.195000171661377,4.0,0,-0.07906593595232282,1432.0,6.0,3.934,364.0,johnson,-1.3351492079964602,-1.179563859731178,1.069756663917982,0.647977533685758,-0.8370255682206734,-0.5569393417114711,-0.4927160459095109,0.49603325853809266,0.9523059459129791,-1.3445026510232896,1.2425641828273972,0.0,False,0.36685550825670427,60.1
2006,00-0020498,R.Wayne,,WR,125.1780014038086,1.456,9.0,1310.0,0.0,131000.0,900.0,0.0,0.0,24.56599998474121,1.0,0,1.1426046504530796,1310.0,13800.0,15.233,86.0,wayne,1.4632129082319902,1.2987667675402417,0.3861251863845971,0.32806776210888644,0.6696204545765386,2.3751051231189795,1.997709148299694,-1.347290334480884,-1.4990663672675697,1.0143869142630988,-0.4669508712536079,0.0,False,0.13962604038621945,49.9
2006,00-0022909,R.Williams,DET,WR,108.2239990234375,1.288,7.0,1312.0,0.0,25.0,23.3,3.0,11.296,26.020999908447266,3.0,0,1.239095233735584,1312.0,25.7,15.619,84.0,williams,1.140275110313584,1.0241232679481584,-0.06962913197099287,0.33331218459375317,0.6696204545765386,-0.5569438189765097,-0.5078632269162917,-0.6560439870987678,0.505327527027579,1.122449762429762,0.6727258314670622,0.0,False,0.3337171266896767,58.6
2006,00-0019647,S.Alexander,SEA,RB,-33.06999969482422,-0.125,7.0,944.0,3.0,18.3,20.6,9.0,11.167,-10.456000328063965,4.0,0,-0.15842424739490857,944.0,3.2,3.576,264.0,alexander,-1.5510759808004453,-1.2858247375495435,-0.06962913197099287,-0.6316615526217282,-1.5903485796192796,-0.5570938073552998,-0.5155797153537084,0.7264487076654648,0.48243740553642517,-1.5866971412300053,1.2425641828273972,0.0,False,-0.021105057833228302,42.8
2006,00-0022736,S.Jackson,LA,RB,29.011999130249023,0.067,16.0,2334.0,1.0,38.3,43.2,0.0,0.0,10.684000015258787,10.0,0,0.09801834876384209,2334.0,18.9,5.353,436.0,jackson,-0.3685455351191332,-0.9719464523014482,1.9812653006291618,3.013212074360661,-0.08370255682206737,-0.5566460808514486,-0.45098984917385054,-1.347290334480884,-1.4990663672675697,-0.01662926004074724,4.661594290989408,0.0,False,1.132675886785014,94.3
2006,00-0020494,S.Moss,WAS,WR,69.86100006103516,1.127,6.0,872.0,0.0,16.5,18.8,5.0,10.964,15.93299961090088,2.0,0,1.0279354587677987,872.0,22.0,14.065,62.0,moss,0.4095413208216212,0.760923247505745,-0.29750629114878785,-0.8204607620769311,0.6696204545765386,-0.5571341027406465,-0.5207240409786527,-0.1952130888440236,0.44641651667825294,0.37321395375542155,0.10288748010672719,0.0,False,0.0339139072836078,45.2
2006,00-0020337,S.Smith,CAR,WR,100.48799896240234,1.104,9.0,1227.0,0.0,24.0,34.6,8.0,9.31,19.18899917602539,2.0,0,0.8434724912538634,1227.0,26.2,13.484,91.0,smith,0.992920711726277,0.7233232445854004,0.3861251863845971,0.11042422898691644,0.6696204545765386,-0.5569662053017023,-0.47556829382636284,0.49603325853809266,0.15292612174516368,0.6150370500347411,0.10288748010672719,0.0,False,0.30248287605042445,57.2
2006,00-0000745,T.Barber,NYG,RB,30.9060001373291,0.08,5.0,2127.0,1.0,39.5,13.2,8.0,11.833,11.017000198364258,4.0,0,0.11416580516439645,2127.0,15.8,5.51,386.0,barber,-0.33246883176855263,-0.9506942767377751,-0.5253834503265828,2.4704143471769524,-0.08370255682206737,-0.5566192172612175,-0.536728609589591,0.49603325853809266,0.6006143118395918,0.008102664435743239,1.2425641828273972,0.0,False,0.2783421119149979,56.1
2006,00-0022893,T.Bell,DEN,RB,-33.6870002746582,-0.131,2.0,1140.0,3.0,22.4,6.2,9.0,10.29,-19.25,0.0,0,-0.29961089494163423,1140.0,6.9,4.436,257.0,bell,-1.5628285336251786,-1.2956334339635465,-1.2090149278599678,-0.11770814910478705,-1.5903485796192796,-0.5570020234220103,-0.5567343203532638,0.7264487076654648,0.3268200679570301,-2.239827520031383,-1.036789222613943,0.0,False,-0.7555956844712541,9.9
2006,00-0006043,T.Glenn,DAL,WR,91.87200164794922,1.259,6.0,1058.0,0.0,18.0,13.0,9.0,14.655,27.77899932861328,0.0,0,1.5221369495130566,1058.0,22.2,14.493,73.0,glenn,0.8288042313120816,0.9767145686138105,-0.29750629114878785,-0.33272947098432365,0.6696204545765386,-0.5571005232528575,-0.5373002013256959,0.7264487076654648,1.101357899808865,1.2530163839967208,-1.036789222613943,0.0,False,0.064577387966475,46.6
2006,00-0006101,T.Gonzalez,,WR,89.30699920654297,1.223,5.0,900.0,0.0,90000.0,500.0,0.0,0.0,17.44300079345703,0.0,0,0.9557808653949058,900.0,10400.0,12.329,73.0,gonzalez,0.779946373356246,0.9178623901297929,-0.5253834503265828,-0.7470388472887967,0.6696204545765386,1.4572657902240373,0.8545256760898227,-1.347290334480884,-1.4990663672675697,0.4853617455617754,-1.036789222613943,0.0,False,-0.4145868999696698,25.2
2006,00-0020516,T.Heap,,WR,62.71900177001953,0.859,6.0,765.0,0.0,76500.0,600.0,0.0,0.0,18.65900039672852,0.0,0,1.0224109806426587,765.0,11600.0,10.479,73.0,heap,0.2735013964962641,0.3228014743469452,-0.29750629114878785,-1.101037365017302,0.6696204545765386,1.155050400124483,1.1403215441422905,-1.347290334480884,-1.4990663672675697,0.5756740393001472,-1.036789222613943,0.0,False,-0.4821946002500014,22.1
2006,00-0020471,T.Henry,TEN,RB,-22.812000274658203,-0.079,7.0,1289.0,1.0,28.5,29.2,8.0,12.0,-5.079999923706055,2.0,0,-0.07031141762914954,1289.0,5.7,4.46,289.0,henry,-1.3556828417955777,-1.2106247317088539,-0.06962913197099287,0.2730013260177856,-0.08370255682206737,-0.5568654668383357,-0.49100127070119615,0.49603325853809266,0.6302472598165119,-1.187421577035945,0.10288748010672719,0.0,False,-0.14752642768503094,37.1
2006,00-0007681,T.Holt,,WR,104.0500030517578,1.119,10.0,1188.0,0.0,118800.0,1000.0,0.0,0.0,24.86100006103516,2.0,0,1.0692903252058132,1188.0,17900.0,12.774,93.0,holt,1.0607693371413947,0.7478449856204077,0.6140023455623921,0.008157990532014874,0.6696204545765386,2.1019919557697526,2.2835050163521617,-1.347290334480884,-1.4990663672675697,1.036296570706591,0.10288748010672719,0.0,False,0.20649576499680744,52.9
2006,00-0020438,T.Houshmandzadeh,CIN,WR,94.15899658203124,1.012,9.0,1087.0,0.0,19.1,21.4,8.0,13.815,28.25,2.0,0,1.2150537634408602,1087.0,25.5,11.688,93.0,houshmandzadeh,0.872366635710354,0.5729232329040213,0.3861251863845971,-0.25668534495375583,0.6696204545765386,-0.5570758982951458,-0.5132933484092885,0.49603325853809266,0.9523059459129791,1.2879976051014046,0.10288748010672719,0.0,False,0.368595327466426,60.2
2006,00-0019641,T.Jones,CHI,RB,-18.77300071716309,-0.056,6.0,1359.0,1.0,25.3,15.8,13.0,12.939,1.753999948501587,2.0,0,0.021069068450469512,1359.0,9.2,4.081,333.0,jones,-1.278748464081851,-1.1730247287885092,-0.29750629114878785,0.4565561129881217,-0.08370255682206737,-0.556937103078952,-0.5292979170202268,1.648110504174953,0.7968660511358413,-0.6798603885237687,0.10288748010672719,0.0,False,-0.015420273711359886,43.0
2006,00-0012478,T.Owens,,WR,117.48699951171876,1.382,13.0,1180.0,0.0,118000.0,1300.0,0.0,0.0,29.28899955749512,5.0,0,1.378305861529182,1180.0,15300.0,13.882,85.0,owens,1.3167156293538556,1.1777928451008715,1.297633823095777,-0.012819699407452114,0.6696204545765386,2.084082895615705,3.1408926205095655,-1.347290334480884,-1.4990663672675697,1.3651641049736811,1.8124025341877323,0.0,False,0.8229870952601994,80.5
2006,00-0004640,W.Dunn,ATL,RB,-27.40900039672852,-0.089,5.0,1304.0,0.0,25.5,16.7,7.0,10.815,-3.07699990272522,1.0,0,-0.039961037697730135,1304.0,6.6,4.234,308.0,dunn,-1.4432459471405905,-1.2269725590655256,-0.5253834503265828,0.3123344946542862,0.6696204545765386,-0.5569326258139133,-0.5267257542077546,0.2656178094107206,0.41997753914195873,-1.0386587602010464,-0.4669508712536079,0.0,False,-0.3896057947966034,26.3
2006,00-0022178,W.McGahee,BUF,RB,-21.71299934387207,-0.078,6.0,1146.0,2.0,25.5,21.4,7.0,11.111,-8.635000228881836,2.0,0,-0.1246931440993767,1146.0,6.6,4.137,277.0,mcgahee,-1.334749204266468,-1.2089899489731868,-0.29750629114878785,-0.10197488165018681,-0.8370255682206734,-0.5569326258139133,-0.5132933484092885,0.2656178094107206,0.47250060861003296,-1.4514514590665524,0.10288748010672719,0.0,False,-0.28653967638371924,30.9
2006,00-0022250,W.Parker,PIT,RB,-6.461999893188477,-0.018,16.0,1716.0,4.0,28.9,42.1,8.0,13.074,-8.845999717712402,4.0,0,-0.09615217084470003,1716.0,8.1,4.663,368.0,parker,-1.0442500012959193,-1.110902984833157,1.9812653006291618,1.392685526536836,-2.3436715910178854,-0.5568565123082586,-0.4541336037224277,0.49603325853809266,0.8208208294405371,-1.4671223916578502,1.2425641828273972,0.0,False,0.565137656509747,69.0
2006,00-0022427,W.Welker,,WR,53.525001525878906,0.799,1.0,687.0,0.0,68700.0,100.0,0.0,0.0,2.486000061035156,0.0,0,0.1484179140916511,687.0,10000.0,10.254,67.0,welker,0.0983751858062384,0.22471451020691552,-1.4368920870377626,-1.3055698419271051,0.6696204545765386,0.9804370636225185,-0.2886577961200488,-1.347290334480884,-1.4990663672675697,-0.6254947382375381,-1.036789222613943,0.0,False,-0.8547053317002062,5.5
2007,00-0022064,A.Battle,SF,WR,44.59799957275391,0.826,6.0,604.0,1.0,15.0,26.1,5.0,7.3,5.2820000648498535,1.0,0,0.39125926406295214,604.0,21.0,11.185,54.0,battle,-0.11509173341567333,0.3005395633848328,-0.3304003010894558,-1.78756434977229,-0.29375585339163085,-0.5791169350335739,-0.4741840301414535,-0.1435512476170697,-0.17150879131521315,-0.49074163697335643,-0.5959523240582899,0.0,False,-0.38631237492716797,17.4
2007,00-0021547,A.Gates,,WR,98.44400024414062,1.313,9.0,984.0,0.0,98400.0,900.0,0.0,0.0,16.871999740600586,1.0,0,0.8998399861653645,984.0,11700.0,13.12,75.0,gates,0.8892838515976118,1.136898234061482,0.39351047096047564,-0.5443126901626837,0.5364237322803694,1.397037775669484,1.509270502711275,-1.1577720188246272,-1.250645299331982,0.37237638509484694,-0.5959523240582899,0.0,False,-0.029474502622174603,30.7
2007,00-0025394,A.Peterson,MIN,RB,35.090999603271484,0.137,13.0,1609.0,3.0,30.0,40.6,8.0,13.036,-11.03600025177002,2.0,0,-0.17176654088358007,1609.0,6.8,6.261,257.0,peterson,-0.29242335576481915,-0.8827276318845949,1.3587248336937177,1.5005091184057475,-1.9541150247356314,-0.5788156460092252,-0.44127398239415455,0.46498121510746476,0.6764264155319357,-1.7059582505559583,0.09577805208079655,0.0,False,0.23808067800574517,40.7
2007,00-0016550,A.Toomer,,WR,70.2040023803711,1.19,3.0,760.0,0.0,76000.0,300.0,0.0,0.0,15.1850004196167,0.0,0,1.0294915538723186,760.0,10400.0,12.881,59.0,toomer,0.36253044333066153,0.9256618552252852,-1.0543110731393872,-1.2771768263536094,0.5364237322803694,0.9471128326421069,0.14747542351269724,-1.1577720188246272,-1.250645299331982,0.24674398148015933,-1.2876827001973763,0.0,False,-0.6402323442884229,7.9
2007,00-0022807,B.Berrian,CHI,WR,78.18599700927734,1.101,5.0,951.0,0.0,19.1,19.2,7.0,10.438,15.300000190734863,2.0,0,0.8619718417315416,951.0,22.8,13.394,71.0,berrian,0.5114165337555858,0.7728160201324273,-0.5717038917727663,-0.652279281655097,0.5364237322803694,-0.5790345827002519,-0.48984467355223715,0.2621370608659533,0.29237208021309125,0.25530812106279277,0.09577805208079655,0.0,False,0.01831973082431168,32.5
2007,00-0023438,B.Edwards,,WR,113.75700378417967,1.422,16.0,1289.0,0.0,128900.0,1600.0,0.0,0.0,26.10300064086914,4.0,0,1.305150032043457,1289.0,15400.0,16.112,80.0,edwards,1.1749133634846485,1.3240914478268921,2.0826356057436493,0.45356035241871073,0.5364237322803694,2.009658791845154,3.0980314284429484,-1.1577720188246272,-1.250645299331982,1.0598175810958739,1.4792388043589693,0.0,False,0.9743348271626648,68.2
2007,00-0004915,B.Engram,,WR,90.35900115966795,0.961,6.0,1147.0,0.0,114700.0,600.0,0.0,0.0,22.072999954223636,2.0,0,0.9392765937967504,1147.0,13400.0,12.202,94.0,engram,0.7384764455869699,0.532384369424561,-0.3304003010894558,-0.011023162488036864,0.5364237322803694,1.7244385154617272,0.828372963111986,-1.1577720188246272,-1.250645299331982,0.7596996933561005,0.09577805208079655,0.0,False,-0.0633130255520411,29.5
2007,00-0023545,B.Jacobs,NYG,RB,12.791000366210938,0.057,6.0,1185.0,3.0,21.7,16.2,10.0,13.815,0.8119999766349792,3.0,0,0.014565022002421152,1185.0,7.1,5.314,223.0,jacobs,-0.7083794992156061,-1.0201171465748042,-0.3304003010894558,0.11330200347292375,-1.9541150247356314,-0.5789823592693648,-0.49665364894823005,0.8706695235904878,0.7915835853600265,-0.8236266881142064,0.787508428219883,0.0,False,0.01804966372693853,32.5
2007,00-0024334,B.Marshall,DEN,WR,117.41300201416016,1.097,7.0,1382.0,0.0,24.7,22.6,7.0,11.034,41.06900024414063,3.0,0,1.5352897287529208,1382.0,33.3,12.916,107.0,marshall,1.2431077570377327,0.7659465443979169,-0.08909671040614531,0.7578298375336933,0.5364237322803694,-0.5789221014644951,-0.48212783477011184,0.2621370608659533,0.38047692388130966,2.1743494479841696,0.787508428219883,0.0,False,0.4792520282953131,49.7
2007,00-0021216,B.Westbrook,PHI,RB,42.875,0.117,12.0,2104.0,0.0,36.3,33.3,8.0,10.839,6.611000061035156,1.0,0,0.07185869631559952,2104.0,21.2,5.717,368.0,westbrook,-0.14723040076858493,-0.9170750105571472,1.1174212430104071,3.120007990791945,0.5364237322803694,-0.5786891046189987,-0.4578424891910705,0.46498121510746476,0.3516506746945603,-0.3917697750123847,-0.5959523240582899,0.0,False,0.22561708516448423,40.3
2007,00-0023439,C.Benson,CHI,RB,-30.21299934387207,-0.142,4.0,797.0,2.0,16.0,15.4,7.0,10.438,0.0,0.0,0,0.0,797.0,4.8,3.742,213.0,benson,-1.5105220321461472,-1.3618735643667,-0.8130074824560768,-1.1561233752863584,-1.1239354390636311,-0.5790968490986173,-0.49846937572049477,0.2621370608659533,0.29237208021309125,-0.8840970792583039,-1.2876827001973763,0.0,False,-0.7911071331588682,2.3
2007,00-0020446,C.Chambers,LAC,WR,88.69400024414062,1.285,4.0,982.0,0.0,18.9,9.8,0.0,0.0,30.749000549316406,2.0,0,1.7825507564821106,982.0,28.1,14.232,69.0,chambers,0.707419612252474,1.0888119039199087,-0.8130074824560768,-0.5508561199501028,0.5364237322803694,-0.5790385998872432,-0.5111794631263481,-1.1577720188246272,-1.250645299331982,1.4058095020359678,0.09577805208079655,0.0,False,-0.24433518497540105,22.7
2007,00-0022738,C.Cooley,,WR,83.18299865722656,1.26,8.0,786.0,0.0,78600.0,800.0,0.0,0.0,17.874000549316406,1.0,0,1.0832727605646306,786.0,11300.0,11.909,66.0,cooley,0.6046243187515535,1.0458776805792185,0.15220688027716517,-1.1921122391171628,0.5364237322803694,0.9993362635292132,1.2823046561781786,-1.1577720188246272,-1.250645299331982,0.4469963143722409,-0.5959523240582899,0.0,False,-0.16473524746089663,25.7
2007,00-0020397,C.Johnson,CIN,WR,128.40699768066406,1.297,8.0,1487.0,0.0,26.1,22.2,7.0,13.103,27.268999099731445,2.0,0,1.1017777414032908,1487.0,28.1,15.02,99.0,johnson,1.448175927217474,1.10942033112344,0.15220688027716517,1.1013599013731898,0.5364237322803694,-0.5788939811555559,-0.48303569815624425,0.2621370608659533,0.686330819098665,1.1466505674378358,0.09577805208079655,0.0,False,0.4392973989929345,48.3
2007,00-0021179,C.Portis,WAS,RB,-27.333999633789062,-0.073,11.0,1651.0,5.0,31.1,33.3,9.0,11.929,-2.9489998817443848,4.0,0,-0.031709676147789086,1651.0,11.6,4.438,372.0,portis,-1.456820791905212,-1.2433751079463944,0.8761176523270966,1.6379211439415462,-3.6144741960796316,-0.5787935514807729,-0.4578424891910705,0.6678253693489763,0.5127820163025436,-1.1037118347561903,1.4792388043589693,0.0,False,0.3521902074631417,45.0
2007,00-0025410,D.Bowe,,WR,99.8270034790039,1.426,5.0,995.0,0.0,99500.0,500.0,0.0,0.0,26.933000564575195,1.0,0,1.5390286036900112,995.0,11800.0,14.214,70.0,bowe,0.9150806548099478,1.3309609235614026,-0.5717038917727663,-0.5083238263318793,0.5364237322803694,1.4191323041217212,0.6014071165788898,-1.1577720188246272,-1.250645299331982,1.1216284449878546,-0.5959523240582899,0.0,False,-0.19770664618851339,24.5
2007,00-0022165,D.Clark,IND,WR,70.75900268554688,1.179,11.0,645.0,0.0,10.9,21.6,13.0,18.75,12.510000228881836,2.0,0,0.8340000152587891,645.0,18.2,10.75,60.0,clark,0.3728827211088269,0.9067707969553815,0.8761176523270966,-1.6534240391302009,0.5364237322803694,-0.5791992873668959,-0.48439749323544284,1.479201986315022,1.5211094301631438,0.04753423702349362,0.09577805208079655,0.0,False,0.4977440408362859,50.4
2007,00-0004541,D.Driver,GB,WR,81.53900146484375,0.971,2.0,1052.0,0.0,17.4,4.7,13.0,15.0,14.505000114440918,0.0,0,0.6907142911638532,1052.0,21.4,12.524,84.0,driver,0.5739592624563491,0.5495580587608372,-1.2956146638226977,-0.3218360773904384,0.5364237322803694,-0.5790687287896781,-0.5227547212995362,1.479201986315022,0.9667584842641186,0.19610372825935174,-1.2876827001973763,0.0,False,-0.23223845127595177,23.2
2007,00-0021164,D.Foster,CAR,RB,-44.03799819946289,-0.163,4.0,1049.0,4.0,22.5,15.4,7.0,9.207,-14.449000358581545,0.0,0,-0.21326937798644346,1049.0,7.0,3.871,271.0,foster,-1.7683961758199347,-1.3979383119728799,-0.8130074824560768,-0.3316512220715669,-2.7842946104076316,-0.5789662905213995,-0.49846937572049477,0.2621370608659533,0.11039714303930459,-1.9601275330342962,-1.2876827001973763,0.0,False,-0.8528914731509594,0.0
2007,00-0010500,D.Mason,,WR,92.03800201416016,0.894,5.0,1087.0,0.0,108700.0,500.0,0.0,0.0,17.437000274658203,2.0,0,0.6771650592100273,1087.0,16400.0,10.553,103.0,mason,0.7697944161779505,0.4173206508715108,-0.5717038917727663,-0.20732605611060625,0.5364237322803694,1.603922905722251,0.6014071165788898,-1.1577720188246272,-1.250645299331982,0.41445249873302104,0.09577805208079655,0.0,False,-0.16483371831392452,25.7
2007,00-0021755,E.Graham,TB,RB,1.383999943733215,0.005,10.0,1222.0,0.0,23.4,31.2,9.0,12.37,0.2349999994039535,3.0,0,0.003468634677549129,1222.0,14.7,4.509,271.0,graham,-0.9211513407585371,-1.1094203311234403,0.6348140616437862,0.2343554545401749,0.5364237322803694,-0.5789482131799386,-0.4626087719682656,0.6678253693489763,0.5779736875402688,-0.8665964114113541,0.787508428219883,0.0,False,0.20796120628402281,39.6
2007,00-0008241,E.James,ARI,RB,-6.349999904632568,-0.018,7.0,1428.0,0.0,25.4,17.1,8.0,14.429,-2.138000011444092,1.0,0,-0.024504298125433716,1428.0,6.7,4.092,349.0,james,-1.0654116484014555,-1.1489198165968755,-0.08909671040614531,0.9083287226443298,0.5364237322803694,-0.5789080413100254,-0.49461095632943214,0.46498121510746476,0.8823493135685604,-1.0433159224581325,-0.5959523240582899,0.0,False,-0.1980480492778218,24.5
2007,00-0023500,F.Gore,SF,RB,-19.141000747680664,-0.061,6.0,1538.0,2.0,38.1,26.1,5.0,7.3,-6.309000015258789,1.0,0,-0.08062619827806759,1538.0,13.8,4.914,313.0,gore,-1.3039988934049385,-1.222766680742863,-0.3304003010894558,1.2682173609523737,-1.1239354390636311,-0.5786529499360769,-0.4741840301414535,-0.1435512476170697,-0.17150879131521315,-1.3539341600816652,-0.5959523240582899,0.0,False,-0.4677075500315515,14.4
2007,00-0016098,F.Taylor,JAX,RB,6.318999767303467,0.027,5.0,1260.0,1.0,21.9,10.9,11.0,14.679,12.81999969482422,3.0,0,0.2210344774969693,1260.0,3.0,5.431,232.0,taylor,-0.8291000598270506,-1.0716382145836327,-0.5717038917727663,0.3586806205011355,-0.29375585339163085,-0.5789783420823734,-0.5086828388144841,1.0735136778319991,0.9193060432951621,0.07062018468285444,0.787508428219883,0.0,False,0.08499441066788994,35.0
2007,00-0017162,H.Ward,PIT,WR,71.13999938964844,0.961,7.0,743.0,0.0,13.8,17.1,10.0,13.1,9.633000373840332,1.0,0,0.5207027229102882,743.0,26.1,10.041,74.0,ward,0.3799893545226152,0.532384369424561,-0.08909671040614531,-1.3327959795466708,0.5364237322803694,-0.5791410381555218,-0.49461095632943214,0.8706695235904878,0.6858873383419458,-0.16671860972760727,-0.5959523240582899,0.0,False,-0.029713804394685406,30.7
2007,00-0002099,I.Bruce,LA,WR,58.85900115966797,1.033,4.0,729.0,0.0,14.4,16.7,0.0,0.0,14.739999771118164,1.0,0,1.0343859488503975,729.0,17.8,12.789,57.0,bruce,0.15091505693344764,0.6560349326457493,-0.8130074824560768,-1.3785999880586037,0.5364237322803694,-0.5791289865945478,-0.49551881971556455,-1.1577720188246272,-1.250645299331982,0.21360437058312584,-0.5959523240582899,0.0,False,-0.5754393739780497,10.4
2007,00-0024245,J.Addai,IND,RB,31.600000381469727,0.104,15.0,1436.0,0.0,24.4,29.4,13.0,18.75,8.63599967956543,4.0,0,0.11363157473112408,1436.0,8.9,4.724,304.0,addai,-0.35754006530609556,-0.9394008066943063,1.8413320150603385,0.9345024417940058,0.5364237322803694,-0.578928127244982,-0.46669415720586127,1.479201986315022,1.5211094301631438,-0.24096617584649407,1.4792388043589693,0.0,False,0.9004835027101394,65.5
2007,00-0022811,J.Cotchery,NYJ,WR,82.14600372314453,0.944,2.0,1167.0,0.0,23.6,9.5,4.0,9.926,26.65699958801269,1.0,0,1.2256091764603536,1167.0,25.1,13.414,87.0,cotchery,0.585281519275493,0.5031890975528915,-1.2956146638226977,0.054411135386152935,0.5364237322803694,-0.5789441959929473,-0.5118603606659474,-0.3463954018585812,0.21668469773301094,1.1010743963559173,-0.5959523240582899,0.0,False,-0.29339206887994307,20.9
2007,00-0022093,J.Fargas,LV,RB,-0.5730000138282776,-0.002,4.0,1197.0,1.0,24.6,14.8,0.0,0.0,-5.242000102996826,1.0,0,-0.0855836751509686,1197.0,7.1,4.886,245.0,fargas,-0.9576547570334487,-1.1214419136588336,-0.8130074824560768,0.15256258219743765,-0.29375585339163085,-0.5789241100579907,-0.4998311707996933,-1.1577720188246272,-1.250645299331982,-1.2744736872962044,-0.5959523240582899,0.0,False,-0.8130346273401368,1.5
2007,00-0019693,J.Lewis,CLE,RB,-6.955999851226807,-0.021,11.0,1552.0,2.0,27.2,26.2,10.0,13.862,4.99399995803833,2.0,0,0.06090243851266256,1552.0,7.3,4.732,328.0,lewis,-1.0767152093584356,-1.1540719233977583,0.8761176523270966,1.3140213694643066,-1.1239354390636311,-0.5788718866271035,-0.4739570642949204,0.8706695235904878,0.7985314505486277,-0.5121892719604982,0.09577805208079655,0.0,False,0.18755630307622426,38.9
2007,00-0022127,J.Witten,,WR,87.33699798583984,0.91,7.0,1145.0,0.0,114500.0,700.0,0.0,0.0,18.726999282836918,1.0,0,0.7802916367848716,1145.0,14100.0,11.927,96.0,witten,0.6821077985606272,0.4447985538095527,-0.08909671040614531,-0.017566592275455845,0.5364237322803694,1.7204213284704113,1.0553388096450824,-1.1577720188246272,-1.250645299331982,0.5105199209555359,-0.5959523240582899,0.0,False,-0.18126497768441963,25.1
2007,00-0022001,K.Curtis,,WR,92.33599853515624,1.199,6.0,1110.0,0.0,111000.0,600.0,0.0,0.0,18.927000045776367,1.0,0,0.9832207815987724,1110.0,13500.0,14.416,77.0,curtis,0.7753528685490736,0.9411181756279339,-0.3304003010894558,-0.132076613555288,0.5364237322803694,1.6501205561223835,0.828372963111986,-1.1577720188246272,-1.250645299331982,0.5254141632117807,-0.5959523240582899,0.0,False,-0.18435503014238533,25.0
2007,00-0021931,K.Walter,HOU,WR,77.33599853515625,1.105,4.0,830.0,0.0,15.2,11.4,8.0,13.069,16.554000854492188,2.0,0,0.9459429059709822,830.0,20.4,11.857,70.0,walter,0.49556173109501545,0.7796854958669378,-0.8130074824560768,-1.0481567837939452,0.5364237322803694,-0.5791129178465825,-0.5075480095818186,0.46498121510746476,0.6813047038558473,0.3486947131986832,0.09577805208079655,0.0,False,0.010925592134198634,32.3
2007,00-0022922,K.Winslow,,WR,89.78299713134766,1.095,5.0,1106.0,0.0,110600.0,500.0,0.0,0.0,15.81999969482422,0.0,0,0.7717073021865474,1106.0,14900.0,13.488,82.0,winslow,0.7277323907695129,0.7625118065306616,-0.5717038917727663,-0.14516347313012595,0.5364237322803694,1.6420861821397519,0.6014071165788898,-1.1577720188246272,-1.250645299331982,0.2940329662744024,-1.2876827001973763,0.0,False,-0.4263033587589721,15.9
2007,00-0022910,L.Evans,,WR,66.75700378417969,1.214,5.0,849.0,0.0,84900.0,500.0,0.0,0.0,15.571999549865724,3.0,0,1.1325090581720527,849.0,11300.0,15.436,55.0,evans,0.2982344661285991,0.966878709632348,-0.5717038917727663,-0.9859942008134649,0.5364237322803694,1.125877653755663,0.6014071165788898,-1.1577720188246272,-1.250645299331982,0.2755641655343075,0.787508428219883,0.0,False,-0.04418439846396974,30.2
2007,00-0022921,L.Fitzgerald,,WR,108.70800018310548,1.076,10.0,1412.0,0.0,141200.0,1000.0,0.0,0.0,37.14500045776367,4.0,0,1.4710891270401454,1412.0,16800.0,13.98,101.0,fitzgerald,1.0807355994477028,0.729881796791737,0.6348140616437862,0.855981284344978,0.5364237322803694,2.2567157918110796,1.7362363492443713,-1.1577720188246272,-1.250645299331982,1.882125545571131,1.4792388043589693,0.0,False,0.629169243978418,55.3
2007,00-0024236,L.Maroney,NE,RB,12.243000030517578,0.064,6.0,951.0,0.0,14.4,9.2,16.0,21.815,4.310999870300293,4.0,0,0.09075789200632196,951.0,1.4,5.005,190.0,maroney,-0.7186012083655294,-1.008095564039411,-0.3304003010894558,-0.652279281655097,0.5364237322803694,-0.5791289865945478,-0.5125412582055467,2.0877344490395564,1.9741989366112804,-0.5630529217701069,1.4792388043589693,0.0,False,0.4395865901985556,48.3
2007,00-0020536,L.Tomlinson,LAC,RB,31.301000595092773,0.083,18.0,1949.0,0.0,37.6,43.9,0.0,0.0,13.270999908447266,6.0,0,0.14155733235677084,1949.0,18.7,5.197,375.0,tomlinson,-0.3631172313280241,-0.9754655543004863,2.5652427871102703,2.612892182266974,0.5364237322803694,-0.5786629929035552,-0.43378410945856233,-1.1577720188246272,-1.250645299331982,0.10420658875749006,2.862699556637142,0.0,False,0.8937484237775661,65.2
2007,00-0024260,L.White,TEN,RB,-48.52399826049805,-0.15,7.0,1222.0,4.0,24.9,28.0,10.0,9.71,-9.187000274658203,1.0,0,-0.11341975647726177,1222.0,6.8,3.772,324.0,white,-1.852072379799668,-1.3756125158357209,-0.08909671040614531,0.2343554545401749,-2.7842946104076316,-0.5789180842775037,-0.46987167905732463,0.8706695235904878,0.18475408324922718,-1.5682615078728719,-0.5959523240582899,0.0,False,-0.43362504487874953,15.7
2007,00-0023544,M.Barber,DAL,RB,34.35300064086914,0.139,12.0,1255.0,0.0,21.2,25.0,13.0,18.2,8.690999984741211,4.0,0,0.14074493902414917,1255.0,10.3,5.081,247.0,barber,-0.3061890603735169,-0.8792928940173397,1.1174212430104071,0.34232204603258803,0.5364237322803694,-0.578992402236843,-0.47668065445331753,1.479201986315022,1.43980462476462,-0.23687025212392565,1.4792388043589693,0.0,False,0.7182707802690316,58.7
2007,00-0001477,M.Booker,MIA,WR,46.09400177001953,0.886,1.0,568.0,1.0,11.9,4.0,1.0,9.536,10.05799961090088,0.0,0,0.7736922777616062,568.0,19.3,10.923,52.0,booker,-0.08718718965522548,0.40358169940248984,-1.5369182545060083,-1.9053460859458315,-0.29375585339163085,-0.5791792014319392,-0.5243434822252677,-0.9549278645831156,0.15903219935951224,-0.13506852248561296,-1.2876827001973763,0.0,False,-0.8040202068562203,1.8
2007,00-0024466,M.Colston,,WR,101.2490005493164,1.033,11.0,1202.0,0.0,120200.0,1100.0,0.0,0.0,27.65900039672852,5.0,0,1.1289387917032048,1202.0,14400.0,12.265,98.0,colston,0.941604799993886,0.6560349326457493,0.8761176523270966,0.1689211566659851,0.5364237322803694,1.8349111577229136,1.9632021957774675,-1.1577720188246272,-1.250645299331982,1.1756943256333117,2.1709691804980555,0.0,False,0.7303169417175603,59.1
2007,00-0025399,M.Lynch,BUF,RB,-12.67099952697754,-0.042,7.0,1299.0,1.0,28.8,35.0,7.0,9.0,-8.487000465393066,1.0,0,-0.11353846776445574,1299.0,6.0,4.344,299.0,lynch,-1.1833156266802938,-1.1901366710039383,-0.08909671040614531,0.4862775013558056,-0.29375585339163085,-0.5788397491311731,-0.4539840698000079,0.2621370608659533,0.07979697082567828,-1.516131873039046,-0.5959523240582899,0.0,False,-0.3818317924856146,17.6
2007,00-0019642,P.Burress,,WR,103.85299682617188,1.484,12.0,1025.0,0.0,102500.0,1200.0,0.0,0.0,26.652999877929688,3.0,0,1.523028564453125,1025.0,14000.0,14.643,70.0,burress,0.9901764720090543,1.4305683217118044,1.1174212430104071,-0.41017237952059465,0.5364237322803694,1.4793901089914592,2.190168042310564,-1.1577720188246272,-1.250645299331982,1.100776534237516,0.787508428219883,0.0,False,0.5247221757535586,51.4
2007,00-0023470,R.Brown,PHI,WR,72.33300018310547,1.096,4.0,816.0,0.0,14.1,11.1,8.0,10.839,22.795000076293945,2.0,0,1.381515156139027,816.0,19.6,12.364,66.0,brown,0.40224209112161097,0.7642291754642895,-0.8130074824560768,-1.093960792305878,0.5364237322803694,-0.5791350123750348,-0.5082289071214179,0.46498121510746476,0.3516506746945603,0.8134677118831555,0.09577805208079655,0.0,False,-0.014558809537024812,31.3
2007,00-0019643,R.Dayne,HOU,RB,-7.690999984741211,-0.036,6.0,885.0,0.0,16.2,17.1,8.0,13.069,0.5619999766349792,3.0,0,0.010654027993080175,885.0,5.0,4.194,211.0,dayne,-1.0904249775840944,-1.1798324574021726,-0.3304003010894558,-0.8682124646399233,0.5364237322803694,-0.579092831911626,-0.49461095632943214,0.46498121510746476,0.6813047038558473,-0.842244419913502,0.787508428219883,0.0,False,-0.0819007782228777,28.8
2007,00-0022984,R.Grant,GB,RB,0.8040000200271606,0.004,8.0,1103.0,0.0,18.2,18.6,13.0,15.0,3.321000099182129,4.0,0,0.06093578163636934,1103.0,6.5,5.06,218.0,grant,-0.9319699299836695,-1.111137700057068,0.15220688027716517,-0.15497861781125444,0.5364237322803694,-0.5790526600417127,-0.4912064686314357,1.479201986315022,0.9667584842641186,-0.6367791226502753,1.4792388043589693,0.0,False,0.37164388882695265,45.7
2007,00-0011754,R.Moss,,WR,153.48599243164062,1.566,23.0,1482.0,0.0,148200.0,2300.0,0.0,0.0,36.86000061035156,6.0,0,1.504489820830676,1482.0,15900.0,15.122,98.0,moss,1.91596795838948,1.5713925742692691,3.7717607405268225,1.0850013269046423,0.5364237322803694,2.3973173365071347,4.686792354174623,-1.1577720188246272,-1.250645299331982,1.8609013426832954,2.862699556637142,0.04,False,1.8250996825927595,100.0
2007,00-0020498,R.Wayne,IND,WR,113.64700317382812,1.082,10.0,1514.0,0.0,25.7,19.6,13.0,18.75,19.163000106811523,2.0,0,0.730019051688058,1514.0,28.5,14.419,105.0,wayne,1.172861550425255,0.7401860103935028,0.6348140616437862,1.189696203503346,0.5364237322803694,-0.5789020155295385,-0.48893681016610474,1.479201986315022,1.5211094301631438,0.5429893065756605,0.09577805208079655,0.0,False,0.6759222371926286,57.1
2007,00-0023462,R.White,ATL,WR,93.6050033569336,1.114,6.0,1200.0,0.0,23.8,24.0,4.0,8.931,20.451000213623047,2.0,0,0.9738571530296689,1200.0,24.9,14.286,84.0,white,0.7990232887170583,0.7951418162695866,-0.3304003010894558,0.1623777268785661,0.5364237322803694,-0.5789401788059559,-0.4789503129186485,-0.3463954018585812,0.0695969134211361,0.6389078687599848,0.09577805208079655,0.0,False,0.06474300635581433,34.3
2007,00-0022909,R.Williams,DET,WR,55.79199981689453,0.858,5.0,837.0,0.0,15.4,15.6,7.0,12.357,0.0,0.0,0,0.0,837.0,18.0,12.877,65.0,williams,0.09370707064893402,0.35549536926091657,-0.5717038917727663,-1.0252547795379787,0.5364237322803694,-0.5791089006595912,-0.4980154440274286,0.2621370608659533,0.5760519375944855,-0.8840970792583039,-1.2876827001973763,0.0,False,-0.3930900425383438,17.2
2007,00-0019647,S.Alexander,SEA,RB,-24.63599967956543,-0.111,5.0,792.0,0.0,13.8,12.8,10.0,12.281,0.9279999732971193,2.0,0,0.01679637960718768,792.0,4.3,3.584,221.0,alexander,-1.4064956935023303,-1.3086351274242438,-0.5717038917727663,-1.172481949754906,0.5364237322803694,-0.5791410381555218,-0.5043704877303552,0.8706695235904878,0.5648170917575988,-0.8149880608079066,0.09577805208079655,0.0,False,-0.2995734667370985,20.7
2007,00-0022736,S.Jackson,LA,RB,-13.458999633789062,-0.049,6.0,1273.0,2.0,25.1,25.0,0.0,0.0,5.330999851226807,2.0,0,0.07754181601784446,1273.0,9.2,4.629,275.0,jackson,-1.198013989760208,-1.2021582535393316,-0.3304003010894558,0.4012129141193589,-1.1239354390636311,-0.5789140670905124,-0.47668065445331753,-1.1577720188246272,-1.250645299331982,-0.4870925774494008,0.09577805208079655,0.0,False,-0.5549601320974772,11.1
2007,00-0021981,S.McDonald,DET,WR,64.76899719238281,0.78,6.0,945.0,1.0,17.3,18.8,7.0,12.357,21.08699989318848,2.0,0,1.0162409587078785,945.0,22.2,11.386,83.0,mcdonald,0.2611526910895982,0.22154059243796254,-0.3304003010894558,-0.6719095710173538,-0.29375585339163085,-0.5790707373831737,-0.49075253693836945,0.2621370608659533,0.5760519375944855,0.6862713545943337,0.09577805208079655,0.0,False,0.018173149016607996,32.5
2007,00-0020494,S.Moss,WAS,WR,57.50699996948242,0.899,3.0,821.0,1.0,15.4,9.1,9.0,11.929,24.70599937438965,2.0,0,1.544124960899353,821.0,22.2,12.828,64.0,moss,0.125696526877364,0.4259074955396489,-1.0543110731393872,-1.0776022178373306,-0.29375585339163085,-0.5791089006595912,-0.5127682240520799,0.6678253693489763,0.5127820163025436,0.9557816014855077,0.09577805208079655,0.04,False,-0.08750431110596907,28.6
2007,00-0020337,S.Smith,CAR,WR,83.98999786376953,0.875,7.0,1068.0,0.0,22.9,26.9,7.0,9.207,27.9950008392334,1.0,0,1.1664583683013916,1068.0,30.0,11.125,96.0,smith,0.6196770671464322,0.38469064113258605,-0.08909671040614531,-0.26948863909108656,0.5364237322803694,-0.5789582561474168,-0.47236830336918867,0.2621370608659533,0.11039714303930459,1.2007165901253138,-0.5959523240582899,0.0,False,-0.033414260332067944,30.6
2007,00-0006101,T.Gonzalez,,WR,92.57599639892578,0.935,5.0,1172.0,0.0,117200.0,500.0,0.0,0.0,19.323999404907227,1.0,0,0.7807676527235243,1172.0,15500.0,11.838,99.0,gonzalez,0.7798294869017819,0.48773277715024316,-0.5717038917727663,0.0707697098547004,0.5364237322803694,1.7746533528531754,0.6014071165788898,-1.1577720188246272,-1.250645299331982,0.5549790735829431,-0.5959523240582899,0.0,False,-0.27574183933203233,21.6
2007,00-0007681,T.Holt,,WR,98.96199798583984,1.064,7.0,1189.0,0.0,118900.0,700.0,0.0,0.0,20.11199951171875,1.0,0,0.865032237063172,1189.0,15000.0,12.785,93.0,holt,0.8989459300875224,0.7092733695882056,-0.08909671040614531,0.12638886304776173,0.5364237322803694,1.8087994422793603,1.0553388096450824,-1.1577720188246272,-1.250645299331982,0.6136621721686761,-0.5959523240582899,0.0,False,-0.12307900777715103,27.3
2007,00-0020438,T.Houshmandzadeh,CIN,WR,98.31199645996094,0.84,12.0,1157.0,0.0,20.3,33.3,7.0,13.103,21.726999282836918,1.0,0,0.7428033942850228,1157.0,29.5,9.889,117.0,houshmandzadeh,0.8868216190026869,0.3245827284556194,1.1174212430104071,0.021693986449058036,0.5364237322803694,-0.579010479578304,-0.4578424891910705,0.2621370608659533,0.686330819098665,0.7339327025470839,-0.5959523240582899,0.0,False,0.27178535168297047,42.0
2007,00-0019641,T.Jones,NYJ,RB,-24.472000122070312,-0.072,2.0,1336.0,0.0,27.1,9.5,4.0,9.926,-8.057999610900879,1.0,0,-0.0953609421408388,1336.0,6.7,3.953,338.0,jones,-1.403436651986762,-1.2416577390127668,-1.2956146638226977,0.6073309524230568,0.5364237322803694,-0.5788738952205993,-0.5118603606659474,-0.3463954018585812,0.21668469773301094,-1.4841837816366292,-0.5959523240582899,0.0,False,-0.6568953124162397,7.3
2007,00-0012478,T.Owens,DAL,WR,139.1199951171875,1.697,15.0,1360.0,0.0,23.0,31.2,13.0,18.2,12.189000129699709,1.0,0,0.5945853721804736,1360.0,27.0,16.585,82.0,owens,1.6480027097712941,1.796367904574487,1.8413320150603385,0.6858521098720846,0.5364237322803694,-0.5789562475539212,-0.4626087719682656,1.479201986315022,1.43980462476462,0.023629062007013018,-0.5959523240582899,0.0,False,0.8457892650675221,63.4
2007,00-0004640,W.Dunn,ATL,RB,-56.34400177001953,-0.213,4.0,956.0,2.0,19.0,16.0,4.0,8.931,-13.949000358581545,1.0,0,-0.21055094880877803,956.0,10.6,3.608,265.0,dunn,-1.9979368915879177,-1.4838067586542607,-0.8130074824560768,-0.6359207071865495,-1.1239354390636311,-0.5790365912937475,-0.4971075806412962,-0.3463954018585812,0.0695969134211361,-1.9228920694357048,-0.5959523240582899,0.0,False,-0.7708081227478005,3.1
2007,00-0022178,W.McGahee,BAL,RB,-25.51799964904785,-0.076,8.0,1438.0,3.0,29.1,34.8,5.0,9.483,-17.93400001525879,0.0,0,-0.21286646902384318,1438.0,8.9,4.267,337.0,mcgahee,-1.4229474118153922,-1.2485272147472772,0.15220688027716517,0.9410458715814247,-1.9541150247356314,-0.5788337233506862,-0.45443800149307406,-0.1435512476170697,0.15119737265747282,-2.219658688748914,-1.2876827001973763,0.0,False,-0.5724689374363197,10.5
2007,00-0022250,W.Parker,PIT,RB,-38.36600112915039,-0.112,2.0,1480.0,3.0,27.4,4.9,10.0,13.1,4.276999950408936,0.0,0,0.04973255756289461,1480.0,7.1,4.302,344.0,parker,-1.6625978750240133,-1.3103524963578714,-1.2956146638226977,1.0784578971172234,-1.9541150247356314,-0.5788678694401123,-0.5223007896064699,0.8706695235904878,0.6858873383419458,-0.5655849273290462,-1.2876827001973763,0.0,False,-0.6361697971784055,8.1
2007,00-0022427,W.Welker,NE,WR,110.3550033569336,0.951,8.0,1209.0,0.0,18.3,12.3,16.0,21.815,22.88400077819824,1.0,0,0.7891034751102841,1209.0,24.9,10.422,116.0,welker,1.1114567255407568,0.5152106800882849,0.15220688027716517,0.1918231609219515,0.5364237322803694,-0.5790506514482172,-0.5055053169630207,2.0877344490395564,1.9741989366112804,0.8200956766751683,-0.5959523240582899,0.0,False,0.45648779077140667,48.9
2008,00-0022084,A.Boldin,ARI,WR,77.95999908447266,0.796,11.0,1105.0,0.0,18.3,24.4,9.0,16.423,-1.0670000314712524,0.0,0,-0.04355102169270418,1105.0,20.3,11.276,98.0,boldin,0.625305519726774,0.31077849200198177,0.8437053287137122,-0.16937307191140633,0.5420882300168552,-0.5526152160813568,-0.4739261982875566,0.662507509052145,1.2120787520177128,-0.8128621858403505,-1.1588762843395832,0.0,False,0.1042615177676583,47.4
2008,00-0021191,A.Bryant,TB,WR,102.8759994506836,1.21,7.0,1270.0,0.0,23.2,22.6,9.0,12.893,35.79399871826172,4.0,0,1.6844234690946691,1270.0,24.9,14.941,85.0,bryant,1.1429040927865974,1.0324079960303374,-0.12052933267338746,0.4037167552435935,0.5420882300168552,-0.5525066487361499,-0.4800781466474982,0.662507509052145,0.6576408581301495,1.6962328558091129,1.5352634536122682,0.0,False,0.6929373757861921,68.1
2008,00-0022044,A.Johnson,,WR,123.14199829101562,1.071,8.0,1575.0,0.0,157500.0,800.0,0.0,0.0,36.83000183105469,4.0,0,1.2810435419497284,1575.0,17100.0,13.696,115.0,johnson,1.563904732022946,0.7901217615860343,0.12052933267338746,1.4630646175604114,0.5420882300168552,2.9366439854853077,2.176879995029484,-1.2059468482746416,-1.3673925033124452,1.766752656183786,1.5352634536122682,0.0,False,0.6298760947335229,65.9
2008,00-0025394,A.Peterson,MIN,RB,-15.135000228881836,-0.039,10.0,1882.0,4.0,34.8,27.0,10.0,12.633,-0.7549999952316284,1.0,0,-0.00784415579461432,1882.0,8.8,4.888,385.0,peterson,-1.3086260140415138,-1.1446819810986875,0.6026466633669373,2.5293590232366836,-3.794617610117987,-0.5522496321638232,-0.4650400506565299,0.8701135487551213,0.6168040727446629,-0.791624623905625,-0.48534134985162036,0.0,False,-0.010026079840093016,43.4
2008,00-0023438,B.Edwards,,WR,76.23999786376953,1.386,3.0,877.0,0.0,87700.0,300.0,0.0,0.0,17.652999877929688,0.0,0,1.2838545365767045,877.0,14000.0,15.945,55.0,edwards,0.5895746574530518,1.339187688564131,-1.0847639940604872,-0.9612790148892243,0.5420882300168552,1.3901132313128979,0.46800545060127324,-1.2059468482746416,-1.3673925033124452,0.46139137606826597,-1.1588762843395832,0.0,False,-0.5164459038209652,25.6
2008,00-0023545,B.Jacobs,NYG,RB,13.128000259399414,0.058,15.0,1125.0,1.0,19.2,35.7,12.0,16.423,-0.8429999947547913,3.0,0,-0.014986666573418512,1125.0,2.5,5.0,225.0,jacobs,-0.7214977226580386,-0.9756045369181305,1.8079399901008117,-0.09990763831686088,-0.5420882300168552,-0.5525952751404004,-0.43530563358347907,1.2853256281610739,1.2120787520177128,-0.7976147047487363,0.8617285191243054,0.0,False,0.57085900404907,63.8
2008,00-0024334,B.Marshall,DEN,WR,90.43199920654295,0.853,6.0,1261.0,1.0,20.1,15.0,8.0,14.231,24.275999069213867,2.0,0,0.9160754365741082,1261.0,29.6,11.896,106.0,marshall,0.8843956373822521,0.41013327878849437,-0.3615879980201624,0.37245731012604805,-0.5420882300168552,-0.552575334199444,-0.506053039722807,0.4549014693491687,0.8677932383062287,0.9122129760071424,0.1881935846363425,0.0,False,0.20735860282398513,51.0
2008,00-0021216,B.Westbrook,PHI,RB,14.866999626159668,0.052,14.0,1336.0,0.0,23.8,37.8,9.0,12.235,0.3050000071525574,2.0,0,0.004250871179826584,1336.0,12.2,4.655,287.0,westbrook,-0.68537219779219,-0.9860629355272372,1.566881324754037,0.6329526861055934,0.5420882300168552,-0.5524933547755123,-0.4281283604968806,0.662507509052145,0.554292378193034,-0.7194713768330713,0.1881935846363425,0.0,False,0.3178746335010396,54.9
2008,00-0023439,C.Benson,CIN,RB,-31.54199981689453,-0.135,2.0,932.0,1.0,24.0,11.8,4.0,6.581,-5.229000091552734,1.0,0,-0.0893846169496194,932.0,5.1,3.983,234.0,benson,-1.6494607969172186,-1.3120163588443932,-1.325822659407262,-0.7702490725042243,-0.5420882300168552,-0.5524889234552998,-0.5169898368071475,-0.3755226894627365,-0.3337506393821175,-1.0961657877041189,-0.48534134985162036,0.0,False,-0.8207479563106174,14.9
2008,00-0022738,C.Cooley,,WR,44.66899871826172,0.545,0.0,831.0,0.0,83100.0,0.0,0.0,0.0,4.831999778747559,0.0,0,0.2357073062803687,831.0,11000.0,10.134,82.0,cooley,-0.06627314587047976,-0.12673118314564455,-1.8079399901008117,-1.1210495121566788,0.5420882300168552,1.2881928664247448,-0.5573192760556533,-1.2059468482746416,-1.3673925033124452,-0.4113225727928781,-1.1588762843395832,0.0,False,-0.9552760827334856,10.1
2008,00-0025389,C.Johnson,DET,WR,107.43800354003906,1.326,12.0,1330.0,0.0,29.1,42.9,0.0,9.241,37.13100051879883,4.0,0,1.8336296552493248,1330.0,30.2,16.42,81.0,johnson,1.2376739905325316,1.2346037024730652,1.0847639940604872,0.6121130560272298,0.5420882300168552,-0.5523759247898803,-0.4106978401437128,-1.2059468482746416,0.08404108802324199,1.7872413662181903,1.5352634536122682,0.0,False,0.723480860705717,69.2
2008,00-0026164,C.Johnson,TEN,RB,-7.781000137329102,-0.026,10.0,1488.0,1.0,29.5,27.0,13.0,12.931,1.809999942779541,2.0,0,0.024625849561626407,1488.0,13.7,5.061,294.0,johnson,-1.1558559105849628,-1.122022117445623,0.6026466633669373,1.1608899814241387,-0.5420882300168552,-0.5523670621494552,-0.4650400506565299,1.49293166786405,0.6636093113787972,-0.6170273844224808,0.1881935846363425,0.0,False,0.20368587627964205,50.9
2008,00-0021179,C.Portis,WAS,RB,-5.824999809265137,-0.016,9.0,1705.0,3.0,32.9,34.6,8.0,10.192,-22.07999992370605,2.0,0,-0.23870270187790327,1705.0,7.3,4.608,370.0,portis,-1.1152224636500598,-1.1045914530971122,0.3615879980201624,1.9145899359249567,-2.7104411500842764,-0.5522917297058422,-0.43906515758122117,0.4549014693491687,0.2334094837986169,-2.2431981948495743,0.1881935846363425,0.0,False,-0.05913098985746642,41.7
2008,00-0026173,D.Avery,LA,WR,55.2509994506836,0.877,4.0,743.0,0.0,15.2,21.1,0.0,0.0,15.562000274658203,1.0,0,0.9880635095021081,743.0,20.3,11.794,63.0,avery,0.1535546113424053,0.45196687322492085,-0.8437053287137122,-1.4266974199726787,0.5420882300168552,-0.552683901544651,-0.48520477028078285,-1.2059468482746416,-1.3673925033124452,0.31905891317759394,-0.48534134985162036,0.0,False,-0.5967562279959339,22.7
2008,00-0025410,D.Bowe,,WR,93.7959976196289,1.091,7.0,1022.0,0.0,102200.0,700.0,0.0,0.0,21.51000022888184,1.0,0,1.0004651269247367,1022.0,15700.0,11.884,86.0,bowe,0.954278473824576,0.8249830902830564,-0.12052933267338746,-0.4576546213287699,0.5420882300168552,1.7113839467212066,1.835105086143842,-1.2059468482746416,-1.3673925033124452,0.7239339219694236,-0.48534134985162036,0.0,False,-0.11310449391747367,39.8
2008,00-0022165,D.Clark,,WR,70.99099731445312,0.922,6.0,848.0,0.0,84800.0,600.0,0.0,0.0,23.9689998626709,3.0,0,1.245142850008878,848.0,10700.0,11.013,77.0,clark,0.4805332722233097,0.5304048627932204,-0.3615879980201624,-1.0620038936013152,0.5420882300168552,1.3258590882312362,1.4933301772582,-1.2059468482746416,-1.3673925033124452,0.8913158160534159,0.8617285191243054,0.0,False,0.015701118364871036,44.3
2008,00-0004541,D.Driver,GB,WR,74.50900268554688,0.98,5.0,1016.0,0.0,17.8,13.2,6.0,14.964,20.054000854492188,1.0,0,1.0554737291837994,1016.0,21.8,13.368,76.0,driver,0.5536154095379445,0.6315027160145842,-0.6026466633669373,-0.4784942514071335,0.5420882300168552,-0.5526262943818882,-0.5122049880827486,0.0396893899432161,0.9829215601814651,0.6248253537038321,-0.48534134985162036,0.0,False,-0.049833572483529376,42.0
2008,00-0010500,D.Mason,BAL,WR,93.88300323486328,1.159,5.0,1040.0,0.0,19.5,14.3,11.0,12.833,19.527999877929688,2.0,0,0.9643456729841821,1040.0,28.6,12.84,81.0,mason,0.9560859060621584,0.9435116078529313,-0.6026466633669373,-0.395135731093679,0.5420882300168552,-0.5525886281600816,-0.5084454640850065,1.0777195884580975,0.6482169845796525,0.5890209401784036,0.1881935846363425,0.0,False,0.22629121881164868,51.7
2008,00-0022770,D.Ward,NYG,RB,35.94599914550781,0.161,2.0,1409.0,0.0,24.1,4.8,12.0,16.423,14.102999687194824,0.0,0,0.2529686042546157,1409.0,11.4,6.318,223.0,ward,-0.2474824918850097,-0.7960686941284673,-1.325822659407262,0.8865015187256843,0.5420882300168552,-0.5524867077951935,-0.5409140804291425,1.2853256281610739,1.2120787520177128,0.21974605503658828,-1.1588762843395832,0.0,False,-0.31637887344954607,32.6
2008,00-0024242,D.Williams,CAR,RB,43.15700149536133,0.145,20.0,1639.0,0.0,28.7,45.5,12.0,13.355,22.083999633789062,7.0,0,0.29742760449547556,1639.0,7.3,5.519,297.0,williams,-0.09768298667723169,-0.8239577570860849,3.0132333168346865,1.6853540050629567,0.5420882300168552,-0.5523847874303053,-0.4018116925126861,1.2853256281610739,0.730204684468975,0.7630055453549102,3.555868257076157,0.0,False,1.5987721636075316,100.0
2008,00-0026182,E.Royal,DEN,WR,75.4000015258789,0.739,5.0,1089.0,0.0,17.4,12.5,8.0,14.231,13.949000358581545,0.0,0,0.5470196219051586,1089.0,21.2,10.676,102.0,royal,0.5721247899190443,0.2114237052154689,-0.6026466633669373,-0.22494541878704266,0.5420882300168552,-0.5526351570223131,-0.514597412444948,0.4549014693491687,0.8677932383062287,0.20926345920503273,-1.1588762843395832,0.0,False,-0.21643707965355002,36.1
2008,00-0023500,F.Gore,SF,RB,-1.378000020980835,-0.005,8.0,1409.0,3.0,27.7,25.8,7.0,12.107,5.026000022888184,1.0,0,0.07103886958145843,1409.0,13.3,4.979,283.0,gore,-1.022841635628611,-1.08541772231375,0.12052933267338746,0.8865015187256843,-2.7104411500842764,-0.5524069440313679,-0.4691413495631576,0.2472954296461924,0.5341881146186407,-0.3981171506078497,-0.48534134985162036,0.0,False,-0.2292956599855833,35.7
2008,00-0024267,G.Jennings,,WR,115.98899841308594,1.45,9.0,1292.0,0.0,129200.0,900.0,0.0,0.0,20.4689998626709,2.0,0,1.023449993133545,1292.0,14100.0,16.15,80.0,jennings,1.4153101552250433,1.4507439403946014,0.3615879980201624,0.4801287321975935,0.5420882300168552,2.30961217541254,2.5186549039151265,-1.2059468482746416,-1.3673925033124452,0.6530739630478258,0.1881935846363425,0.0,False,0.3340055963309772,55.5
2008,00-0017162,H.Ward,,WR,95.3270034790039,1.163,7.0,1047.0,0.0,104700.0,700.0,0.0,0.0,21.56999969482422,1.0,0,1.052195107064596,1047.0,12600.0,12.768,82.0,ward,0.9860831951486847,0.9504838735923357,-0.12052933267338746,-0.3708228293355881,0.5420882300168552,1.7667754493778116,1.835105086143842,-1.2059468482746416,-1.3673925033124452,0.7280180316681261,-0.48534134985162036,0.0,False,-0.08858926558044854,40.6
2008,00-0002099,I.Bruce,SF,WR,76.83000183105469,1.26,7.0,830.0,0.0,16.3,22.6,7.0,12.107,17.496000289916992,1.0,0,1.1472787075355404,830.0,21.5,13.607,61.0,bruce,0.6018312478800038,1.1195613177728925,-0.12052933267338746,-1.124522783836406,0.5420882300168552,-0.552659529283482,-0.4800781466474982,0.2472954296461924,0.5341881146186407,0.4507045552770492,-0.48534134985162036,0.0,False,0.028573899820819454,44.7
2008,00-0022811,J.Cotchery,NYJ,WR,72.8489990234375,0.998,5.0,866.0,0.0,15.8,11.9,9.0,15.0,15.659000396728516,1.0,0,0.8580274189988227,866.0,21.4,11.863,73.0,cotchery,0.5191309210906297,0.662877911841904,-0.6026466633669373,-0.9994850033662243,0.5420882300168552,-0.5526706075840134,-0.5166480618982618,0.662507509052145,0.9885758843117631,0.32566162427010814,-0.48534134985162036,0.0,False,-0.03036154148058698,42.7
2008,00-0022093,J.Fargas,LV,RB,-39.01399993896485,-0.17,1.0,907.0,1.0,20.1,4.5,0.0,0.0,-8.163999557495117,0.0,0,-0.14260261235799332,907.0,3.7,3.961,229.0,fargas,-1.8046822026100522,-1.3730236840641816,-1.566881324754037,-0.8570808644974061,-0.5420882300168552,-0.552575334199444,-0.5419394051557994,-1.2059468482746416,-1.3673925033124452,-1.2959485623716989,-1.1588762843395832,0.0,False,-1.2429219990610894,0.0
2008,00-0019693,J.Lewis,CLE,RB,-27.71500015258789,-0.092,4.0,1180.0,0.0,28.8,23.5,4.0,8.593,-10.154000282287598,0.0,0,-0.13449006996407414,1180.0,6.6,3.907,302.0,lewis,-1.5699596917546175,-1.2370645021457958,-0.8437053287137122,0.09112230406813905,0.5420882300168552,-0.552382571770199,-0.4770021724675274,-0.3755226894627365,-0.01773674632212376,-1.431406122416564,-1.1588762843395832,0.0,False,-0.7557745041461688,17.1
2008,00-0026153,J.Stewart,CAR,RB,4.922999858856201,0.026,10.0,882.0,1.0,15.4,22.7,12.0,13.355,9.755000114440918,4.0,0,0.20429319611394592,882.0,4.1,4.618,191.0,stewart,-0.8919462873095203,-1.0313826628333658,0.6026466633669373,-0.9439126564905879,-0.5420882300168552,-0.5526794702244384,-0.4797363717386126,1.2853256281610739,0.730204684468975,-0.07621836641495584,1.5352634536122682,0.0,False,0.38537873220840524,57.3
2008,00-0022127,J.Witten,,WR,71.34600067138672,0.881,4.0,952.0,0.0,95200.0,400.0,0.0,0.0,20.23200035095215,1.0,0,0.9991111284420814,952.0,12100.0,11.753,81.0,witten,0.4879080205087312,0.45893913896432526,-0.8437053287137122,-0.7007836389096789,0.5420882300168552,1.5562877392827128,0.8097803594869154,-1.2059468482746416,-1.3673925033124452,0.6369416193811701,-0.48534134985162036,0.0,False,-0.3868011453053247,30.1
2008,00-0026204,Kevin Smith,DET,RB,-7.318999767303467,-0.026,8.0,1261.0,1.0,27.6,28.6,0.0,9.241,-6.920000076293945,3.0,0,-0.09956834642149562,1261.0,10.7,4.536,278.0,smith,-1.1462584339127972,-1.122022117445623,0.12052933267338746,0.37245731012604805,-0.5420882300168552,-0.5524091596914742,-0.4595716521143597,-1.2059468482746416,0.08404108802324199,-1.211270636217596,0.8617285191243054,0.0,False,-0.16384154814641338,38.0
2008,00-0018958,L.Coles,NYJ,WR,77.06700134277344,1.07,7.0,848.0,0.0,15.4,16.7,9.0,15.0,19.738000869750977,1.0,0,1.0965556038750544,848.0,21.9,11.778,72.0,coles,0.6067546146836043,0.7883786951511834,-0.12052933267338746,-1.0620038936013152,0.5420882300168552,-0.5526794702244384,-0.5002428662717511,0.662507509052145,0.9885758843117631,0.6033155188711223,-0.48534134985162036,0.0,False,0.09136168389116159,47.0
2008,00-0022910,L.Evans,BUF,WR,77.68199920654297,1.214,3.0,1039.0,0.0,20.8,10.3,7.0,11.586,6.331999778747559,0.0,0,0.3957499861717224,1039.0,21.6,16.234,64.0,evans,0.6195304218775081,1.0393802617697416,-1.0847639940604872,-0.3986090027734062,0.5420882300168552,-0.5525598245787002,-0.5221164604404321,0.2472954296461924,0.45235747928849335,-0.30921892150476804,-1.1588762843395832,0.0,False,-0.3105598947012465,32.8
2008,00-0022921,L.Fitzgerald,,WR,126.45999908447266,1.317,12.0,1434.0,0.0,143400.0,1200.0,0.0,0.0,28.263999938964844,4.0,0,1.1776666641235352,1434.0,15600.0,14.938,96.0,fitzgerald,1.632832025764429,1.218916104559405,1.0847639940604872,0.9733333107188661,0.5420882300168552,2.624235910502056,3.5439796305720526,-1.2059468482746416,-1.3673925033124452,1.1836726094349646,1.5352634536122682,0.0,False,0.8607707473418202,74.0
2008,00-0021976,L.Johnson,KC,RB,-12.446999549865724,-0.061,5.0,940.0,1.0,19.2,16.1,2.0,10.778,-6.24399995803833,1.0,0,-0.12183414552269912,940.0,3.0,4.585,205.0,johnson,-1.25278618038469,-1.1830294426654115,-0.6026466633669373,-0.7424628990664062,-0.5420882300168552,-0.5525952751404004,-0.502293515725065,-0.7907347688686891,0.325449315475136,-1.1652559159875344,-0.48534134985162036,0.0,False,-0.6175144895219697,22.0
2008,00-0025524,L.McClain,BAL,RB,3.33899998664856,0.013,11.0,1030.0,0.0,19.3,31.4,11.0,12.833,-2.226999998092652,4.0,0,-0.03563199996948243,1030.0,7.0,4.12,250.0,mcclain,-0.9248518926045607,-1.0540425264864302,0.8437053287137122,-0.4298684478909517,0.5420882300168552,-0.5525930594802941,-0.45000195466556164,1.0777195884580975,0.6482169845796525,-0.8918223405644375,1.5352634536122682,0.0,False,0.4245060119321514,58.7
2008,00-0023310,L.Moore,,WR,79.07499694824219,1.001,10.0,930.0,0.0,93000.0,1000.0,0.0,0.0,19.79599952697754,2.0,0,1.0023290899735462,930.0,12000.0,11.772,79.0,moore,0.6484681981169422,0.6681071111464572,0.6026466633669373,-0.7771956158636788,0.5420882300168552,1.5075432169449003,2.860429812800769,-1.2059468482746416,-1.3673925033124452,0.6072634353195486,0.1881935846363425,0.0,False,0.15234458915427784,49.1
2008,00-0020536,L.Tomlinson,LAC,RB,6.11899995803833,0.018,12.0,1520.0,0.0,26.8,25.5,0.0,0.0,10.270999908447266,5.0,0,0.11943023149357286,1520.0,16.2,4.419,344.0,tomlinson,-0.8671008893476717,-1.0453271943121747,1.0847639940604872,1.2720346751754115,0.5420882300168552,-0.5524268849723243,-0.47016667428981457,-1.2059468482746416,-1.3673925033124452,-0.041094724393648696,2.2087983881002313,0.0,False,0.31557542513886416,54.8
2008,00-0024260,L.White,TEN,RB,-3.933000087738037,-0.019,15.0,789.0,0.0,15.6,40.5,13.0,12.931,-8.064000129699707,2.0,0,-0.15734634399414063,789.0,2.2,3.849,205.0,white,-1.0759185488283194,-1.1098206524016654,1.8079399901008117,-1.2669269227052242,0.5420882300168552,-0.552675038904226,-0.41890043795696824,1.49293166786405,0.6636093113787972,-1.2891416912352769,0.1881935846363425,0.0,False,0.280361854404491,53.6
2008,00-0023544,M.Barber,DAL,RB,-10.553999900817873,-0.036,9.0,1302.0,1.0,23.0,22.0,9.0,13.407,-14.444000244140623,0.0,0,-0.19922758957435344,1302.0,11.4,4.49,290.0,barber,-1.2134614933262222,-1.1394527817941342,0.3615879980201624,0.5148614489948662,-0.5420882300168552,-0.5525110800563624,-0.48212879610081205,0.662507509052145,0.7383720415460722,-1.7234225625039286,-1.1588762843395832,0.0,False,-0.31018514568433453,32.8
2008,00-0026184,M.Forte,CHI,RB,3.880000114440918,0.01,12.0,1715.0,1.0,35.3,35.3,9.0,11.719,-1.4520000219345093,2.0,0,-0.015324538490073977,1715.0,14.8,4.525,379.0,forte,-0.913613295315477,-1.0592717257909834,1.0847639940604872,1.9493226527222294,-0.5420882300168552,-0.5522385538632919,-0.43667273321902167,0.662507509052145,0.4732470656587612,-0.8390687890218079,0.1881935846363425,0.12,False,0.25472950728955956,52.7
2008,00-0007024,M.Harrison,,WR,42.58100128173828,0.71,5.0,636.0,0.0,63600.0,500.0,0.0,0.0,12.020000457763672,1.0,0,0.8013333638509115,636.0,10700.0,10.6,60.0,harrison,-0.10964866673307852,0.16087477860478694,-0.6026466633669373,-1.7983374897034967,0.5420882300168552,0.8561391457032265,1.1515552683725576,-1.2059468482746416,-1.3673925033124452,0.07795817039976145,-0.48534134985162036,0.0,False,-0.5100397181712871,25.8
2008,00-0023456,M.Jones,,WR,70.91999816894531,1.108,2.0,750.0,0.0,75000.0,200.0,0.0,0.0,6.1579999923706055,0.0,0,0.38487499952316284,750.0,10700.0,11.719,64.0,jones,0.47905835426444077,0.8546152196755252,-1.325822659407262,-1.4023845182145878,0.5420882300168552,1.1087243978173449,0.12623054171563106,-1.2059468482746416,-1.3673925033124452,-0.3210629305130601,-1.1588762843395832,0.0,False,-0.7137700159001139,18.6
2008,00-0024275,M.Jones-Drew,JAX,RB,35.560001373291016,0.137,14.0,1392.0,2.0,27.0,43.8,5.0,10.786,0.0930000022053718,3.0,0,0.0014307692646980277,1392.0,14.1,5.354,260.0,jonesdrew,-0.2555011101691315,-0.8379022885648937,1.566881324754037,0.8274559001703207,-1.6262646900505657,-0.5524224536521117,-0.40762186596374206,-0.1679166497597602,0.3267058319485355,-0.7339020265518745,0.8617285191243054,0.0,False,0.35446523135714014,56.2
2008,00-0025399,M.Lynch,BUF,RB,5.317999839782715,0.018,9.0,1347.0,1.0,26.9,31.0,7.0,11.586,-2.5409998893737797,1.0,0,-0.03410738106541986,1347.0,14.2,4.52,298.0,lynch,-0.883740659460699,-1.0453271943121747,0.3615879980201624,0.6711586745825934,-0.5420882300168552,-0.552424669312218,-0.45136905430110424,0.2472954296461924,0.45235747928849335,-0.9131960308336861,-0.48534134985162036,0.0,False,-0.16666635205785746,37.9
2008,00-0011795,M.Muhammad,,WR,63.9370002746582,0.984,5.0,923.0,0.0,92300.0,500.0,0.0,0.0,21.33099937438965,1.0,0,1.3126768845778245,923.0,10800.0,14.2,65.0,muhammad,0.33399535488094806,0.6384749817539885,-0.6026466633669373,-0.8015085176217698,0.5420882300168552,1.4920335962010511,1.1515552683725576,-1.2059468482746416,-1.3673925033124452,0.7117494947511941,-0.48534134985162036,0.0,False,-0.3163598595376894,32.6
2008,00-0022821,M.Turner,ATL,RB,-5.210999965667725,-0.014,17.0,1740.0,2.0,29.8,44.7,11.0,14.481,3.095999956130981,4.0,0,0.0323342031971904,1740.0,2.1,4.543,383.0,turner,-1.1024673890701142,-1.10110532022741,2.2900573207943618,2.036154444715411,-1.6262646900505657,-0.5523604151691364,-0.40454589178377126,1.0777195884580975,0.9070593780999655,-0.5294905198093206,1.5352634536122682,0.24,False,0.8589300107927511,74.0
2008,00-0024313,O.Daniels,,WR,64.22699737548828,0.918,2.0,862.0,0.0,86200.0,200.0,0.0,0.0,12.854000091552734,0.0,0,0.7345142909458705,862.0,10100.0,12.314,70.0,daniels,0.3400196799481724,0.5234325970538161,-1.325822659407262,-1.0133780900851332,0.5420882300168552,1.356878329718935,0.12623054171563106,-1.2059468482746416,-1.3673925033124452,0.13472777558830137,-1.1588762843395832,0.0,False,-0.7046615322785381,18.9
2008,00-0023437,R.Brown,MIA,RB,4.763999938964844,0.019,10.0,1170.0,1.0,20.9,27.0,11.0,14.375,0.2639999985694885,0.0,0,0.004275303620558519,1170.0,8.8,4.737,247.0,brown,-0.8952493106857761,-1.0435841278773235,0.6026466633669373,0.05638958727086634,-0.5420882300168552,-0.5525576089185938,-0.4650400506565299,1.0777195884580975,0.8904105348274212,-0.7222622105525214,-1.1588762843395832,0.0,False,-0.16672948496045242,37.9
2008,00-0022984,R.Grant,GB,RB,-41.83200073242188,-0.127,5.0,1319.0,3.0,23.1,13.2,6.0,14.964,-6.918000221252441,2.0,0,-0.08385454813639323,1319.0,4.2,3.997,330.0,grant,-1.8632226251552708,-1.2980718273655842,-0.6026466633669373,0.5739070675502298,-2.7104411500842764,-0.5525088643962561,-0.5122049880827486,0.0396893899432161,0.9829215601814651,-1.211134507883073,0.1881935846363425,0.0,False,-0.31473879590339693,32.7
2008,00-0011754,R.Moss,NE,WR,86.58699798583984,1.22,11.0,1008.0,0.0,17.3,26.8,11.0,15.185,23.757999420166016,3.0,0,1.3384788405727333,1008.0,23.9,14.197,71.0,moss,0.8045205725244063,1.0498386603788483,0.8437053287137122,-0.5062804248449516,0.5420882300168552,-0.5526373726824194,-0.46572360047430117,1.0777195884580975,1.0176328277591284,0.8769532056513122,0.8617285191243054,0.0,False,0.7110515988937613,68.8
2008,00-0020498,R.Wayne,,WR,103.18699645996094,1.258,6.0,1128.0,0.0,112800.0,600.0,0.0,0.0,26.920000076293945,1.0,0,1.313170735428973,1128.0,13100.0,13.756,82.0,wayne,1.149364664542172,1.1160751849031902,-0.3615879980201624,-0.08948782327767907,0.5420882300168552,1.9462439179852116,1.4933301772582,-1.2059468482746416,-1.3673925033124452,1.0921877472286865,-0.48534134985162036,0.0,False,-0.08233373115680662,40.8
2008,00-0023462,R.White,ATL,WR,125.87200164794922,1.399,7.0,1386.0,0.0,23.8,18.4,11.0,14.481,23.28199958801269,1.0,0,1.0347555372450086,1386.0,34.7,15.4,90.0,white,1.6206171184906237,1.3618475522171956,-0.12052933267338746,0.806616270091957,0.5420882300168552,-0.5524933547755123,-0.49443269282069513,1.0777195884580975,0.9070593780999655,0.8445523250677243,-0.48534134985162036,0.0,False,0.3729138267238895,56.9
2008,00-0025529,S.Breaston,ARI,WR,75.90699768066406,0.961,3.0,1011.0,0.0,16.7,6.7,9.0,16.423,13.532999992370604,1.0,0,0.6852151894871191,1011.0,18.1,12.797,79.0,breaston,0.5826569974325538,0.5983844537524132,-1.0847639940604872,-0.49586060980576985,0.5420882300168552,-0.552650666643057,-0.5344203571603153,0.662507509052145,1.2120787520177128,0.1809466883201474,-0.48534134985162036,0.0,False,-0.07876998413718839,41.0
2008,00-0024240,S.Holmes,PIT,WR,74.08699798583984,1.3,5.0,830.0,0.0,15.9,15.2,12.0,12.393,17.194000244140625,2.0,0,1.2065965083607457,830.0,22.9,14.561,57.0,holmes,0.5448487926177942,1.1892839751669366,-0.6026466633669373,-1.124522783836406,0.5420882300168552,-0.552668391923907,-0.5053694899050357,1.2853256281610739,0.5791085785426758,0.43014768370175355,0.1881935846363425,0.0,False,0.19676641777921441,50.7
2008,00-0022736,S.Jackson,LA,RB,-3.075000047683716,-0.01,8.0,1422.0,3.0,29.2,42.1,0.0,0.0,-3.2260000705718994,4.0,0,-0.04389115742274693,1422.0,12.1,4.837,294.0,jackson,-1.0580946770234514,-1.0941330544880055,0.12052933267338746,0.9316540505621388,-2.7104411500842764,-0.552373709129774,-0.413432039414798,-1.2059468482746416,-1.3673925033124452,-0.9598233772559162,1.5352634536122682,0.0,False,-0.16724365273482728,37.9
2008,00-0020494,S.Moss,WAS,WR,80.77899932861328,1.01,6.0,1071.0,0.0,20.7,23.1,8.0,10.192,19.39699935913086,1.0,0,0.969849967956543,1071.0,27.2,13.388,80.0,moss,0.6838667046030276,0.6837947090601173,-0.3615879980201624,-0.28746430902213355,0.5420882300168552,-0.5525620402388064,-0.47836927210307,0.4549014693491687,0.2334094837986169,0.5801038526517388,-0.48534134985162036,0.0,False,-0.017274439605705683,43.1
2008,00-0026229,S.Slaton,HOU,RB,-8.125,-0.025,10.0,1659.0,1.0,26.6,27.8,8.0,14.077,-10.89799976348877,1.0,0,-0.1366520346518968,1659.0,10.9,5.201,319.0,slaton,-1.1630020751151535,-1.120279051010772,0.6026466633669373,1.7548194386575022,-0.5420882300168552,-0.5524313162925368,-0.4623058513854448,0.4549014693491687,0.8436052961932868,-1.4820494981412968,-0.48534134985162036,0.0,False,-0.026874993037932282,42.8
2008,00-0020337,S.Smith,CAR,WR,120.1269989013672,1.447,6.0,1457.0,0.0,25.5,13.6,12.0,13.355,41.92399978637695,2.0,0,2.0204337246446724,1457.0,31.3,17.554,83.0,smith,1.5012719113887576,1.4455147410900484,-0.3615879980201624,1.0532185593525933,0.5420882300168552,-0.5524556885537057,-0.510837888447206,1.2853256281610739,0.730204684468975,2.1134965167788327,0.1881935846363425,0.0,False,0.548495645661932,63.0
2008,00-0006101,T.Gonzalez,,WR,102.97000122070312,1.073,10.0,1058.0,0.0,105800.0,1000.0,0.0,0.0,30.798999786376957,4.0,0,1.2832916577657065,1058.0,15700.0,11.021,96.0,gonzalez,1.144856861341425,0.7936078944557365,0.6026466633669373,-0.33261684085858806,0.5420882300168552,1.7911477105467177,2.860429812800769,-1.2059468482746416,-1.3673925033124452,1.35622776972535,1.5352634536122682,0.0,False,0.5540192354851611,63.2
2008,00-0007681,T.Holt,,WR,67.82599639892578,1.06,3.0,796.0,0.0,79600.0,300.0,0.0,0.0,25.356000900268555,1.0,0,1.5847500562667847,796.0,11900.0,12.438,64.0,holt,0.41478435853202633,0.7709480308026724,-1.0847639940604872,-1.2426140209471332,0.5420882300168552,1.210644762705498,0.46800545060127324,-1.2059468482746416,-1.3673925033124452,0.9857277295728278,-0.48534134985162036,0.0,False,-0.44890698185733935,27.9
2008,00-0020438,T.Houshmandzadeh,CIN,TE,84.9229965209961,0.913,4.0,913.0,0.0,23.6,23.5,4.0,6.581,8.295999526977539,0.0,0,0.3568171839560232,913.0,26.9,9.817,93.0,houshmandzadeh,0.7699530347529514,0.5147172648795605,-0.8437053287137122,-0.8362412344190425,0.5420882300168552,-0.5524977860957248,-0.4770021724675274,-0.3755226894627365,-0.3337506393821175,-0.1755312245559615,-1.1588762843395832,0.0,False,-0.4920717657603165,26.4
2008,00-0019641,T.Jones,NYJ,RB,14.744000434875488,0.045,15.0,1519.0,1.0,27.6,35.7,9.0,15.0,-5.142000198364258,2.0,0,-0.06309202697379457,1519.0,7.9,4.66,326.0,jones,-0.687927351306417,-0.9982644005711949,1.8079399901008117,1.268561403495684,-0.5420882300168552,-0.5524091596914742,-0.43530563358347907,0.662507509052145,0.9885758843117631,-1.0902437831999727,0.1881935846363425,0.0,False,0.413892446328716,58.3
2008,00-0012478,T.Owens,DAL,WR,92.61799621582033,1.219,10.0,1085.0,0.0,19.1,24.4,9.0,13.407,20.927000045776367,2.0,0,1.1014210550408614,1085.0,26.2,14.276,76.0,owens,0.929806976123819,1.0480955939439975,0.6026466633669373,-0.23883850550595176,0.5420882300168552,-0.5525974908005067,-0.4739261982875566,0.662507509052145,0.7383720415460722,0.6842496237049533,0.1881935846363425,0.0,False,0.45795149998892115,59.9
2008,00-0023496,V.Jackson,LAC,WR,101.00299835205078,1.603,7.0,1167.0,0.0,20.6,14.9,0.0,0.0,31.65699958801269,2.0,0,2.0099682278103295,1167.0,21.3,18.524,63.0,jackson,1.1039948504626755,1.7174331049268199,-0.12052933267338746,0.045969772231684525,0.5420882300168552,-0.5525642558989128,-0.5063948146316927,-1.2059468482746416,-1.3673925033124452,1.4146310447596717,0.1881935846363425,0.0,False,0.028405034270324092,44.7
2008,00-0004640,W.Dunn,TB,RB,-15.312000274658203,-0.066,2.0,1116.0,0.0,20.4,6.5,9.0,12.893,-4.633999824523926,0.0,0,-0.07955364505620473,1116.0,12.3,4.79,233.0,dunn,-1.3123029673959379,-1.1917447748396672,-1.325822659407262,-0.13116708343440633,0.5420882300168552,-0.5525686872191252,-0.5351039069780866,0.662507509052145,0.6576408581301495,-1.0556646545167576,-1.1588762843395832,0.0,False,-0.6550816569355997,20.7
2008,00-0022250,W.Parker,PIT,RB,-19.26799964904785,-0.09,5.0,804.0,0.0,15.4,15.2,12.0,12.393,-14.899999618530272,1.0,0,-0.2798121994090192,804.0,2.2,3.775,213.0,parker,-1.3944838793045142,-1.2335783692760935,-0.6026466633669373,-1.214827847509315,0.5420882300168552,-0.5526794702244384,-0.5053694899050357,1.2853256281610739,0.5791085785426758,-1.7544620299107798,-0.48534134985162036,0.0,False,-0.4195367389074667,29.0
2008,00-0022427,W.Welker,NE,WR,87.38600158691406,0.767,3.0,1191.0,0.0,20.4,7.3,11.0,15.185,32.5260009765625,2.0,0,1.1412631921600878,1191.0,28.6,10.447,114.0,welker,0.8211188675038251,0.26022956539129977,-1.0847639940604872,0.12932829254513906,0.5420882300168552,-0.5525686872191252,-0.5323697077070014,1.0777195884580975,1.0176328277591284,1.4737831879232541,0.1881935846363425,0.0,False,0.15544469539312925,49.2
2009,00-0022084,A.Boldin,ARI,WR,70.44200134277344,0.81,5.0,1036.0,0.0,18.2,11.6,10.0,12.5,19.395999908447266,1.0,0,0.8917701107332077,1036.0,21.8,11.908,87.0,boldin,0.3458742086457849,0.2524853704065214,-0.7832772256938451,-0.4909425890153036,0.6333095832210913,-0.5882302603785315,-0.5396346108664966,0.9650113038348873,0.635568623829827,0.5298844107620094,-0.6281019491764137,0.0,False,-0.11832850775279997,42.0
2009,00-0021547,A.Gates,,WR,110.58599853515624,1.4,8.0,1157.0,0.0,115700.0,800.0,0.0,0.0,19.27199935913086,4.0,0,0.9757974359053599,1157.0,11400.0,14.646,79.0,gates,1.1843684140625228,1.286404200197244,0.012633503640223262,-0.11515632974593319,0.6333095832210913,1.8830755644155297,1.6467412875649012,-1.2297797482083581,-1.3629710996386122,0.520139079998294,1.143708026858544,0.0,False,0.34686483401135404,63.8
2009,00-0022044,A.Johnson,HOU,WR,127.26399993896484,1.236,9.0,1579.0,0.0,25.4,21.4,9.0,12.933,40.35499954223633,3.0,0,1.5671844482421875,1579.0,29.5,15.33,103.0,johnson,1.5327245448187106,0.9990098136113482,0.2779370800849127,1.1954370703505486,0.6333095832210913,-0.5880764470566562,-0.5124574370909667,0.7455321986305627,0.7047980398507737,2.1770737581792052,0.5531047015135581,0.0,False,0.6560841851398432,78.2
2009,00-0025394,A.Peterson,MIN,RB,-13.630000114440918,-0.038,18.0,1825.0,5.0,28.8,34.0,12.0,18.077,6.1479997634887695,6.0,0,0.06869273478758402,1825.0,10.4,5.098,358.0,peterson,-1.4101513740044098,-1.2335538968181108,2.6656692680871177,1.959432275146128,-3.70348430187986,-0.5880038129879929,-0.4775153565224284,1.4039695142435364,1.5272371068525061,-0.5112895524350132,2.3249146775485157,0.0,False,1.1223291391378192,100.0
2009,00-0025549,B.Celek,,WR,81.65799713134766,1.074,8.0,971.0,0.0,97100.0,800.0,0.0,0.0,27.392000198364254,2.0,0,1.4416842209665397,971.0,11200.0,12.776,76.0,celek,0.5801445388181501,0.7151202366179635,0.012633503640223262,-0.6928112406889323,0.6333095832210913,1.4857244829042673,1.6467412875649012,-1.2297797482083581,-1.3629710996386122,1.1582983011970547,-0.0374986238314278,0.0,False,-0.03194588404710841,46.1
2009,00-0023545,B.Jacobs,NYG,RB,-19.93099975585937,-0.082,6.0,1019.0,1.0,17.0,14.6,8.0,15.462,-9.470999717712402,1.0,0,-0.15654544987954383,1019.0,5.8,4.211,242.0,jacobs,-1.5417613794142553,-1.3106597078533508,-0.5179736492491557,-0.5437390056068679,-0.23404919379909903,-0.5882558959321774,-0.5313150678739874,0.5260530934262383,1.1091425967029083,-1.738802793156329,-0.6281019491764137,0.0,False,-0.4439082003460285,26.8
2009,00-0024334,B.Marshall,DEN,WR,91.08799743652344,0.843,10.0,1159.0,0.0,20.7,33.3,8.0,11.643,21.709999084472656,3.0,0,0.804074040165654,1159.0,27.9,10.731,108.0,marshall,0.7771104905412708,0.3103147286829515,0.5432406565296022,-0.10894498661751385,0.6333095832210913,-0.5881768529751026,-0.4794565832206805,0.5260530934262383,0.4985487403888309,0.7117439870433281,0.5531047015135581,0.0,False,0.40098337474323176,66.3
2009,00-0023439,C.Benson,CIN,RB,-17.486000061035156,-0.055,6.0,1362.0,0.0,26.7,20.7,10.0,10.893,-3.0179998874664307,0.0,0,-0.0379622627354268,1362.0,5.1,4.283,318.0,benson,-1.4906922727049512,-1.2633447783544536,-0.5179736492491557,0.5215063409170496,0.6333095832210913,-0.5880486752068732,-0.5143986637892188,0.9650113038348873,0.37863635698072456,-1.2316548965491794,-1.2187052745213995,0.0,False,-0.48618952184980235,24.8
2009,00-0025389,C.Johnson,DET,WR,86.36499786376953,1.167,5.0,1057.0,0.0,21.6,20.8,2.0,9.357,20.871999740600582,1.0,0,1.128216202194626,1057.0,23.9,14.284,74.0,johnson,0.6784604294882743,0.8780938826697214,-0.7832772256938451,-0.4257234861669004,0.6333095832210913,-0.5881576263098682,-0.5141213456894684,-0.790821537799709,0.13305579576092252,0.6458847563316028,-0.6281019491764137,0.0,False,-0.25533148092296654,35.6
2009,00-0026164,C.Johnson,TEN,RB,50.505001068115234,0.123,16.0,2509.0,3.0,45.5,47.1,8.0,12.207,7.65500020980835,6.0,0,0.07486552772428703,2509.0,15.1,6.134,409.0,johnson,-0.07055316214091963,-0.9514167246209813,2.135062115197739,4.083711625065543,-1.9687667478394797,-0.5876470515330876,-0.44118668545513856,0.5260530934262383,0.5887228527117269,-0.3928528366993677,2.3249146775485157,0.0,False,1.1032274340006425,99.1
2009,00-0020397,C.Ochocinco,CIN,WR,97.90699768066406,1.305,9.0,1079.0,0.0,21.1,31.0,10.0,10.893,16.316999435424805,3.0,0,0.870239969889323,1079.0,27.3,14.387,75.0,ochocinco,0.9195400588786298,1.119925744552975,0.2779370800849127,-0.3573987117542876,0.6333095832210913,-0.5881683077905541,-0.48583489951493747,0.9650113038348873,0.37863635698072456,0.2879025953857275,0.5531047015135581,0.0,False,0.44938128046827097,68.6
2009,00-0023440,C.Williams,TB,RB,-8.598999977111816,-0.036,7.0,1035.0,0.0,23.3,30.4,3.0,8.133,-5.248000144958496,2.0,0,-0.08820168310854615,1035.0,7.7,4.349,238.0,williams,-1.3050680550119078,-1.2300490872255998,-0.2526700728044662,-0.49404826057951323,0.6333095832210913,-0.5881213092755365,-0.4874988081134393,-0.5713424325953844,-0.06264121396110707,-1.4069129113905334,-0.0374986238314278,0.0,False,-0.44617063284804837,26.7
2009,00-0026000,D.Bess,MIA,TE,64.83000183105469,0.831,2.0,769.0,1.0,13.7,5.4,7.0,12.0,13.925000190734863,1.0,0,0.7141025738838391,769.0,21.0,9.859,78.0,bess,0.22865546112478283,0.28928587112788595,-1.5791879550279133,-1.320156896659286,-0.23404919379909903,-0.5883263937047036,-0.5568283330510153,0.30657398822191373,0.5556270348910894,0.09991291344827208,-0.6281019491764137,0.0,False,-0.4463772182633501,26.7
2009,00-0022165,D.Clark,IND,WR,96.78700256347656,0.949,10.0,1117.0,0.0,18.9,20.0,14.0,15.407,29.982999801635746,5.0,0,1.175803913789637,1117.0,21.9,10.951,102.0,clark,0.896146538513524,0.4960696370860305,0.5432406565296022,-0.2393831923143201,0.6333095832210913,-0.5882153063055714,-0.516339890487471,1.8429277246521856,1.1003490219196472,1.3619276260809838,1.7343113522035298,0.0,False,0.9045688212534527,89.8
2009,00-0004541,D.Driver,GB,WR,82.447998046875,1.161,6.0,1074.0,0.0,17.3,12.5,11.0,16.464,15.342000007629396,0.0,0,0.8643380285988392,1074.0,20.3,15.127,71.0,driver,0.5966454165650548,0.8675794538921886,-0.5179736492491557,-0.372927069575336,0.6333095832210913,-0.588249487043766,-0.5371387479687437,1.1844904090392119,1.2693455409361383,0.21127638710938731,-1.2187052745213995,0.0,False,-0.023900423847678126,46.4
2009,00-0026189,D.Jackson,PHI,WR,96.68399810791016,1.307,10.0,1304.0,0.0,22.1,25.0,11.0,15.321,29.871000289916992,3.0,0,1.6146486643198374,1304.0,21.7,17.622,74.0,jackson,0.8939950676794007,1.1234305541454859,0.5432406565296022,0.34137739019288865,0.6333095832210913,-0.5881469448291824,-0.5024739854999557,1.1844904090392119,1.0865990686221842,1.3531254692107844,0.5531047015135581,0.0,False,0.6919664090766781,79.9
2009,00-0010500,D.Mason,BAL,WR,91.47599792480467,1.236,7.0,1030.0,0.0,17.8,16.3,9.0,14.481,26.90900039672852,2.0,0,1.4545405619853253,1030.0,26.5,13.919,74.0,mason,0.785214719912441,0.9990098136113482,-0.2526700728044662,-0.5095766184005616,0.6333095832210913,-0.5882388055630802,-0.5266006601782321,0.7455321986305627,0.9522971992051052,1.120338849793831,-0.0374986238314278,0.0,False,0.25885399492804284,59.7
2009,00-0024242,D.Williams,CAR,RB,11.378000259399414,0.046,7.0,1369.0,3.0,24.9,20.6,8.0,11.25,-4.419000148773193,0.0,0,-0.07185366095566167,1369.0,9.0,5.565,246.0,williams,-0.8878051985093709,-1.0863518939326517,-0.2526700728044662,0.5432460418665174,-1.9687667478394797,-0.588087128537342,-0.5146759818889691,0.5260530934262383,0.43571465148298305,-1.341760948673577,-1.2187052745213995,0.0,False,-0.4882535529297216,24.7
2009,00-0023500,F.Gore,SF,RB,20.96199989318848,0.075,13.0,1526.0,2.0,31.8,37.1,8.0,11.0,2.86899995803833,4.0,0,0.040839857053926405,1526.0,14.4,5.431,281.0,gore,-0.6876226377360481,-1.0355321548412435,1.3391513858636706,1.030836477447436,-1.1014079708192892,-0.5879397241038782,-0.46891849543016895,0.5260530934262383,0.3957438570136143,-0.7689895211402744,1.143708026858544,0.0,False,0.4287337248010628,67.6
2009,00-0024204,F.Jackson,BUF,RB,-6.201000213623047,-0.022,4.0,1430.0,2.0,32.2,18.2,6.0,9.214,3.361999988555908,1.0,0,0.047352112514871945,1430.0,13.8,5.035,284.0,jackson,-1.2549806435207183,-1.2055154200780234,-1.0485808021385346,0.7326920072833074,-1.1014079708192892,-0.5879311789193296,-0.5213316162829764,0.08709488301758918,0.11019250132444376,-0.7302441414592834,-0.6281019491764137,0.0,False,-0.5691866905714089,21.0
2009,00-0024267,G.Jennings,,WR,104.60800170898438,1.516,4.0,1120.0,0.0,112000.0,400.0,0.0,0.0,30.10700035095215,1.0,0,1.7453333536783855,1120.0,12100.0,16.232,69.0,jennings,1.0595050210445534,1.4896831565628776,-1.0485808021385346,-0.23006617762169107,0.6333095832210913,1.8040326073407087,0.5374688885636847,-1.2297797482083581,-1.3629710996386122,1.3716729568446988,-0.6281019491764137,0.0,False,-0.24987409686021628,35.9
2009,00-0025418,G.Olsen,,WR,51.266998291015625,0.854,8.0,612.0,0.0,61200.0,800.0,0.0,0.0,15.361000061035156,2.0,0,1.0240666707356771,612.0,10800.0,10.2,60.0,olsen,-0.054637202081345405,0.32959118144176164,0.012633503640223262,-1.8077473322402047,0.6333095832210913,0.718794169664788,1.6467412875649012,-1.2297797482083581,-1.3629710996386122,0.21276962085704532,-0.0374986238314278,0.0,False,-0.24854317589248592,35.9
2009,00-0017162,H.Ward,,WR,85.27100372314453,0.898,6.0,1167.0,0.0,116700.0,600.0,0.0,0.0,17.746999740600586,0.0,0,0.7472420943410774,1167.0,13700.0,12.284,95.0,ward,0.6556099957539878,0.40669699247700203,-0.5179736492491557,-0.08409961410383647,0.6333095832210913,1.9044385257871028,1.092105088064293,-1.2297797482083581,-1.3629710996386122,0.4002877907979883,-1.2187052745213995,0.0,False,-0.42536542365497465,27.7
2009,00-0024245,J.Addai,IND,RB,4.918000221252441,0.018,13.0,1164.0,1.0,19.7,26.0,14.0,15.407,4.005000114440918,1.0,0,0.05933333502875434,1164.0,10.5,4.311,270.0,addai,-1.022736271093392,-1.1354192282278048,1.3391513858636706,-0.09341662879646549,-0.23404919379909903,-0.5881982159364741,-0.4997008045024527,1.8429277246521856,1.1003490219196472,-0.6797100999376544,-0.6281019491764137,0.0,False,0.17552475256052133,55.8
2009,00-0026213,J.Charles,KC,RB,27.93099975585937,0.121,8.0,1417.0,2.0,28.7,30.8,4.0,9.484,31.95499992370605,4.0,0,0.5557391291079313,1417.0,10.8,6.161,230.0,charles,-0.5420600029442052,-0.9549215342134921,0.012633503640223262,0.6923182769485816,-1.1014079708192892,-0.58800594928413,-0.48638953571443805,-0.3518633273910599,0.153360959351362,1.516909144804947,1.143708026858544,0.0,False,0.13815084772039263,54.0
2009,00-0024359,J.Harrison,CLE,RB,-8.54699993133545,-0.037,7.0,1082.0,2.0,25.1,33.3,5.0,8.448,5.426000118255615,5.0,0,0.09519298453080027,1082.0,11.4,4.746,228.0,harrison,-1.3039819215893707,-1.2318014920218552,-0.2526700728044662,-0.34808169706165865,-1.1014079708192892,-0.5880828559450677,-0.4794565832206805,-0.13238422218673535,-0.012278012929702204,-0.5680322474704081,1.7343113522035298,0.0,False,-0.0028519781056298155,47.4
2009,00-0026153,J.Stewart,CAR,RB,23.65399932861328,0.099,11.0,1272.0,2.0,23.1,32.4,8.0,11.25,19.25900077819824,4.0,0,0.32232637285687427,1272.0,5.7,5.322,239.0,stewart,-0.6313944072294675,-0.9934744397311124,0.8085442329742916,0.24199590013817912,-1.1014079708192892,-0.5881255818678108,-0.48195244611843324,0.5260530934262383,0.43571465148298305,0.5191175081476397,1.143708026858544,0.0,False,0.33616375922527536,63.3
2009,00-0022127,J.Witten,,WR,72.23799896240234,0.768,2.0,1030.0,0.0,103000.0,200.0,0.0,0.0,20.43600082397461,1.0,0,0.869617056339345,1030.0,12400.0,10.957,94.0,witten,0.3833875033429766,0.17888436896379195,-1.5791879550279133,-0.5095766184005616,0.6333095832210913,1.6117659549965495,-0.017167310936923547,-1.2297797482083581,-1.3629710996386122,0.6116191528438324,-0.6281019491764137,0.0,False,-0.620556603166872,18.6
2009,00-0026988,K.Moreno,DEN,RB,-27.97900009155273,-0.101,9.0,1160.0,2.0,20.7,30.0,8.0,11.643,-11.788000106811523,3.0,0,-0.17084058125813803,1160.0,7.4,4.203,276.0,moreno,-1.7098612727639713,-1.3439553989822048,0.2779370800849127,-0.10583931505330417,-1.1014079708192892,-0.5881768529751026,-0.48860808051244053,0.5260530934262383,0.4985487403888309,-1.9208982378612727,0.5531047015135581,0.0,False,-0.10321199560376215,42.7
2009,00-0026204,K.Smith,DET,RB,-10.111000061035156,-0.039,5.0,1156.0,2.0,23.6,20.8,2.0,9.357,-0.0759999975562095,0.0,0,-0.0011828793393962567,1156.0,9.7,4.498,257.0,smith,-1.3366494469416559,-1.2353063016143662,-0.7832772256938451,-0.11826200131014286,-1.1014079708192892,-0.5881149003871251,-0.5141213456894684,-0.790821537799709,0.13305579576092252,-1.0004400979692822,-1.2187052745213995,0.0,False,-0.8093061926010806,9.7
2009,00-0022922,K.Winslow,TB,WR,68.4749984741211,0.878,5.0,894.0,0.0,20.1,21.7,3.0,8.133,18.78499984741211,0.0,0,0.9633333255083133,894.0,24.6,11.462,78.0,winslow,0.3047890994699591,0.37164889655189276,-0.7832772256938451,-0.931947951133077,0.6333095832210913,-0.5881896707519256,-0.5116254827917158,-0.5713424325953844,-0.06264121396110707,0.4818652872640613,-1.2187052745213995,0.0,False,-0.5001644612752054,24.2
2009,00-0022921,L.Fitzgerald,,WR,97.6959991455078,1.007,13.0,1092.0,0.0,109200.0,1300.0,0.0,0.0,12.112000465393066,3.0,0,0.4994639367172399,1092.0,15300.0,11.258,97.0,fitzgerald,0.9151328981210181,0.5977091152688472,1.3391513858636706,-0.3170249814195619,0.6333095832210913,1.7442163155003036,3.0333317863164218,-1.2297797482083581,-1.3629710996386122,-0.04257260049003908,0.5531047015135581,0.0,False,0.3996427319518878,66.2
2009,00-0024236,L.Maroney,NE,RB,-4.340000152587891,-0.021,9.0,856.0,3.0,13.3,19.1,10.0,15.25,-0.6230000257492065,1.0,0,-0.01198076972594628,856.0,2.9,4.115,208.0,maroney,-1.2161096322464782,-1.2037630152817678,0.2779370800849127,-1.0499634705730445,-1.9687667478394797,-0.5883349388892523,-0.5188357533852237,0.9650113038348873,1.0752473629928836,-1.0434293930320027,-0.6281019491764137,0.0,False,-0.26265798987943756,35.3
2009,00-0020536,L.Tomlinson,LAC,RB,-20.791000366210938,-0.086,12.0,884.0,1.0,15.0,26.1,0.0,0.0,4.079999923706055,3.0,0,0.06716049257129308,884.0,5.9,3.638,243.0,tomlinson,-1.5597243521839792,-1.3176693270383728,1.073847809418981,-0.9630046667751737,-0.23404919379909903,-0.5882986218549205,-0.4994234864027024,-1.2297797482083581,-1.3629710996386122,-0.6738157877548968,0.5531047015135581,0.0,False,-0.30847004939828593,33.1
2009,00-0023921,M.Austin,DAL,WR,112.54399871826172,1.356,11.0,1318.0,0.0,20.2,27.5,11.0,13.885,30.676000595092773,2.0,0,1.4783614744623024,1318.0,22.8,15.88,83.0,austin,1.225265482679556,1.209298389162004,0.8085442329742916,0.38485679209182405,0.6333095832210913,-0.5881875344557884,-0.4955410330061981,1.1844904090392119,0.85700682519013,1.4163912715163223,-0.0374986238314278,0.0,False,0.6203410780387671,76.5
2009,00-0023544,M.Barber,DAL,RB,-15.059000015258787,-0.063,7.0,1153.0,1.0,17.7,17.5,11.0,13.885,-5.443999767303467,3.0,0,-0.09073332945505778,1153.0,6.6,4.804,240.0,barber,-1.439999127595929,-1.277364016724497,-0.2526700728044662,-0.12757901600277188,-0.23404919379909903,-0.5882409418592173,-0.5232728429812286,1.1844904090392119,0.85700682519013,-1.4223167233885043,0.5531047015135581,0.0,False,-0.043723504692372295,45.5
2009,00-0024466,M.Colston,NO,WR,82.93199920654297,1.168,9.0,1080.0,0.0,16.4,16.4,13.0,17.586,13.777000427246094,1.0,0,0.7761690381547095,1080.0,19.8,15.211,71.0,colston,0.6067548275898638,0.8798462874659767,0.2779370800849127,-0.35429304019007796,0.6333095832210913,-0.5882687137090004,-0.5263233420784819,1.623448619447861,1.4487344665146653,0.08828145974826106,-0.6281019491764137,0.0,False,0.3250285480948525,62.7
2009,00-0026184,M.Forte,CHI,RB,-29.28300094604492,-0.093,4.0,1400.0,3.0,27.9,12.5,7.0,11.679,-8.36299991607666,0.0,0,-0.10619682433113219,1400.0,13.1,4.444,315.0,forte,-1.7370981509231207,-1.3299361606121611,-1.0485808021385346,0.6395218603570172,-1.9687667478394797,-0.5880230396532272,-0.5371387479687437,0.30657398822191373,0.50430453479242,-1.6517239486463817,-1.2187052745213995,0.0,False,-0.7323429409617205,13.3
2009,00-0024275,M.Jones-Drew,JAX,RB,33.80099868774414,0.092,16.0,1765.0,1.0,32.7,51.6,7.0,11.6,3.9809999465942383,3.0,0,0.043508196137641945,1765.0,13.8,4.822,366.0,jonesdrew,-0.41945237952792647,-1.0057412733049007,2.135062115197739,1.7730919812935475,-0.23404919379909903,-0.5879204974386437,-0.42870737096637485,0.30657398822191373,0.4916737637400993,-0.6815962978241958,0.5531047015135581,0.0,False,0.5341041428480547,72.5
2009,00-0025466,M.Sims-Walker,,WR,74.84600067138672,1.188,7.0,869.0,0.0,86900.0,700.0,0.0,0.0,16.295000076293945,1.0,0,1.0346031794472346,869.0,11100.0,13.794,63.0,simswalker,0.4378612596612758,0.914894383391086,-0.2526700728044662,-1.009589740238319,0.6333095832210913,1.2678222769142204,1.369423187814597,-1.2297797482083581,-1.3629710996386122,0.28617364311493604,-0.6281019491764137,0.0,False,-0.272390000754979,34.8
2009,00-0021999,N.Burleson,SEA,WR,62.902000427246094,0.968,3.0,816.0,0.0,15.5,11.5,5.0,9.655,2.878000020980835,0.0,0,0.17710769359882061,816.0,17.0,12.554,65.0,burleson,0.18838498189518607,0.5293653282148844,-1.313884378583224,-1.1741903331414314,0.6333095832210913,-0.5882879403742348,-0.5399119289662468,-0.13238422218673535,0.18070098276841012,-0.7682821969328213,-1.2187052745213995,0.0,False,-0.5883946266222151,20.1
2009,00-0022984,R.Grant,GB,RB,9.845000267028809,0.032,11.0,1450.0,0.0,23.3,22.9,11.0,16.464,11.116000175476074,6.0,0,0.14483387850783158,1450.0,5.8,4.723,307.0,grant,-0.9198252189459646,-1.1108855610802282,0.8085442329742916,0.7948054385675009,0.6333095832210913,-0.5881213092755365,-0.5082976655947121,1.1844904090392119,1.2693455409361383,-0.12084928812978751,2.3249146775485157,0.0,False,0.7752053133143089,83.8
2009,00-0026163,R.Mendenhall,PIT,RB,5.150000095367432,0.019,8.0,1369.0,3.0,22.0,21.1,9.0,14.154,-1.684000015258789,2.0,0,-0.025228464648071745,1369.0,6.0,5.127,267.0,mendenhall,-1.0178904519496088,-1.1336668234315492,0.012633503640223262,0.5432460418665174,-1.9687667478394797,-0.5881490811253196,-0.5132893913902176,0.7455321986305627,0.9000154000391709,-1.1268144739455228,-0.0374986238314278,0.0,False,-0.10706308229454783,42.6
2009,00-0011754,R.Moss,,WR,111.33499908447266,1.341,13.0,1264.0,0.0,126400.0,1300.0,0.0,0.0,15.777000427246094,4.0,0,0.7603373699877636,1264.0,14000.0,15.229,83.0,moss,1.2000129104848904,1.1830123172181717,1.3391513858636706,0.21715052762450174,0.6333095832210913,2.111659251091363,3.0333317863164218,-1.2297797482083581,-1.3629710996386122,0.24546351768977454,1.143708026858544,0.0,False,0.6725956002699818,79.0
2009,00-0026195,R.Rice,BAL,RB,33.0629997253418,0.1,8.0,2041.0,2.0,35.2,18.6,9.0,14.481,5.486999988555908,1.0,0,0.06610843359705913,2041.0,20.0,6.148,332.0,rice,-0.4348670840131925,-0.9917220349348569,0.012633503640223262,2.6302573330154173,-1.1014079708192892,-0.5878670900352148,-0.5202223438839753,0.7455321986305627,0.9522971992051052,-0.5632382048964254,-0.6281019491764137,0.0,False,-0.005232461909351005,47.3
2009,00-0020498,R.Wayne,,WR,117.5770034790039,1.176,10.0,1264.0,0.0,126400.0,1000.0,0.0,0.0,19.583999633789062,1.0,0,0.7833599853515625,1264.0,14900.0,12.64,100.0,wayne,1.3303906725676704,0.8938655258360204,0.5432406565296022,0.21715052762450174,0.6333095832210913,2.111659251091363,2.2013774870655096,-1.2297797482083581,-1.3629710996386122,0.5446595026228409,-0.6281019491764137,0.0,False,0.07869369648712965,51.2
2009,00-0023462,R.White,ATL,WR,110.7770004272461,1.288,11.0,1155.0,0.0,20.8,26.8,9.0,14.52,28.636999130249023,3.0,0,1.3319534479185593,1155.0,30.1,13.43,86.0,white,1.1883579016806458,1.0901348630166323,0.8085442329742916,-0.12136767287435253,0.6333095832210913,-0.5881747166789655,-0.49748225970445026,0.7455321986305627,0.9585326431423267,1.2561440483213717,0.5531047015135581,0.0,False,0.6581612280356851,78.3
2009,00-0017915,R.Williams,MIA,RB,22.246000289916992,0.08,13.0,1385.0,2.0,24.7,35.1,7.0,12.0,-12.175000190734863,2.0,0,-0.1758122771225251,1385.0,9.9,5.0,277.0,williams,-0.6608035123945902,-1.0267701308599662,1.3391513858636706,0.5929367868938721,-1.1014079708192892,-0.5880914011296163,-0.474464857425175,0.30657398822191373,0.5556270348910894,-1.9513129726685772,-0.0374986238314278,0.0,False,0.08892260410747717,51.7
2009,00-0024240,S.Holmes,PIT,WR,107.01399993896484,1.305,5.0,1254.0,0.0,20.1,13.2,9.0,14.154,22.81599998474121,2.0,0,1.1129756090117664,1254.0,25.8,15.293,82.0,holmes,1.1097594978076284,1.119925744552975,-0.7832772256938451,0.18609381198240502,0.6333095832210913,-0.5881896707519256,-0.5351975212704917,0.7455321986305627,0.9000154000391709,0.7986657358380171,-0.0374986238314278,0.0,False,0.2098638852172193,57.4
2009,00-0022736,S.Jackson,LA,RB,-32.095001220703125,-0.086,4.0,1738.0,2.0,37.3,25.0,0.0,0.0,-12.444000244140623,0.0,0,-0.13273600260416665,1738.0,13.8,4.635,375.0,jackson,-1.7958328584967496,-1.3176693270383728,-1.0485808021385346,1.6892388490598864,-1.1014079708192892,-0.5878222278163345,-0.5024739854999557,-1.2297797482083581,-1.3629710996386122,-1.9724539636589242,-1.2187052745213995,0.0,False,-1.0178450905491647,0.0
2009,00-0020494,S.Moss,WAS,WR,54.36100006103516,0.755,3.0,910.0,0.0,17.9,10.3,4.0,9.852,17.198999404907227,0.0,0,0.9554999669392904,910.0,22.9,12.639,72.0,moss,0.00998771664007117,0.15610310661247093,-1.313884378583224,-0.8822572061057222,0.6333095832210913,-0.588236669266943,-0.5432397461632504,-0.3518633273910599,0.21219796881027286,0.3572198805395271,-1.2187052745213995,0.0,False,-0.5933023945697651,19.8
2009,00-0025431,S.Rice,,WR,118.8010025024414,1.414,8.0,1312.0,0.0,131200.0,800.0,0.0,0.0,30.10300064086914,4.0,0,1.4334762209937686,1312.0,12200.0,15.619,84.0,rice,1.3559565394560535,1.3109378673448204,0.012633503640223262,0.366222762706566,0.6333095832210913,2.2142014656749147,1.6467412875649012,-1.2297797482083581,-1.3629710996386122,1.3713586155136905,1.143708026858544,0.0,False,0.4375740155966248,68.0
2009,00-0020337,S.Smith,CAR,WR,84.88899993896484,1.213,7.0,976.0,0.0,17.7,20.6,8.0,11.25,26.371000289916992,3.0,0,1.506914302280971,976.0,28.2,13.943,70.0,smith,0.6476310205177422,0.9587045032974728,-0.2526700728044662,-0.6772828828678839,0.6333095832210913,-0.5882409418592173,-0.5146759818889691,0.5260530934262383,0.43571465148298305,1.078056867813136,0.5531047015135581,0.0,False,0.2853453712143633,60.9
2009,00-0025438,S.Smith,,WR,106.84700012207033,0.999,7.0,1220.0,0.0,122000.0,700.0,0.0,0.0,20.09600067138672,2.0,0,0.751252361547167,1220.0,15700.0,11.402,107.0,smith,1.106271345442017,0.5836898768988037,-0.2526700728044662,0.08050097879927616,0.6333095832210913,2.017662221056441,1.369423187814597,-1.2297797482083581,-1.3629710996386122,0.5848981910017358,-0.0374986238314278,0.0,False,-0.04093983923430606,45.6
2009,00-0006101,T.Gonzalez,,WR,91.71199798583984,1.105,6.0,867.0,0.0,86700.0,600.0,0.0,0.0,12.684000015258787,1.0,0,0.6112771091690982,867.0,13500.0,10.446,83.0,gonzalez,0.790144091611718,0.7694447853018826,-0.5179736492491557,-1.0158010833667381,0.6333095832210913,1.2635496846399057,1.092105088064293,-1.2297797482083581,-1.3629710996386122,0.0023814327047176034,-0.6281019491764137,0.0,False,-0.3511069765179058,31.2
2009,00-0007681,T.Holt,,WR,53.36100006103516,1.046,0.0,722.0,0.0,72200.0,0.0,0.0,0.0,10.130999565124512,0.0,0,0.7945882011862362,722.0,10300.0,14.157,51.0,holt,-0.010899446175290916,0.6660529023228104,-2.1097951079172925,-1.4661234601771407,0.6333095832210913,0.9537867447520937,-0.5718035104375317,-1.2297797482083581,-1.3629710996386122,-0.19826149963414022,-1.2187052745213995,0.0,False,-0.9578504370474258,2.8
2009,00-0020438,T.Houshmandzadeh,,WR,72.60299682617188,0.919,3.0,911.0,0.0,91100.0,300.0,0.0,0.0,14.593999862670898,0.0,0,0.7389367019073873,911.0,13500.0,11.532,79.0,houshmandzadeh,0.39101127315079015,0.4434974931983668,-1.313884378583224,-0.8791515345415126,0.6333095832210913,1.357546714674828,0.26015078881338055,-1.2297797482083581,-1.3629710996386122,0.15249028604682377,-1.2187052745213995,0.0,False,-0.7074494382679785,14.5
2009,00-0019641,T.Jones,NYJ,RB,2.177000045776367,0.006,14.0,1460.0,0.0,27.7,43.8,9.0,11.226,-2.8329999446868896,5.0,0,-0.033134502277039644,1460.0,4.6,4.269,342.0,jones,-1.0799879880354968,-1.1564480857828703,1.60445496230836,0.8258621542095975,0.6333095832210913,-0.5880273122455016,-0.45033818274689863,0.7455321986305627,0.4318774552139238,-1.2171155606866042,1.7343113522035298,0.0,False,0.6126949805459418,76.2
2009,00-0012478,T.Owens,BUF,WR,67.75399780273438,1.111,6.0,883.0,0.0,19.9,27.3,6.0,9.214,11.927000045776367,2.0,0,0.7820983636574667,883.0,25.0,14.475,61.0,owens,0.28972944105671933,0.7799592140794155,-0.5179736492491557,-0.9661103383393834,0.6333095832210913,-0.5881939433441998,-0.4960956692056987,0.08709488301758918,0.11019250132444376,-0.057111973827737236,-0.0374986238314278,0.0,False,-0.07922826532536564,43.9
2009,00-0024221,V.Davis,,WR,88.28800201416016,1.132,13.0,965.0,0.0,96500.0,1300.0,0.0,0.0,16.687000274658203,3.0,0,0.8557436038286258,965.0,12900.0,12.372,78.0,davis,0.7186265302721003,0.81675971480078,1.3391513858636706,-0.7114452700741903,0.6333095832210913,1.4729067060813235,3.0333317863164218,-1.2297797482083581,-1.3629710996386122,0.3169813420611238,0.5531047015135581,0.0,False,0.3958579802291875,66.1
2009,00-0023496,V.Jackson,LAC,WR,110.38999938964844,1.555,9.0,1178.0,0.0,20.0,19.6,0.0,0.0,27.625,2.0,0,1.556338028169014,1178.0,21.0,16.592,71.0,jackson,1.1802745479986296,1.5580269436168406,0.2779370800849127,-0.04993722689753007,0.6333095832210913,-0.5881918070480627,-0.5174491628864721,-1.2297797482083581,-1.3629710996386122,1.1766099953575901,-0.0374986238314278,0.0,False,0.023564962912174615,48.7
2009,00-0022427,W.Welker,NE,WR,103.1760025024414,0.806,4.0,1384.0,0.0,21.6,8.5,10.0,15.25,24.631000518798828,0.0,0,0.7697187662124634,1384.0,27.4,10.812,128.0,welker,1.0295946204660211,0.24547575122149956,-1.0485808021385346,0.5898311153296625,0.6333095832210913,-0.5881576263098682,-0.5482314719587559,0.9650113038348873,1.0752473629928836,0.9413084953920783,-1.2187052745213995,0.0,False,-0.13382093444599685,41.3
2009,00-0025425,Z.Miller,,WR,53.84099960327149,0.816,3.0,805.0,0.0,80500.0,300.0,0.0,0.0,11.04599952697754,1.0,0,0.6694545167865176,805.0,10000.0,12.197,66.0,miller,-0.0008736175853014591,0.26299979918405403,-1.313884378583224,-1.2083527203477378,0.6333095832210913,1.1310993241361516,0.26015078881338055,-1.2297797482083581,-1.3629710996386122,-0.12635071112390753,-0.6281019491764137,0.0,False,-0.6591446229202887,16.8
2010,00-0022084,A.Boldin,BAL,WR,74.8759994506836,1.134,7.0,839.0,0.0,15.6,19.4,12.0,13.222,4.849999904632568,0.0,0,0.2939393881595496,839.0,22.2,12.712,66.0,boldin,0.6125453279952393,0.9480278588400773,-0.15876177815803041,-0.9447911372143378,0.6152247250980352,-0.5235624453808287,-0.48802356020585996,1.3536505857016696,0.6989493173003289,-0.24434062605523868,-1.1744773241423707,0.0,False,-0.031610425122051616,47.1
2010,00-0025637,A.Bradshaw,NYG,RB,-19.354999542236328,-0.06,8.0,1549.0,6.0,25.2,16.7,10.0,12.71,-11.711000442504885,1.0,0,-0.14458025237660352,1549.0,10.9,4.781,324.0,bradshaw,-1.3168532691162664,-1.1205489777270599,0.12247337172190921,1.134174414406514,-3.872296799146457,-0.5233241648369931,-0.4968652173822557,0.909595896212233,0.6149444591921831,-1.4981240021471354,-0.3914924413807902,0.0,False,-0.20319751738569866,38.1
2010,00-0026796,A.Foster,HOU,RB,49.305999755859375,0.126,18.0,2218.0,2.0,34.7,40.9,6.0,15.0,-2.697999954223633,3.0,0,-0.02753061177779217,2218.0,14.8,5.658,392.0,foster,0.0889944576171989,-0.7983083649954957,2.9348248705213056,3.0930870257225,-0.880615782983462,-0.5230883663821558,-0.4176177715790053,0.021486517233359818,0.9906693128399456,-0.8157769250354299,1.1744773241423707,0.0,False,0.970107217506032,100.0
2010,00-0022044,A.Johnson,HOU,WR,100.18099975585938,1.138,8.0,1226.0,0.0,19.2,18.2,6.0,15.0,23.447999954223636,3.0,0,1.065818179737438,1226.0,24.4,13.932,88.0,johnson,1.130670282739492,0.9549577644902185,0.12247337172190921,0.18839149444378844,0.6152247250980352,-0.5234730901768904,-0.49195318561759144,0.021486517233359818,0.9906693128399456,1.1636578524161425,1.1744773241423707,0.0,False,0.5879587668584663,79.8
2010,00-0025394,A.Peterson,MIN,RB,7.506999969482422,0.024,13.0,1639.0,1.0,32.2,46.4,6.0,10.036,-10.442999839782717,1.0,0,-0.1309467064549557,1639.0,9.9,5.138,319.0,peterson,-0.7668484434493519,-0.9750209590740954,1.5286491211216073,1.3977052589781713,-0.13269552894271344,-0.523150418607113,-0.39960698844190295,0.021486517233359818,0.17621596196331066,-1.4021275017399388,-0.3914924413807902,0.0,False,0.08439243627577561,53.3
2010,00-0023438,B.Edwards,NYJ,WR,78.58499908447266,1.455,7.0,908.0,0.0,15.9,21.9,11.0,12.233,22.395000457763672,1.0,0,1.658888922797309,908.0,19.7,16.815,54.0,edwards,0.688487839128517,1.504152787263906,-0.15876177815803041,-0.742750823042734,0.6152247250980352,-0.5235549991138339,-0.4798368405980861,1.1316232409569513,0.5366821206812735,1.0839384371621694,-0.3914924413807902,0.0,False,0.23787903219613146,61.4
2010,00-0025860,B.Green-Ellis,NE,RB,30.413000106811523,0.126,13.0,1093.0,0.0,18.2,23.2,14.0,19.923,7.217999935150146,2.0,0,0.11980082879917255,1093.0,3.2,4.535,241.0,greenellis,-0.2978434981264299,-0.7983083649954957,1.5286491211216073,-0.2010485314232162,0.6152247250980352,-0.5234979110668733,-0.4755797464020438,1.7977052751911065,1.798395712188389,-0.0650664873791156,0.3914924413807902,0.0,False,0.618646796979526,81.5
2010,00-0025450,B.Jackson,GB,RB,0.0810000002384185,0.0,4.0,1045.0,0.0,18.6,9.8,10.0,13.857,-3.469000101089477,0.0,0,-0.059553649804111194,1045.0,9.5,4.485,233.0,jackson,-0.9188972816866073,-1.0166003929749423,-1.0024672277978492,-0.34159831519476674,0.6152247250980352,-0.5234879827108802,-0.5194605634997113,0.909595896212233,0.8031350299930491,-0.8741470202496295,-1.1744773241423707,0.0,False,-0.519095877119282,21.4
2010,00-0022097,B.Lloyd,DEN,WR,131.47900390625,1.686,11.0,1430.0,0.0,25.2,29.7,4.0,11.097,26.452999114990234,2.0,0,1.3565640571789863,1430.0,26.5,18.333,78.0,lloyd,1.7715031927746587,1.9043548385595581,0.9661788213617281,0.7857280754728783,0.6152247250980352,-0.5233241648369931,-0.454294275421832,-0.4225681722560768,0.3502963417538243,1.39115727358429,0.3914924413807902,0.0,False,0.6595461546806461,83.6
2010,00-0024334,B.Marshall,MIA,WR,83.47799682617188,0.949,3.0,1017.0,0.0,19.2,12.0,7.0,9.1,32.16400146484375,2.0,0,1.4620000665838069,1017.0,26.4,11.557,88.0,marshall,0.7886729489055401,0.6275197225210487,-1.283702377677789,-0.42358568906150457,0.6152247250980352,-0.5234730901768904,-0.5122562502448704,0.24351386197807812,0.02264458073435615,1.8235200328970604,0.3914924413807902,0.0,False,-0.010673591326999576,48.3
2010,00-0026996,B.Pettigrew,,WR,54.42900085449219,0.767,4.0,722.0,0.0,72200.0,400.0,0.0,0.0,9.885000228881836,1.0,0,0.5569014213454555,722.0,11300.0,10.169,71.0,pettigrew,0.19388893224168538,0.3122090154396258,-1.0024672277978492,-1.2873812351574923,0.6152247250980352,1.2681186054991536,0.7583226328816223,-1.31067755123495,-1.4704105145471462,0.13684405921965775,-0.3914924413807902,0.0,False,-0.5214198972136898,21.3
2010,00-0022943,B.Watson,CLE,WR,57.33200073242188,0.831,3.0,762.0,0.0,16.2,12.0,5.0,10.037,16.96500015258789,0.0,0,0.98347826971524,762.0,22.0,11.043,69.0,watson,0.25332843677578526,0.4230875058418843,-1.283702377677789,-1.170256415347867,0.6152247250980352,-0.523547552846839,-0.5122562502448704,-0.2005408275113585,0.17638003395180335,0.6728494949425601,-1.1744773241423707,0.0,False,-0.5266684202083193,21.0
2010,00-0023439,C.Benson,CIN,RB,-56.1870002746582,-0.161,8.0,1289.0,5.0,23.7,23.5,4.0,11.5,-18.68000030517578,1.0,0,-0.2134857177734375,1289.0,6.3,3.683,350.0,benson,-2.0709958687005505,-1.2955290953931242,0.12247337172190921,0.37286308564394854,-3.1243765451057084,-0.5233613961719674,-0.4745973400491109,-0.4225681722560768,0.4164173531162909,-2.025725958107106,-0.3914924413807902,0.0,False,-0.4707338618815561,24.0
2010,00-0022738,C.Cooley,,WR,52.18600082397461,0.678,3.0,849.0,0.0,84900.0,300.0,0.0,0.0,14.798999786376951,1.0,0,0.7687792096819196,849.0,12700.0,11.026,77.0,cooley,0.1479630569092288,0.15801861472398496,-1.283702377677789,-0.9155099322619314,0.6152247250980352,1.5833439082816907,0.43085384857067055,-1.31067755123495,-1.4704105145471462,0.5088681414711413,-0.3914924413807902,0.0,False,-0.5580539423369436,19.4
2010,00-0025389,C.Johnson,DET,WR,117.00800323486328,1.445,12.0,1152.0,0.0,21.2,32.4,6.0,11.677,24.55699920654297,0.0,0,1.2126913188416282,1152.0,22.0,14.222,81.0,johnson,1.4752065526820393,1.4868280231385531,1.2474139712416676,-0.028289422204018644,0.6152247250980352,-0.5234234483969247,-0.4454526182454362,0.021486517233359818,0.4454580950794585,1.247616840249668,-1.1744773241423707,0.0,False,0.3066304232985372,65.0
2010,00-0026164,C.Johnson,TEN,RB,-35.21200180053711,-0.098,12.0,1609.0,2.0,32.8,32.4,6.0,12.714,-7.058000087738037,3.0,0,-0.0784222231970893,1609.0,12.4,4.469,360.0,johnson,-1.6415285695856823,-1.1863830814034009,1.2474139712416676,1.3098616441209523,-0.880615782983462,-0.5231355260731233,-0.4454526182454362,0.021486517233359818,0.6156007471461529,-1.1458593821681409,1.1744773241423707,0.0,False,0.3426560663897541,66.9
2010,00-0020397,C.Ochocinco,,WR,80.71700286865234,1.205,4.0,831.0,0.0,83100.0,400.0,0.0,0.0,9.413000106811523,0.0,0,0.5619701556305388,831.0,12700.0,12.403,67.0,ochocinco,0.7321410440631455,1.0710336841300834,-1.0024672277978492,-0.9682161011762629,0.6152247250980352,1.538666306312512,0.7583226328816223,-1.31067755123495,-1.4704105145471462,0.10111035387815687,-1.1744773241423707,0.0,False,-0.54830535740793,19.9
2010,00-0026035,D.Amendola,LA,TE,47.99399948120117,0.527,3.0,763.0,0.0,15.3,11.1,0.0,0.0,6.640999794006348,0.0,0,0.2919120788574219,763.0,21.0,8.385,91.0,amendola,0.06213098894564589,-0.103585323568844,-1.283702377677789,-1.1673282948526262,0.6152247250980352,-0.5235698916478236,-0.515203469303669,-1.31067755123495,-1.4704105145471462,-0.10874942740718078,-1.1744773241423707,0.0,False,-0.9251465308461738,0.0
2010,00-0026000,D.Bess,MIA,WR,68.39800262451172,0.844,5.0,817.0,0.0,15.4,20.0,7.0,9.1,13.019000053405762,2.0,0,0.6429135828842352,817.0,22.8,10.086,81.0,bess,0.4799070441811423,0.44560969920484317,-0.7212320779179097,-1.0092097881096318,0.6152247250980352,-0.5235674095588253,-0.4860587474999942,0.24351386197807812,0.02264458073435615,0.37410973147973975,0.3914924413807902,0.0,False,-0.033678195227573926,47.0
2010,00-0025410,D.Bowe,KC,WR,119.06199645996094,1.631,15.0,1166.0,0.0,20.5,37.5,10.0,12.2,22.28700065612793,1.0,0,1.22120551540427,1166.0,29.0,15.973,73.0,bowe,1.5172624757788293,1.8090686358701171,2.0911194208814865,0.012704264729350268,0.6152247250980352,-0.5234408230199127,-0.4287517102455777,0.909595896212233,0.5312677450610217,1.0757620979873732,-0.3914924413807902,0.0,False,0.7813385944716921,90.0
2010,00-0026144,D.McFadden,LV,RB,26.100000381469727,0.097,10.0,1664.0,2.0,29.0,27.0,0.0,0.0,6.906000137329102,3.0,0,0.10231111314561632,1664.0,12.5,6.163,270.0,mcfadden,-0.38615303223252606,-0.8485501809590192,0.6849436714817885,1.4709082713591872,-0.880615782983462,-0.5232298454550582,-0.4631359325982276,-1.31067755123495,-1.4704105145471462,-0.08868705085067381,1.1744773241423707,0.0,False,0.013749792122925542,49.5
2010,00-0026182,E.Royal,DEN,WR,48.34400177001953,0.744,3.0,688.0,1.0,12.1,8.1,4.0,11.097,1.5169999599456787,0.0,0,0.09335384368896485,688.0,18.2,10.585,65.0,royal,0.06929735598249219,0.2723620579513141,-1.283702377677789,-1.386937331995674,-0.13269552894271344,-0.5236493184957689,-0.5250275328329975,-0.4225681722560768,0.3502963417538243,-0.49667199708174453,-1.1744773241423707,0.0,False,-0.6372374487503389,15.2
2010,00-0023500,F.Gore,SF,RB,9.675999641418455,0.039,5.0,1302.0,2.0,25.4,17.2,6.0,10.893,0.0,0.0,0,0.0,1302.0,14.5,5.25,248.0,gore,-0.7224377402954658,-0.949033812886066,-0.7212320779179097,0.41092865208207685,-0.880615782983462,-0.5233192006589965,-0.4952278734607009,0.021486517233359818,0.31682565610136004,-0.611519487658648,-1.1744773241423707,0.0,False,-0.5632370942405567,19.1
2010,00-0024204,F.Jackson,BUF,RB,-13.107999801635742,-0.052,7.0,1142.0,1.0,23.3,23.3,4.0,10.481,-7.98799991607666,0.0,0,-0.12579527426892378,1142.0,10.7,4.496,254.0,jackson,-1.1889446969427258,-1.1066891664267775,-0.15876177815803041,-0.05757062715642501,-0.13269552894271344,-0.5233713245279606,-0.4752522776177328,-0.4225681722560768,0.2492279968424611,-1.2162668636063514,-1.1744773241423707,0.0,False,-0.5834233093515271,18.0
2010,00-0026162,F.Jones,DAL,RB,6.817999839782715,0.029,2.0,1250.0,1.0,21.7,5.1,6.0,14.593,8.163999557495117,1.0,0,0.14015449884111789,1250.0,9.1,5.365,233.0,jones,-0.7809558592452105,-0.9663585770114189,-1.5649375275577286,0.25866638632956374,-0.13269552894271344,-0.5234110379519332,-0.534851596362326,0.021486517233359818,0.9238920135235092,0.006552290196138158,-0.3914924413807902,0.0,False,-0.46599518393868333,24.2
2010,00-0024267,G.Jennings,GB,WR,106.99400329589844,1.39,12.0,1264.0,0.0,22.5,29.3,10.0,13.857,23.18199920654297,1.0,0,1.2042596990411931,1264.0,23.6,16.416,77.0,jennings,1.2701678961867904,1.391541820449112,1.2474139712416676,0.29966007326293265,0.6152247250980352,-0.5233911812399469,-0.4556041505590757,0.909595896212233,0.8031350299930491,1.1435197382636553,-0.3914924413807902,0.0,False,0.605548312418606,80.8
2010,00-0027005,H.Nicks,,WR,96.03199768066406,1.216,11.0,1052.0,0.0,105200.0,1100.0,0.0,0.0,23.506999969482425,2.0,0,1.1902278465560723,1052.0,12800.0,13.316,79.0,nicks,1.045718633400658,1.0900909246679713,0.9661788213617281,-0.3211014717280823,0.6152247250980352,2.0872079749340924,3.050604123058284,-1.31067755123495,-1.4704105145471462,1.1681245655838302,0.3914924413807902,0.0,False,0.3990455876530684,69.9
2010,00-0026213,J.Charles,KC,RB,73.23200225830078,0.266,8.0,1935.0,1.0,33.9,20.0,10.0,12.2,21.62299919128418,4.0,0,0.3145163518732244,1935.0,13.7,7.036,275.0,charles,0.5788841558699498,-0.555761667240555,0.12247337172190921,2.2644289255694,-0.13269552894271344,-0.5231082230941421,-0.4860587474999942,0.909595896212233,0.5312677450610217,1.0254925502021357,1.9574622069039511,0.0,False,0.7134270252463714,86.5
2010,00-0021163,J.Gaffney,,WR,66.38400268554688,1.037,2.0,864.0,0.0,86400.0,200.0,0.0,0.0,12.817999839782717,0.0,0,0.8011249899864198,864.0,11200.0,13.5,64.0,gaffney,0.43866999163632747,0.7799776468241542,-1.5649375275577286,-0.8715881248333219,0.6152247250980352,1.620575243256006,0.10338506425971883,-1.31067755123495,-1.4704105145471462,0.35889261167120995,-1.1744773241423707,0.0,False,-0.7126734948692589,11.2
2010,00-0026995,J.Maclin,PHI,WR,82.00800323486328,1.123,10.0,1000.0,0.0,16.8,22.7,10.0,15.138,9.404000282287598,2.0,0,0.5152876867006903,1000.0,20.9,13.699,73.0,maclin,0.7585745353988893,0.9289706183021894,0.6849436714817885,-0.4733637374805954,0.6152247250980352,-0.5235326603128493,-0.4772170903235986,0.909595896212233,1.0133112472519068,0.10042900431355808,0.3914924413807902,0.0,False,0.515002538981476,76.0
2010,00-0022127,J.Witten,,WR,79.09600067138672,0.841,9.0,1002.0,0.0,100200.0,900.0,0.0,0.0,29.583999633789062,5.0,0,1.2588936014378325,1002.0,12900.0,10.66,94.0,witten,0.6989506990732346,0.44041226996723726,0.40370852160184884,-0.4675074964901141,0.6152247250980352,1.9631035250197078,2.3956665544363807,-1.31067755123495,-1.4704105145471462,1.628195877456043,2.7404470896655315,0.0,False,0.6859838889677495,85.0
2010,00-0026988,K.Moreno,DEN,RB,7.532000064849853,0.034,8.0,1151.0,2.0,20.3,21.6,4.0,11.097,-1.4670000076293943,1.0,0,-0.026794520687294873,1151.0,8.3,5.256,219.0,moreno,-0.7663365614843395,-0.9576961949487425,0.12247337172190921,-0.03121754269925928,-0.880615782983462,-0.5234457871979092,-0.480819246951019,-0.4225681722560768,0.3502963417538243,-0.7225816326824142,-0.3914924413807902,0.0,False,-0.3052923742097894,32.7
2010,00-0027325,L.Blount,TB,RB,-25.847000122070312,-0.125,6.0,1021.0,2.0,19.5,17.1,10.0,13.115,-5.534999847412109,1.0,0,-0.10747572519246815,1021.0,1.4,4.956,206.0,blount,-1.449778282594261,-1.2331599445418537,-0.4399969280379701,-0.41187320708054204,-0.880615782983462,-0.5234656439098956,-0.49555534224501185,0.909595896212233,0.6813936145316345,-1.0305576284649192,-0.3914924413807902,0.0,False,-0.3430662013807134,30.7
2010,00-0022921,L.Fitzgerald,,WR,90.7969970703125,1.009,6.0,1137.0,0.0,113700.0,600.0,0.0,0.0,23.049999237060547,1.0,0,1.0244444105360242,1137.0,17400.0,12.633,90.0,fitzgerald,0.938530946318522,0.731468307273166,-0.4399969280379701,-0.07221122963262819,0.6152247250980352,2.2981855397885464,1.4132602015035256,-1.31067755123495,-1.4704105145471462,1.1335264187833918,-0.3914924413807902,0.0,False,-0.13976761541278154,41.4
2010,00-0027029,L.McCoy,PHI,RB,39.37900161743164,0.138,9.0,1657.0,1.0,27.9,20.5,10.0,15.138,8.704999923706055,0.0,0,0.12217543752569901,1657.0,16.3,5.814,285.0,mccoy,-0.11426281956873091,-0.7775186480450722,0.40370852160184884,1.4504114278925027,-0.13269552894271344,-0.5232571484340394,-0.4844214035784395,0.909595896212233,1.0133112472519068,0.04750979586590553,-1.1744773241423707,0.0,False,-0.01292326202009822,48.1
2010,00-0020536,L.Tomlinson,NYJ,RB,9.456000328063965,0.035,6.0,1282.0,0.0,22.5,18.8,11.0,12.233,-5.144999980926514,1.0,0,-0.07594095912806663,1282.0,15.2,4.731,271.0,tomlinson,-0.7269422703448983,-0.9559637185362071,-0.4399969280379701,0.3523662421772641,0.6152247250980352,-0.5233911812399469,-0.48998837291172564,1.1316232409569513,0.5366821206812735,-1.0010319151004956,-0.3914924413807902,0.0,False,-0.18576653060113735,39.0
2010,00-0023921,M.Austin,DAL,WR,97.64700317382812,1.285,8.0,1134.0,0.0,19.6,20.5,6.0,14.593,23.09499931335449,2.0,0,1.2155262796502362,1134.0,20.9,14.921,76.0,austin,1.0787861946717874,1.2096317971329065,0.12247337172190921,-0.0809955911183501,0.6152247250980352,-0.5234631618208972,-0.4844214035784395,0.021486517233359818,0.9238920135235092,1.1369332388061908,0.3914924413807902,0.0,False,0.4193125934942742,70.9
2010,00-0024466,M.Colston,NO,WR,94.16999816894533,1.108,7.0,1024.0,0.0,16.6,16.7,11.0,15.36,17.69099998474121,2.0,0,0.8325176463407629,1024.0,20.3,12.047,85.0,colston,1.0075938200788512,0.9029834721141602,-0.15876177815803041,-0.4030888455948201,0.6152247250980352,-0.523537624490846,-0.4968652173822557,1.1316232409569513,1.0497352286972357,0.727812752084009,0.3914924413807902,0.0,False,0.41326632414788733,70.6
2010,00-0026986,M.Crabtree,,WR,63.26599884033203,1.15,6.0,741.0,0.0,74100.0,600.0,0.0,0.0,10.437999725341797,1.0,0,0.7591272527521307,741.0,10100.0,13.473,55.0,crabtree,0.3748282377651008,0.975747481440642,-0.4399969280379701,-1.2317469457479202,0.6152247250980352,1.3152782964666196,1.4132602015035256,-1.31067755123495,-1.4704105145471462,0.17870998284235315,-0.3914924413807902,0.0,False,-0.28938947681147986,33.5
2010,00-0026184,M.Forte,CHI,RB,2.2790000438690186,0.008,9.0,1616.0,0.0,34.0,28.1,11.0,11.133,14.991999626159668,1.0,0,0.20822221702999538,1616.0,15.5,5.611,288.0,forte,-0.8738927901078802,-1.00274058167466,0.40370852160184884,1.3303584875876366,0.6152247250980352,-0.5231057410051438,-0.4595337759708072,1.1316232409569513,0.3562029333395532,0.5234795771112472,-0.3914924413807902,0.0,False,0.07975991581670225,53.0
2010,00-0024275,M.Jones-Drew,JAX,RB,11.255999565124512,0.034,7.0,1641.0,2.0,29.4,17.9,8.0,12.607,-0.5550000071525574,1.0,0,-0.006666666752583272,1641.0,9.5,4.928,333.0,jonesdrew,-0.6900869250773889,-0.9576961949487425,-0.15876177815803041,1.4035614999686525,-0.880615782983462,-0.523219917099065,-0.4929355919705242,0.4655412067227964,0.5980450443774581,-0.6535368639108644,-0.3914924413807902,0.0,False,-0.139548902634501,41.5
2010,00-0025399,M.Lynch,SEA,RB,-43.31999969482422,-0.193,6.0,882.0,2.0,18.3,26.1,7.0,11.071,-12.121000289916992,1.0,0,-0.2164464337485177,882.0,5.2,3.938,224.0,lynch,-1.8075414520745539,-1.3509683405942536,-0.4399969280379701,-0.8188819559189905,-0.880615782983462,-0.523495428977875,-0.4660831516570262,0.24351386197807812,0.34603047005302,-1.5291638537328136,-0.3914924413807902,0.0,False,-0.5247247976830636,21.1
2010,00-0027076,M.Thomas,JAX,WR,75.65699768066406,0.97,4.0,930.0,0.0,16.7,10.3,8.0,12.607,14.35200023651123,1.0,0,0.7360000121287811,930.0,21.8,11.923,78.0,thomas,0.6285364233393956,0.6639017271842899,-1.0024672277978492,-0.6783321721474399,0.6152247250980352,-0.5235351424018476,-0.5178232195781566,0.4655412067227964,0.5980450443774581,0.47502715403108775,-0.3914924413807902,0.0,False,-0.11635153384089915,42.7
2010,00-0026069,M.Tolbert,LAC,RB,2.095999956130981,0.01,11.0,951.0,3.0,14.6,22.9,0.0,0.0,-2.944000005722046,2.0,0,-0.05661538472542396,951.0,5.5,4.572,208.0,tolbert,-0.8776397535947003,-0.9992756288495894,0.9661788213617281,-0.6168416417473865,-1.6285360370242106,-0.5235872662708116,-0.47656215275497665,-1.31067755123495,-1.4704105145471462,-0.8344008468168077,0.3914924413807902,0.0,False,-0.32960042235197096,31.4
2010,00-0022821,M.Turner,ATL,RB,-14.168999671936035,-0.041,12.0,1456.0,2.0,26.4,28.6,13.0,16.56,-10.51200008392334,4.0,0,-0.12152601253090567,1456.0,3.5,4.208,346.0,turner,-1.2106688820110247,-1.0876319258888894,1.2474139712416676,0.8618592083491349,-0.880615782983462,-0.5232943797690136,-0.4578964320492524,1.575677930446388,1.246621614888203,-1.4073513020682051,1.9574622069039511,0.0,False,0.7312060837577926,87.4
2010,00-0023452,M.Williams,SEA,WR,72.4010009765625,1.097,2.0,751.0,0.0,15.6,8.7,7.0,11.071,6.736000061035156,1.0,0,0.4082424279415246,751.0,20.5,11.379,66.0,williams,0.5618692380157502,0.8839262315762718,-1.5649375275577286,-1.202465740795514,0.6152247250980352,-0.5235624453808287,-0.5230627201271318,0.24351386197807812,0.34603047005302,-0.10155724378129255,-0.3914924413807902,0.0,False,-0.313616128798227,32.3
2010,00-0027702,M.Williams,,WR,75.9540023803711,1.169,11.0,964.0,0.0,96400.0,1100.0,0.0,0.0,18.792999267578125,4.0,0,1.1564922626201923,964.0,12900.0,14.831,65.0,williams,0.6346176541134992,1.008664533278813,0.9661788213617281,-0.5787760753092583,0.6152247250980352,1.8687841430847754,3.050604123058284,-1.31067755123495,-1.4704105145471462,0.8112417933450905,1.9574622069039511,0.0,False,0.673024064126799,84.3
2010,00-0026345,P.Garcon,IND,WR,73.9020004272461,1.056,6.0,822.0,0.0,13.3,13.0,10.0,15.0,22.85700035095215,4.0,0,1.3061143057686941,822.0,17.7,11.743,70.0,garcon,0.5926025027095868,0.812894698662325,-0.4399969280379701,-0.9945691856334287,0.6152247250980352,-0.5236195334277894,-0.5089815624017608,0.909595896212233,0.9906693128399456,1.1189150553430915,1.9574622069039511,0.0,False,0.6178226491674246,81.4
2010,00-0026367,P.Hillis,CLE,RB,4.84499979019165,0.015,13.0,1654.0,5.0,35.1,52.0,5.0,10.037,-10.07800006866455,0.0,0,-0.12178852046724532,1654.0,16.4,4.997,331.0,hillis,-0.8213534308348733,-0.990613246786913,1.5286491211216073,1.441627066406781,-3.1243765451057084,-0.5230784380261627,-0.3812687365204897,-0.2005408275113585,0.17638003395180335,-1.3744944701770596,-1.1744773241423707,0.0,False,-0.17589356155135064,39.5
2010,00-0023437,R.Brown,MIA,RB,-28.64699935913086,-0.122,5.0,976.0,2.0,18.4,20.0,7.0,9.1,-7.770999908447266,2.0,0,-0.13283760527260283,976.0,7.6,4.171,234.0,brown,-1.5071088283555747,-1.227962515304248,-0.7212320779179097,-0.5436386293663706,-0.880615782983462,-0.5234929468888767,-0.4860587474999942,0.24351386197807812,0.02264458073435615,-1.1998384476607789,0.3914924413807902,0.0,False,-0.3858279531133739,28.5
2010,00-0026163,R.Mendenhall,PIT,RB,-20.268999099731445,-0.059,13.0,1435.0,2.0,25.6,36.1,12.0,13.889,1.3209999799728394,4.0,0,0.015271676069050166,1435.0,7.1,4.147,346.0,mendenhall,-1.3355675933072273,-1.1188165013145244,1.5286491211216073,0.8003686779490815,-0.880615782983462,-0.5233142364810001,-0.43333627322593105,1.3536505857016696,0.8083853336248082,-0.5115105642850093,1.9574622069039511,0.0,False,0.7410766684774108,87.9
2010,00-0026195,R.Rice,BAL,RB,4.037000179290772,0.011,6.0,1776.0,0.0,33.0,16.7,12.0,13.222,3.9079999923706055,3.0,0,0.04224864856616871,1776.0,16.7,4.8,370.0,rice,-0.8378973848669847,-0.9975431524370542,-0.4399969280379701,1.7988577668261385,0.6152247250980352,-0.5231305618951267,-0.4968652173822557,1.3536505857016696,0.6989493173003289,-0.31565659764618303,1.1744773241423707,0.0,False,0.3126749847607275,65.3
2010,00-0020498,R.Wayne,,WR,106.93399810791016,0.963,6.0,1355.0,0.0,135500.0,600.0,0.0,0.0,20.763999938964844,1.0,0,0.7482522500527872,1355.0,17500.0,12.207,111.0,wayne,1.2689392779320618,0.6517743922965428,-0.4399969280379701,0.5661190383298306,0.6152247250980352,2.839280941415264,1.4132602015035256,-1.31067755123495,-1.4704105145471462,0.9604603081842487,-0.3914924413807902,0.0,False,-0.07918996375609089,44.6
2010,00-0023462,R.White,ATL,WR,114.68699645996094,0.989,10.0,1392.0,0.0,25.3,23.8,13.0,16.56,23.73600006103516,3.0,0,0.8184827607253503,1392.0,31.5,12.0,116.0,white,1.4276834736184356,0.6968187790224604,0.6849436714817885,0.6744594966537341,0.6152247250980352,-0.5233216827479948,-0.473614933696178,1.575677930446388,1.246621614888203,1.1854614716821363,1.1744773241423707,0.0,False,0.9031290504010734,96.5
2010,00-0026899,S.Greene,NYJ,RB,4.199999809265137,0.021,2.0,886.0,2.0,15.6,6.2,11.0,12.233,-0.0359999984502792,1.0,0,-0.0007164178796075463,886.0,4.6,4.408,201.0,greene,-0.8345599347628436,-0.9802183883117013,-1.5649375275577286,-0.807169473938028,-0.880615782983462,-0.5235624453808287,-0.5312494397349056,1.1316232409569513,0.5366821206812735,-0.6142449389387754,-0.3914924413807902,0.0,False,-0.5120225667972009,21.8
2010,00-0022736,S.Jackson,LA,RB,-34.400001525878906,-0.091,6.0,1615.0,1.0,32.4,22.2,0.0,0.0,-8.79800033569336,2.0,0,-0.09359574825205702,1615.0,10.5,4.295,376.0,jackson,-1.6249027011610313,-1.1742557465156538,-0.4399969280379701,1.327430367092396,-0.13269552894271344,-0.5231454544291164,-0.47885443424515334,-1.31067755123495,-1.4704105145471462,-1.2775895518169351,0.3914924413807902,0.0,False,-0.5126863117172468,21.8
2010,00-0020494,S.Moss,WAS,WR,80.43800354003906,0.821,6.0,1109.0,0.0,19.9,20.0,6.0,9.152,27.625,3.0,0,1.1275510204081634,1109.0,24.2,11.316,98.0,moss,0.7264284768721518,0.4057627417165314,-0.4399969280379701,-0.154198603499366,0.6152247250980352,-0.5234557155539024,-0.4860587474999942,0.021486517233359818,0.03117632413596467,1.4798859249694236,1.1744773241423707,0.0,False,0.2798641486202964,63.6
2010,00-0026364,St. Johnson,,WR,109.16600036621094,1.331,10.0,1073.0,0.0,107300.0,1000.0,0.0,0.0,19.357999801635746,1.0,0,0.9442926732505241,1073.0,14300.0,13.085,82.0,johnson,1.314639971673394,1.2893257121095298,0.6849436714817885,-0.2596109413280289,0.6152247250980352,2.139331843898134,2.7231353387473325,-1.31067755123495,-1.4704105145471462,0.8540162793203252,-0.3914924413807902,0.0,False,0.18767411901659056,58.7
2010,00-0006101,T.Gonzalez,,TE,66.08000183105469,0.944,6.0,656.0,0.0,65600.0,600.0,0.0,0.0,7.88100004196167,2.0,0,0.45034285954066683,656.0,10800.0,9.371,70.0,gonzalez,0.4324455131903121,0.6188573404583722,-0.4399969280379701,-1.4806371878433744,0.6152247250980352,1.1043007316121658,1.4132602015035256,-1.31067755123495,-1.4704105145471462,-0.014872749389663603,0.3914924413807902,0.0,False,-0.19189613719125095,38.7
2010,00-0019641,T.Jones,KC,RB,-27.19499969482422,-0.105,6.0,1018.0,1.0,17.9,15.0,10.0,12.2,-21.66699981689453,1.0,0,-0.33462547979759893,1018.0,4.3,3.931,259.0,jones,-1.4773788441119595,-1.198510416291148,-0.4399969280379701,-0.4206575685662639,-0.13269552894271344,-0.523505357333868,-0.5024321867155418,0.909595896212233,0.5312677450610217,-2.2518626801460564,-0.3914924413807902,0.0,False,-0.39157065853746376,28.2
2010,00-0012478,T.Owens,,WR,81.01200103759766,1.125,9.0,983.0,0.0,98300.0,900.0,0.0,0.0,2.188999891281128,0.0,0,0.12161110507117377,983.0,13900.0,13.653,72.0,owens,0.738181190717606,0.9324355711272599,0.40370852160184884,-0.5231417858996862,0.6152247250980352,1.9159438340522417,2.3956665544363807,-1.31067755123495,-1.4704105145471462,-0.44579690952769385,-1.1744773241423707,0.0,False,-0.19940457383444427,38.3
2010,00-0022427,W.Welker,,TE,70.29399871826172,0.817,7.0,848.0,0.0,84800.0,700.0,0.0,0.0,11.187999725341797,0.0,0,0.5203720802484557,848.0,12300.0,9.86,86.0,welker,0.5187279443361432,0.39883283606639025,-0.15876177815803041,-0.9184380527571722,0.6152247250980352,1.580861819283403,1.7407289858144772,-1.31067755123495,-1.4704105145471462,0.23549022028926914,-1.1744773241423707,0.0,False,-0.4210341163640725,26.6
2011,00-0022084,A.Boldin,,WR,74.7229995727539,1.311,3.0,887.0,0.0,88700.0,300.0,0.0,0.0,9.093999862670898,0.0,0,0.6381754289593613,887.0,10600.0,15.561,57.0,boldin,0.37522093940361073,0.9619219500360754,-1.158011642596508,-0.920757955027852,0.5864334808122579,1.2774463557748394,0.4203422842496806,-1.149703752172604,-1.2403617043883253,-0.41719110957188715,-1.253912140522022,0.0,False,-0.625369975719867,10.8
2011,00-0027793,A.Brown,PIT,WR,100.31999969482422,1.356,2.0,1138.0,0.0,18.5,5.9,12.0,13.0,27.99399948120117,1.0,0,1.513189161146009,1138.0,23.1,15.378,74.0,brown,0.9079922623504162,1.038053315246407,-1.4197843893903546,-0.13006473635534077,0.5864334808122579,-0.613984968643687,-0.6332853476856076,1.3244307661805983,0.7261263580068411,0.8854541005739492,-0.5214288109101478,0.0,False,-0.022219616771829376,36.2
2011,00-0026796,A.Foster,HOU,RB,12.008000373840332,0.036,12.0,1841.0,2.0,30.2,32.4,10.0,12.29,2.1600000858306885,2.0,0,0.026102720070461494,1841.0,15.8,5.562,331.0,foster,-0.9301176913917923,-1.195133397589984,1.1979430785481118,2.0845063103648798,-1.7997441307686535,-0.6137354267832573,-0.5383478017954847,0.9120750131217313,0.6187258561375665,-0.8951033729984618,0.21105451870172637,0.0,False,0.2786692922626081,48.9
2011,00-0027942,A.Green,CIN,WR,98.38800048828124,1.406,7.0,1110.0,0.0,21.5,22.6,9.0,11.862,20.381000518798828,0.0,0,1.1646286010742188,1110.0,21.9,15.857,70.0,green,0.8677799808997243,1.1226437210356641,-0.1109206554211214,-0.21826955756183605,0.5864334808122579,-0.6139209835512691,-0.5734567810303227,0.7058971365922978,0.553983018391018,0.3607431570088713,-1.253912140522022,0.0,False,-0.02393130757532544,36.2
2011,00-0027713,A.Hernandez,NE,WR,73.4219970703125,0.874,7.0,955.0,0.0,13.9,12.3,13.0,19.731,39.374000549316406,2.0,0,1.874952407110305,955.0,18.6,11.369,84.0,hernandez,0.3481421090298446,0.2226018034379672,-0.1109206554211214,-0.7065462463835063,0.5864334808122579,-0.6140830791187277,-0.6103570347159175,1.5306086427100318,1.7443133693900617,1.6697982371897355,0.21105451870172637,0.0,False,0.4013891595316919,54.1
2011,00-0025394,A.Peterson,MIN,RB,14.869999885559082,0.066,13.0,1101.0,0.0,21.3,36.1,3.0,11.724,-3.075999975204468,1.0,0,-0.05444247743724723,1101.0,4.6,4.872,226.0,peterson,-0.8705485520840655,-1.1443791541164299,1.4597158253419584,-0.24662110723535238,0.5864334808122579,-0.613925249224097,-0.5250923708598827,-0.5311701225843034,0.5331079912671309,-1.255984353818352,-0.5214288109101478,0.0,False,-0.09737993090618322,33.1
2011,00-0025860,B.Green-Ellis,NE,RB,12.628999710083008,0.066,11.0,826.0,0.0,12.0,19.3,13.0,19.731,4.52899980545044,3.0,0,0.09534736432527242,826.0,2.1,4.347,190.0,greenellis,-0.9171923237181863,-1.1443791541164299,0.9361703317542652,-1.1129184583705738,0.5864334808122579,-0.6141236030105924,-0.585279192405319,1.5306086427100318,1.7443133693900617,-0.7318247380838926,0.9435378483136005,0.0,False,0.42350758189684096,55.0
2011,00-0022097,B.Lloyd,,WR,86.10800170898438,1.23,5.0,966.0,0.0,96600.0,500.0,0.0,0.0,23.67300033569336,1.0,0,1.3527428763253349,966.0,14900.0,13.8,70.0,lloyd,0.6121863111637887,0.8248854926574787,-0.6344661490088147,-0.6718943523380975,0.5864334808122579,1.4459404324752374,1.1368520645524949,-1.149703752172604,-1.2403617043883253,0.587637753825382,-0.5214288109101478,0.0,False,-0.274578350820155,25.6
2011,00-0024334,B.Marshall,MIA,WR,96.47699737548828,1.177,6.0,1227.0,0.0,23.4,19.4,6.0,10.281,22.2549991607666,3.0,0,1.0856097151593465,1227.0,30.7,14.963,82.0,marshall,0.8280047083403312,0.7352196625208661,-0.37269340221496805,0.15030058819387634,0.5864334808122579,-0.6138804596594044,-0.5849209375151677,0.08736350700399721,0.31482781634126755,0.48990481859883883,0.9435378483136005,0.0,False,0.29537105981715905,49.6
2011,00-0026996,B.Pettigrew,,TE,59.66299819946289,0.719,5.0,777.0,0.0,77700.0,500.0,0.0,0.0,26.13400077819824,2.0,0,1.259469917021602,777.0,12600.0,9.361,83.0,pettigrew,0.061764799349492194,-0.03962845450873026,-0.6344661490088147,-1.2672768954819404,0.5864334808122579,1.0428343502426394,1.1368520645524949,-1.149703752172604,-1.2403617043883253,0.7572573571746153,0.21105451870172637,0.0,False,-0.289944476141282,25.0
2011,00-0023439,C.Benson,CIN,RB,-27.198999404907227,-0.094,6.0,1149.0,2.0,22.3,19.4,9.0,11.862,-12.314000129699709,1.0,0,-0.17102777957916263,1149.0,4.2,3.99,288.0,benson,-1.7461650813704337,-1.4150684526420527,-0.37269340221496805,-0.09541284230993193,-1.7997441307686535,-0.6139039208599577,-0.5849209375151677,0.7058971365922978,0.553983018391018,-1.8926953006683878,-0.5214288109101478,0.0,False,-0.46983992468886077,17.4
2011,00-0025389,C.Johnson,DET,WR,135.86099243164062,1.386,16.0,1697.0,0.0,25.7,31.4,10.0,15.29,48.70700073242188,4.0,0,1.9880408462213013,1697.0,24.1,17.316,98.0,johnson,1.6477360459553592,1.088807558719961,2.2450340657234986,1.6308815155886185,0.5864334808122579,-0.6138314044218841,-0.5419303506969988,0.9120750131217313,1.0725307936133741,2.313056873708056,1.6760211779254748,0.0,False,1.393102221634693,95.8
2011,00-0026164,C.Johnson,TEN,RB,-22.55500030517578,-0.071,4.0,1465.0,1.0,27.1,13.8,9.0,11.607,-0.6959999799728394,0.0,0,-0.008727272476148455,1465.0,13.7,4.592,319.0,johnson,-1.6495057254955867,-1.3761568659789944,-0.8962388958026614,0.9000415684490861,-0.6066553249781979,-0.6138015447120891,-0.6049832113636464,0.7058971365922978,0.5154095987055743,-1.091947546595565,-1.253912140522022,0.0,False,-0.6015845893342349,11.8
2011,00-0027007,C.Wells,ARI,RB,-11.696000099182127,-0.046,10.0,1099.0,2.0,20.4,30.3,8.0,10.759,-4.652999877929688,1.0,0,-0.07298823337928922,1099.0,2.9,4.31,255.0,wells,-1.4234884626117772,-1.333861663084366,0.6743975849604186,-0.2529214516072449,-1.7997441307686535,-0.6139444447518223,-0.5458711544886643,0.49971926006286427,0.3871340697124129,-1.3646759628738026,-0.5214288109101478,0.0,False,-0.266886780653722,25.9
2011,00-0025410,D.Bowe,KC,WR,97.43299865722656,1.188,5.0,1171.0,0.0,23.1,27.8,7.0,7.31,21.065000534057617,1.0,0,1.0275610016613472,1171.0,28.4,14.28,82.0,bowe,0.8479027458127533,0.7538295517945025,-0.6344661490088147,-0.026109054219114206,0.5864334808122579,-0.6138868581686463,-0.5548275267424494,0.29354138353343073,-0.13459034007227405,0.4078865094744958,-0.5214288109101478,0.0,False,-0.11452533499375679,32.4
2011,00-0027902,D.Bryant,DAL,WR,88.21099853515625,1.378,9.0,933.0,0.0,15.0,23.7,8.0,13.667,21.43199920654297,2.0,0,1.3394999504089355,933.0,18.3,14.578,64.0,bryant,0.6559577060885586,1.0752730937936799,0.4126248381665719,-0.775850034474324,0.5864334808122579,-0.6140596179181745,-0.5695159772386572,0.49971926006286427,0.8270223224389623,0.4331811693947112,0.21105451870172637,0.0,False,0.3582521305985145,52.3
2011,00-0026983,D.Heyward-Bey,,WR,78.19000244140625,1.261,4.0,957.0,0.0,95700.0,400.0,0.0,0.0,30.920000076293945,2.0,0,1.9948387145996094,957.0,10700.0,15.435,62.0,heywardbey,0.44738250896971193,0.877331544246818,-0.8962388958026614,-0.7002459020116137,0.5864334808122579,1.4267449047498757,0.7785971744010878,-1.149703752172604,-1.2403617043883253,1.0871229226380774,0.21105451870172637,0.0,False,-0.1633910934963329,30.3
2011,00-0026189,D.Jackson,PHI,WR,77.37300109863281,1.19,4.0,1002.0,0.0,16.8,9.8,8.0,12.774,24.02300071716309,2.0,0,1.4783385056715748,1002.0,19.2,15.415,65.0,jackson,0.43037759104327816,0.7572131680260729,-0.8962388958026614,-0.5584881536440321,0.5864334808122579,-0.6140212268627238,-0.6193134069697027,0.49971926006286427,0.6919397193836635,0.6117608400514659,0.21105451870172637,0.0,False,0.05823289609993411,39.6
2011,00-0026170,D.Keller,,WR,56.244998931884766,0.865,5.0,815.0,0.0,81500.0,500.0,0.0,0.0,16.916000366210938,1.0,0,1.040984637920673,815.0,11500.0,12.538,65.0,keller,-0.009376818142187698,0.2073755303959009,-0.6344661490088147,-1.1475703524159826,0.5864334808122579,1.123882133971945,1.1368520645524949,-1.149703752172604,-1.2403617043883253,0.12192485314510612,-0.5214288109101478,0.0,False,-0.43845641257642454,18.7
2011,00-0023500,F.Gore,SF,RB,-29.150999069213867,-0.097,8.0,1325.0,2.0,26.0,25.8,13.0,12.667,-2.178999900817871,3.0,0,-0.02915050034538958,1325.0,6.9,4.431,299.0,gore,-1.7867936487253906,-1.4201438769894081,0.15085209137272526,0.4590174624166098,-1.7997441307686535,-0.6138250059126423,-0.5619926245454776,1.5306086427100318,0.6757540099470264,-1.1941603922318902,0.9435378483136005,0.0,False,0.11645441202861195,42.1
2011,00-0027997,G.Little,CLE,WR,53.87699890136719,0.842,2.0,724.0,0.0,16.0,10.0,4.0,8.385,16.18899917602539,1.0,0,1.011812448501587,724.0,21.5,11.312,64.0,little,-0.05866394174965854,0.16846394373284254,-1.4197843893903546,-1.4342360213370924,0.5864334808122579,-0.6140382895540352,-0.6185968971893999,-0.32499224605486987,0.02802309585655704,0.07181772947950422,-0.5214288109101478,0.0,False,-0.5350737281789253,14.6
2011,00-0027005,H.Nicks,,WR,103.61900329589844,1.363,7.0,1192.0,0.0,119200.0,700.0,0.0,0.0,28.62800025939941,1.0,0,1.5067368557578638,1192.0,13300.0,15.684,76.0,nicks,0.9766571255987908,1.049895972056903,-0.1109206554211214,0.04004456168575725,0.5864334808122579,1.927961462023212,1.853361844855309,-1.149703752172604,-1.2403617043883253,0.9291513542045234,-0.5214288109101478,0.0,False,-0.019385860144671474,36.4
2011,00-0021163,J.Gaffney,,WR,81.41999816894531,1.197,5.0,947.0,0.0,94700.0,500.0,0.0,0.0,25.350000381469727,2.0,0,1.491176493027631,947.0,11500.0,13.926,68.0,gaffney,0.5146110548409822,0.7690558248365691,-0.6344661490088147,-0.7317476238710764,0.5864334808122579,1.4054165406105847,1.1368520645524949,-1.149703752172604,-1.2403617043883253,0.7032216755786466,0.21105451870172637,0.0,False,-0.1263502580839467,31.9
2011,00-0027696,J.Graham,,WR,105.625,1.067,11.0,1310.0,0.0,131000.0,1100.0,0.0,0.0,18.606000900268555,3.0,0,0.7517576121320628,1310.0,14900.0,13.232,99.0,graham,1.0184095775570041,0.5491207697845001,0.9361703317542652,0.41176487962741587,0.5864334808122579,2.1796361588668445,3.2863814054609373,-1.149703752172604,-1.2403617043883253,0.23840480792117158,0.9435378483136005,0.0,False,0.5122817019049901,58.7
2011,00-0026186,J.Simpson,,WR,65.71099853515625,1.314,4.0,725.0,0.0,72500.0,400.0,0.0,0.0,15.991999626159668,2.0,0,1.2793599700927734,725.0,10600.0,14.5,50.0,simpson,0.18764678257657433,0.9669973743834309,-0.8962388958026614,-1.431085849151146,0.5864334808122579,0.9319268567183266,0.7785971744010878,-1.149703752172604,-1.2403617043883253,0.058239923912679285,0.21105451870172637,0.0,False,-0.27453364662013363,25.6
2011,00-0022127,J.Witten,,WR,75.18099975585938,0.952,5.0,942.0,0.0,94200.0,500.0,0.0,0.0,11.263999938964844,0.0,0,0.570329110833663,942.0,11700.0,11.924,79.0,witten,0.3847536722355565,0.35456283646920844,-0.6344661490088147,-0.7474984848008077,0.5864334808122579,1.3947523585409394,1.1368520645524949,-1.149703752172604,-1.2403617043883253,-0.26762813272246094,-1.253912140522022,0.0,False,-0.5430869719099866,14.3
2011,00-0022922,K.Winslow,,WR,50.80199813842773,0.687,2.0,758.0,0.0,75800.0,200.0,0.0,0.0,6.9730000495910645,0.0,0,0.376918921599517,758.0,12200.0,10.243,74.0,winslow,-0.12266645050931342,-0.09376631421385474,-1.4197843893903546,-1.3271301670149194,0.5864334808122579,1.0023104583779867,0.06208739409827354,-1.149703752172604,-1.2403617043883253,-0.5633768398890349,-1.253912140522022,0.0,False,-0.8830374290446368,0.0
2011,00-0027325,L.Blount,TB,RB,-19.61100006103516,-0.099,5.0,929.0,2.0,18.4,20.0,4.0,11.038,-6.860000133514404,1.0,0,-0.13788944991988752,929.0,4.3,4.668,199.0,blount,-1.5882298377998978,-1.4235274932209785,-0.6344661490088147,-0.788450723218109,-1.7997441307686535,-0.6139871014801009,-0.5827714081742592,-0.32499224605486987,0.429337928897663,-1.5167891041306611,-0.5214288109101478,0.0,False,-0.6668082691589052,9.1
2011,00-0022921,L.Fitzgerald,,WR,121.61199951171876,1.52,8.0,1411.0,0.0,141100.0,800.0,0.0,0.0,35.637001037597656,2.0,0,1.7818500518798828,1411.0,15400.0,17.638,80.0,fitzgerald,1.3511600889133888,1.3155098462351706,0.15085209137272526,0.7299322704079881,0.5864334808122579,2.395052636673683,2.211616735006716,-1.149703752172604,-1.2403617043883253,1.412232913776448,0.21105451870172637,0.0,False,0.3385237682360907,51.4
2011,00-0027029,L.McCoy,PHI,RB,36.88199996948242,0.115,20.0,1624.0,1.0,27.3,48.8,8.0,12.774,-8.059000015258789,5.0,0,-0.10042367620260173,1624.0,12.7,5.059,321.0,mccoy,-0.41239477041082034,-1.0614805564429577,3.292125052898885,1.4009189460145415,-0.6066553249781979,-0.6137972790392613,-0.479593999810654,0.49971926006286427,0.6919397193836635,-1.5994278070112915,2.408504507537349,0.0,False,1.1271450575979012,84.6
2011,00-0025487,M.Bush,LV,RB,-8.906999588012695,-0.03,8.0,1395.0,1.0,23.1,22.2,0.0,0.0,-7.520999908447266,1.0,0,-0.10267576666822206,1395.0,9.1,4.761,293.0,bush,-1.365438711275726,-1.3067927332318037,0.15085209137272526,0.679529515432848,-0.6066553249781979,-0.6138868581686463,-0.5748898005909283,-1.149703752172604,-1.2403617043883253,-1.5623472103794869,-0.5214288109101478,0.0,False,-0.6323186623820156,10.6
2011,00-0024466,M.Colston,,WR,101.96499633789062,1.243,8.0,1164.0,0.0,116400.0,800.0,0.0,0.0,45.33200073242188,5.0,0,2.2113171088986285,1164.0,10900.0,14.195,82.0,colston,0.9422309244432403,0.8468789981626857,0.15085209137272526,-0.048160259520738026,0.5864334808122579,1.8682420424331974,2.211616735006716,-1.149703752172604,-1.2403617043883253,2.0804416529155767,2.408504507537349,0.0,False,0.6999393442982476,66.6
2011,00-0026986,M.Crabtree,SF,WR,69.48600006103516,0.952,4.0,880.0,0.0,17.3,12.9,13.0,12.667,23.709999084472656,2.0,0,1.299178032025899,880.0,25.6,12.055,73.0,crabtree,0.266218980391841,0.35456283646920844,-0.8962388958026614,-0.9428091603294758,0.5864334808122579,-0.6140105626806541,-0.6082075053750091,1.5306086427100318,0.6757540099470264,0.5901878196376313,0.21105451870172637,0.0,False,0.08140803315666936,40.6
2011,00-0026184,M.Forte,CHI,RB,3.821000099182129,0.015,4.0,1487.0,1.0,28.9,14.3,8.0,11.767,0.0,0.0,0,0.0,1487.0,16.3,5.831,255.0,forte,-1.1005204318103725,-1.230661368021472,-0.8962388958026614,0.9693453565399038,-0.6066553249781979,-0.6137631536566384,-0.6031919369128894,0.49971926006286427,0.5396125287042841,-1.0439771202213597,-1.253912140522022,0.0,False,-0.5730244828847526,13.0
2011,00-0024275,M.Jones-Drew,JAX,RB,14.17099952697754,0.037,11.0,1980.0,1.0,45.4,52.4,5.0,8.379,6.801000118255615,5.0,0,0.07047668516327063,1980.0,13.5,5.13,386.0,jonesdrew,-0.8850974189046223,-1.1934415894741988,0.9361703317542652,2.52238024421141,-0.6066553249781979,-0.61341123564834,-0.46669682376520333,-0.11881436952543632,0.02711548598160539,-0.5752315960383346,2.408504507537349,0.0,False,0.6099962140834833,62.8
2011,00-0025399,M.Lynch,SEA,RB,-4.35699987411499,-0.014,13.0,1416.0,2.0,27.8,44.8,7.0,10.7,0.9919999837875366,4.0,0,0.012717948510096623,1416.0,8.2,4.538,312.0,lynch,-1.2707358415870726,-1.2797238033792413,1.4597158253419584,0.7456831313377195,-1.7997441307686535,-0.6137866148571917,-0.49392419541671023,0.29354138353343073,0.3782092392753885,-0.9756054771828785,1.6760211779254748,0.0,False,0.44332915038716597,55.8
2011,00-0022821,M.Turner,ATL,RB,-5.25,-0.017,11.0,1508.0,2.0,24.6,25.6,10.0,14.889,9.276000022888184,3.0,0,0.11667924557092055,1508.0,4.5,4.742,318.0,turner,-1.2893225844159406,-1.2847992277265967,0.9361703317542652,1.0354989724447754,-1.7997441307686535,-0.6138548656224373,-0.5627091343257805,0.9120750131217313,1.0118722003041078,-0.40464710736352855,0.9435378483136005,0.0,False,0.35283823548577825,52.0
2011,00-0026901,M.Wallace,PIT,WR,104.36699676513672,1.355,8.0,1250.0,0.0,20.3,23.5,12.0,13.0,18.73900032043457,0.0,0,0.9734545621004972,1250.0,21.0,16.234,77.0,wallace,0.9922257261481202,1.0363615071306218,0.15085209137272526,0.2227545484706403,0.5864334808122579,-0.6139465775882362,-0.57023248701896,1.3244307661805983,0.7261263580068411,0.24757153073219068,-1.253912140522022,0.0,False,0.13030730266145396,42.7
2011,00-0027702,M.Williams,TB,WR,59.36899948120117,0.9,3.0,774.0,0.0,15.3,12.0,4.0,11.038,5.374000072479248,0.0,0,0.32569697408965137,774.0,21.6,11.727,66.0,williams,0.05564556329347063,0.266588814448381,-1.158011642596508,-1.2767274120397794,0.5864334808122579,-0.6140532194089328,-0.6114317993863718,-0.32499224605486987,0.429337928897663,-0.67358476069586,-1.253912140522022,0.0,False,-0.6031062816890502,11.8
2011,00-0021999,N.Burleson,DET,WR,64.60700225830078,0.76,3.0,856.0,0.0,13.0,5.9,10.0,15.29,25.54400062561035,1.0,0,1.2020706176757812,856.0,16.7,10.071,85.0,burleson,0.16466840408910868,0.029735678238460735,-1.158011642596508,-1.018413292792186,0.5864334808122579,-0.6141022746464531,-0.6332853476856076,0.9120750131217313,1.0725307936133741,0.7165927599118515,-0.5214288109101478,0.0,False,-0.19449183615043414,29.0
2011,00-0023367,N.Washington,TEN,WR,88.81500244140625,1.2,8.0,1002.0,0.0,18.6,27.6,9.0,11.607,29.292999267578125,3.0,0,1.5834053658150338,1002.0,20.6,13.541,74.0,washington,0.6685293339614823,0.7741312491839243,0.15085209137272526,-0.5584881536440321,0.5864334808122579,-0.6139828358072731,-0.5555440365227523,0.7058971365922978,0.5154095987055743,0.9749850997198631,0.9435378483136005,0.0,False,0.45596428221212865,56.4
2011,00-0026345,P.Garcon,IND,WR,59.7599983215332,0.808,6.0,975.0,0.0,20.7,27.3,2.0,9.0,6.65500020980835,0.0,0,0.3597297410707216,975.0,25.5,13.176,74.0,garcon,0.06378374231604879,0.11094246779614775,-0.37269340221496805,-0.6435428026645811,0.5864334808122579,-0.6139380462425805,-0.5566188011932065,-0.7373479991137369,0.12105310803909763,-0.5852943518721546,-1.253912140522022,0.0,False,-0.49449217381614463,16.4
2011,00-0024217,R.Bush,MIA,RB,5.102000236511231,0.02,7.0,1382.0,2.0,26.3,22.6,6.0,10.281,8.571999549865723,1.0,0,0.13238609343421964,1382.0,11.2,5.336,259.0,bush,-1.0738579270400805,-1.2222023274425464,-0.1109206554211214,0.6385772770155466,-1.7997441307686535,-0.6138186074034006,-0.5734567810303227,0.08736350700399721,0.31482781634126755,-0.4531689519472707,-0.5214288109101478,0.0,False,-0.34690220077596545,22.6
2011,00-0027656,R.Gronkowski,NE,WR,126.02100372314452,1.385,18.0,1329.0,0.0,19.3,31.6,13.0,19.731,29.944000244140625,4.0,0,1.3162197909512363,1329.0,20.4,14.604,91.0,gronkowski,1.4429283037587675,1.0871157506041762,2.7685795593111915,0.47161815116039485,0.5864334808122579,-0.6139679059523756,-0.541213840916696,1.5306086427100318,1.7443133693900617,1.019854058504813,1.6760211779254748,0.0,False,1.4925581308230929,100.0
2011,00-0027864,R.Mathews,LAC,RB,20.16699981689453,0.074,6.0,1546.0,2.0,24.0,14.3,0.0,0.0,2.358999967575073,2.0,0,0.03469117599375107,1546.0,10.4,5.684,272.0,mathews,-0.7602977552091045,-1.1308446891901487,-0.37269340221496805,1.1552055155107332,-1.7997441307686535,-0.6138676626409209,-0.6031919369128894,-1.149703752172604,-1.2403617043883253,-0.8813876985007885,0.21105451870172637,0.0,False,-0.4966576425304663,16.3
2011,00-0026163,R.Mendenhall,PIT,RB,-6.614999771118164,-0.027,9.0,1082.0,1.0,17.6,26.5,12.0,13.0,5.085999965667725,1.0,0,0.08269918643362154,1082.0,5.2,4.398,246.0,mendenhall,-1.317733442345096,-1.3017173088844483,0.4126248381665719,-0.30647437876833133,-0.6066553249781979,-0.6140041641714123,-0.5594848403144178,1.3244307661805983,0.7261263580068411,-0.6934346002319253,-0.5214288109101478,0.0,False,-0.13716296426994068,31.4
2011,00-0026195,R.Rice,BAL,RB,29.07099914550781,0.079,15.0,2068.0,2.0,37.2,41.7,12.0,12.194,5.335000038146973,4.0,0,0.058147139380348475,2068.0,19.2,5.635,367.0,rice,-0.5749715263854168,-1.122385648611223,1.9832613189296517,2.7995953965746807,-1.7997441307686535,-0.6135861282342823,-0.5050300970114039,1.3244307661805983,0.604204098138341,-0.6762727611690798,1.6760211779254748,0.0,False,0.8761396340290009,74.1
2011,00-0020498,R.Wayne,,WR,81.0739974975586,1.081,4.0,960.0,0.0,96000.0,400.0,0.0,0.0,21.503999710083008,2.0,0,1.1468799845377604,960.0,13100.0,12.8,75.0,wayne,0.5074094595541876,0.5728060834054921,-0.8962388958026614,-0.6907953854537751,0.5864334808122579,1.433143413991663,0.7785971744010878,-1.149703752172604,-1.2403617043883253,0.43814366214378847,0.21105451870172637,0.0,False,-0.2236668843402017,27.8
2011,00-0023462,R.White,,WR,117.80899810791016,1.178,8.0,1296.0,0.0,129600.0,800.0,0.0,0.0,39.685001373291016,3.0,0,1.5874000549316407,1296.0,18000.0,12.96,100.0,white,1.272005106711834,0.7369114706366511,0.15085209137272526,0.36766246902416827,0.5864334808122579,2.149776449071837,2.211616735006716,-1.149703752172604,-1.2403617043883253,1.6912333558076604,0.9435378483136005,0.0,False,0.4034792499518982,54.2
2011,00-0026899,S.Greene,NYJ,RB,3.819999933242798,0.013,6.0,1265.0,0.0,24.6,15.0,8.0,12.567,5.861000061035156,1.0,0,0.08284099026198101,1265.0,7.6,4.47,283.0,greene,-1.1005412490830264,-1.2340449842530423,-0.37269340221496805,0.2700071312598342,0.5864334808122579,-0.6138548656224373,-0.6006841526818296,0.49971926006286427,0.6606271786978329,-0.6400192466621215,-0.5214288109101478,0.0,False,-0.3006701326034726,24.5
2011,00-0024240,S.Holmes,NYJ,WR,55.354000091552734,1.044,8.0,681.0,0.0,13.2,20.0,8.0,12.567,1.809999942779541,2.0,0,0.13660376926638046,681.0,18.5,12.849,53.0,holmes,-0.02792190657614328,0.5102091831214419,0.15085209137272526,-1.5696934253327814,0.5864334808122579,-0.6140980089736252,-0.5827714081742592,0.49971926006286427,0.6606271786978329,-0.919226442792015,0.21105451870172637,0.0,False,0.08148057761304829,40.6
2011,00-0022736,S.Jackson,LA,RB,-11.305999755859377,-0.037,6.0,1478.0,0.0,30.6,40.0,0.0,0.0,4.861000061035156,1.0,0,0.06438410676867756,1478.0,10.6,4.894,302.0,jackson,-1.4153710661250454,-1.3186353900422996,-0.37269340221496805,0.9409938068663876,0.5864334808122579,-0.6137268954376016,-0.5111204301439778,-1.149703752172604,-1.2403617043883253,-0.7089422750450783,-0.5214288109101478,0.0,False,-0.6561643070462073,9.6
2011,00-0020337,S.Smith,CAR,WR,106.16799926757812,1.249,7.0,1450.0,0.0,23.6,15.2,6.0,15.615,21.666000366210938,2.0,0,1.019576487821691,1450.0,25.3,17.059,85.0,smith,1.0297114659332638,0.8570298468573967,-0.1109206554211214,0.8527889856598923,0.5864334808122579,-0.6138761939865767,-0.5999676429015268,0.08736350700399721,1.1216929951732535,0.4493092379641514,0.21105451870172637,0.0,False,0.343454172919759,51.6
2011,00-0026364,St.Johnson,,WR,86.18000030517578,1.134,7.0,1004.0,0.0,100400.0,700.0,0.0,0.0,26.590999603271484,1.0,0,1.3995262949090255,1004.0,13400.0,13.211,76.0,johnson,0.6136848769004093,0.6624719135421047,-0.1109206554211214,-0.5521878092721396,0.5864334808122579,1.526988216204543,1.853361844855309,-1.149703752172604,-1.2403617043883253,0.7887551001661166,-0.5214288109101478,0.0,False,-0.1420671956248047,31.2
2011,00-0006101,T.Gonzalez,,WR,80.76300048828125,1.01,7.0,875.0,0.0,87500.0,700.0,0.0,0.0,12.151000022888184,0.0,0,0.6075500011444092,875.0,11600.0,10.938,80.0,gonzalez,0.5009364241486703,0.4526877071847469,-0.1109206554211214,-0.958560021259207,0.5864334808122579,1.2518523188076902,1.853361844855309,-1.149703752172604,-1.2403617043883253,-0.20649340076252742,-1.253912140522022,0.0,False,-0.41113859968442157,19.9
2011,00-0027265,V.Cruz,NYG,WR,129.031005859375,1.555,9.0,1539.0,0.0,24.3,20.0,9.0,12.71,39.70600128173828,2.0,0,1.9135422304452183,1539.0,22.5,18.542,83.0,cruz,1.505577942878374,1.3747231302876506,0.4126248381665719,1.1331543102091093,0.5864334808122579,-0.6138612641316791,-0.5827714081742592,0.7058971365922978,0.6822585473841798,1.692680733093611,0.21105451870172637,0.0,False,0.6160400620088066,63.1
2011,00-0023496,V.Jackson,LAC,WR,101.41400146484376,1.61,9.0,1157.0,0.0,17.9,21.4,0.0,0.0,20.054000854492188,1.0,0,1.2732698955233135,1157.0,20.2,18.365,63.0,jackson,0.930762616983376,1.4677725766558338,0.4126248381665719,-0.07021146482236185,0.5864334808122579,-0.6139977656621706,-0.5777558397121395,-1.149703752172604,-1.2403617043883253,0.33820534986464734,-0.5214288109101478,0.0,False,-0.09598330701250751,33.1
2011,00-0022178,W.McGahee,DEN,RB,-12.821999549865724,-0.049,5.0,1250.0,3.0,24.6,16.1,8.0,10.3,-3.424999952316284,0.0,0,-0.0522900756078822,1250.0,4.7,4.771,262.0,mcgahee,-1.446924811172827,-1.3389370874317215,-0.6344661490088147,0.2227545484706403,-2.9928329365591093,-0.6138548656224373,-0.5967433488901641,0.49971926006286427,0.3177019142786144,-1.280038489146481,-1.253912140522022,0.0,False,-0.68685999960117,8.3
2011,00-0022427,W.Welker,NE,WR,139.5189971923828,1.116,9.0,1526.0,0.0,22.2,15.8,13.0,19.731,28.25900077819824,1.0,0,0.9042880249023436,1526.0,28.3,12.208,125.0,welker,1.7238730942982217,0.6320193674579724,0.4126248381665719,1.092202071791808,0.5864334808122579,-0.6139060536963716,-0.5978181135606183,1.5306086427100318,1.7443133693900617,0.9037187924883987,-0.5214288109101478,0.0,False,0.541226955991164,60.0
2012,00-0022084,A.Boldin,BAL,WR,81.01200103759766,1.227,4.0,924.0,0.0,15.9,10.5,10.0,13.724,19.621000289916992,2.0,0,1.189151532722242,924.0,20.3,14.0,66.0,boldin,0.4919122117450889,0.8612392178103455,-0.8996269028694687,-0.6332483992892294,0.5749251592506085,-0.742395326002727,-0.6870107992385481,1.1196128969984966,1.046410634769041,0.46549272403227576,0.09893180793016017,0.0,False,0.13190595787536488,58.6
2012,00-0025637,A.Bradshaw,NYG,RB,8.75,0.036,6.0,1260.0,3.0,21.7,13.6,9.0,14.793,7.401000022888184,1.0,0,0.12132786922767515,1260.0,5.8,5.164,244.0,bradshaw,-1.0114322719307085,-1.245956211477281,-0.3212953224533816,0.309028958049006,-2.453948850459914,-0.7422864053182335,-0.6784514939379892,0.9123837746748673,1.2089137797805687,-0.4223036599708376,-0.5486218439763432,0.0,False,-0.25634662189280266,41.9
2012,00-0027793,A.Brown,PIT,WR,65.73799896240234,0.901,5.0,811.0,0.0,14.9,14.7,8.0,11.2,21.42200088500977,4.0,0,1.1738082676717683,811.0,18.8,11.11,73.0,brown,0.17415064364997815,0.2844586049238918,-0.6104611126614251,-0.9501452486321479,0.5749251592506085,-0.7424141054310879,-0.6754143210894037,0.7051546523512382,0.6627268761075845,0.5963373869595694,1.394039111743167,0.0,False,0.2886115936662402,65.3
2012,00-0026796,A.Foster,HOU,RB,-19.0,-0.049,17.0,1641.0,2.0,26.6,41.5,12.0,13.419,-6.464000225067139,2.0,0,-0.06612787954032878,1641.0,10.6,4.197,391.0,foster,-1.588745504653087,-1.3963437945918473,2.8595283698350973,1.3775041757450408,-1.4443241805564069,-0.7421943861192649,-0.6014177462329584,1.5340711416457549,1.0000463136946574,-1.4296110916694382,0.09893180793016017,0.0,False,0.5661246730490109,77.3
2012,00-0027942,A.Green,CIN,WR,111.18000030517578,1.101,11.0,1388.0,0.0,25.4,28.9,10.0,13.033,14.552000045776367,1.0,0,0.5763168334960938,1388.0,31.0,13.743,101.0,green,1.11952969577867,0.6383117416640472,1.1245336285868361,0.6679917608445243,0.5749251592506085,-0.742216921433298,-0.6362071806803916,1.1196128969984966,0.941368845056257,0.09722431250030603,-0.5486218439763432,0.0,False,0.45169111958933544,72.3
2012,00-0022044,A.Johnson,,WR,125.7509994506836,1.123,4.0,1598.0,0.0,159800.0,400.0,0.0,0.0,32.51100158691406,1.0,0,1.1611071995326452,1598.0,16300.0,14.268,112.0,johnson,1.4226659343620263,0.6772355867054645,-0.8996269028694687,1.2569151091809214,0.5749251592506085,2.258258733164666,0.38842449578329624,-0.9526783262377952,-1.039831799410763,1.4019654156201853,-0.5486218439763432,0.0,False,-0.11024965838844066,48.2
2012,00-0029141,A.Morris,WAS,RB,1.256999969482422,0.004,13.0,1690.0,3.0,27.9,28.3,10.0,16.148,4.715000152587891,7.0,0,0.054508672284253074,1690.0,3.7,4.884,346.0,morris,-1.16731724744087,-1.3025727133557061,1.702865209002923,1.5149196236902,-2.453948850459914,-0.7421699728623957,-0.6378638204159837,1.1196128969984966,1.4148929766847975,-0.6174444881359119,3.336700067462677,0.0,False,1.094978622378213,100.0
2012,00-0025394,A.Peterson,MIN,RB,30.00900077819824,0.077,13.0,2314.0,2.0,43.5,40.6,10.0,14.037,4.52899980545044,5.0,0,0.04657069208689399,2314.0,10.6,5.949,389.0,peterson,-0.5691583092745215,-1.1734163184455495,1.702865209002923,3.2648632873183514,-1.4443241805564069,-0.7418770137799651,-0.6039027058363465,1.1196128969984966,1.0939910691830805,-0.6309576167777742,2.0415927636496702,0.96,True,0.959500789784715,94.2
2012,00-0027691,A.Roberts,ARI,WR,64.56099700927734,0.949,5.0,788.0,0.0,17.6,23.8,5.0,8.333,6.039999961853027,0.0,0,0.3552941154031193,788.0,18.8,11.588,68.0,roberts,0.14966420031739627,0.36938335774152903,-0.6104611126614251,-1.0146463772594676,0.5749251592506085,-0.7423634009745134,-0.6502886184329241,0.08346728538035063,0.22690225800837904,-0.5211818028850532,-1.1961754958828466,0.0,False,-0.42903527492828025,34.5
2012,00-0025860,B.Green-Ellis,CIN,RB,-13.717000007629396,-0.046,6.0,1198.0,2.0,22.0,15.8,10.0,13.033,-3.203000068664551,1.0,0,-0.04270666758219401,1198.0,5.5,3.993,300.0,greenellis,-1.478837547749744,-1.3910359975407451,-0.3212953224533816,0.13515635044492683,-1.4443241805564069,-0.7422807714897253,-0.6723771482408182,1.1196128969984966,0.941368845056257,-1.19269586386055,-0.5486218439763432,0.0,False,-0.32213256884773345,39.1
2012,00-0027077,B.Hartline,,WR,86.06500244140625,1.163,1.0,1083.0,0.0,108300.0,100.0,0.0,0.0,10.739999771118164,0.0,0,0.5805405281685494,1083.0,13100.0,14.635,74.0,hartline,0.5970352595066549,0.7480062140534957,-1.7671242734935992,-0.18734929269167158,0.5749251592506085,1.2911181725762173,-0.43989537201273277,-0.9526783262377952,-1.039831799410763,-0.17972167651015797,-1.1961754958828466,0.0,False,-0.6823836431162376,23.6
2012,00-0022097,B.Lloyd,,WR,80.98100280761719,1.094,4.0,911.0,0.0,91100.0,400.0,0.0,0.0,28.097999572753903,1.0,0,1.5188107877164272,911.0,13000.0,12.311,74.0,lloyd,0.4912673220745053,0.625926881878142,-0.8996269028694687,-0.6697055589481492,0.5749251592506085,0.9681120047680365,0.38842449578329624,-0.9526783262377952,-1.039831799410763,1.0813559929395065,-0.5486218439763432,0.0,False,-0.3475845727287505,38.0
2012,00-0024334,B.Marshall,CHI,WR,133.2830047607422,1.12,11.0,1506.0,0.0,30.1,34.4,10.0,12.931,30.27400016784668,3.0,0,1.0176134510200565,1506.0,40.2,12.655,119.0,marshall,1.579362378846064,0.6719277896543623,1.1245336285868361,0.9989105946716427,0.5749251592506085,-0.7421286581200016,-0.6210213164374645,1.1196128969984966,0.9258633999756434,1.239444815991693,0.7464854598366636,0.0,False,0.8264333860560003,88.5
2012,00-0027135,B.Myers,,WR,59.915000915527344,0.758,4.0,806.0,0.0,80600.0,400.0,0.0,0.0,4.191999912261963,0.0,0,0.21225316011452977,806.0,10500.0,10.203,79.0,myers,0.053008523773311375,0.0314536121546805,-0.8996269028694687,-0.9641672331163478,0.5749251592506085,0.7709280069781586,0.38842449578329624,-0.9526783262377952,-1.039831799410763,-0.6554410275833707,-1.1961754958828466,0.0,False,-0.6784339660382235,23.8
2012,00-0026996,B.Pettigrew,,TE,33.45399856567383,0.567,3.0,567.0,0.0,56700.0,300.0,0.0,0.0,0.1710000038146972,0.0,0,0.01159322059760659,567.0,10200.0,9.61,59.0,pettigrew,-0.49748829812464856,-0.3064761334321682,-1.1887926930775121,-1.6344180914611046,0.5749251592506085,0.32209966915167465,0.1123178731846199,-0.9526783262377952,-1.039831799410763,-0.9475710685644834,-1.1961754958828466,0.0,False,-0.8846773948714902,14.9
2012,00-0025389,C.Johnson,,WR,154.322998046875,1.265,5.0,1964.0,0.0,196400.0,500.0,0.0,0.0,36.29999923706055,0.0,0,1.1901639094118213,1964.0,20400.0,16.098,122.0,johnson,2.0170800920163154,0.9284713137909748,-0.6104611126614251,2.2833243734243562,0.5749251592506085,2.945585811175097,0.6645311183819725,-0.9526783262377952,-1.039831799410763,1.677240238802676,-1.1961754958828466,0.0,False,-0.0214611961813925,52.0
2012,00-0026164,C.Johnson,TEN,RB,-33.10699844360352,-0.106,6.0,1482.0,3.0,29.8,22.2,6.0,11.379,-14.012999534606934,2.0,0,-0.17965384018726838,1482.0,9.1,4.75,312.0,johnson,-1.8822286353012425,-1.4971919385627916,-0.3212953224533816,0.931605069147483,-2.453948850459914,-0.7421342919485099,-0.654706324394503,0.2906964077039798,0.6899374120823867,-1.9780541475942608,0.09893180793016017,0.0,False,-0.3247860452485654,39.0
2012,00-0028052,C.Shorts,JAX,WR,83.50599670410156,1.491,7.0,975.0,0.0,19.4,28.0,2.0,8.793,10.616999626159668,0.0,0,0.758357116154262,975.0,17.9,17.411,56.0,shorts,0.543797498254097,1.3283253583073509,-0.03212953224533806,-0.4902241575503901,0.5749251592506085,-0.7423295980034637,-0.6386921402837797,-0.5382200815905369,0.2968287750385967,-0.18865777156251615,-1.1961754958828466,0.0,False,-0.1904307589830196,44.7
2012,00-0027861,C.Spiller,BUF,RB,41.61800003051758,0.166,8.0,1703.0,2.0,31.1,22.2,6.0,11.467,5.389999866485596,2.0,0,0.08623999786376953,1703.0,11.2,6.812,250.0,spiller,-0.3276437547870205,-1.01595167259618,0.25703625796270546,1.5513767833491199,-1.4443241805564069,-0.7421098786916407,-0.654706324394503,0.2906964077039798,0.7033146588186024,-0.5684050206967493,0.09893180793016017,0.0,False,0.03684894178994032,54.5
2012,00-0026035,D.Amendola,LA,WR,49.84099960327149,0.767,3.0,674.0,0.0,12.6,11.1,0.0,0.0,7.348000049591064,1.0,0,0.45218461843637314,674.0,18.5,10.369,65.0,amendola,-0.15657181006553222,0.04737700330798752,-1.1887926930775121,-1.334347623499226,0.5749251592506085,-0.7424572981163181,-0.6853541595029561,-0.9526783262377952,-1.039831799410763,-0.4261541659951623,-0.5486218439763432,0.0,False,-0.7176506852605367,22.1
2012,00-0026173,D.Avery,IND,WR,65.47200012207031,1.023,3.0,790.0,0.0,13.6,9.4,11.0,12.75,6.193999767303467,0.0,0,0.3871249854564667,790.0,20.4,12.344,64.0,avery,0.16861678237385241,0.5003090183353865,-1.1887926930775121,-1.0090375834657876,0.5749251592506085,-0.7424385186879572,-0.6900479720871335,1.3268420193221258,0.8983488356659274,-0.5099935485946688,-1.1961754958828466,0.0,False,-0.32535715249338854,38.9
2012,00-0026000,D.Bess,,WR,57.641998291015625,0.945,1.0,778.0,0.0,77800.0,100.0,0.0,0.0,4.197999954223633,0.0,0,0.27527868552286117,778.0,10500.0,12.754,61.0,bess,0.005720794290669531,0.3623062950067259,-1.7671242734935992,-1.0426903462278674,0.5749251592506085,0.7183456075675244,-0.43989537201273277,-0.9526783262377952,-1.039831799410763,-0.6550051179728112,-1.1961754958828466,0.0,False,-0.8526686245697076,16.3
2012,00-0025410,D.Bowe,,WR,68.97200012207031,1.169,3.0,801.0,0.0,80100.0,300.0,0.0,0.0,6.958000183105469,0.0,0,0.4717288259732521,801.0,11400.0,13.576,59.0,bowe,0.24143106397847675,0.7586218081557004,-1.1887926930775121,-0.9781892176005478,0.5749251592506085,0.7615382927976881,0.1123178731846199,-0.9526783262377952,-1.039831799410763,-0.45448808282508346,-1.1961754958828466,0.0,False,-0.6444095018705327,25.2
2012,00-0027902,D.Bryant,DAL,WR,102.41000366210938,1.089,12.0,1377.0,0.0,22.2,32.4,8.0,13.429,29.98500061035156,4.0,0,1.2759574727809173,1377.0,21.4,14.649,94.0,bryant,0.9370779799958565,0.617080553459638,1.4136994187948797,0.6371433949792844,0.5749251592506085,-0.7422770156040531,-0.626543448889438,0.7051546523512382,1.0015664553692272,1.2184486820705722,1.394039111743167,0.0,False,0.9310767786329396,93.0
2012,00-0029613,D.Martin,TB,RB,19.261999130249023,0.052,12.0,1926.0,1.0,32.9,30.0,7.0,13.893,-5.60699987411499,2.0,0,-0.06094565080559772,1926.0,12.4,5.234,368.0,martin,-0.7927397962457032,-1.2176479605380688,1.4136994187948797,2.176757291344437,-0.43469951065289913,-0.742076075720591,-0.6331700078318062,0.497925530027609,1.0721010290692732,-1.367349078900292,0.09893180793016017,0.0,False,0.3149734142309014,66.5
2012,00-0026144,D.McFadden,LV,RB,-52.23500061035156,-0.202,3.0,965.0,1.0,17.1,10.7,0.0,0.0,-19.0310001373291,1.0,0,-0.29505426569502485,965.0,9.9,3.74,258.0,mcfadden,-2.280169131387944,-1.6670414441980665,-1.1887926930775121,-0.51826812651879,-0.43469951065289913,-0.7423727906886939,-0.6864585859933507,-0.9526783262377952,-1.039831799410763,-2.3426173794005867,-0.5486218439763432,0.0,False,-1.0602225542333168,7.4
2012,00-0028086,D.Moore,LV,WR,65.90299987792969,1.267,7.0,736.0,0.0,13.0,25.0,0.0,0.0,9.777000427246094,1.0,0,0.7520769559420072,736.0,18.3,14.154,52.0,moore,0.17758333597232923,0.9320098451583764,-0.03212953224533806,-1.160475015895147,0.5749251592506085,-0.7424497863449737,-0.6469753389617401,-0.9526783262377952,-1.039831799410763,-0.2496846320424714,-0.5486218439763432,0.0,False,-0.3490812485236416,37.9
2012,00-0027874,D.Thomas,,WR,111.59500122070312,1.187,10.0,1430.0,0.0,143000.0,1000.0,0.0,0.0,23.000999450683597,2.0,0,0.9787659340716425,1430.0,14100.0,15.213,94.0,thomas,1.128163408215637,0.7904685904623143,0.8353678383787926,0.7857764305118037,0.5749251592506085,1.9427643367008613,2.0450642313753544,-0.9526783262377952,-1.039831799410763,0.7110533596534203,0.09893180793016017,0.0,False,0.36901501892746635,68.8
2012,00-0027690,E.Decker,,WR,104.1269989013672,1.225,13.0,1064.0,0.0,106400.0,1300.0,0.0,0.0,42.42900085449219,5.0,0,1.996658863740809,1064.0,12300.0,12.518,85.0,decker,0.9727984871001762,0.857700686442944,1.702865209002923,-0.24063283373163133,0.5749251592506085,1.2554372586904299,2.8733840991713837,-0.9526783262377952,-1.039831799410763,2.1225189093921037,2.0415927636496702,0.0,False,0.9627255288740522,94.3
2012,00-0023500,F.Gore,SF,RB,8.446000099182129,0.03,9.0,1448.0,1.0,25.2,22.5,11.0,13.69,3.5290000438690186,2.0,0,0.04935664397019606,1448.0,8.4,5.063,286.0,gore,-1.0177567103266885,-1.256571805579486,0.546202048170749,0.8362555746549234,-0.43469951065289913,-0.7422206773189703,-0.653878004526707,1.3268420193221258,1.041242153075503,-0.703608693122785,0.09893180793016017,0.0,False,0.14886040500327785,59.3
2012,00-0025418,G.Olsen,,WR,68.33699798583984,0.99,5.0,843.0,0.0,84300.0,500.0,0.0,0.0,20.26300048828125,1.0,0,1.1746666949728262,843.0,10400.0,12.217,69.0,olsen,0.2282204284450415,0.44192325077326094,-0.6104611126614251,-0.8604045479332683,0.5749251592506085,0.8404118919136393,0.6645311183819725,-0.9526783262377952,-1.039831799410763,0.5121347405774728,-0.5486218439763432,0.0,False,-0.3539435628316728,37.7
2012,00-0023465,H.Miller,,WR,77.4520034790039,1.091,8.0,816.0,0.0,81600.0,800.0,0.0,0.0,16.909000396728516,1.0,0,0.9526197406607615,816.0,10200.0,11.493,71.0,miller,0.4178497361041688,0.6206190848270395,0.25703625796270546,-0.9361232641479479,0.5749251592506085,0.7897074353390994,1.4928509861780017,-0.9526783262377952,-1.039831799410763,0.26846296576902395,-0.5486218439763432,0.0,False,-0.1370767004495906,47.0
2012,00-0027005,H.Nicks,,WR,53.01399993896485,1.0,3.0,692.0,0.0,69200.0,300.0,0.0,0.0,9.482999801635742,1.0,0,0.7156980982366598,692.0,10000.0,13.057,53.0,nicks,-0.090560455787034,0.45961590761026877,-1.1887926930775121,-1.2838684793561062,0.5749251592506085,0.556842523663434,0.1123178731846199,-0.9526783262377952,-1.039831799410763,-0.2710440990316637,-0.5486218439763432,0.0,False,-0.5736619965032989,28.3
2012,00-0029707,J.Blackmon,JAX,WR,86.11599731445312,1.305,5.0,888.0,0.0,17.7,20.0,2.0,8.793,28.43199920654297,2.0,0,1.7231514670632102,888.0,22.9,13.455,66.0,blackmon,0.5980961609484913,0.999241941139006,-0.6104611126614251,-0.7342066875754689,0.5749251592506085,-0.7423615230316774,-0.6607806700916738,-0.5382200815905369,0.2968287750385967,1.105621431618453,0.09893180793016017,0.0,False,-0.02230442295707462,52.0
2012,00-0026213,J.Charles,KC,RB,0.9179999828338624,0.003,6.0,1745.0,3.0,34.0,35.3,2.0,7.536,5.105999946594238,2.0,0,0.06382499933242798,1745.0,10.3,5.453,320.0,charles,-1.174369830438525,-1.3043419790394069,-0.3212953224533816,1.6691614530163994,-2.453948850459914,-0.7420554183493939,-0.6185363568340764,-0.5382200815905369,0.10574696654515366,-0.589037925478021,0.09893180793016017,0.0,False,-0.3122093358835028,39.5
2012,00-0027696,J.Graham,,WR,85.42900085449219,1.005,9.0,982.0,0.0,98200.0,900.0,0.0,0.0,26.91900062561035,1.0,0,1.2667765000287223,982.0,13500.0,11.553,85.0,graham,0.583803831320784,0.46846223602877246,0.546202048170749,-0.4705933792725102,0.5749251592506085,1.1014459461307158,1.7689576087766778,-0.9526783262377952,-1.039831799410763,0.9957004299980156,-0.5486218439763432,0.0,False,-0.00656241095517833,52.6
2012,00-0027944,J.Jones,ATL,WR,107.23999786376952,1.262,10.0,1228.0,0.0,20.5,23.3,13.0,14.964,23.19700050354004,4.0,0,1.0916235531077665,1228.0,21.1,14.447,85.0,jones,1.0375615679811092,0.9231635167398726,0.8353678383787926,0.21928825735012641,0.5749251592506085,-0.7423089406322667,-0.6516691515459175,1.7413002639693842,1.2349082024157152,0.7252930505032029,1.394039111743167,0.0,False,0.9408754101386174,93.4
2012,00-0026995,J.Maclin,,WR,64.46800231933594,0.934,7.0,856.0,0.0,85600.0,700.0,0.0,0.0,20.090999603271484,3.0,0,1.1646956291751585,856.0,12200.0,12.406,69.0,maclin,0.1477295313056453,0.3428443724860175,-0.03212953224533806,-0.8239473882743484,0.5749251592506085,0.8648251487828623,1.2167443635793254,-0.9526783262377952,-1.039831799410763,0.49963868816992785,0.7464854598366636,0.0,False,0.05257645606355274,55.2
2012,00-0022127,J.Witten,,TE,85.88500213623047,0.781,3.0,1039.0,0.0,103900.0,300.0,0.0,0.0,18.799999237060547,2.0,0,0.6836363358931108,1039.0,14900.0,9.445,110.0,witten,0.5932905186752299,0.07214672287979844,-1.1887926930775121,-0.310742756152631,0.5749251592506085,1.208488687788078,0.1123178731846199,-0.9526783262377952,-1.039831799410763,0.4058460996410046,0.09893180793016017,0.0,False,-0.3316934176914224,38.7
2012,00-0025465,Ja.Jones,,WR,83.23400115966797,1.301,14.0,784.0,0.0,78400.0,1400.0,0.0,0.0,27.940000534057617,5.0,0,1.746250033378601,784.0,10000.0,12.25,64.0,jones,0.5381388810633567,0.9921648784042029,1.9920309992109666,-1.0258639648468275,0.5749251592506085,0.7296132645840889,3.14949072177006,-0.9526783262377952,-1.039831799410763,1.0698771899799844,2.0415927636496702,0.0,False,0.9120247678874889,92.1
2012,00-0029708,K.Wright,TEN,TE,45.27899932861328,0.697,4.0,630.0,0.0,12.7,14.8,6.0,11.379,5.491000175476074,0.0,0,0.3379077031062199,630.0,19.3,9.692,65.0,wright,-0.2514800308310569,-0.07647159455106704,-0.8996269028694687,-1.4577410869601855,0.5749251592506085,-0.7424554201734821,-0.675138214466805,0.2906964077039798,0.6899374120823867,-0.5610672377879485,-1.1961754958828466,0.0,False,-0.5168176765223519,30.7
2012,00-0022921,L.Fitzgerald,,WR,63.82899856567383,0.899,4.0,798.0,0.0,79800.0,400.0,0.0,0.0,11.838000297546388,0.0,0,0.6669295942279655,798.0,15600.0,11.239,71.0,fitzgerald,0.13443564580119824,0.28092007355649024,-0.8996269028694687,-0.9866024082910677,0.5749251592506085,0.7559044642894059,0.38842449578329624,-0.9526783262377952,-1.039831799410763,-0.09995073741888517,-1.1961754958828466,0.0,False,-0.6239482232028422,26.1
2012,00-0027029,L.McCoy,PHI,RB,2.321000099182129,0.009,5.0,1213.0,3.0,21.7,18.5,4.0,9.032,7.921999931335449,0.0,0,0.12475590443047951,1213.0,11.2,4.776,254.0,mccoy,-1.145181703134781,-1.2937263849372023,-0.6104611126614251,0.17722230389752663,-2.453948850459914,-0.7422864053182335,-0.664922269430654,-0.12376183694327857,0.33316016106081875,-0.3844524468220592,-1.1961754958828466,0.0,False,-0.67535329415228,23.9
2012,00-0023310,L.Moore,,WR,96.59700012207033,1.486,6.0,1041.0,0.0,104100.0,600.0,0.0,0.0,23.41900062561035,2.0,0,1.4411692692683293,1041.0,10400.0,16.015,65.0,moore,0.8161437866435476,1.3194790298888468,-0.3212953224533816,-0.305133962358951,0.5749251592506085,1.2122445734602663,0.9406377409806489,-0.9526783262377952,-1.039831799410763,0.7414216021656813,0.09893180793016017,0.0,False,0.046559962720486237,54.9
2012,00-0023921,M.Austin,,WR,82.48300170898438,1.25,6.0,943.0,0.0,94300.0,600.0,0.0,0.0,15.303999900817873,1.0,0,0.9275151455041135,943.0,11900.0,14.288,66.0,austin,0.522515028067073,0.9019323285354632,-0.3212953224533816,-0.5799648582492697,0.5749251592506085,1.028206175523047,0.9406377409806489,-0.9526783262377952,-1.039831799410763,0.15185792440603155,-0.5486218439763432,0.0,False,-0.20722255730226394,44.0
2012,00-0024466,M.Colston,,WR,108.95600128173828,1.313,10.0,1154.0,0.0,115400.0,1000.0,0.0,0.0,24.649999618530277,2.0,0,1.1879517888448325,1154.0,13000.0,13.904,83.0,colston,1.0732614411555308,1.0133960666086121,0.8353678383787926,0.011762886983967437,0.5749251592506085,1.4244521139388966,2.0450642313753544,-0.9526783262377952,-1.039831799410763,0.8308550253035277,0.09893180793016017,0.0,False,0.32666108719292347,67.0
2012,00-0026986,M.Crabtree,SF,WR,104.50599670410156,1.215,9.0,1113.0,0.0,19.3,22.5,11.0,13.69,41.858001708984375,4.0,0,1.946883800417878,1113.0,29.2,12.942,86.0,crabtree,0.9806831878818429,0.8400080296059361,0.546202048170749,-0.10321738578647201,0.5749251592506085,-0.7423314759462998,-0.653878004526707,1.3268420193221258,1.041242153075503,2.0810351969883922,1.394039111743167,0.0,False,0.8424375127998329,89.1
2012,00-0026184,M.Forte,CHI,RB,-0.367000013589859,-0.001,6.0,1434.0,1.0,28.6,18.8,10.0,12.931,3.808000087738037,2.0,0,0.05216438476353476,1434.0,12.4,4.911,292.0,forte,-1.2011030737532502,-1.31141904177421,-0.3212953224533816,0.7969940180991636,-0.43469951065289913,-0.7421568272625431,-0.6640939495628579,1.1196128969984966,0.9258633999756434,-0.6833390348027324,0.09893180793016017,0.0,False,-0.07244574372231885,49.8
2012,00-0027995,M.Leshoure,DET,RB,-26.834999084472656,-0.108,9.0,1012.0,3.0,15.2,23.1,4.0,11.273,-13.402999877929688,2.0,0,-0.21530923498682228,1012.0,6.6,4.064,249.0,leshoure,-1.7517454559984484,-1.5007304699301933,0.546202048170749,-0.3864614723673106,-2.453948850459914,-0.7424084716025797,-0.6522213647911149,-0.12376183694327857,0.6738239103319452,-1.9337370054005418,0.09893180793016017,0.0,False,-0.2804019188528706,40.9
2012,00-0025399,M.Lynch,SEA,RB,26.07699966430664,0.077,12.0,1786.0,2.0,32.5,29.3,11.0,15.846,24.058000564575195,6.0,0,0.2847100658529609,1786.0,7.5,5.284,338.0,lynch,-0.6509599768106927,-1.1734163184455495,1.4136994187948797,1.7841417257868388,-1.4443241805564069,-0.7420835874919354,-0.635102754189997,1.3268420193221258,1.368984698112785,0.7878456465842281,2.6891464155561735,0.0,False,1.0500530113218014,98.1
2012,00-0022821,M.Turner,ATL,RB,-30.28700065612793,-0.126,11.0,928.0,1.0,15.5,25.6,13.0,14.964,-7.4629998207092285,3.0,0,-0.12386721694123201,928.0,4.9,3.851,241.0,turner,-1.8235611744379094,-1.5325772522368073,1.1245336285868361,-0.6220308117018695,-0.43469951065289913,-0.7424028377740713,-0.645318699226148,1.7413002639693842,1.2349082024157152,-1.5021895048651086,0.7464854598366636,0.0,False,0.26973671122208964,64.5
2012,00-0026901,M.Wallace,PIT,WR,67.05500030517578,0.972,8.0,843.0,0.0,15.5,23.5,8.0,11.2,18.391000747680664,2.0,0,1.0661449708800386,843.0,21.1,12.217,69.0,wallace,0.20154964554894197,0.4100764684666469,0.25703625796270546,-0.8604045479332683,0.5749251592506085,-0.7424028377740713,-0.6511169383007201,0.7051546523512382,0.6627268761075845,0.3761319120796583,0.09893180793016017,0.0,False,0.19101920916259418,61.1
2012,00-0027702,M.Williams,,WR,90.05999755859375,1.43,9.0,996.0,0.0,99600.0,900.0,0.0,0.0,25.85099983215332,3.0,0,1.6413333226764013,996.0,12900.0,15.81,63.0,williams,0.6801474593557949,1.2204001516016032,0.546202048170749,-0.4313318227167504,0.5749251592506085,1.1277371458360328,1.7689576087766778,-0.9526783262377952,-1.039831799410763,0.9181090043167993,0.7464854598366636,0.0,False,0.37056918367706004,68.9
2012,00-0024313,O.Daniels,,WR,61.45100021362305,0.991,6.0,716.0,0.0,71600.0,600.0,0.0,0.0,9.480999946594238,0.0,0,0.6116774159093057,716.0,10400.0,11.548,62.0,daniels,0.08496357675503875,0.4436925164569617,-0.3212953224533816,-1.2165629538319465,0.5749251592506085,0.6019131517296918,0.9406377409806489,-0.9526783262377952,-1.039831799410763,-0.2711893906876032,-1.1961754958828466,0.0,False,-0.4985227870574212,31.5
2012,00-0024217,R.Bush,MIA,RB,3.5969998836517334,0.014,8.0,1278.0,2.0,25.0,28.6,7.0,9.931,9.553000450134276,3.0,0,0.14584733511655382,1278.0,10.2,4.878,262.0,bush,-1.1186357009536927,-1.2848800565186984,0.25703625796270546,0.35950810219212576,-1.4443241805564069,-0.7422244332046424,-0.6370355005481877,0.497925530027609,0.4698208976046574,-0.26595847536088935,0.7464854598366636,0.0,False,0.04158103645533871,54.7
2012,00-0028002,R.Cobb,GB,WR,91.70700073242188,1.019,8.0,1086.0,0.0,18.7,16.7,11.0,14.931,23.32200050354004,1.0,0,1.0365333557128906,1086.0,19.0,12.067,90.0,cobb,0.7144118458994609,0.49323195560058336,0.25703625796270546,-0.17893610200115162,0.5749251592506085,-0.7423427436033164,-0.6698921886374302,1.3268420193221258,1.229891734889634,0.7343744372115006,-0.5486218439763432,0.0,False,0.2676066470421515,64.4
2012,00-0027864,R.Mathews,LAC,RB,-10.401000022888184,-0.047,1.0,959.0,2.0,19.1,3.3,0.0,0.0,-6.103000164031982,0.0,0,-0.10947085496021493,959.0,11.1,4.3,223.0,mathews,-1.4098512172669218,-1.3928052632244459,-1.7671242734935992,-0.5350945078998299,-1.4443241805564069,-0.742335231831972,-0.7068904760656528,-0.9526783262377952,-1.039831799410763,-1.4033840424216038,-1.1961754958828466,0.0,False,-1.231377772095024,0.0
2012,00-0026195,R.Rice,BAL,RB,21.982999801635746,0.069,10.0,1616.0,0.0,27.7,26.3,10.0,13.724,1.2269999980926514,2.0,0,0.015482649818203803,1616.0,14.9,5.098,317.0,rice,-0.736131879350639,-1.1875704439151555,0.8353678383787926,1.307394253324041,0.5749251592506085,-0.742173728748068,-0.6433859528679572,1.1196128969984966,1.046410634769041,-0.8708515140684977,0.09893180793016017,0.0,False,0.2529469959892073,63.8
2012,00-0020498,R.Wayne,IND,WR,114.41100311279295,1.069,5.0,1350.0,0.0,23.2,15.6,11.0,12.75,21.33699989318848,2.0,0,0.7976448558201301,1350.0,31.7,12.617,107.0,wayne,1.1867477381498612,0.5816952397856223,-0.6104611126614251,0.5614246787646048,0.5749251592506085,-0.7422582361756922,-0.6729293614860157,1.3268420193221258,0.8983488356659274,0.5901619719410256,0.09893180793016017,0.0,False,0.27594791338671987,64.8
2012,00-0023462,R.White,,WR,119.0510025024414,1.294,7.0,1351.0,0.0,135100.0,700.0,0.0,0.0,33.4119987487793,3.0,0,1.452695597773013,1351.0,14400.0,14.685,92.0,white,1.283278658779332,0.9797800186182976,-0.03212953224533806,0.5642290756614448,0.5749251592506085,1.7944068526494295,1.2167443635793254,-0.9526783262377952,-1.039831799410763,1.46742384482,0.7464854598366636,0.0,False,0.3458359018343622,67.8
2012,00-0026899,S.Greene,NYJ,RB,0.546999990940094,0.002,8.0,1214.0,1.0,24.2,30.8,6.0,10.036,4.9679999351501465,3.0,0,0.06736271098508673,1214.0,6.3,4.115,295.0,greene,-1.1820881441199724,-1.3061112447231076,0.25703625796270546,0.1800267007943666,-0.43469951065289913,-0.7422394567473313,-0.6309611548510168,0.2906964077039798,0.485782385187642,-0.5990637772354074,0.7464854598366636,0.0,False,0.013656037105943236,53.5
2012,00-0022736,S.Jackson,LA,RB,-2.319999933242798,-0.008,4.0,1366.0,0.0,25.5,14.8,0.0,0.0,2.6470000743865967,2.0,0,0.03577027127549455,1366.0,9.8,4.615,296.0,jackson,-1.2417334412170837,-1.3238039015601155,-0.8996269028694687,0.6062950291140445,0.5749251592506085,-0.742215043490462,-0.675138214466805,-0.9526783262377952,-1.039831799410763,-0.7676869555193978,0.09893180793016017,0.0,False,-0.6125422128308672,26.6
2012,00-0028011,S.Ridley,NE,RB,5.394000053405762,0.018,12.0,1314.0,2.0,18.7,20.7,12.0,17.406,-9.854000091552734,3.0,0,-0.13316216339936127,1314.0,2.2,4.439,296.0,ridley,-1.081250764838256,-1.2778029937838953,1.4136994187948797,0.46046639047836524,-1.4443241805564069,-0.7423427436033164,-0.6588479237334831,1.5340711416457549,1.6061267993456976,-1.675898289498503,0.7464854598366636,0.0,False,0.4499482582422091,72.3
2012,00-0020337,S.Smith,CAR,WR,84.76399993896484,1.115,4.0,1201.0,1.0,21.1,10.3,7.0,12.75,28.947999954223636,2.0,0,1.5235789449591388,1201.0,28.5,15.803,76.0,smith,0.5699690987692008,0.6630814612358582,-0.8996269028694687,0.1435695411354468,-0.43469951065289913,-0.7422976729752502,-0.6875630124837454,0.497925530027609,0.8983488356659274,1.1431094502701238,0.09893180793016017,0.0,False,0.0889406197992228,56.8
2012,00-0026364,St.Johnson,,WR,91.10800170898438,1.153,6.0,1046.0,0.0,104600.0,600.0,0.0,0.0,20.600000381469727,1.0,0,1.043037993998467,1046.0,14900.0,13.241,79.0,johnson,0.7019502220213257,0.7303135572164878,-0.3212953224533816,-0.29111197787475107,0.5749251592506085,1.2216342876407367,0.9406377409806489,-0.9526783262377952,-1.039831799410763,0.5366181513830692,-0.5486218439763432,0.0,False,-0.17741588815971462,45.3
2012,00-0006101,T.Gonzalez,,WR,98.46099853515624,1.059,8.0,930.0,0.0,93000.0,800.0,0.0,0.0,17.070999145507812,1.0,0,0.7342365223874328,930.0,12400.0,10.0,93.0,gonzalez,0.8549225596038362,0.5640025829486146,0.25703625796270546,-0.6164220179081895,0.5749251592506085,1.003792918653824,1.4928509861780017,-0.9526783262377952,-1.039831799410763,0.2802323520404252,-0.5486218439763432,0.0,False,-0.09540366521003321,48.8
2012,00-0029675,T.Richardson,CLE,RB,-6.127999782562256,-0.019,12.0,1317.0,0.0,25.6,42.9,5.0,9.438,0.3869999945163727,4.0,0,0.004867924459325442,1317.0,12.5,4.142,318.0,richardson,-1.320955376468145,-1.343265824080824,1.4136994187948797,0.46887958116888523,0.5749251592506085,-0.7422131655476258,-0.5975522535165769,0.08346728538035063,0.39487791304835895,-0.9318784330080784,1.394039111743167,0.0,False,0.3706557583552591,68.9
2012,00-0027996,T.Smith,BAL,WR,73.46800231933594,1.413,8.0,864.0,0.0,14.8,21.1,10.0,13.724,10.553999900817873,1.0,0,0.8118461462167594,864.0,19.7,16.615,52.0,smith,0.3349662554318222,1.1903226349786902,0.25703625796270546,-0.8015122130996286,0.5749251592506085,-0.742415983373924,-0.6577434972430884,1.1196128969984966,1.046410634769041,-0.19323477050927917,-0.5486218439763432,0.0,False,0.21365591666767514,62.1
2012,00-0029547,V.Ballard,IND,RB,-5.323999881744385,-0.023,3.0,966.0,0.0,16.6,9.4,11.0,12.75,-2.5220000743865967,1.0,0,-0.04424561534011573,966.0,4.4,4.237,228.0,ballard,-1.3042288978429328,-1.350342886815627,-1.1887926930775121,-0.51546372962195,0.5749251592506085,-0.7423821804028744,-0.6900479720871335,1.3268420193221258,0.8983488356659274,-1.1432204694894574,-0.5486218439763432,0.0,False,-0.46111603595510786,33.1
2012,00-0027265,V.Cruz,,WR,106.48799896240234,1.238,10.0,1092.0,0.0,109200.0,1000.0,0.0,0.0,19.92200088500977,2.0,0,0.9266046923260358,1092.0,14300.0,12.698,86.0,cruz,1.0219169223323898,0.880701140331054,0.8353678383787926,-0.16210972062011172,0.5749251592506085,1.308019658101064,2.0450642313753544,-0.9526783262377952,-1.039831799410763,0.4873607464599976,0.09893180793016017,0.0,False,0.2780964960164985,64.9
2012,00-0023496,V.Jackson,,WR,131.91799926757812,1.832,8.0,1384.0,0.0,138400.0,800.0,0.0,0.0,34.518001556396484,1.0,0,1.917666753133138,1384.0,14800.0,19.222,72.0,jackson,1.5509646947400335,1.9316449564493159,0.25703625796270546,0.6567741732571643,0.5749251592506085,1.856378966240534,1.4928509861780017,-0.9526783262377952,-1.039831799410763,1.5477761583914769,-0.5486218439763432,0.0,False,0.26898735066581264,64.5
2012,00-0022427,W.Welker,NE,WR,111.46900177001952,0.929,6.0,1374.0,0.0,19.6,10.3,12.0,17.406,31.38500022888184,2.0,0,1.0461666742960614,1374.0,27.6,11.45,120.0,welker,1.1255421055058932,0.3339980440675136,-0.3212953224533816,0.6287302042887645,0.5749251592506085,-0.7423258421177915,-0.6875630124837454,1.5340711416457549,1.6061267993456976,1.3201601854893135,0.09893180793016017,0.0,False,0.4338126169065921,71.6
2013,00-0022084,A.Boldin,SF,WR,118.75499725341795,1.365,7.0,1190.0,0.0,23.7,17.9,12.0,14.0,33.32899856567383,2.0,0,1.5323677501459232,1190.0,31.4,13.678,87.0,boldin,1.2374011919245311,1.1580195923225256,-0.09527016510472942,0.0775842099063107,0.5683853642702374,-0.7973569812695734,-0.6582746382415527,1.5993414699196051,1.023593740456991,1.4359960364021458,0.05547950410914813,0.0,False,0.4821408335032482,51.9
2013,00-0027793,A.Brown,PIT,WR,110.61499786376952,0.945,8.0,1447.0,0.0,26.1,22.2,8.0,13.069,25.38400077819824,2.0,0,0.8678290864341278,1447.0,28.6,12.368,117.0,brown,1.0741350090180102,0.4271236905163084,0.1746619693586709,0.8737448982930917,0.5683853642702374,-0.7973122508159249,-0.6476494517029265,0.7379139851312239,0.8838446084301393,0.8459538563188868,0.05547950410914813,0.0,False,0.3659158028727997,47.6
2013,00-0021547,A.Gates,,WR,61.1879997253418,0.795,4.0,872.0,0.0,87200.0,400.0,0.0,0.0,20.225000381469727,1.0,0,1.0506493704659599,872.0,11300.0,11.325,77.0,gates,0.08276425672396852,0.16608943987123095,-0.9050665684949304,-0.9075484706656595,0.5683853642702374,0.8274077880616799,0.2858843795280035,-0.9849409844455389,-1.0778969667137126,0.4628161988188855,-0.5732882091278647,0.0,False,-0.48538470558711266,15.6
2013,00-0027942,A.Green,,WR,127.91000366210938,1.305,11.0,1426.0,0.0,142600.0,1100.0,0.0,0.0,34.0,4.0,0,1.3877551020408163,1426.0,17800.0,14.551,98.0,green,1.4210256468271425,1.0536058920644946,0.9844583727488718,0.8086889665572068,0.5683853642702374,1.8599357597805009,2.0155659090718125,-0.9849409844455389,-1.0778969667137126,1.4858285423057889,1.3130149305831735,0.0,False,0.7289537005363429,61.2
2013,00-0029137,A.Jeffery,CHI,WR,117.02100372314452,1.114,7.0,1526.0,0.0,25.0,15.9,8.0,15.893,25.670000076293945,2.0,0,0.9779047648111979,1526.0,26.3,14.533,105.0,jeffery,1.2026220118139814,0.7212222795764294,-0.09527016510472942,1.1184791176804678,0.5683853642702374,-0.7973327522738471,-0.6632165854688208,0.7379139851312239,1.307745305362287,0.8671938432722741,0.05547950410914813,0.0,False,0.41651939294108603,49.5
2013,00-0022044,A.Johnson,,WR,99.7310028076172,0.915,5.0,1407.0,0.0,140700.0,500.0,0.0,0.0,18.3799991607666,0.0,0,0.6744953820464807,1407.0,18100.0,12.908,109.0,johnson,0.8558317583014052,0.374916840387293,-0.63513443403153,0.7498288378437872,0.5683853642702374,1.8245241506421297,0.5329817408914048,-0.9849409844455389,-1.0778969667137126,0.3257955763290909,-1.2020559223648775,0.0,False,-0.35804172939521417,20.4
2013,00-0029141,A.Morris,WAS,RB,-13.246999740600586,-0.046,7.0,1353.0,4.0,22.8,20.6,3.0,10.774,-19.50900077819824,1.0,0,-0.27381053723787,1353.0,2.0,4.747,285.0,morris,-1.4101987836551055,-1.2974425920788375,-0.09527016510472942,0.5825421562372263,-3.5000572431377783,-0.7973737551896916,-0.6516030094847408,-0.3388703708542529,0.5393502389332273,-2.488064002134634,-0.5732882091278647,0.0,False,-0.5349876725374143,13.7
2013,00-0025394,A.Peterson,MIN,RB,0.7089999914169312,0.002,11.0,1437.0,2.0,26.0,28.9,5.0,12.613,-4.26200008392334,0.0,0,-0.05535065044056286,1437.0,7.5,4.666,308.0,peterson,-1.1302794991661496,-1.2139116318724126,0.9844583727488718,0.8427658831807655,-1.4658359394337703,-0.7973141145848269,-0.6310939284915785,0.09184337153993778,0.8153960539680076,-1.3557322167736967,-1.2020559223648775,0.0,False,-0.2516248823245865,24.4
2013,00-0025860,B.Green-Ellis,CIN,RB,-24.108999252319336,-0.108,7.0,778.0,2.0,13.1,15.2,11.0,13.03,1.2389999628067017,3.0,0,0.022124999335833957,778.0,1.4,3.473,224.0,greenellis,-1.628060863751331,-1.4053367490121362,-0.09527016510472942,-1.198751212721525,-1.4658359394337703,-0.7975545407731875,-0.6649462669983646,1.38398459872251,0.8779904557458779,-0.9471956574146264,0.6842472173461609,0.0,False,-0.07824410988765987,30.9
2013,00-0027077,B.Hartline,,WR,77.54000091552734,1.02,4.0,1016.0,0.0,101600.0,400.0,0.0,0.0,16.8799991607666,1.0,0,0.8884210084614,1016.0,13300.0,13.368,76.0,hartline,0.4107407944863118,0.5576408158388473,-0.9050665684949304,-0.4614506530481636,0.5683853642702374,1.0957905099524925,0.2858843795280035,-0.9849409844455389,-1.0778969667137126,0.21439676996062432,-0.5732882091278647,0.0,False,-0.3948015575979509,19.0
2013,00-0024334,B.Marshall,,WR,120.1050033569336,1.201,12.0,1295.0,0.0,129500.0,1200.0,0.0,0.0,29.304000854492188,3.0,0,1.1721600341796874,1295.0,16500.0,12.95,100.0,marshall,1.2644786317216148,0.8726221449505743,1.2543905072122723,0.4028638685857348,0.5683853642702374,1.615782033615942,2.2626632704352136,-0.9849409844455389,-1.0778969667137126,1.1370760759611827,0.6842472173461609,0.0,False,0.5756141211302465,55.4
2013,00-0027890,B.Tate,HOU,RB,-18.770999908447266,-0.087,4.0,911.0,2.0,15.6,15.4,2.0,8.625,-3.628999948501587,0.0,0,-0.06751627811165743,911.0,7.9,4.237,215.0,tate,-1.5209951582747676,-1.3687919539218252,-0.9050665684949304,-0.7867303117275877,-1.4658359394337703,-0.7975079465506371,-0.6644520722756379,-0.5542272420513482,0.21677141538252442,-1.3087219104289896,-1.2020559223648775,0.0,False,-0.9000324424433315,0.0
2013,00-0028112,C.Clay,MIA,WR,61.47200012207031,0.809,7.0,774.0,0.0,14.7,21.9,8.0,11.321,16.174999237060547,2.0,0,0.8513157493189761,774.0,17.5,10.184,76.0,clay,0.08846052996653997,0.19045263659810488,-0.09527016510472942,-1.2111428187664552,0.5683853642702374,-0.7975247204707552,-0.6483907437870167,0.7379139851312239,0.6214584829919685,0.1620393366334813,0.05547950410914813,0.0,False,0.04523964444530236,35.5
2013,00-0027531,C.Ivory,NYJ,RB,-9.64900016784668,-0.052,3.0,843.0,0.0,16.4,13.0,8.0,9.667,-1.5809999704360962,1.0,0,-0.034369564574697746,843.0,1.5,4.582,184.0,ivory,-1.3380327270962002,-1.3078839621046405,-1.1749987029583306,-0.9973876144914052,0.5683853642702374,-0.7974930363994208,-0.6703824089483593,0.7379139851312239,0.3731823665876582,-1.156625408429562,-0.5732882091278647,0.0,False,-0.6128115256076058,10.8
2013,00-0025389,C.Johnson,,WR,135.4530029296875,1.613,12.0,1492.0,0.0,149200.0,1200.0,0.0,0.0,18.121999740600582,0.0,0,0.8629523686000278,1492.0,15800.0,17.762,84.0,johnson,1.5723176358229,1.5895962200557208,1.2543905072122723,1.013150466298559,0.5683853642702374,1.98294450731379,2.2626632704352136,-0.9849409844455389,-1.0778969667137126,0.30663502469559023,-1.2020559223648775,0.0,False,0.28348308813982154,44.5
2013,00-0026164,C.Johnson,TEN,RB,-8.388999938964844,-0.026,10.0,1422.0,1.0,27.0,27.8,7.0,12.483,0.2230000048875808,3.0,0,0.0027788162602813806,1422.0,9.9,4.43,321.0,johnson,-1.3127605596200593,-1.2626380253261604,0.7145262382854716,0.7962973605122764,-0.4487252875817664,-0.7972954768958068,-0.633811999466576,0.5225571139341285,0.795882211687137,-1.0226497791363613,0.6842472173461609,0.0,False,0.1690603325486906,40.2
2013,00-0028052,C.Shorts,,WR,60.31999969482422,0.914,3.0,777.0,0.0,77700.0,300.0,0.0,0.0,2.115999937057495,1.0,0,0.128242420427727,777.0,12500.0,11.773,66.0,shorts,0.06535454390192993,0.3731766120496592,-1.1749987029583306,-1.2018491142327574,0.5683853642702374,0.6503497423698243,0.038787018164602255,-0.9849409844455389,-1.0778969667137126,-0.8820644905368169,-0.5732882091278647,0.0,False,-0.6072820073717634,11.0
2013,00-0027861,C.Spiller,BUF,RB,-13.991999626159668,-0.06,2.0,1118.0,1.0,20.3,6.5,6.0,10.273,-3.6050000190734863,0.0,0,-0.06136170245231466,1118.0,7.7,4.757,235.0,spiller,-1.4251414490975263,-1.3218057888057115,-1.4449308374217311,-0.14546469890243727,-0.4487252875817664,-0.797420349412242,-0.6864437374369805,0.3072002427370331,0.4641468929123329,-1.3069395347681776,-1.2020559223648775,0.0,False,-0.815368851793757,3.2
2013,00-0025410,D.Bowe,,WR,62.75600051879883,1.101,5.0,673.0,0.0,67300.0,500.0,0.0,0.0,11.701000213623049,1.0,0,0.821122822008635,673.0,10300.0,11.807,57.0,bowe,0.11421407534037781,0.6985993111871891,-0.63513443403153,-1.524030871400949,0.5683853642702374,0.45651777655979303,0.5329817408914048,-0.9849409844455389,-1.0778969667137126,-0.17022609730293367,-0.5732882091278647,0.0,False,-0.43897866749693565,17.3
2013,00-0027902,D.Bryant,DAL,WR,106.53299713134766,1.133,13.0,1234.0,0.0,21.7,28.9,8.0,16.259,33.77299880981445,4.0,0,1.4371488855240193,1234.0,27.8,13.128,94.0,bryant,0.9922612094877962,0.7542866179914725,1.5243226416756726,0.21389187640054558,0.5683853642702374,-0.7973942566476139,-0.6310939284915785,0.7379139851312239,1.3626842767068925,1.4689701012185281,1.3130149305831735,0.0,False,0.9763406788449256,70.5
2013,00-0026189,D.Jackson,PHI,WR,110.17400360107422,1.296,9.0,1334.0,0.0,20.0,17.6,10.0,15.241,28.35300064086914,2.0,0,1.3342588536879596,1334.0,25.3,15.694,85.0,jackson,1.0652898670828033,1.03794383702579,0.4445941038220712,0.5236820275238067,0.5683853642702374,-0.7974259407189481,-0.6590159303256429,1.1686277275254144,1.2098758809997654,1.0664492168586732,0.05547950410914813,0.0,False,0.5572744647215955,54.8
2013,00-0028009,D.Murray,DAL,RB,34.00699996948242,0.126,10.0,1471.0,1.0,25.9,22.2,8.0,16.259,10.95699977874756,3.0,0,0.162325922648112,1471.0,11.3,5.448,270.0,murray,-0.462412452179188,-0.9981233180058151,0.7145262382854716,0.9480945345626743,-0.4487252875817664,-0.7973159783537289,-0.6476494517029265,0.7379139851312239,1.3626842767068925,-0.22547993755809997,0.6842472173461609,0.0,False,0.3636156137374699,47.5
2013,00-0027874,D.Thomas,,WR,123.1060028076172,1.338,14.0,1430.0,0.0,143000.0,1400.0,0.0,0.0,31.663000106811523,4.0,0,1.3766521785570227,1430.0,14300.0,15.543,92.0,thomas,1.324670494369757,1.111033427206412,1.7942547761390728,0.8210805726021373,0.5683853642702374,1.8673908353885789,2.7568579931620163,-0.9849409844455389,-1.0778969667137126,1.3122692099161688,1.3130149305831735,0.0,False,0.9154384434513168,68.2
2013,00-0024242,De.Williams,CAR,RB,-0.2919999957084656,-0.001,4.0,1176.0,1.0,23.2,11.1,12.0,14.077,11.357000350952148,2.0,0,0.20012335420179997,1176.0,7.7,5.181,227.0,williams,-1.1503568283113177,-1.219132316885314,-0.9050665684949304,0.03421358874905415,-0.4487252875817664,-0.7973663001140836,-0.675077258814264,1.5993414699196051,1.03515193934643,-0.19577354669790348,0.05547950410914813,0.0,False,-0.15605377581037158,28.0
2013,00-0027690,E.Decker,,WR,107.1449966430664,1.232,11.0,1288.0,0.0,128800.0,1100.0,0.0,0.0,26.391000747680664,4.0,0,1.21337934472095,1288.0,13600.0,14.805,87.0,decker,1.0045362502385413,0.9265692234172236,0.9844583727488718,0.38117855800710654,0.5683853642702374,1.6027356513018054,2.0155659090718125,-0.9849409844455389,-1.0778969667137126,0.9207395860611697,1.3130149305831735,0.0,False,0.6340755905629636,57.6
2013,00-0030485,E.Lacy,GB,RB,0.8669999837875366,0.003,11.0,1435.0,1.0,22.2,26.2,8.0,15.444,4.38700008392334,5.0,0,0.05500940544104501,1435.0,7.9,4.498,319.0,lacy,-1.1271104503224343,-1.2121714035347788,0.9844583727488718,0.8365700801583004,-0.4487252875817664,-0.7973849378031037,-0.6377655572483905,0.7379139851312239,1.2403474962537409,-0.7134066867878386,1.9417826438201864,0.0,False,0.5966152524134926,56.2
2013,00-0027685,E.Sanders,PIT,WR,55.48099899291992,0.804,6.0,758.0,0.0,13.7,16.7,8.0,13.069,9.692999839782717,2.0,0,0.5619130341903024,758.0,19.4,10.986,69.0,sanders,-0.03170261001955357,0.18175149490993564,-0.3652022995681298,-1.260709242946177,0.5683853642702374,-0.7975433581597754,-0.6612398065779136,0.7379139851312239,0.8838446084301393,-0.3193519938584321,0.05547950410914813,0.0,False,-0.009299329528983515,33.5
2013,00-0023500,F.Gore,SF,RB,-31.100000381469727,-0.107,9.0,1269.0,3.0,25.3,23.1,12.0,14.0,-6.703999996185303,1.0,0,-0.09183561638610004,1269.0,6.3,4.346,292.0,gore,-1.768281275868691,-1.4035965206745022,0.4445941038220712,0.3223184292936869,-2.482946591285774,-0.7973271609671411,-0.6454255754506558,1.5993414699196051,1.023593740456991,-1.5370894670256188,-0.5732882091278647,0.0,False,-0.15793435896120833,27.9
2013,00-0024204,F.Jackson,BUF,RB,20.899999618530277,0.083,10.0,1277.0,0.0,23.2,32.3,6.0,10.273,6.514999866485596,2.0,0,0.1030039504582703,1277.0,12.7,5.047,253.0,jackson,-0.7253031250428392,-1.0729531365240708,0.7145262382854716,0.3471016413835478,0.5683853642702374,-0.7973663001140836,-0.6226926182052229,0.3072002427370331,0.4641468929123329,-0.5553689296346441,0.05547950410914813,0.0,False,0.033391348520170575,35.1
2013,00-0024267,G.Jennings,,WR,64.19300079345703,0.944,4.0,804.0,0.0,80400.0,400.0,0.0,0.0,18.049999237060547,1.0,0,1.0617646610035616,804.0,10600.0,11.824,68.0,jennings,0.1430363809019019,0.42538346217867457,-0.9050665684949304,-1.118205773429477,0.5683853642702374,0.7006715027243517,0.2858843795280035,-0.9849409844455389,-1.0778969667137126,0.30128784459406455,-0.5732882091278647,0.0,False,-0.4774975135343276,15.9
2013,00-0025418,G.Olsen,,WR,64.52300262451172,0.884,6.0,816.0,0.0,81600.0,600.0,0.0,0.0,12.67199993133545,1.0,0,0.6943561606211205,816.0,11100.0,11.178,73.0,olsen,0.149655317431182,0.3209697619206436,-0.3652022995681298,-1.0810309552946857,0.5683853642702374,0.7230367295485861,0.780079102254806,-0.9849409844455389,-1.0778969667137126,-0.09811395761141406,-0.5732882091278647,0.0,False,-0.37657975590676684,19.7
2013,00-0026224,H.Douglas,,WR,75.41899871826172,0.887,2.0,1067.0,0.0,106700.0,200.0,0.0,0.0,12.765000343322754,0.0,0,0.6007058985093061,1067.0,13200.0,12.553,85.0,douglas,0.3681992762247412,0.32619044693354515,-1.4449308374217311,-0.30345767597530043,0.5683853642702374,1.1908427239554886,-0.20831034319879901,-0.9849409844455389,-1.0778969667137126,-0.09120720101997314,-1.2020559223648775,0.0,False,-0.6865272088715171,8.0
2013,00-0027005,H.Nicks,,WR,60.62300109863281,1.083,0.0,896.0,0.0,89600.0,0.0,0.0,0.0,13.47700023651123,0.0,0,0.9626428740365165,896.0,10100.0,16.0,56.0,nicks,0.07143192551427463,0.6672752011097798,-1.9847951063485316,-0.8331988343960769,0.5683853642702374,0.8721382417101486,-0.7025050659256016,-0.9849409844455389,-1.0778969667137126,-0.038329908862858475,-1.2020559223648775,0.0,False,-0.8301166122188421,2.6
2013,00-0028040,J.Cameron,,WR,73.79499816894531,0.922,7.0,917.0,0.0,91700.0,700.0,0.0,0.0,16.722000122070312,1.0,0,0.8361000061035156,917.0,11800.0,11.462,80.0,cameron,0.33562625526577594,0.38709843875072997,-0.09527016510472942,-0.768142902660192,0.5683853642702374,0.9112773886525588,1.0271764636182072,-0.9849409844455389,-1.0778969667137126,0.20266283374853647,-0.5732882091278647,0.0,False,-0.256800767429829,24.2
2013,00-0026213,J.Charles,KC,RB,55.21799850463867,0.168,19.0,1980.0,2.0,37.7,46.3,11.0,14.828,36.15399932861328,8.0,0,0.43956230186763867,1980.0,19.4,6.018,329.0,charles,-0.03697768238366654,-0.9250337278251933,3.1439154484560747,2.524926403780073,-1.4658359394337703,-0.7970960536232907,-0.5880989876143468,1.38398459872251,1.1478819051382296,1.6457971783897876,3.8280857835312245,0.0,False,1.7615480142463666,100.0
2013,00-0027150,J.Edelman,NE,WR,77.447998046875,0.724,6.0,1067.0,0.0,16.7,13.6,12.0,14.323,23.128999710083008,2.0,0,0.8646355031806732,1067.0,24.6,9.972,107.0,edelman,0.40889546791289455,0.04253322789922746,-0.3652022995681298,-0.30345767597530043,0.5683853642702374,-0.7974874450927149,-0.668899824780179,1.5993414699196051,1.072078133201001,0.6784842380871174,0.05547950410914813,0.0,False,0.207932055801126,41.6
2013,00-0029664,J.Gordon,CLE,WR,136.6580047607422,1.485,9.0,1734.0,0.0,31.0,30.0,4.0,9.625,35.332000732421875,2.0,0,1.5361739448879077,1734.0,23.7,18.848,92.0,gordon,1.596486685467038,1.366846992838588,0.4445941038220712,1.7628426320168509,0.5683853642702374,-0.797220926139726,-0.6283758575165812,-0.12351349965715756,0.3668778944661461,1.5847507367549356,0.05547950410914813,0.0,False,0.4998274987182844,52.6
2013,00-0027696,J.Graham,,WR,116.74199676513672,1.357,16.0,1215.0,0.0,121500.0,1600.0,0.0,0.0,24.250999450683597,4.0,0,1.127953462822493,1215.0,14300.0,14.128,86.0,graham,1.1970258933307023,1.1440977656214548,2.3341190450658735,0.15503174768712596,0.5683853642702374,1.4666805214543794,3.2510527158888185,-0.9849409844455389,-1.0778969667137126,0.7618105259862074,1.3130149305831735,0.0,False,0.9574819093031486,69.8
2013,00-0026176,J.Nelson,,WR,114.16799926757812,1.343,8.0,1314.0,0.0,131400.0,800.0,0.0,0.0,31.03300094604492,1.0,0,1.4603765151079962,1314.0,12700.0,15.459,85.0,nelson,1.1453985250569707,1.119734568894581,0.1746619693586709,0.4617239972991544,0.5683853642702374,1.6511936427543132,1.2742738249816086,-0.9849409844455389,-1.0778969667137126,1.2654817735678117,-0.5732882091278647,0.0,False,0.08366263241945293,37.0
2013,00-0022127,J.Witten,,WR,69.1780014038086,0.948,8.0,851.0,0.0,85100.0,800.0,0.0,0.0,14.39799976348877,2.0,0,0.7889314938897956,851.0,11100.0,11.658,73.0,witten,0.2430218947182522,0.43234437552920996,0.1746619693586709,-0.9726044024015443,0.5683853642702374,0.7882686411192698,1.2742738249816086,-0.9849409844455389,-1.0778969667137126,0.030068923117954987,0.05547950410914813,0.0,False,-0.0805183821891906,30.8
2013,00-0030279,K.Allen,,WR,95.9280014038086,1.351,8.0,1053.0,0.0,105300.0,800.0,0.0,0.0,25.32900047302246,5.0,0,1.4269859421421105,1053.0,10400.0,14.831,71.0,allen,0.7795539242296279,1.1336563955956518,0.1746619693586709,-0.346828297132557,0.5683853642702374,1.1647499593272153,1.2742738249816086,-0.9849409844455389,-1.0778969667137126,0.8418692107545647,1.9417826438201864,0.0,False,0.5279016705047077,53.6
2013,00-0026988,K.Moreno,DEN,RB,54.86199951171875,0.182,13.0,1586.0,0.0,21.3,18.3,13.0,17.824,16.773000717163086,2.0,0,0.22289701949718388,1586.0,11.0,5.269,301.0,moreno,-0.04411805106311818,-0.9006705310983196,1.5243226416756726,1.3043532083544245,0.5683853642702374,-0.7974017117232218,-0.6572862487960991,1.8146983411167004,1.5976009164727607,0.20645043736014743,0.05547950410914813,0.0,False,0.6166134894993821,57.0
2013,00-0029708,K.Wright,,WR,78.35600280761719,0.834,2.0,1079.0,0.0,107900.0,200.0,0.0,0.0,17.36400032043457,0.0,0,0.7388936306567903,1079.0,14000.0,11.479,94.0,wright,0.427107566495586,0.233958345038951,-1.4449308374217311,-0.2662828578405091,0.5683853642702374,1.213207950779723,-0.20831034319879901,-0.9849409844455389,-1.0778969667137126,0.2503415376059345,-1.2020559223648775,0.0,False,-0.6774968416230336,8.4
2013,00-0030496,L.Bell,PIT,RB,0.025000000372529,0.0,8.0,1268.0,1.0,22.9,22.2,8.0,13.069,-0.0289999991655349,3.0,0,-0.0004013840714952927,1268.0,11.4,4.388,289.0,bell,-1.1439986731243108,-1.2173920885476803,0.1746619693586709,0.31922052778245436,-0.4487252875817664,-0.7973718914207896,-0.6476494517029265,0.7379139851312239,0.8838446084301393,-1.041364778907272,0.6842472173461609,0.0,False,0.07361623478988547,36.6
2013,00-0022921,L.Fitzgerald,ARI,WR,81.0770034790039,0.965,10.0,962.0,0.0,16.5,27.8,10.0,13.069,23.67300033569336,1.0,0,1.1272857302711123,962.0,23.9,11.452,84.0,fitzgerald,0.481683417430948,0.46192825726898545,0.7145262382854716,-0.6287373346547246,0.5683853642702374,-0.7974911726305188,-0.633811999466576,1.1686277275254144,0.8838446084301393,0.7188849183249123,-0.5732882091278647,0.0,False,0.2529067816305001,43.3
2013,00-0027029,L.McCoy,PHI,RB,38.78300094604492,0.106,11.0,2146.0,1.0,32.2,21.6,10.0,15.241,19.308000564575195,5.0,0,0.21101639961284366,2146.0,13.0,5.863,366.0,mccoy,-0.36661890089307997,-1.0329278847584922,0.9844583727488718,3.0391780546446867,-0.4487252875817664,-0.7971985609129019,-0.6491320358711068,1.1686277275254144,1.2098758809997654,0.3947144087907834,1.9417826438201864,0.0,False,0.8854686666138357,67.1
2013,00-0024466,M.Colston,,WR,88.54199981689453,1.181,5.0,943.0,0.0,94300.0,500.0,0.0,0.0,39.9109992980957,3.0,0,2.128586629231771,943.0,11000.0,12.573,75.0,colston,0.6314108804389272,0.8378175781978973,-0.63513443403153,-0.6875974633681441,0.5683853642702374,0.9597353801050666,0.5329817408914048,-0.9849409844455389,-1.0778969667137126,1.9248140531409257,0.6842472173461609,0.0,False,0.03668678435629377,35.2
2013,00-0029638,M.Floyd,,WR,96.63999938964844,1.487,5.0,1041.0,0.0,104100.0,500.0,0.0,0.0,17.025999069213867,1.0,0,1.0477537888746995,1041.0,11400.0,16.015,65.0,floyd,0.7938346615885312,1.3703274495138558,-0.63513443403153,-0.3840031152673483,0.5683853642702374,1.1423847325029808,0.5329817408914048,-0.9849409844455389,-1.0778969667137126,0.22523958031457816,-0.5732882091278647,0.0,False,-0.2105324946158745,25.9
2013,00-0026184,M.Forte,CHI,RB,31.94599914550781,0.088,12.0,1933.0,2.0,31.7,27.3,8.0,15.893,16.849000930786133,4.0,0,0.18464658554286173,1933.0,16.4,5.296,365.0,forte,-0.503750506568411,-1.0642519948359015,1.2543905072122723,2.3793250327521402,-1.4658359394337703,-0.7972078797574119,-0.6350474862733929,0.7379139851312239,1.307745305362287,0.21209465941438468,1.3130149305831735,0.0,False,0.6837668726672834,59.5
2013,00-0024275,M.Jones-Drew,JAX,RB,-12.87399959564209,-0.046,5.0,1117.0,1.0,22.7,21.7,4.0,8.517,2.822999954223633,0.0,0,0.04076534229925823,1117.0,10.2,4.032,277.0,jonesdrew,-1.4027174182426712,-1.2974425920788375,-0.63513443403153,-0.1485626004136699,-0.4487252875817664,-0.7973756189585937,-0.6488849385097435,-0.12351349965715756,0.2005599156414932,-0.8295585185269548,-1.2020559223648775,0.0,False,-0.7040759975938626,7.4
2013,00-0025399,M.Lynch,SEA,RB,8.798999786376953,0.026,14.0,1573.0,1.0,29.8,34.1,13.0,14.893,0.3330000042915344,3.0,0,0.003952522306130972,1573.0,10.7,4.668,337.0,lynch,-0.9680161717367471,-1.1721461517692002,1.7942547761390728,1.2640804887084005,-0.4487252875817664,-0.7972432913665501,-0.6182448657006817,1.8146983411167004,1.1576388262786652,-1.014480533380273,0.6842472173461609,0.02,False,0.6124896139896315,56.8
2013,00-0026901,M.Wallace,MIA,WR,67.3239974975586,0.886,5.0,963.0,0.0,18.3,15.6,8.0,11.321,18.42200088500977,2.0,0,0.9695789939478826,963.0,24.4,12.671,76.0,wallace,0.20583563383816508,0.32445021859591133,-0.63513443403153,-0.6256394331434919,0.5683853642702374,-0.7974576247902824,-0.6639578775529109,0.7379139851312239,0.6214584829919685,0.32891487095982846,0.05547950410914813,0.0,False,0.005742269266667051,34.0
2013,00-0023367,N.Washington,,WR,83.3280029296875,1.437,3.0,919.0,0.0,91900.0,300.0,0.0,0.0,24.55699920654297,1.0,0,1.6935861521753772,919.0,10400.0,15.845,58.0,washington,0.52683232598064,1.283316032632163,-1.1749987029583306,-0.7619470996377268,0.5683853642702374,0.9150049264565979,0.038787018164602255,-0.9849409844455389,-1.0778969667137126,0.7845358643540581,-0.5732882091278647,0.0,False,-0.3693856357377327,19.9
2013,00-0026345,P.Garcon,WAS,WR,108.12999725341795,0.94,5.0,1365.0,0.0,23.0,14.7,3.0,10.774,29.89699935913086,2.0,0,1.0398956298828126,1365.0,30.1,11.87,115.0,garcon,1.0242926755298258,0.4184225488281391,-0.63513443403153,0.6197169743720176,0.5683853642702374,-0.7973700276518876,-0.6661817538051816,-0.3388703708542529,0.5393502389332273,1.1811156263578717,0.05547950410914813,0.0,False,0.05057742072750564,35.7
2013,00-0024217,R.Bush,DET,RB,9.440999984741213,0.034,7.0,1512.0,4.0,23.7,15.9,7.0,13.621,-6.185999870300293,2.0,0,-0.08932851798267571,1512.0,12.7,5.458,277.0,bush,-0.9551393990498283,-1.1582243250681294,-0.09527016510472942,1.0751084965232114,-3.5000572431377783,-0.7973569812695734,-0.6632165854688208,0.5225571139341285,0.9667033848842984,-1.4986197365440816,0.05547950410914813,0.0,False,-0.15230171388229985,28.1
2013,00-0027864,R.Mathews,LAC,RB,7.552000045776367,0.024,7.0,1444.0,1.0,22.6,17.1,0.0,0.0,2.9790000915527344,3.0,0,0.038315113717720055,1444.0,6.2,4.643,311.0,mathews,-0.9930275848815917,-1.175626608444468,-0.09527016510472942,0.8644511937593938,-0.4487252875817664,-0.7973774827274956,-0.6602514171324598,-0.9849409844455389,-1.0778969667137126,-0.8179730324657689,0.6842472173461609,0.0,False,-0.3150144392051968,22.0
2013,00-0026163,R.Mendenhall,ARI,RB,-24.79199981689453,-0.105,8.0,821.0,3.0,14.1,22.2,10.0,13.069,-5.466000080108643,3.0,0,-0.09264406915438378,821.0,3.7,3.479,236.0,mendenhall,-1.6417599919408243,-1.4001160639992347,0.1746619693586709,-1.0655414477385226,-2.482946591285774,-0.7975359030841673,-0.6476494517029265,1.1686277275254144,0.8838446084301393,-1.4451483250688175,0.6842472173461609,0.0,False,-0.0806614166884417,30.8
2013,00-0026195,R.Rice,BAL,RB,-50.20199966430664,-0.184,4.0,981.0,2.0,19.3,15.4,8.0,9.697,-5.223999977111816,0.0,0,-0.07654212420676654,981.0,11.9,3.593,273.0,rice,-2.151415273735806,-1.5375941026723088,-0.9050665684949304,-0.569877205941305,-1.4658359394337703,-0.7974389871012623,-0.6644520722756379,0.7379139851312239,0.37768556096016676,-1.4271759766588892,-1.2020559223648775,0.0,False,-0.7859700653268937,4.3
2013,00-0026364,S.Johnson,BUF,WR,48.95100021362305,0.924,3.0,607.0,0.0,11.0,9.7,6.0,10.273,5.997000217437744,0.0,0,0.45260378999530143,607.0,19.6,11.453,53.0,johnson,-0.16267657255274826,0.3905788954259977,-1.1749987029583306,-1.7284923711423013,0.5683853642702374,-0.7975936799201299,-0.6785366218733516,0.3072002427370331,0.4641468929123329,-0.5938386247034543,-1.2020559223648775,0.0,False,-0.5575223996841702,12.9
2013,00-0020337,S.Smith,,WR,76.58599853515625,1.197,4.0,745.0,0.0,74500.0,400.0,0.0,0.0,10.402000427246094,1.0,0,0.6501250267028809,745.0,11000.0,11.641,64.0,smith,0.39160610912933286,0.8656612316000389,-0.9050665684949304,-1.300981962592201,0.5683853642702374,0.5907091375051994,0.2858843795280035,-0.9849409844455389,-1.0778969667137126,-0.26669744775312426,-0.5732882091278647,0.0,False,-0.4544775836025205,16.7
2013,00-0006101,T.Gonzalez,,WR,84.12699890136719,1.014,8.0,859.0,0.0,85900.0,800.0,0.0,0.0,16.347000122070312,3.0,0,0.7878072347985693,859.0,12200.0,10.349,83.0,gonzalez,0.5428580056164051,0.5471994458130441,0.1746619693586709,-0.9478211903116834,0.5683853642702374,0.803178792335426,1.2742738249816086,-0.9849409844455389,-1.0778969667137126,0.17481313215641983,0.6842472173461609,0.0,False,0.09124738871225135,37.2
2013,00-0029608,T.Hilton,IND,WR,85.4800033569336,1.018,5.0,1089.0,0.0,20.4,14.3,11.0,12.613,21.16399955749512,0.0,0,1.0078095027378629,1089.0,23.7,12.964,84.0,hilton,0.5699955841765164,0.5541603591635796,-0.63513443403153,-0.23530384272818297,0.5683853642702374,-0.7974184856433401,-0.6671701432506352,1.38398459872251,0.8153960539680076,0.5325517904123539,-1.2020559223648775,0.0,False,-0.10307547383462029,29.9
2013,00-0029675,T.Richardson,IND,RB,-17.29800033569336,-0.078,4.0,879.0,1.0,16.5,11.4,11.0,12.613,3.193000078201294,2.0,0,0.057273544003610656,879.0,8.9,3.942,223.0,richardson,-1.4914508049948034,-1.3531298988831206,-0.9050665684949304,-0.8858631600870313,-0.4487252875817664,-0.7974911726305188,-0.6743359667301738,1.38398459872251,0.8153960539680076,-0.8020801370820907,0.05547950410914813,0.0,False,-0.3200222085114127,21.8
2013,00-0027996,T.Smith,,WR,98.55999755859376,1.516,4.0,1128.0,0.0,112800.0,400.0,0.0,0.0,13.888999938964844,0.0,0,0.8547076885516827,1128.0,13800.0,17.354,65.0,smith,0.8323445873546007,1.4207940713052372,-0.9050665684949304,-0.11448568379011116,0.5683853642702374,1.3045326269786803,0.2858843795280035,-0.9849409844455389,-1.0778969667137126,-0.007732392144527867,-1.2020559223648775,0.0,False,-0.3886804400905053,19.2
2013,00-0027265,V.Cruz,,WR,73.7490005493164,1.01,4.0,998.0,0.0,99800.0,400.0,0.0,0.0,7.816999912261963,0.0,0,0.428328762315724,998.0,12200.0,13.671,73.0,cruz,0.33470366849148847,0.5402385324625087,-0.9050665684949304,-0.5172128802503505,0.5683853642702374,1.062242669716141,0.2858843795280035,-0.9849409844455389,-1.0778969667137126,-0.45867476230719334,-1.2020559223648775,0.0,False,-0.5703742527464669,12.4
2013,00-0023496,V.Jackson,TB,WR,110.8280029296875,1.403,7.0,1224.0,0.0,25.8,25.0,4.0,10.667,30.089000701904297,2.0,0,1.523493706425534,1224.0,32.4,15.494,79.0,jackson,1.0784073095904654,1.224148269152612,-0.09527016510472942,0.18291286128821946,0.5683853642702374,-0.7973178421226309,-0.6407307255847512,-0.12351349965715756,0.5232888456712799,1.1953747732952742,0.05547950410914813,0.0,False,0.2485203994023092,43.2
2013,00-0022427,W.Welker,,WR,77.8550033569336,1.067,10.0,778.0,0.0,77800.0,1000.0,0.0,0.0,9.626999855041504,1.0,0,0.5275068413721372,778.0,11100.0,10.658,73.0,welker,0.4170588841756102,0.6394315477076382,0.7145262382854716,-1.198751212721525,0.5683853642702374,0.6522135112718439,1.768468547708411,-0.9849409844455389,-1.0778969667137126,-0.3242535402054375,-0.5732882091278647,0.0,False,-0.09420763461899716,30.3
2013,00-0030536,Z.Stacy,LA,RB,-21.718000411987305,-0.079,8.0,1114.0,1.0,22.2,25.0,0.0,0.0,-19.86199951171875,3.0,0,-0.28785506538722827,1114.0,6.9,4.036,276.0,stacy,-1.5801039493452491,-1.3548701272207544,0.1746619693586709,-0.15785630494736771,-0.4487252875817664,-0.7973849378031037,-0.6407307255847512,-0.9849409844455389,-1.0778969667137126,-2.514279760510477,0.6842472173461609,0.0,False,-0.44698355676170365,17.0
2014,00-0022084,A.Boldin,SF,WR,96.10099792480467,1.144,5.0,1066.0,0.0,21.0,17.2,8.0,10.929,18.899999618530277,1.0,0,0.8999999818347751,1066.0,27.1,12.69,84.0,boldin,0.7828122622061285,0.7799467702315259,-0.7000917684865446,-0.21410210588765202,0.4478501988051369,-0.8194933557981398,-0.6950513614570273,0.5954024404643773,0.4487282000849736,0.4268976381819,-0.44015549117466446,0.0,False,-0.04289740131276795,40.5
2014,00-0027793,A.Brown,PIT,WR,141.9600067138672,1.067,13.0,1711.0,0.0,25.4,30.2,11.0,16.148,33.185001373291016,2.0,0,0.9980451540839403,1711.0,30.1,12.865,133.0,brown,1.784990943098159,0.631214255371784,1.479834696261978,1.591980547903052,0.4478501988051369,-0.8194076560278614,-0.6632523392514047,1.2129741207332791,1.1884388306620501,1.468098598657036,0.18180335505040496,0.0,False,0.8573242544408206,79.4
2014,00-0030287,A.Ellington,ARI,RB,-17.819000244140625,-0.072,5.0,1055.0,2.0,20.3,18.5,11.0,11.071,0.0,0.0,0,0.0,1055.0,11.4,4.271,247.0,ellington,-1.7067355171040415,-1.568868009891153,-0.7000917684865446,-0.24490351548718342,-2.1985373395888534,-0.8195069898525021,-0.691871459236465,1.2129741207332791,0.46885445215279203,-0.9506799143889384,-1.062114337399734,0.0,False,-0.6177944323676566,15.7
2014,00-0026796,A.Foster,HOU,RB,19.511999130249023,0.065,13.0,1573.0,2.0,29.0,39.4,9.0,12.0,1.5839999914169312,2.0,0,0.021261744851233975,1573.0,12.3,5.279,298.0,foster,-0.8909234728121035,-1.304240028906937,1.479834696261978,1.2055628638362037,-2.1985373395888534,-0.8193375380339972,-0.6407484158443487,0.8012596672206779,0.6005254956105626,-0.8352257939926095,0.18180335505040496,0.0,False,0.22521573253834526,52.1
2014,00-0027942,A.Green,CIN,WR,78.76899719238281,1.109,6.0,1043.0,0.0,18.5,15.4,10.0,13.036,25.48600006103516,1.0,0,1.4358309893540935,1043.0,23.5,14.69,71.0,green,0.40404782551422647,0.7123410816589161,-0.42760096039297935,-0.27850505323212676,0.4478501988051369,-0.8195420488494343,-0.6994543029931904,1.0071168939769786,0.7473620952039428,0.9069360801891205,-0.44015549117466446,0.0,False,0.07748683650851733,45.7
2014,00-0027918,A.Hawkins,CLE,WR,64.71099853515625,0.98,2.0,839.0,0.0,15.8,7.1,7.0,9.645,6.822000026702881,0.0,0,0.41345454707290186,839.0,22.4,12.712,66.0,hawkins,0.0968317098087028,0.4631658294912963,-1.5175641927672407,-0.8497311948961634,0.4478501988051369,-0.8195946373448323,-0.7197567556321648,0.3895452137080766,0.2667415264576567,-0.45344000485954583,-1.062114337399734,0.0,False,-0.5280732422716847,19.5
2014,00-0029137,A.Jeffery,CHI,WR,105.13099670410156,1.155,10.0,1166.0,0.0,22.0,27.8,5.0,11.393,27.61000061035156,3.0,0,1.2136264004550137,1166.0,23.7,12.813,91.0,jeffery,0.9801491106041857,0.8011942723543465,0.662362271981282,0.0659107086535424,0.4478501988051369,-0.8194738785776219,-0.6691229279662888,-0.022169239804524603,0.5144928547291131,1.061749600688754,0.8037622012754744,0.0,False,0.4973501712114581,63.8
2014,00-0022044,A.Johnson,,WR,52.25899887084961,0.615,3.0,936.0,0.0,93600.0,300.0,0.0,0.0,10.112000465393066,1.0,0,0.47585884543026197,936.0,14700.0,11.012,85.0,johnson,-0.1752877477976103,-0.24186492276592236,-1.2450733846736752,-0.5781187647912048,0.4478501988051369,1.0031654630382056,-0.003300324553175242,-1.0514553735860277,-1.1002845382895945,-0.21363943111539405,-0.44015549117466446,0.0,False,-0.6063313652780727,16.2
2014,00-0029141,A.Morris,WAS,RB,-16.652000427246094,-0.059,8.0,1229.0,0.0,20.4,25.0,4.0,11.148,-6.85699987411499,1.0,0,-0.09726240956191476,1229.0,4.8,4.358,282.0,morris,-1.6812325163201358,-1.5437573255641837,0.11738065579415129,0.2423187818144949,0.4478501988051369,-0.8195050421304504,-0.6759719481336537,-0.22802646656082523,0.4797679832036514,-1.4504708823898378,-0.44015549117466446,0.0,False,-0.3926239377243089,25.4
2014,00-0031055,A.Williams,NYG,RB,-29.94300079345703,-0.127,7.0,851.0,0.0,14.1,16.7,6.0,13.103,-9.854999542236328,2.0,0,-0.16774467305934176,851.0,6.2,3.621,235.0,williams,-1.9716870544025553,-1.6751055205052545,-0.15511015229941405,-0.8161296571512201,0.4478501988051369,-0.8196277486197127,-0.6962744007726281,0.18368798695177602,0.7568582845598854,-1.6689881907907116,0.18180335505040496,0.0,False,-0.34705237819506096,27.4
2014,00-0027681,B.LaFell,NE,WR,70.49199676513672,0.928,7.0,966.0,0.0,16.2,14.9,12.0,17.333,8.46500015258789,0.0,0,0.4455263238204153,966.0,19.8,12.711,76.0,lafell,0.22316660742957717,0.3627230921834187,-0.15511015229941405,-0.49411492042884647,0.4478501988051369,-0.8195868464566253,-0.7006773423087913,1.4188313474895797,1.3563938215096905,-0.3336855002048914,-1.062114337399734,0.0,False,-0.011386566028133122,41.9
2014,00-0024334,B.Marshall,,WR,64.60700225830078,1.059,8.0,721.0,0.0,72100.0,800.0,0.0,0.0,6.826000213623047,0.0,0,0.44760657138511784,721.0,10600.0,11.82,61.0,marshall,0.09455902982043508,0.6157615265551873,0.11738065579415129,-1.1801463160547727,0.4478501988051369,0.584405221905244,1.2197389910476946,-1.0514553735860277,-1.1002845382895945,-0.4531484404247029,-1.062114337399734,0.0,False,-0.3759284738460734,26.1
2014,00-0027531,C.Ivory,NYJ,RB,-10.963000297546388,-0.051,7.0,944.0,1.0,18.4,26.9,4.0,10.481,-14.529000282287598,2.0,0,-0.26905556078310366,944.0,5.6,4.37,216.0,ivory,-1.556908096841256,-1.5283045967475872,-0.15511015229941405,-0.5557177396279093,-0.8753435703918584,-0.819543996571486,-0.6713243987343704,-0.22802646656082523,0.385231292152701,-2.0096653669892377,0.18180335505040496,0.0,False,-0.42064273558524656,24.2
2014,00-0025389,C.Johnson,,WR,103.1500015258789,1.453,8.0,1077.0,0.0,107700.0,800.0,0.0,0.0,34.32500076293945,3.0,0,1.9338028598839128,1077.0,12800.0,15.169,71.0,johnson,0.9368574829177593,1.3768084207725688,0.11738065579415129,-0.18330069628812065,0.4478501988051369,1.2777942723393574,1.2197389910476946,-1.0514553735860277,-1.1002845382895945,1.5511905352084225,0.8037622012754744,0.0,False,0.33488534069504305,56.8
2014,00-0028052,C.Shorts,,WR,32.7239990234375,0.617,1.0,557.0,0.0,55700.0,100.0,0.0,0.0,11.980999946594238,0.0,0,0.9042264110637162,557.0,11100.0,10.509,53.0,shorts,-0.6021953695553397,-0.23800174056177323,-1.790055000860806,-1.6393673319023316,0.4478501988051369,0.26497880541312435,-0.4925160507935232,-1.0514553735860277,-1.1002845382895945,-0.0774123526478923,-1.062114337399734,0.0,False,-0.9805313764247268,0.0
2014,00-0027902,D.Bryant,,WR,124.33300018310548,1.413,16.0,1320.0,0.0,132000.0,1600.0,0.0,0.0,37.60300064086914,6.0,0,1.7092273018576882,1320.0,13700.0,15.0,88.0,bryant,1.3997796047037887,1.299544776689586,2.297307120542674,0.49713044304698184,0.4478501988051369,1.7510907309221933,3.1766018960090863,-1.0514553735860277,-1.1002845382895945,1.7901164156480456,2.6696387399506825,0.0,False,1.3350071234887393,100.0
2014,00-0030564,D.Hopkins,,WR,99.51000213623048,1.309,6.0,1210.0,0.0,121000.0,600.0,0.0,0.0,11.651000022888184,0.0,0,0.6132105275204307,1210.0,12700.0,15.921,76.0,hopkins,0.857310848939144,1.0986593020738302,-0.42760096039297935,0.18911634705166794,0.4478501988051369,1.5368413052262593,0.7305232648073466,-1.0514553735860277,-1.1002845382895945,-0.10146528896657045,-1.062114337399734,0.0,False,-0.2702512562110481,30.7
2014,00-0028009,D.Murray,DAL,RB,0.4350000023841858,0.001,13.0,2261.0,3.0,35.9,24.5,12.0,18.68,2.25600004196167,5.0,0,0.020097995919480357,2261.0,13.6,5.036,449.0,murray,-1.3078221875069973,-1.4278618594397094,1.479834696261978,3.1320510278796214,-3.5217311087858487,-0.8192031452124243,-0.6771949874492545,1.4188313474895797,1.5473097478149833,-0.7862452541173982,2.047679893725613,0.24,False,0.8677746608771548,79.8
2014,00-0027874,D.Thomas,,WR,130.35299682617188,1.174,11.0,1619.0,0.0,161900.0,1100.0,0.0,0.0,26.93899917602539,1.0,0,0.970774745081996,1619.0,18500.0,14.586,111.0,thomas,1.5313374480595663,0.8378945032937631,0.9348530800748472,1.3343687585251531,0.4478501988051369,2.333459624404777,1.9535625804082166,-1.0514553735860277,-1.1002845382895945,1.0128418476555585,-0.44015549117466446,0.0,False,0.33459730051735154,56.8
2014,00-0024389,D.Walker,,WR,59.00299835205078,0.937,4.0,857.0,0.0,85700.0,400.0,0.0,0.0,9.196999549865724,0.0,0,0.5839364793565539,857.0,10600.0,13.603,63.0,walker,-0.027907926853493133,0.38010741210208987,-0.97258257658011,-0.7993288882787484,0.4478501988051369,0.8492954209474896,0.24130753856699874,-1.0514553735860277,-1.1002845382895945,-0.28033174578488246,-1.062114337399734,0.0,False,-0.6210397689142857,15.5
2014,00-0027690,E.Decker,,WR,83.87300109863281,1.133,5.0,962.0,0.0,96200.0,500.0,0.0,0.0,36.5009994506836,1.0,0,1.9730269973342487,962.0,11500.0,13.0,74.0,decker,0.5155880449193473,0.7586992681087058,-0.7000917684865446,-0.5053154330104942,0.4478501988051369,1.0538062363845173,0.4859154016871727,-1.0514553735860277,-1.1002845382895945,1.70979408056093,-0.44015549117466446,0.0,False,-0.24277441256788523,31.9
2014,00-0030485,E.Lacy,GB,RB,7.954999923706055,0.028,13.0,1566.0,2.0,25.5,25.5,12.0,18.692,-0.962000012397766,4.0,0,-0.013361111283302305,1566.0,10.3,5.438,288.0,lacy,-1.1434840607035246,-1.375708899683696,1.479834696261978,1.1859619668183201,-2.1985373395888534,-0.8194057083058096,-0.6747489088180528,1.4188313474895797,1.5490105578488835,-1.0207978852566588,1.4257210475005437,0.0,False,0.6343489823205161,69.7
2014,00-0027685,E.Sanders,DEN,WR,120.88099670410156,1.109,9.0,1448.0,0.0,22.0,16.4,12.0,15.548,22.075000762939453,2.0,0,0.8100917711170441,1448.0,23.5,13.284,109.0,sanders,1.3243413345716188,0.7123410816589161,0.3898714638877166,0.8555468456597107,0.4478501988051369,-0.8194738785776219,-0.6970082243619887,1.4188313474895797,1.1033983289670424,0.6583161775577715,0.18180335505040496,0.0,False,0.5602469569633746,66.5
2014,00-0023500,F.Gore,SF,RB,-18.965999603271484,-0.071,5.0,1217.0,2.0,23.9,17.2,8.0,10.929,1.340000033378601,2.0,0,0.020150376441783475,1217.0,3.9,4.575,266.0,gore,-1.7318014383934683,-1.5669364187890784,-0.7000917684865446,0.20871724406955156,-2.1985373395888534,-0.819436871858638,-0.6950513614570273,0.5954024404643773,0.4487282000849736,-0.8530103903844675,0.18180335505040496,0.0,False,-0.37878018396819213,26.0
2014,00-0025418,G.Olsen,,WR,86.19999694824219,1.026,6.0,1009.0,0.0,100900.0,600.0,0.0,0.0,18.415000915527344,1.0,0,0.8769048055013021,1009.0,12300.0,12.012,84.0,olsen,0.566440989467921,0.5520190201867267,-0.42760096039297935,-0.37370941017613285,0.4478501988051369,1.1453491728182346,0.7305232648073466,-1.0514553735860277,-1.1002845382895945,0.3915471969243373,-0.44015549117466446,0.0,False,-0.24455039873283513,31.8
2014,00-0027891,G.Tate,DET,WR,104.78700256347656,1.008,4.0,1361.0,0.0,24.2,12.9,11.0,11.889,15.595000267028809,1.0,0,0.5998077025780311,1361.0,24.5,13.087,104.0,tate,0.9726316434109487,0.5172503803493844,-0.97258257658011,0.6119356970088715,0.4478501988051369,-0.8194310286924827,-0.7055694995711947,1.2129741207332791,0.5847930027969861,0.18600382814045577,-0.44015549117466446,0.0,False,0.0037238183723627832,42.5
2014,00-0027218,J.Bell,DET,RB,-5.716000080108643,-0.022,8.0,1182.0,1.0,21.0,25.8,11.0,11.889,2.4019999504089355,3.0,0,0.03724030930866567,1182.0,9.0,4.581,258.0,bell,-1.442242911190621,-1.4722884547874246,0.11738065579415129,0.11071275898013351,-0.8753435703918584,-0.8194933557981398,-0.6740150852286922,1.2129741207332791,0.5847930027969861,-0.7756036562013242,0.8037622012754744,0.0,False,0.04724685816975546,44.4
2014,00-0026213,J.Charles,KC,RB,21.190000534057617,0.086,14.0,1324.0,2.0,26.0,38.9,9.0,12.172,-1.6069999933242798,2.0,0,-0.02613008119226471,1324.0,12.1,5.382,246.0,charles,-0.8542533118598905,-1.2636766157633708,1.7523255043555432,0.5083309556286296,-2.1985373395888534,-0.8193959696955506,-0.6419714551599496,0.8012596672206779,0.6249037727631316,-1.0678104520855929,0.18180335505040496,0.0,False,0.23117010147641148,52.3
2014,00-0027150,J.Edelman,NE,WR,87.85299682617188,0.861,4.0,1066.0,0.0,17.8,8.5,12.0,17.333,22.54800033569336,2.0,0,0.8842353072820925,1066.0,22.4,10.451,102.0,edelman,0.6025647802109378,0.23330648834442227,-0.97258257658011,-0.21410210588765202,0.4478501988051369,-0.8195556829037967,-0.7163322455484824,1.4188313474895797,1.3563938215096905,0.6927920297775001,0.18180335505040496,0.0,False,0.1604588733427219,49.3
2014,00-0026373,J.Forsett,BAL,RB,9.788000106811523,0.035,8.0,1529.0,0.0,25.6,18.6,10.0,14.103,-11.984999656677246,1.0,0,-0.17060497731924906,1529.0,10.9,5.441,281.0,forsett,-1.103426637874586,-1.3621877619691738,0.11738065579415129,1.0823572254380782,0.4478501988051369,-0.8194037605837579,-0.6916268513733448,1.0071168939769786,0.8985924540515651,-1.8242390058092623,-0.44015549117466446,0.0,False,-0.1328990634093933,36.6
2014,00-0027696,J.Graham,,WR,71.35199737548828,0.839,10.0,889.0,0.0,88900.0,1000.0,0.0,0.0,9.20199966430664,1.0,0,0.4330352783203125,889.0,12400.0,10.459,85.0,graham,0.24196060887022822,0.19081148409878165,0.662362271981282,-0.7097247876255661,0.4478501988051369,0.9116225266044885,1.7089547172880426,-1.0514553735860277,-1.1002845382895945,-0.2799672989302202,-0.44015549117466446,0.0,False,-0.1064344064077926,37.7
2014,00-0031301,J.Hill,CIN,RB,9.598999977111816,0.039,9.0,1339.0,2.0,23.8,23.1,10.0,13.036,6.455999851226807,3.0,0,0.10371084098356316,1339.0,6.5,5.378,249.0,hill,-1.1075569473965845,-1.3544613975608757,0.3898714638877166,0.5503328778098088,-2.1985373395888534,-0.8194388195806898,-0.6806194975329369,1.0071168939769786,0.7473620952039428,-0.48011691682511526,0.8037622012754744,0.0,False,0.13750846567720004,48.3
2014,00-0025465,J.Jones,,TE,48.91600036621094,0.67,6.0,666.0,0.0,66600.0,600.0,0.0,0.0,6.013000011444092,2.0,0,0.32947945268186807,666.0,11200.0,9.123,73.0,jones,-0.24834388049801587,-0.13562741215182084,-0.42760096039297935,-1.3341533640524297,0.4478501988051369,0.47728050905727704,0.7305232648073466,-1.0514553735860277,-1.1002845382895945,-0.5124061574279996,0.18180335505040496,0.0,False,-0.35339720736307634,27.1
2014,00-0027944,J.Jones,ATL,WR,122.91200256347656,1.171,6.0,1594.0,0.0,26.1,15.4,6.0,14.654,38.73600006103516,1.0,0,1.475657145182292,1594.0,26.1,15.181,105.0,jones,1.3687258694052167,0.8320997299875397,-0.42760096039297935,1.2643655548898545,0.4478501988051369,-0.8193940219734989,-0.6994543029931904,0.18368798695177602,0.9766879814414806,1.872698140505131,-0.44015549117466446,0.0,False,0.21664694094427284,51.7
2014,00-0031382,J.Landry,MIA,TE,58.06900024414063,0.675,5.0,754.0,0.0,12.7,12.8,8.0,14.37,14.42199993133545,0.0,0,0.6707906944807186,754.0,18.9,8.767,86.0,landry,-0.04831903072288797,-0.12596945664144796,-0.7000917684865446,-1.0877420872561787,0.4478501988051369,-0.8196550167284377,-0.7058141074343148,0.5954024404643773,0.9364354773058435,0.1005065284460716,-1.062114337399734,0.0,False,-0.34174737506362285,27.6
2014,00-0026995,J.Maclin,,WR,109.79100036621094,1.292,10.0,1318.0,0.0,131800.0,1000.0,0.0,0.0,19.64699935913086,1.0,0,0.9245646757238052,1318.0,14300.0,15.506,85.0,maclin,1.0819863819792848,1.0658222533385628,0.662362271981282,0.49153018675615795,0.4478501988051369,1.747195286818631,1.7089547172880426,-1.0514553735860277,-1.1002845382895945,0.48134473316589577,-0.44015549117466446,0.0,False,0.1782196016213125,50.0
2014,00-0031299,J.Matthews,,WR,76.3219985961914,1.139,8.0,872.0,0.0,87200.0,800.0,0.0,0.0,16.01300048828125,1.0,0,0.9560000291511194,872.0,10300.0,13.015,67.0,matthews,0.3505724039987784,0.7702888147211533,0.11738065579415129,-0.7573269660975692,0.4478501988051369,0.8785112517242079,1.2197389910476946,-1.0514553735860277,-1.1002845382895945,0.21647090398115812,-0.44015549117466446,0.0,False,-0.14337428321297804,36.2
2014,00-0026176,J.Nelson,,WR,137.53700256347656,1.403,13.0,1519.0,0.0,151900.0,1300.0,0.0,0.0,39.1879997253418,3.0,0,1.5995101928710938,1519.0,15100.0,15.5,98.0,nelson,1.6883329345178328,1.2802288656688403,1.479834696261978,1.0543559439839587,0.4478501988051369,2.1386874192266556,2.4427783066485644,-1.0514553735860277,-1.1002845382895945,1.9056433576419551,0.8037622012754744,0.0,False,0.8039341598799179,77.1
2014,00-0031051,Jo. Brown,ARI,WR,54.43399810791016,1.067,5.0,690.0,0.0,13.3,18.5,11.0,11.071,9.107000350952148,0.0,0,0.7142745373295802,690.0,18.3,13.529,51.0,brown,-0.1277564573511759,0.631214255371784,-0.7000917684865446,-1.266950288562543,0.4478501988051369,-0.8196433303961268,-0.691871459236465,1.2129741207332791,0.46885445215279203,-0.2868915806354157,-1.062114337399734,0.0,False,-0.26922638577957975,30.7
2014,00-0030279,K.Allen,,WR,51.76399993896485,0.672,4.0,783.0,0.0,78300.0,400.0,0.0,0.0,-0.0120000001043081,0.0,0,-0.000623376628795226,783.0,12200.0,10.169,77.0,allen,-0.1861051943517004,-0.13176422994767167,-0.97258257658011,-1.0065383710392322,0.4478501988051369,0.7051639891156795,0.24130753856699874,-1.0514553735860277,-1.1002845382895945,-0.9515545668285255,-1.062114337399734,0.0,False,-0.7365784457925384,10.5
2014,00-0031359,K.Benjamin,,WR,86.93599700927734,1.191,9.0,1008.0,0.0,100800.0,900.0,0.0,0.0,16.368000030517578,1.0,0,0.8968767140009631,1008.0,14600.0,13.808,73.0,benjamin,0.5825251480614357,0.8707315520290311,0.3898714638877166,-0.3765095383215448,0.4478501988051369,1.1434014507664534,1.4643468541678686,-1.0514553735860277,-1.1002845382895945,0.24234600506201825,-0.44015549117466446,0.0,False,-0.021156420643584167,41.4
2014,00-0030496,L.Bell,PIT,RB,63.435001373291016,0.17,11.0,2215.0,0.0,32.8,25.6,11.0,16.148,17.458999633789062,6.0,0,0.18722787811033847,2215.0,17.4,5.938,373.0,bell,0.06894673832181217,-1.1014229631891066,0.9348530800748472,3.003245133190672,0.4478501988051369,-0.8192635245960295,-0.6745043009549325,1.2129741207332791,1.1884388306620501,0.32186645975329514,2.6696387399506825,0.0,False,1.0595475402426906,88.1
2014,00-0022921,L.Fitzgerald,,WR,65.53500366210938,1.04,2.0,784.0,0.0,78400.0,200.0,0.0,0.0,8.920999526977539,0.0,0,0.5664126683795263,784.0,10500.0,12.444,63.0,fitzgerald,0.11483908486943696,0.5790612956157707,-1.5175641927672407,-1.0037382428938204,0.4478501988051369,0.7071117111674607,-0.2479081876733492,-1.0514553735860277,-1.1002845382895945,-0.30044875338878885,-1.062114337399734,0.0,False,-0.7385068505514917,10.5
2014,00-0027029,L.McCoy,PHI,RB,-28.152000427246094,-0.083,5.0,1474.0,2.0,22.8,11.6,10.0,15.29,-4.40500020980835,1.0,0,-0.05182353188009823,1474.0,6.0,4.335,340.0,mccoy,-1.932547473502706,-1.5901155120139734,-0.7000917684865446,0.9283501774404213,-2.1985373395888534,-0.8194582968012076,-0.7087494017917569,1.0071168939769786,1.0668309132381888,-1.2717502599222945,-0.44015549117466446,0.0,False,-0.38509455748494453,25.7
2014,00-0029615,L.Miller,MIA,RB,8.779000282287598,0.035,9.0,1361.0,2.0,23.0,23.1,8.0,14.37,8.166000366210938,2.0,0,0.12859843096395177,1361.0,8.8,5.358,254.0,miller,-1.1254767898482774,-1.3621877619691738,0.3898714638877166,0.6119356970088715,-2.1985373395888534,-0.8194544013571041,-0.6806194975329369,0.5954024404643773,0.9364354773058435,-0.3554789077313407,0.18180335505040496,0.0,False,-0.012321837951512767,41.8
2014,00-0026201,M.Bennett,,WR,59.14799880981445,0.657,6.0,916.0,0.0,91600.0,600.0,0.0,0.0,9.347000122070312,1.0,0,0.4154222276475694,916.0,13000.0,10.178,90.0,bennett,-0.02473916304181224,-0.16073809647879028,-0.42760096039297935,-0.6341213276994436,0.4478501988051369,0.9642110220025814,0.7305232648073466,-1.0514553735860277,-1.1002845382895945,-0.2693985486784007,-0.44015549117466446,0.0,False,-0.4068961324460338,24.8
2014,00-0026986,M.Crabtree,SF,WR,55.78499984741211,0.808,4.0,702.0,0.0,13.8,13.8,8.0,10.929,9.656000137329102,0.0,0,0.5597681239031363,702.0,22.3,10.174,69.0,crabtree,-0.09823237523669683,0.1309321599344701,-0.97258257658011,-1.2333487508175998,0.4478501988051369,-0.8196335917858679,-0.7033680288031131,0.5954024404643773,0.4487282000849736,-0.2468762474426266,-1.062114337399734,0.0,False,-0.4442040282583532,23.2
2014,00-0031408,M.Evans,,WR,97.97000122070312,1.441,12.0,1051.0,0.0,105100.0,1200.0,0.0,0.0,23.381999969482425,4.0,0,1.375411762910731,1051.0,12300.0,15.456,68.0,evans,0.8236564781437634,1.353629327547674,1.2073438881684126,-0.2561040280688312,0.4478501988051369,1.2271534989930457,2.1981704435283906,-1.0514553735860277,-1.1002845382895945,0.7535803471081362,1.4257210475005437,0.0,False,0.6774752228962282,71.6
2014,00-0026184,M.Forte,CHI,RB,10.520999908447266,0.029,10.0,1846.0,1.0,34.9,27.8,5.0,11.393,-12.20300006866455,2.0,0,-0.13228184356275935,1846.0,21.4,5.003,369.0,forte,-1.0874080453734627,-1.3737773085816214,0.662362271981282,1.9699978475336646,-0.8753435703918584,-0.8192226224329421,-0.6691229279662888,-0.022169239804524603,0.5144928547291131,-1.8401285550191189,0.18180335505040496,0.0,False,-0.00865165864512693,42.0
2014,00-0027966,M.Ingram,NO,RB,-10.184000015258787,-0.04,9.0,1109.0,0.0,16.5,18.4,7.0,14.321,-10.574000358581545,3.0,0,-0.1658666722914752,1109.0,5.5,4.349,255.0,ingram,-1.539884234007489,-1.507057094624767,0.3898714638877166,-0.09369659563493843,0.4478501988051369,-0.8195810032904699,-0.6921160670995852,0.3895452137080766,0.9294905030007513,-1.7213945085086322,0.8037622012754744,0.0,False,0.020969080434391024,43.3
2014,00-0025399,M.Lynch,SEA,RB,26.520000457763672,0.084,17.0,1673.0,0.0,29.0,42.5,12.0,14.071,7.728000164031982,5.0,0,0.09751419765340041,1673.0,11.1,5.278,317.0,lynch,-0.7377742942416914,-1.26753979796752,2.5697979286362393,1.4855756783773981,0.4478501988051369,-0.8193375380339972,-0.6331655720876233,1.4188313474895797,0.8940569606278314,-0.38740373623512764,2.047679893725613,0.0,False,1.0509219717087497,87.7
2014,00-0026901,M.Wallace,MIA,WR,73.71800231933594,1.038,10.0,878.0,0.0,14.8,25.6,8.0,14.37,22.274999618530277,3.0,0,1.2549295559735367,878.0,19.4,12.366,71.0,wallace,0.2936660376664737,0.5751981134116215,0.662362271981282,-0.7405261972250976,0.4478501988051369,-0.81961411456535,-0.6745043009549325,0.5954024404643773,0.9364354773058435,0.6728936346774875,0.8037622012754744,0.0,False,0.48054703466699356,63.1
2014,00-0031235,O.Beckham,NYG,WR,109.2760009765625,1.115,12.0,1340.0,0.0,22.2,28.6,6.0,13.103,45.64799880981445,7.0,0,1.863183624890386,1340.0,21.7,13.673,98.0,beckham,1.0707318559307153,0.7239306282713636,1.2073438881684126,0.5531330059552207,0.4478501988051369,-0.8194699831335184,-0.6671660650613274,0.18368798695177602,0.7568582845598854,2.3764978501294913,3.291597586175752,0.0,False,1.277408764624008,97.5
2014,00-0026345,P.Garcon,,WR,45.27399826049805,0.666,3.0,752.0,0.0,75200.0,300.0,0.0,0.0,16.264999389648438,0.0,0,0.9567646699793199,752.0,10500.0,11.059,68.0,garcon,-0.327934280781152,-0.1433537765601191,-1.2450733846736752,-1.0933423435470024,0.4478501988051369,0.6447846055104617,-0.003300324553175242,-1.0514553735860277,-1.1002845382895945,0.23483852497600688,-1.062114337399734,0.0,False,-0.7661174669708961,9.3
2014,00-0028002,R.Cobb,GB,WR,116.4489974975586,1.142,12.0,1324.0,0.0,21.6,23.5,12.0,18.692,31.44300079345703,2.0,0,1.2330588546453738,1324.0,23.9,12.98,102.0,cobb,1.227486752760703,0.7760835880273768,1.2073438881684126,0.5083309556286296,0.4478501988051369,-0.819481669465829,-0.6796410660804563,1.4188313474895797,1.5490105578488835,1.3411281783512132,0.18180335505040496,0.0,False,0.7793527998514893,76.0
2014,00-0027656,R.Gronkowski,,WR,105.86900329589844,1.291,12.0,1124.0,0.0,112400.0,1200.0,0.0,0.0,15.850000381469728,3.0,0,0.7731707503155965,1124.0,13100.0,13.707,82.0,gronkowski,0.9962771188666106,1.063890662236488,1.2073438881684126,-0.05169467345375926,0.4478501988051369,1.3693372087730746,2.1981704435283906,-1.0514553735860277,-1.1002845382895945,0.20459020066145814,0.8037622012754744,0.0,False,0.5105083285237334,64.4
2014,00-0029262,R.Randle,,WR,77.78500366210938,1.096,3.0,938.0,0.0,93800.0,300.0,0.0,0.0,30.958999633789062,1.0,0,1.744168993452905,938.0,12700.0,13.211,71.0,randle,0.3825441479552182,0.6872303973319468,-1.2450733846736752,-0.5725185085003809,0.4478501988051369,1.0070609071417682,-0.003300324553175242,-1.0514553735860277,-1.1002845382895945,1.3058504457356452,-0.44015549117466446,0.0,False,-0.407426998976385,24.8
2014,00-0020498,R.Wayne,,WR,59.8759994506836,0.936,2.0,779.0,0.0,77900.0,200.0,0.0,0.0,6.163000106811523,0.0,0,0.3851875066757202,779.0,11600.0,12.172,64.0,wayne,-0.00882981957321107,0.3781758210000153,-1.5175641927672407,-1.01773888362088,0.4478501988051369,0.6973731009085546,-0.2479081876733492,-1.0514553735860277,-1.1002845382895945,-0.5014729950770827,-1.062114337399734,0.0,False,-0.7775103844179162,8.8
2014,00-0023462,R.White,,WR,78.14199829101562,0.977,7.0,921.0,0.0,92100.0,700.0,0.0,0.0,13.442999839782717,2.0,0,0.6721499919891358,921.0,12500.0,11.512,80.0,white,0.3903457209880862,0.45737105618507257,-0.15511015229941405,-0.620120686972384,0.4478501988051369,0.9739496322614875,0.9751311279275207,-1.0514553735860277,-1.1002845382895945,0.02914946086361652,0.18180335505040496,0.0,False,-0.1022318080959191,37.9
2014,00-0030431,R.Woods,,WR,53.9640007019043,0.83,5.0,699.0,0.0,69900.0,500.0,0.0,0.0,12.732999801635742,2.0,0,0.7835692185621995,699.0,10500.0,10.754,65.0,woods,-0.1380275336960701,0.1734271641801105,-0.7000917684865446,-1.2417491352538357,0.4478501988051369,0.5415553367660572,0.4859154016871727,-1.0514553735860277,-1.1002845382895945,-0.02260081080923389,0.18180335505040496,0.0,False,-0.34620838050762875,27.4
2014,00-0022736,S.Jackson,ATL,RB,-10.432000160217283,-0.05,6.0,855.0,0.0,14.0,15.4,6.0,14.654,-1.4950000047683716,1.0,0,-0.028476190567016602,855.0,4.3,4.071,210.0,jackson,-1.5453038988606642,-1.5263730056455127,-0.42760096039297935,-0.8049291445695723,0.4478501988051369,-0.8196296963417644,-0.6994543029931904,0.18368798695177602,0.9766879814414806,-1.0596470302212062,-0.44015549117466446,0.0,False,-0.4505190575605173,22.9
2014,00-0020337,S.Smith,,WR,88.40699768066406,1.119,6.0,1065.0,0.0,106500.0,600.0,0.0,0.0,19.39800071716309,1.0,0,0.9821772515019286,1065.0,13400.0,13.481,79.0,smith,0.6146716237783997,0.7316569926796618,-0.42760096039297935,-0.21690223403306397,0.4478501988051369,1.2544216077179828,0.7305232648073466,-1.0514553735860277,-1.1002845382895945,0.4631957941860707,-0.44015549117466446,0.0,False,-0.2032754181357901,33.6
2014,00-0031325,S.Watkins,BUF,WR,86.5459976196289,1.292,6.0,990.0,0.0,18.7,20.0,9.0,11.828,21.71299934387207,1.0,0,1.2962984682908698,990.0,22.3,14.776,67.0,watkins,0.5740023063300683,1.0658222533385628,-0.42760096039297935,-0.4269118449389598,0.4478501988051369,-0.8195381534053308,-0.6882023412896624,0.8012596672206779,0.5761472184579935,0.6319307257603499,-0.44015549117466446,0.0,False,0.06600934359884321,45.2
2014,00-0029608,T.Hilton,IND,WR,108.52799987792967,1.277,7.0,1365.0,0.0,21.3,14.6,11.0,14.774,11.833999633789062,2.0,0,0.556894100413603,1365.0,20.2,16.059,85.0,hilton,1.054385432967635,1.036848386807444,-0.15511015229941405,0.6231362095905193,0.4478501988051369,-0.8194875126319843,-0.7014111658981517,1.2129741207332791,0.9936960817804821,-0.08812686773935076,0.18180335505040496,0.0,False,0.40026790073135543,59.6
2014,00-0023496,V.Jackson,,WR,82.29399871826172,1.176,2.0,1002.0,0.0,100200.0,200.0,0.0,0.0,22.93099975585937,0.0,0,1.3103428431919641,1002.0,14300.0,14.314,70.0,jackson,0.4810813566050744,0.8417576854979123,-1.5175641927672407,-0.3933103071940165,0.4478501988051369,1.1317151184557661,-0.2479081876733492,-1.0514553735860277,-1.1002845382895945,0.7207079776355654,-1.062114337399734,0.0,False,-0.5917180692206998,16.8
2015,00-0031075,A.Blue,HOU,RB,-25.698999404907227,-0.13,3.0,807.0,1.0,14.0,8.8,9.0,12.107,-5.295000076293945,0.0,0,-0.1069696985109888,807.0,2.6,4.076,198.0,blue,-1.480437189884114,-1.361632741572963,-1.260647844958911,-1.1744277189956944,-0.3698135108644733,-0.8363837151575111,-0.7780110050458379,0.9983316221980334,0.8132623006661259,-1.2633127482853586,-1.3272642496469766,0.0,False,-0.7749102127733836,25.3
2015,00-0022084,A.Boldin,,WR,48.42499923706055,0.702,4.0,789.0,0.0,78900.0,400.0,0.0,0.0,2.720999956130981,2.0,0,0.15773912789165107,789.0,11200.0,11.435,69.0,boldin,-0.07876517874919887,0.07318864172911389,-0.9602768782900006,-1.241644567777642,0.5689438628684205,0.5521513892814105,0.09930414261646699,-0.8782790853514344,-0.9709581834241494,-0.726240600323694,0.052254498017597455,0.0,False,-0.4453057812252487,38.0
2015,00-0027793,A.Brown,PIT,WR,142.81900024414062,1.027,10.0,1869.0,0.0,29.0,23.8,10.0,14.586,39.04499816894531,3.0,0,1.123597069609937,1869.0,33.2,13.446,139.0,brown,1.7062090759418282,0.6336657445814876,0.8419489217234601,2.7913663591392104,0.5689438628684205,-0.8361196882507522,-0.7443716205495838,1.2068439230368633,1.1785949660712465,1.7074679405693995,0.7420138718498844,0.0,False,0.9388081787819871,91.4
2015,00-0031544,A.Cooper,LV,WR,86.927001953125,1.159,6.0,1079.0,0.0,19.7,14.6,0.0,0.0,13.732999801635742,2.0,0,0.7324266560872396,1079.0,21.5,14.387,75.0,cooper,0.6493010422923723,0.8613056755861442,-0.3595349449521804,-0.1587064485129317,0.5689438628684205,-0.8362833849329427,-0.765003776373953,-0.8782790853514344,-0.9709581834241494,0.011563589603391006,0.052254498017597455,0.0,False,-0.1860813032785849,48.0
2015,00-0027942,A.Green,,WR,115.1989974975586,1.34,10.0,1297.0,0.0,129700.0,1000.0,0.0,0.0,26.400999069213867,3.0,0,1.2279534450797147,1297.0,13200.0,15.081,86.0,green,1.183919594712544,1.1734483082516203,0.8419489217234601,0.6553642756239885,0.5689438628684205,1.4463225135049385,1.444879522466628,-0.8782790853514344,-0.9709581834241494,0.8603197709275078,0.7420138718498844,0.0,False,0.5280263884284846,75.5
2015,00-0030821,A.Hurns,,WR,92.06500244140624,1.439,10.0,1031.0,0.0,103100.0,1000.0,0.0,0.0,21.48699951171875,3.0,0,1.3429374694824219,1031.0,10600.0,16.109,64.0,hurns,0.7464597440565239,1.3441782565051126,0.8419489217234601,-0.33795137859812513,0.5689438628684205,0.9781147988524612,1.444879522466628,-0.8782790853514344,-0.9709581834241494,0.5310817112030752,0.7420138718498844,0.0,False,0.4317277161000359,71.8
2015,00-0029141,A.Morris,WAS,RB,-28.52199935913086,-0.135,1.0,806.0,0.0,13.8,2.6,9.0,14.37,-4.824999809265137,1.0,0,-0.0910377322502856,806.0,2.3,3.802,212.0,morris,-1.5338196314113588,-1.3702554662322302,-1.861389778296731,-1.1781619883724694,0.5689438628684205,-0.8363872355162678,-0.7919152839709562,0.9983316221980334,1.1467628338697513,-1.2318227218464044,-0.6375048758146895,0.0,False,-0.6879618071662162,28.6
2015,00-0025394,A.Peterson,MIN,RB,-11.4350004196167,-0.032,11.0,1707.0,3.0,32.3,36.7,11.0,12.586,-5.178999900817871,3.0,0,-0.058028010093197434,1707.0,8.1,4.782,357.0,peterson,-1.2107074328440155,-1.1926273382513242,1.1423198883923702,2.1864147201016824,-2.2473282583302607,-0.8360616023312651,-0.7154417498828055,1.415356223875693,0.8838530012425895,-1.2555407344187344,0.7420138718498844,0.0,False,0.4190930817359261,71.3
2015,00-0031428,A.Robinson,,WR,121.3560028076172,1.517,14.0,1400.0,0.0,140000.0,1400.0,0.0,0.0,24.815000534057617,3.0,0,1.2407500267028808,1400.0,15100.0,17.5,80.0,robinson,1.3003475016472892,1.4786927611896818,2.043432788399101,1.0399940214317995,0.5689438628684205,1.6276209894793938,2.3419297757000686,-0.8782790853514344,-0.9709581834241494,0.754057840227048,0.7420138718498844,0.0,False,0.8711490891908984,88.8
2015,00-0031236,B.Cooks,NO,WR,78.36499786376953,0.852,9.0,1156.0,0.0,17.3,18.8,7.0,13.6,23.53300094604492,2.0,0,1.023173954175866,1156.0,19.4,12.565,92.0,cooks,0.4873950238483347,0.3318703815071326,0.54157795505455,0.1288322934987328,0.5689438628684205,-0.8363256292380241,-0.7555847487150019,0.5813070205203739,1.0332871774107184,0.6681638445141186,0.052254498017597455,0.0,False,0.33808063098520563,68.2
2015,00-0024334,B.Marshall,,WR,123.53399658203124,1.133,14.0,1502.0,0.0,150200.0,1400.0,0.0,0.0,37.999000549316406,4.0,0,1.3944587357547304,1502.0,17300.0,13.78,109.0,marshall,1.3415329877240452,0.8164675073579543,2.043432788399101,1.4208894978628355,0.5689438628684205,1.8071592860754566,2.3419297757000686,-0.8782790853514344,-0.9709581834241494,1.6373860810304168,1.4317732456821715,0.0,False,1.0132442270485524,94.3
2015,00-0022943,B.Watson,,WR,71.64600372314453,0.968,6.0,825.0,0.0,82500.0,600.0,0.0,0.0,20.19700050354004,2.0,0,1.0917297569481101,825.0,11000.0,11.149,74.0,watson,0.36034000519798715,0.5319175936021336,-0.3595349449521804,-1.107210870213747,0.5689438628684205,0.6155178469035503,0.5478292692331873,-0.8782790853514344,-0.9709581834241494,0.44465175419353525,0.052254498017597455,0.0,False,-0.1748233150617527,48.4
2015,00-0027531,C.Ivory,NYJ,RB,-24.10099983215332,-0.087,8.0,1287.0,2.0,22.3,18.6,10.0,13.345,-7.908999919891357,0.0,0,-0.11420938512478494,1287.0,6.1,4.646,277.0,ivory,-1.4502192939803369,-1.2874773095032641,0.24120698838563986,0.6180215818562399,-1.3085708845973671,-0.8362376202691044,-0.7560332738416186,1.2068439230368633,0.9957075768950648,-1.4384507853479183,-1.3272642496469766,0.0,False,-0.33427692681089677,42.3
2015,00-0025389,C.Johnson,,WR,98.03900146484376,1.114,9.0,1214.0,0.0,121400.0,900.0,0.0,0.0,20.39699935913086,2.0,0,0.9271363345059481,1214.0,14900.0,13.795,88.0,johnson,0.8594270337213143,0.7837011536527387,0.54157795505455,0.3454199173516749,0.5689438628684205,1.3002276250983384,1.2206169591582678,-0.8782790853514344,-0.9709581834241494,0.45805168115555434,0.052254498017597455,0.0,False,0.2056665377912125,63.1
2015,00-0026164,C.Johnson,ARI,RB,-20.44700050354004,-0.101,3.0,872.0,2.0,13.1,6.0,13.0,18.111,0.0,0.0,0,0.0,872.0,2.4,4.317,202.0,johnson,-1.3811227978190628,-1.3116209385492126,-1.260647844958911,-0.9317002095053284,-1.3085708845973671,-0.8363995567719167,-0.784290356818472,1.8323808255533527,1.6980776790817547,-0.9085476468720434,-1.3272642496469766,0.0,False,-0.5720703712305248,33.1
2015,00-0028434,D.Baldwin,,WR,94.04900360107422,1.206,14.0,1069.0,0.0,106900.0,1400.0,0.0,0.0,35.88999938964844,6.0,0,1.8405127892127404,1069.0,10300.0,13.705,78.0,baldwin,0.7839768632961128,0.9423592873832567,2.043432788399101,-0.19604914228068032,0.5689438628684205,1.0450016152313866,2.3419297757000686,-0.8782790853514344,-0.9709581834241494,1.4960829649756795,2.811291993346746,0.0,False,1.1620887675819507,100.0
2015,00-0031285,D.Freeman,ATL,RB,21.600000381469727,0.064,14.0,1634.0,1.0,26.6,41.2,8.0,13.038,-19.71500015258789,3.0,0,-0.23331361127322947,1634.0,15.7,4.834,338.0,freeman,-0.5860212737181415,-1.0270710247933923,2.043432788399101,1.9138130555971176,-0.3698135108644733,-0.8361619325558337,-0.7053499345339292,0.7898193213592036,0.950464685293866,-2.229453015657555,0.7420138718498844,0.0,False,0.5687961634732761,77.1
2015,00-0030564,D.Hopkins,,WR,139.32000732421875,1.255,11.0,1521.0,0.0,152100.0,1100.0,0.0,0.0,28.66399955749512,1.0,0,1.0329369209908152,1521.0,19300.0,13.703,111.0,hopkins,1.640043724195182,1.026861989044076,1.1423198883923702,1.4918406160215578,0.5689438628684205,1.8406026942649192,1.6691420857749881,-0.8782790853514344,-0.9709581834241494,1.0119408448001632,-0.6375048758146895,0.0,False,0.374649459541155,69.6
2015,00-0029613,D.Martin,TB,RB,-9.192999839782717,-0.029,7.0,1673.0,4.0,27.9,21.9,6.0,13.154,-4.63100004196167,2.0,0,-0.05770716563192112,1673.0,8.3,5.212,321.0,martin,-1.1683115891324447,-1.1874537034557637,-0.05916397828327026,2.0594495612913373,-3.1860856320631545,-0.8361390502239145,-0.7486326092524428,0.37279471968154415,0.9675597192539279,-1.218824733908745,0.052254498017597455,0.0,False,-0.0935710533378028,51.6
2015,00-0026144,D.McFadden,DAL,RB,-2.7679998874664307,-0.01,3.0,1417.0,3.0,26.0,12.5,4.0,11.458,6.507999897003174,0.0,0,0.09330465802155088,1417.0,10.4,5.079,279.0,mcfadden,-1.0468159498024046,-1.154687349750548,-1.260647844958911,1.103476600836972,-2.2473282583302607,-0.836172493632104,-0.7697132902034286,-0.04422988199611536,0.7176185330792269,-0.472511535410049,-1.3272642496469766,0.0,False,-0.7053689611059768,28.0
2015,00-0031339,D.Moncrief,,WR,77.48799896240234,1.211,6.0,733.0,0.0,73300.0,600.0,0.0,0.0,10.989999771118164,1.0,0,0.6868749856948853,733.0,10500.0,11.453,64.0,moncrief,0.4708111261045011,0.9509820120425241,-0.3595349449521804,-1.4507636528770345,0.5689438628684205,0.4535813440914153,0.5478292692331873,-0.8782790853514344,-0.9709581834241494,-0.17221746232898175,-0.6375048758146895,0.0,False,-0.32542134857447136,42.6
2015,00-0028009,D.Murray,PHI,RB,-0.4679999947547912,-0.002,7.0,1024.0,2.0,17.0,18.4,7.0,13.0,-3.825000047683716,2.0,0,-0.06455696283010491,1024.0,8.9,4.321,237.0,murray,-1.0033233491023403,-1.1408909902957203,-0.05916397828327026,-0.36409126423554916,-1.3085708845973671,-0.8363309097761593,-0.7564817989682354,0.5813070205203739,0.9448645879621214,-1.1648227196331788,0.052254498017597455,0.0,False,-0.1811853666370988,48.2
2015,00-0027874,D.Thomas,,WR,97.41100311279295,0.928,6.0,1304.0,0.0,130400.0,600.0,0.0,0.0,22.76499938964844,3.0,0,0.8672380719866073,1304.0,17700.0,12.419,105.0,thomas,0.8475516933560404,0.46293579632799553,-0.3595349449521804,0.6815041612614126,0.5689438628684205,1.4586437691536878,0.5478292692331873,-0.8782790853514344,-0.9709581834241494,0.6167077262676993,0.7420138718498844,0.0,False,0.14745536363940095,60.9
2015,00-0024389,D.Walker,TEN,WR,85.17900085449219,0.897,6.0,1124.0,0.0,21.6,17.6,3.0,11.074,27.61000061035156,2.0,0,1.1625263414884868,1124.0,24.5,11.832,95.0,walker,0.6162466434434754,0.4094749034405383,-0.3595349449521804,0.009335673441937158,0.5689438628684205,-0.8362499415247533,-0.7582758994747022,-0.2527421828349451,0.6610280758321246,0.9413228961721762,0.052254498017597455,0.0,False,0.05177450062352079,57.2
2015,00-0024242,De.Williams,PIT,RB,13.430999755859377,0.056,11.0,1274.0,1.0,19.8,26.2,10.0,14.586,-2.134000062942505,5.0,0,-0.03556666771570841,1274.0,8.1,5.308,240.0,williams,-0.7404956645449027,-1.0408673842482197,1.1423198883923702,0.5694760799581666,-0.3698135108644733,-0.8362816247535643,-0.7389893190301833,1.2068439230368633,1.1785949660712465,-1.0515256899008365,2.1215326195144586,0.0,False,0.7093739761580188,82.5
2015,00-0027690,E.Decker,,WR,100.70700073242188,1.259,12.0,1027.0,0.0,102700.0,1200.0,0.0,0.0,26.090999603271484,4.0,0,1.3045499801635743,1027.0,13200.0,12.838,80.0,decker,0.9098784390368305,1.0337601687714897,1.4426908550612805,-0.35288845610522457,0.5689438628684205,0.9710740813388902,1.8934046490833483,-0.8782790853514344,-0.9709581834241494,0.8395498010713227,1.4317732456821715,0.0,False,0.7000124366160883,82.2
2015,00-0030485,E.Lacy,GB,RB,-9.31999969482422,-0.045,5.0,946.0,2.0,17.6,13.2,10.0,12.267,1.955999970436096,2.0,0,0.03779710087799219,946.0,4.9,4.57,207.0,lacy,-1.170713134455029,-1.2150464223654192,-0.6599059116210906,-0.6553642756239885,-1.3085708845973671,-0.836320348699889,-0.7681434522602701,1.2068439230368633,0.8368416578524185,-0.7774956132785162,0.052254498017597455,0.0,False,-0.2664907706738038,44.9
2015,00-0027685,E.Sanders,DEN,WR,92.77100372314452,1.174,6.0,1164.0,0.0,19.8,19.4,12.0,11.452,27.54199981689453,2.0,0,1.3945316362984572,1164.0,22.7,14.734,79.0,sanders,0.7598101063490088,0.887173849563946,-0.3595349449521804,0.1587064485129317,0.5689438628684205,-0.8362816247535643,-0.7542391733351518,1.6238685247145226,0.7167343071847408,0.9367668417738063,0.052254498017597455,0.0,False,0.3250973089014414,67.7
2015,00-0023500,F.Gore,IND,RB,-34.95100021362305,-0.119,7.0,1234.0,3.0,24.0,21.9,8.0,10.406,-10.640000343322754,2.0,0,-0.14476190943296263,1234.0,9.6,4.197,294.0,gore,-1.655390927110483,-1.342662747322575,-0.05916397828327026,0.4201053048871721,-2.2473282583302607,-0.8362076972196718,-0.7486326092524428,0.7898193213592036,0.5625842595793533,-1.6214278633872767,0.052254498017597455,0.0,False,-0.23999111375822121,45.9
2015,00-0026281,G.Barnidge,,WR,96.7040023803711,1.224,9.0,1043.0,0.0,104300.0,900.0,0.0,0.0,18.819000244140625,2.0,0,0.9528607718552216,1043.0,12500.0,13.203,79.0,barnidge,0.8341824316237607,0.973401096156619,0.54157795505455,-0.29314014607682676,0.5689438628684205,0.9992369513931745,1.2206169591582678,-0.8782790853514344,-0.9709581834241494,0.35232571175170524,0.052254498017597455,0.0,False,0.1685069417342031,61.7
2015,00-0025418,G.Olsen,,WR,90.14299774169922,1.171,7.0,1104.0,0.0,110400.0,700.0,0.0,0.0,16.16699981689453,1.0,0,0.8398441463321834,1104.0,12400.0,14.338,77.0,olsen,0.7101149671663606,0.8820002147683857,-0.05916397828327026,-0.06534971409356011,0.5689438628684205,1.1066078934751336,0.7720918325415475,-0.8782790853514344,-0.9709581834241494,0.17464163489355675,-0.6375048758146895,0.0,False,-0.12273163517090455,50.4
2015,00-0027891,G.Tate,DET,TE,55.7869987487793,0.581,6.0,854.0,0.0,15.1,15.0,7.0,14.32,17.57699966430664,4.0,0,0.7323749860127767,854.0,20.7,8.896,96.0,tate,0.060448960404413596,-0.1354812950251545,-0.3595349449521804,-0.998917058287276,0.5689438628684205,-0.8363643531843489,-0.7641067261207196,0.5813070205203739,1.139394284749035,0.26911165031422263,1.4317732456821715,0.0,False,0.30611010088803514,67.0
2015,00-0030656,I.Crowell,CLE,RB,-9.211999893188477,-0.045,5.0,888.0,0.0,16.5,20.8,3.0,9.586,2.6600000858306885,3.0,0,0.052156864428052715,888.0,3.6,4.353,204.0,crowell,-1.1686708768605334,-1.2150464223654192,-0.6599059116210906,-0.8719518994769306,0.5689438628684205,-0.8363397106730514,-0.7510994974488346,-0.2527421828349451,0.44174005399960387,-0.730327592743235,0.7420138718498844,0.0,False,-0.2796144675237716,44.4
2015,00-0031301,J.Hill,CIN,RB,-20.875999450683597,-0.087,12.0,873.0,3.0,15.1,25.0,12.0,14.964,-7.458000183105469,3.0,0,-0.12482008674653504,873.0,3.8,3.653,239.0,hill,-1.3892350938100269,-1.2874773095032641,1.4426908550612805,-0.9279659401285535,-2.2473282583302607,-0.8363643531843489,-0.7416804697898836,1.6238685247145226,1.2343011974238627,-1.4082337947808077,0.7420138718498844,0.0,False,0.30184066372340623,66.8
2015,00-0025465,J.Jones,,WR,85.16600036621094,1.703,8.0,890.0,0.0,89000.0,800.0,0.0,0.0,26.73600006103516,1.0,0,2.1388800048828127,890.0,10100.0,17.8,50.0,jones,0.6160008064556067,1.7994581185144252,0.24120698838563986,-0.8644833607233808,0.5689438628684205,0.7299295064990804,0.9963543958499076,-0.8782790853514344,-0.9709581834241494,0.8827648434722895,-0.6375048758146895,0.0,False,0.01319714359060864,55.7
2015,00-0027944,J.Jones,,WR,144.77099609375,1.064,8.0,1871.0,0.0,187100.0,800.0,0.0,0.0,46.6150016784668,2.0,0,1.3710294611313765,1871.0,20300.0,13.757,136.0,jones,1.7431209802963765,0.6974739070600658,0.24120698838563986,2.79883489789276,0.5689438628684205,2.4566654767023888,0.9963543958499076,-0.8782790853514344,-0.9709581834241494,2.214658313385072,0.052254498017597455,0.0,False,0.44664598387662297,72.4
2015,00-0031382,J.Landry,MIA,WR,76.97799682617188,0.601,5.0,1270.0,0.0,22.4,14.3,6.0,11.481,22.143999099731445,0.0,0,0.6919999718666077,1270.0,28.6,9.922,128.0,landry,0.4611670737993071,-0.10099039638808531,-0.6599059116210906,0.5545390024510672,0.5689438628684205,-0.8362358600897261,-0.7656765640638781,0.37279471968154415,0.7210080656747564,0.5751006955489577,-1.3272642496469766,0.0,False,-0.28368501371314864,44.2
2015,00-0026995,J.Maclin,KC,WR,81.73500061035156,0.908,8.0,1102.0,0.0,21.5,21.6,11.0,14.464,19.30699920654297,3.0,0,0.8580888536241319,1102.0,26.6,12.244,90.0,maclin,0.5511211936971558,0.4284448976909263,0.24120698838563986,-0.07281825284710984,0.5689438628684205,-0.8362517017041317,-0.7493053969423678,1.415356223875693,1.1606157062166984,0.3850216511080335,0.7420138718498844,0.0,False,0.5185405032776891,75.2
2015,00-0031299,J.Matthews,,WR,82.11799621582031,0.966,8.0,997.0,0.0,99700.0,800.0,0.0,0.0,34.42599868774414,4.0,0,1.6200469970703124,997.0,12800.0,11.729,85.0,matthews,0.5583635744430492,0.5284685037384268,0.24120698838563986,-0.4649165374084705,0.5689438628684205,0.918268699987107,0.9963543958499076,-0.8782790853514344,-0.9709581834241494,1.3979948913219087,1.4317732456821715,0.0,False,0.36517842341936324,69.3
2015,00-0030472,J.Reed,,WR,77.60700225830078,0.892,11.0,952.0,0.0,95200.0,1100.0,0.0,0.0,35.8849983215332,5.0,0,1.6498849803003772,952.0,11400.0,10.943,87.0,reed,0.47306145787490833,0.400852178781271,1.1423198883923702,-0.6329586593633393,0.5689438628684205,0.8390606279594323,1.6691420857749881,-0.8782790853514344,-0.9709581834241494,1.4957478933210029,2.1215326195144586,0.0,False,0.6914310222363373,81.8
2015,00-0026153,J.Stewart,CAR,RB,-8.944000244140625,-0.035,7.0,1088.0,2.0,18.2,13.0,15.0,15.625,3.453000068664551,1.0,0,0.05353488478549691,1088.0,4.3,4.217,258.0,stewart,-1.163603049787701,-1.1978009730468846,-0.05916397828327026,-0.12509802412195792,-1.3085708845973671,-0.8363097876236186,-0.7685919773868868,2.2494054272310122,1.3317134167997338,-0.6771965794708578,-0.6375048758146895,0.0,False,-0.09457324977891744,51.5
2015,00-0022127,J.Witten,,TE,39.00899887084961,0.507,3.0,713.0,0.0,71300.0,300.0,0.0,0.0,9.800999641418455,1.0,0,0.5091428385152444,713.0,10400.0,9.26,77.0,witten,-0.2568201192807181,-0.2630976199823103,-1.260647844958911,-1.5254490404125316,0.5689438628684205,0.4183777565235599,-0.12495842069189317,-0.8782790853514344,-0.9709581834241494,-0.2518804926435342,-0.6375048758146895,0.0,False,-0.7162427258842158,27.5
2015,00-0031051,Jo.Brown,ARI,WR,85.70999908447266,1.26,7.0,1025.0,0.0,15.3,14.0,13.0,18.111,20.100000381469727,3.0,0,1.1823529636158663,1025.0,18.4,15.074,68.0,brown,0.6262877282548983,1.0354847137033434,-0.05916397828327026,-0.3603569948587743,0.5689438628684205,-0.8363608328255919,-0.7663493517538033,1.8323808255533527,1.6980776790817547,0.4381527442506564,0.7420138718498844,0.0,False,0.6193544853079774,79.1
2015,00-0028497,K.Aiken,,WR,79.81999969482422,1.064,5.0,944.0,0.0,94400.0,500.0,0.0,0.0,26.87800025939941,1.0,0,1.4334933471679685,944.0,12800.0,12.587,75.0,aiken,0.5149088571560904,0.6974739070600658,-0.6599059116210906,-0.6628328143775383,0.5689438628684205,0.82497919293229,0.32356670592482717,-0.8782790853514344,-0.9709581834241494,0.8922788593452908,-0.6375048758146895,0.0,False,-0.3106315451858053,43.2
2015,00-0022921,L.Fitzgerald,,WR,89.38400268554688,0.82,9.0,1215.0,0.0,121500.0,900.0,0.0,0.0,14.524999618530272,2.0,0,0.5330275089368907,1215.0,14500.0,11.147,109.0,fitzgerald,0.6957625017531391,0.2766849436878219,0.54157795505455,0.3491541867284497,0.5689438628684205,1.3019878044767312,1.2206169591582678,-0.8782790853514344,-0.9709581834241494,0.0646275917396427,0.052254498017597455,0.0,False,0.12184032232280663,59.9
2015,00-0027029,L.McCoy,BUF,RB,7.116000175476074,0.03,5.0,1187.0,1.0,21.1,12.2,8.0,13.069,0.5320000052452087,0.0,0,0.009055319238216319,1187.0,10.8,5.051,235.0,mccoy,-0.859911215841678,-1.0857055524764097,-0.6599059116210906,0.24459464417875354,-0.3698135108644733,-0.8362587424216452,-0.7703860778933537,0.7898193213592036,0.9550331857487102,-0.8729036368449842,-1.3272642496469766,0.0,False,-0.49127878390893565,36.2
2015,00-0029615,L.Miller,MIA,RB,4.35099983215332,0.018,10.0,1269.0,1.0,22.4,28.6,6.0,11.481,-6.386000156402588,3.0,0,-0.10599170384070686,1269.0,9.8,5.266,241.0,miller,-0.9121968947448614,-1.1064000916586512,0.8419489217234601,0.5508047330742923,-0.3698135108644733,-0.8362358600897261,-0.7336070175107826,0.37279471968154415,0.7210080656747564,-1.3364097734949556,0.7420138718498844,0.0,False,0.18518342373939156,62.3
2015,00-0030513,L.Murray,LV,RB,-30.63599967956543,-0.1,6.0,1298.0,1.0,23.7,14.6,0.0,0.0,-12.960000038146973,1.0,0,-0.16885993535044916,1298.0,8.8,4.228,307.0,murray,-1.5737950123267335,-1.309896393617359,-0.3595349449521804,0.6590985450007634,-0.3698135108644733,-0.8362129777578071,-0.765003776373953,-0.8782790853514344,-0.9709581834241494,-1.776867885134971,-0.6375048758146895,0.0,False,-0.7309655472626605,27.0
2015,00-0026986,M.Crabtree,,WR,80.3239974975586,0.945,9.0,922.0,0.0,92200.0,900.0,0.0,0.0,12.97599983215332,2.0,0,0.6106352862189798,922.0,14600.0,10.847,85.0,crabtree,0.5244393685519811,0.49225306016950415,0.54157795505455,-0.7449867406665852,0.5689438628684205,0.7862552466076491,1.2206169591582678,-0.8782790853514344,-0.9709581834241494,-0.03915542211969764,0.052254498017597455,0.0,False,0.042900564590495995,56.8
2015,00-0031408,M.Evans,,WR,100.38200378417967,1.357,3.0,1211.0,0.0,121100.0,300.0,0.0,0.0,29.530000686645508,0.0,0,1.5962162533321895,1211.0,14800.0,16.365,74.0,evans,0.9037328028811815,1.2027655720931287,-1.260647844958911,0.3342171092213503,0.5689438628684205,1.29494708696316,-0.12495842069189317,-0.8782790853514344,-0.9709581834241494,1.0699629362034397,-1.3272642496469766,0.0,False,-0.4283319633946133,38.7
2015,00-0026184,M.Forte,CHI,RB,5.0229997634887695,0.019,7.0,1287.0,1.0,23.1,21.2,6.0,12.407,11.284000396728516,3.0,0,0.17227481521722923,1287.0,11.5,4.912,262.0,forte,-0.8994894921155572,-1.1046755467267977,-0.05916397828327026,0.6180215818562399,-0.3698135108644733,-0.8362235388340774,-0.7502024471956013,0.37279471968154415,0.8574735953904246,-0.15251941506601807,0.7420138718498844,0.0,False,0.07674810817969194,58.1
2015,00-0032144,M.Gordon,LAC,RB,-41.257999420166016,-0.19,0.0,833.0,4.0,13.5,0.0,0.0,0.0,-7.717000007629394,0.0,0,-0.14224884806690127,833.0,5.6,3.839,217.0,gordon,-1.7746551927198149,-1.4651054374841705,-2.1617607449656413,-1.077336715199548,-3.1860856320631545,-0.8363925160544031,-0.7977461106169736,-0.8782790853514344,-0.9709581834241494,-1.4255867877344117,-1.3272642496469766,0.0,False,-1.430365728905729,0.0
2015,00-0029293,M.Jones,CIN,WR,63.0620002746582,0.901,4.0,849.0,0.0,14.7,8.3,12.0,14.964,19.198999404907227,0.0,0,1.097085680280413,849.0,20.8,12.129,70.0,jones,0.19801798267265908,0.41637308316795213,-0.9602768782900006,-1.0175884051711503,0.5689438628684205,-0.8363713939018624,-0.7791323178623797,1.6238685247145226,1.2343011974238627,0.3777856624342167,-1.3272642496469766,0.0,False,-0.22119615578142743,46.6
2015,00-0031235,O.Beckham Jr.,NYG,WR,144.9720001220703,1.495,13.0,1457.0,0.0,24.1,31.7,6.0,14.0,30.767000198364254,3.0,0,1.2687422762212064,1457.0,25.7,15.021,97.0,jr,1.7469219317531754,1.4407527726889062,1.7430618217301905,1.2528473759079666,0.5689438628684205,-0.8362059370402934,-0.7266548780482235,0.37279471968154415,1.09223557037645,1.1528419259862455,0.7420138718498844,0.0,False,0.9930390552284727,93.5
2015,00-0026345,P.Garcon,,WR,71.75599670410156,0.997,6.0,777.0,0.0,77700.0,600.0,0.0,0.0,22.83300018310547,3.0,0,1.2685000101725261,777.0,11200.0,10.792,72.0,garcon,0.3624199534691733,0.581929396625884,-0.3595349449521804,-1.2864558002989404,0.5689438628684205,0.5310292367406972,0.5478292692331873,-0.8782790853514344,-0.9709581834241494,0.6212637806660692,0.7420138718498844,0.0,False,-0.026199073339880447,54.2
2015,00-0028002,R.Cobb,GB,WR,60.196998596191406,0.654,6.0,879.0,0.0,16.4,15.8,10.0,12.267,7.71999979019165,0.0,0,0.33565216479094134,879.0,22.7,9.554,92.0,cobb,0.14384129579479024,-0.009589514999851965,-0.3595349449521804,-0.9055603238679044,0.5689438628684205,-0.8363414708524297,-0.7623126256142527,1.2068439230368633,0.8368416578524185,-0.39130752052344603,-1.3272642496469766,0.0,False,-0.2667248959672605,44.9
2015,00-0027656,R.Gronkowski,,WR,102.90299987792967,1.429,11.0,1176.0,0.0,117600.0,1100.0,0.0,0.0,25.70800018310547,2.0,0,1.4282222323947482,1176.0,12000.0,16.333,72.0,gronkowski,0.9514044035709635,1.3269328071865778,1.1423198883923702,0.20351768103423004,0.5689438628684205,1.233340808719413,1.6691420857749881,-0.8782790853514344,-0.9709581834241494,0.813888832954484,0.052254498017597455,0.0,False,0.4141137242414524,71.1
2015,00-0029683,R.Hillman,DEN,RB,-19.517000198364254,-0.084,7.0,974.0,1.0,16.5,22.6,12.0,11.452,-5.261000156402588,1.0,0,-0.09109956980783702,974.0,5.8,4.216,231.0,hillman,-1.3635366526839598,-1.282303674707704,-0.05916397828327026,-0.5508047330742923,-0.3698135108644733,-0.8363397106730514,-0.7470627713092842,1.6238685247145226,0.7167343071847408,-1.2610347530342716,-0.6375048758146895,0.0,False,-0.2760215871347885,44.5
2015,00-0027155,R.Jennings,NYG,RB,8.397000312805176,0.037,4.0,1159.0,1.0,19.1,9.8,6.0,14.0,12.012999534606934,2.0,0,0.21451784883226668,1159.0,6.5,5.174,224.0,jennings,-0.8356877245075559,-1.0736337379534355,-0.9602768782900006,0.14003510162905738,-0.3698135108644733,-0.8362939460092131,-0.7757683794127543,0.37279471968154415,1.09223557037645,-0.10367645956965649,0.052254498017597455,0.0,False,-0.2502827145700872,45.5
2015,00-0029269,T.Benjamin,CLE,WR,65.98600006103516,0.916,5.0,978.0,0.0,18.2,20.8,3.0,9.586,10.19200038909912,0.0,0,0.56622224383884,978.0,21.0,13.583,72.0,benjamin,0.2533103135805676,0.442241257145754,-0.6599059116210906,-0.5358676555671928,0.5689438628684205,-0.8363097876236186,-0.7510994974488346,-0.2527421828349451,0.44174005399960387,-0.2256834354376917,-1.3272642496469766,0.0,False,-0.42872115450295256,38.6
2015,00-0032241,T.Gurley,LA,RB,-7.129000186920166,-0.028,10.0,1294.0,1.0,26.6,38.5,0.0,0.0,6.081999778747559,4.0,0,0.0969242992629093,1294.0,5.5,5.155,251.0,gurley,-1.1292817122044128,-1.1857291585239103,0.8419489217234601,0.6441614674936639,-0.3698135108644733,-0.8361619325558337,-0.711405023743255,-0.8782790853514344,-0.9709581834241494,-0.5010535510809564,1.4317732456821715,0.0,False,0.04495776360580711,56.9
2015,00-0029608,T.Hilton,,WR,93.91500091552734,1.361,5.0,1124.0,0.0,112400.0,500.0,0.0,0.0,22.83099937438965,0.0,0,1.3235361956167913,1124.0,13400.0,16.29,69.0,hilton,0.7814428956582469,1.2096637518205426,-0.6599059116210906,0.009335673441937158,0.5689438628684205,1.141811481042989,0.32356670592482717,-0.8782790853514344,-0.9709581834241494,0.6211297264457201,-1.3272642496469766,0.0,False,-0.34245944099090353,42.0
2015,00-0030506,T.Kelce,,WR,57.172000885009766,0.794,5.0,875.0,0.0,87500.0,500.0,0.0,0.0,9.142999649047852,1.0,0,0.5079444249471029,875.0,10500.0,12.153,72.0,kelce,0.08663911157385108,0.23184677545963214,-0.6599059116210906,-0.9204974013750038,0.5689438628684205,0.7035268158231889,0.32356670592482717,-0.8782790853514344,-0.9709581834241494,-0.29596650409959124,-0.6375048758146895,0.0,False,-0.45608959776581337,37.6
2015,00-0032209,T.Yeldon,JAX,RB,-3.005000114440918,-0.014,3.0,1019.0,0.0,18.0,7.5,5.0,13.926,-0.9890000224113464,0.0,0,-0.018146789402043055,1019.0,7.6,4.674,218.0,yeldon,-1.0512975831582538,-1.1615855294779618,-1.260647844958911,-0.3827626111194235,0.5689438628684205,-0.8363133079823755,-0.7809264183688466,0.16428241884271438,1.0813301176777896,-0.9748106663608187,-1.3272642496469766,0.0,False,-0.7033579838760764,28.0
2015,00-0030663,W.Snead,,WR,75.47699737548828,1.094,3.0,984.0,0.0,98400.0,300.0,0.0,0.0,20.733999252319336,0.0,0,1.201970971148947,984.0,10200.0,14.261,69.0,snead,0.4327834334493803,0.7492102550156696,-1.260647844958911,-0.5134620393065437,0.5689438628684205,0.895386368068001,-0.12495842069189317,-0.8782790853514344,-0.9709581834241494,0.4806306801282919,-1.3272642496469766,0.0,False,-0.5994023941839486,32.1
2015,00-0030061,Z.Ertz,,WR,52.14500045776367,0.695,2.0,853.0,0.0,85300.0,200.0,0.0,0.0,24.93000030517578,1.0,0,1.3296000162760417,853.0,11200.0,11.373,75.0,ertz,-0.008420598208786918,0.06111682720613967,-1.561018811627821,-1.0026513276640507,0.5689438628684205,0.6648028694985479,-0.3492209840002533,-0.8782790853514344,-0.9709581834241494,0.7617628269834975,-0.6375048758146895,0.0,False,-0.6482980660836986,30.2
2016,00-0027793,A.Brown,PIT,WR,104.5019989013672,0.959,12.0,1293.0,0.0,21.1,26.7,11.0,13.759,18.589000701904297,1.0,0,0.6821651633726348,1293.0,26.2,11.862,109.0,brown,1.1446483126195,0.5054377818412584,1.2606806568081586,0.555800381179768,0.5563173729924681,-0.749479506651049,-0.6253424237968059,1.3253498439301739,0.9056455329205627,0.44979155875485854,-0.29650327600786125,0.0,False,0.5428672458785602,65.1
2016,00-0031544,A.Cooper,LV,WR,83.21299743652344,0.991,5.0,1153.0,0.0,19.2,10.9,0.0,0.0,10.175000190734863,1.0,0,0.4845238186064221,1153.0,22.7,13.726,84.0,cooper,0.6476205671178866,0.5664017620830096,-0.5733818649940721,0.08196473717689437,0.5563173729924681,-0.7495175102989632,-0.6718771917144102,-0.9871571251341986,-1.116047277611523,-0.2142499799746084,-0.29650327600786125,0.0,False,-0.35322061473808436,23.7
2016,00-0027942,A.Green,,WR,74.39199829101562,1.127,4.0,964.0,0.0,96400.0,400.0,0.0,0.0,0.0,0.0,0,0.0,964.0,10000.0,14.606,66.0,green,0.4416794230203806,0.8254986781104524,-0.8353907966801051,-0.5577133822269851,0.5563173729924681,1.1782835364833457,0.47411509921849,-0.9871571251341986,-1.116047277611523,-1.017271417192125,-1.0542338702501735,0.0,False,-0.5043543769570135,16.7
2016,00-0031428,A.Robinson,,WR,84.76300048828125,1.161,6.0,883.0,0.0,88300.0,600.0,0.0,0.0,23.33099937438965,0.0,0,1.2784109246240902,883.0,15200.0,12.096,73.0,robinson,0.6838080098971085,0.8902729071173132,-0.31137293330803917,-0.8318611476857906,0.5563173729924681,1.0162679848492369,1.0631627943780377,-0.9871571251341986,-1.116047277611523,0.8240349511756428,-1.0542338702501735,0.0,False,-0.30681645625715354,25.8
2016,00-0031236,B.Cooks,NO,WR,91.34400177001952,1.087,8.0,1203.0,0.0,17.2,14.5,7.0,16.75,30.040000915527344,2.0,0,1.4304762340727306,1203.0,17.6,14.321,84.0,cooks,0.837452615333731,0.7492937028082634,0.21264493006402677,0.2511917528922064,0.5563173729924681,-0.7495575141388728,-0.6612743332015383,0.4844382188158566,1.3451311929468341,1.3535162247745016,0.4612273182344509,0.0,False,0.4951033743678157,62.9
2016,00-0027681,B.LaFell,CIN,WR,68.302001953125,1.051,6.0,860.0,0.0,14.8,17.1,6.0,12.5,22.899999618530277,1.0,0,1.4092307457557094,860.0,19.7,13.231,65.0,lafell,0.2994981584395398,0.6807092250362932,-0.31137293330803917,-0.9097055749148342,0.5563173729924681,-0.7496055187467643,-0.6536167131644642,0.2742103125372773,0.72065307355143,0.7900200089738978,-0.29650327600786125,0.0,False,0.004433539790827168,40.2
2016,00-0024334,B.Marshall,,WR,75.02100372314453,1.272,4.0,788.0,0.0,78800.0,400.0,0.0,0.0,7.058000087738037,0.0,0,0.4785084805246127,788.0,12800.0,13.356,59.0,marshall,0.4563646186767187,1.1017417135808878,-0.8353907966801051,-1.1533924775448834,0.5563173729924681,0.8262497452783688,0.47411509921849,-0.9871571251341986,-1.116047277611523,-0.4602468208193735,-1.0542338702501735,0.0,False,-0.5007971265852746,16.9
2016,00-0031045,C.Hyde,SF,RB,-17.952999114990234,-0.073,9.0,1151.0,2.0,24.2,25.7,2.0,10.3,-2.2060000896453857,2.0,0,-0.03601632799421038,1151.0,6.8,4.698,245.0,hyde,-1.7142707254567338,-1.460650580955219,0.4746538617500597,0.07519565654828189,-2.090985988144104,-0.749417500699189,-0.6282876622726037,-0.56670131257704,0.3973938117467504,-1.1913712038537574,0.4612273182344509,0.0,False,-0.2140362940574553,30.1
2016,00-0031381,D.Adams,,WR,82.2040023803711,1.096,12.0,997.0,0.0,99700.0,1200.0,0.0,0.0,16.952999114990234,4.0,0,0.9041599527994791,997.0,12300.0,13.293,75.0,adams,0.6240638710084031,0.7664398222512561,1.2606806568081586,-0.44602355185487913,0.5563173729924681,1.2442898723342788,2.830305879856681,-0.9871571251341986,-1.116047277611523,0.3206766377733203,1.9766885067190751,0.0,False,0.7322850746409013,73.9
2016,00-0028434,D.Baldwin,SEA,WR,88.51200103759766,0.912,7.0,1130.0,0.0,19.4,19.4,10.0,12.643,17.554000854492188,2.0,0,0.7238763238965851,1130.0,22.9,11.649,97.0,baldwin,0.7713347684436827,0.41589693586118637,-0.049364001622006194,0.004120309947850841,0.5563173729924681,-0.7495135099149721,-0.6468426646701294,1.1151219376515946,0.7416649255687343,0.3681083106556999,0.4612273182344509,0.0,False,0.342675887970204,55.9
2016,00-0031285,D.Freeman,ATL,RB,27.739999771118164,0.099,13.0,1541.0,1.0,22.7,22.4,11.0,21.6,7.232999801635742,4.0,0,0.10296085126883618,1541.0,12.4,5.484,281.0,freeman,-0.6474903854264996,-1.132969187155806,1.5226895884941916,1.3951663791277158,-0.7673343075758181,-0.7494475035791213,-0.6380069492427362,1.3253498439301739,2.0577709291980604,-0.4464356641478728,1.9766885067190751,0.0,False,0.933279831782899,83.2
2016,00-0030564,D.Hopkins,,WR,91.51599884033205,1.173,4.0,954.0,0.0,95400.0,400.0,0.0,0.0,24.768999099731445,0.0,0,1.27020508203751,954.0,15100.0,12.231,78.0,hopkins,0.8414681778405724,0.91313439970797,-0.8353907966801051,-0.5915587853700475,0.5563173729924681,1.1582816165285175,0.47411509921849,-0.9871571251341986,-1.116047277611523,0.9375233624303031,-1.0542338702501735,0.0,False,-0.39841577268825823,21.6
2016,00-0026189,D.Jackson,,WR,75.14800262451172,1.342,4.0,1005.0,0.0,100500.0,400.0,0.0,0.0,26.433000564575195,1.0,0,1.8880714688982283,1005.0,10000.0,17.946,56.0,jackson,0.45932962282367,1.2351004203597187,-0.8353907966801051,-0.4189472293404292,0.5563173729924681,1.2602914082981413,0.47411509921849,-0.9871571251341986,-1.116047277611523,1.0688480624580852,-0.29650327600786125,0.0,False,-0.189540850615382,31.3
2016,00-0032187,D.Johnson,ARI,RB,39.608001708984375,0.106,20.0,2118.0,3.0,34.6,41.7,7.0,14.414,-7.543000221252441,5.0,0,-0.08089008280163476,2118.0,18.9,5.678,373.0,johnson,-0.3704118077145548,-1.119633316477923,3.356752110296422,3.3480461404824164,-3.4146376687123903,-0.7492094807316588,-0.5811638466598398,0.4844382188158566,1.0018886313215014,-1.6125727208832767,2.734419100961387,0.0,False,1.2962527210650192,100.0
2016,00-0028009,D.Murray,TEN,RB,8.423999786376953,0.024,12.0,1664.0,1.0,29.0,26.7,9.0,14.654,4.921000003814697,1.0,0,0.05689017345450517,1664.0,13.8,4.809,346.0,murray,-1.0984550744176362,-1.2758535158474105,1.2606806568081586,1.8114648377873832,-0.7673343075758181,-0.7493214914834058,-0.6253424237968059,0.9048940313730153,1.0371532780638302,-0.6289010563533127,-0.29650327600786125,0.0,False,0.2158332283719676,50.0
2016,00-0027714,D.Pitta,,TE,33.75400161743164,0.392,2.0,729.0,0.0,72900.0,200.0,0.0,0.0,13.767000198364258,0.0,0,0.6403255906215933,729.0,12100.0,8.477,86.0,pitta,-0.5070833407817843,-0.5747677430672713,-1.3594086600521709,-1.3530803560889517,0.5563173729924681,0.7082384175448823,-0.11493259594105776,-0.9871571251341986,-1.116047277611523,0.06923433988205441,-1.0542338702501735,0.0,False,-0.8654171787319999,0.0
2016,00-0027874,D.Thomas,,WR,82.64700317382812,0.918,5.0,1083.0,0.0,108300.0,500.0,0.0,0.0,20.73699951171875,0.0,0,0.9216444227430556,1083.0,14500.0,12.033,90.0,thomas,0.6344064737834079,0.42732768215651473,-0.5733818649940721,-0.15495308482454245,0.5563173729924681,1.4163063839458017,0.7686389467982638,-0.9871571251341986,-1.116047277611523,0.6193138250020243,-1.0542338702501735,0.0,False,-0.37584767594205537,22.6
2016,00-0024389,D.Walker,TEN,WR,64.59500122070312,0.964,7.0,811.0,0.0,14.1,15.6,9.0,14.654,15.164999961853027,1.0,0,0.905373132050927,811.0,20.7,12.104,67.0,walker,0.21295195665308625,0.514963403754032,-0.049364001622006194,-1.0755480503158399,0.5563173729924681,-0.7496195200907327,-0.6580345708781608,0.9048940313730153,1.0371532780638302,0.1795659131756586,-0.29650327600786125,0.0,False,0.09537442946219964,44.4
2016,00-0033045,E.Elliott,DAL,RB,30.839000701904297,0.087,16.0,1994.0,1.0,33.3,33.3,13.0,15.593,6.302000045776367,3.0,0,0.07120904006526968,1994.0,8.3,5.633,354.0,elliott,-0.5751389673254845,-1.1558306797464628,2.3087163835522904,2.928363141508443,-0.7673343075758181,-0.7492354832276,-0.6059038498565409,1.7458056564873328,1.1751262084431913,-0.519911118495295,1.218957912476763,0.098,False,0.9716228680207482,85.0
2016,00-0027685,E.Sanders,DEN,WR,84.2959976196289,1.054,5.0,1036.0,0.0,19.5,16.1,9.0,11.1,12.909000396728516,1.0,0,0.6454500198364258,1036.0,24.6,12.95,80.0,sanders,0.6729050380817151,0.6864245981839575,-0.5733818649940721,-0.31402647959693575,0.5563173729924681,-0.7495115097229766,-0.6565619516402619,0.9048940313730153,0.5149426342211793,0.0015201166951831753,-0.29650327600786125,0.0,False,0.018913629529027018,40.9
2016,00-0023500,F.Gore,IND,RB,-8.913000106811523,-0.03,8.0,1302.0,1.0,22.4,18.6,8.0,16.44,-2.6679999828338623,1.0,0,-0.035455149273539696,1302.0,8.2,4.326,301.0,gore,-1.5032166591684792,-1.3787302325053659,0.21264493006402677,0.5862612440085242,-0.7673343075758181,-0.7494535041551077,-0.6491988554507676,0.6946661250944359,1.2995810242379933,-1.227832708646688,-0.29650327600786125,0.0,False,-0.12145770930717086,34.4
2016,00-0025418,G.Olsen,,WR,87.30999755859375,1.091,3.0,1073.0,0.0,107300.0,300.0,0.0,0.0,16.785999298095703,0.0,0,0.8392999649047852,1073.0,13200.0,13.412,80.0,olsen,0.7432719642656196,0.7569142003384822,-1.097399728366138,-0.18879848796760487,0.5563173729924681,1.3963044639909734,0.17959125163871612,-0.9871571251341986,-1.116047277611523,0.30749684116753534,-1.0542338702501735,0.0,False,-0.4750802006014119,18.1
2016,00-0027891,G.Tate,DET,WR,61.84700012207031,0.612,4.0,1081.0,1.0,19.9,12.5,9.0,14.417,22.87700080871582,1.0,0,0.9060198340085474,1081.0,23.4,10.703,101.0,tate,0.14879522328327874,-0.15564037890523158,-0.8353907966801051,-0.16172216545315496,-0.7673343075758181,-0.7495035089549947,-0.6671648101531338,0.9048940313730153,1.0023294394057805,0.7882049193458589,-0.29650327600786125,0.0,False,-0.08947933077680048,35.9
2016,00-0030656,I.Crowell,CLE,RB,-7.038000106811523,-0.03,7.0,1271.0,2.0,24.4,26.9,1.0,9.778,-0.3529999852180481,2.0,0,-0.005932772860807531,1271.0,9.4,5.34,238.0,crowell,-1.4594416129618972,-1.3787302325053659,-0.049364001622006194,0.4813404942650308,-2.090985988144104,-0.7494135003151979,-0.6247533761016463,-0.7769292188556193,0.32069320508218546,-1.0451305376003661,0.4612273182344509,0.0,False,-0.2931758229244672,26.5
2016,00-0031590,J.Ajayi,MIA,RB,9.9350004196167,0.035,8.0,1423.0,1.0,26.2,19.5,10.0,12.517,-4.210000038146973,1.0,0,-0.058675958719818434,1423.0,7.5,4.958,287.0,ajayi,-1.063178209063906,-1.2548971476393085,0.21264493006402677,0.9957906220395794,-0.7673343075758181,-0.7493774968592793,-0.6465481408225496,1.1151219376515946,0.7231509860290116,-1.3495289324693232,-0.29650327600786125,0.0,False,-0.0851041729746366,36.1
2016,00-0027150,J.Edelman,NE,WR,90.2969970703125,0.821,3.0,1163.0,0.0,18.7,5.9,14.0,16.333,36.67699813842773,1.0,0,1.3337090232155537,1163.0,29.1,10.573,110.0,edelman,0.8130085198093667,0.24253061704870613,-1.097399728366138,0.11581014031995678,0.5563173729924681,-0.7495275112589406,-0.6866033840933988,1.956033562765912,1.2838588692320378,1.8773148438246712,-0.29650327600786125,0.0,False,0.16711273518966352,47.8
2016,00-0031301,J.Hill,CIN,RB,1.4249999523162842,0.006,9.0,1013.0,0.0,17.4,25.7,6.0,12.5,-4.089000225067139,2.0,0,-0.0673086456801175,1013.0,5.0,4.169,243.0,hill,-1.2618585630234307,-1.3101457547333957,0.4746538617500597,-0.3918709068259793,0.5563173729924681,-0.7495535137548818,-0.6282876622726037,0.2742103125372773,0.72065307355143,-1.3399795032820003,0.4612273182344509,0.0,False,-0.032954179672084305,38.5
2016,00-0032780,J.Howard,CHI,RB,20.93000030517578,0.074,7.0,1611.0,1.0,27.5,24.1,3.0,11.625,9.256999969482422,1.0,0,0.13177224155846864,1611.0,9.1,5.733,281.0,howard,-0.8064813407803266,-1.1805972967196743,-0.049364001622006194,1.6320842011291525,-0.7673343075758181,-0.749351494363338,-0.63300004383388,-0.3564734062984607,0.5920840489700233,-0.2866994977355406,-0.29650327600786125,0.0,False,-0.19549600571882442,31.0
2016,00-0027944,J.Jones,,WR,108.36900329589844,1.306,6.0,1409.0,0.0,140900.0,600.0,0.0,0.0,14.8149995803833,1.0,0,0.7139758833919663,1409.0,13000.0,16.976,83.0,jones,1.2349300705137185,1.1665159425877485,-0.31137293330803917,0.948407057639292,0.5563173729924681,2.068368974473202,1.0631627943780377,-0.9871571251341986,-1.116047277611523,0.15194352456770316,-0.29650327600786125,0.0,False,0.046457047856829914,42.2
2016,00-0028091,J.Kerley,,WR,46.78400039672852,0.731,3.0,667.0,0.0,66700.0,300.0,0.0,0.0,10.062000274658203,0.0,0,0.6288750171661377,667.0,11500.0,10.422,64.0,kerley,-0.20287598150955694,0.07106942261878083,-1.097399728366138,-1.5629218555759385,0.5563173729924681,0.5842265138249472,0.17959125163871612,-0.9871571251341986,-1.116047277611523,-0.22316804909621546,-1.0542338702501735,0.0,False,-0.742600634556875,5.7
2016,00-0031382,J.Landry,MIA,WR,77.677001953125,0.785,4.0,1153.0,0.0,21.2,9.8,10.0,12.517,21.95400047302246,2.0,0,0.8870303221423217,1153.0,28.4,11.646,99.0,landry,0.5183733894724492,0.17394613927673613,-0.8353907966801051,0.08196473717689437,0.5563173729924681,-0.7494775064590535,-0.6751169540377876,1.1151219376515946,0.7231509860290116,0.7153607874316754,0.4612273182344509,0.0,False,0.1648572750828593,47.7
2016,00-0031299,J.Matthews,,WR,63.5629997253418,0.871,3.0,804.0,0.0,80400.0,300.0,0.0,0.0,7.427000045776367,0.0,0,0.40695890661788314,804.0,11900.0,11.014,73.0,matthews,0.18885813630924428,0.3377868361764425,-1.097399728366138,-1.0992398325159836,0.5563173729924681,0.8582528172060939,0.17959125163871612,-0.9871571251341986,-1.116047277611523,-0.4311249661675219,-1.0542338702501735,0.0,False,-0.6612357192745418,9.4
2016,00-0026176,J.Nelson,,WR,115.05699920654295,1.186,14.0,1257.0,0.0,125700.0,1400.0,0.0,0.0,31.88599967956543,4.0,0,1.3148865847243476,1257.0,15200.0,12.959,97.0,nelson,1.3910726465232621,0.9379010166811812,1.7846985201802243,0.4339569298647434,0.5563173729924681,1.7643397911598129,3.4193535750162285,-0.9871571251341986,-1.116047277611523,1.4992043380729607,1.9766885067190751,0.0,False,1.0405522879604654,88.2
2016,00-0026153,J.Stewart,CAR,RB,-15.550000190734863,-0.069,9.0,884.0,2.0,15.5,24.3,6.0,12.724,-4.067999839782715,2.0,0,-0.07199999716429584,884.0,3.8,3.912,226.0,stewart,-1.6581686513534561,-1.4530300834250003,0.4746538617500597,-0.8284766073714843,-2.090985988144104,-0.749591517402796,-0.6324109961387204,0.2742103125372773,0.7535667438442702,-1.3383221313648404,0.4612273182344509,0.0,False,-0.1522005840426802,33.0
2016,00-0031359,K.Benjamin,,WR,83.28199768066406,1.322,7.0,941.0,0.0,94100.0,700.0,0.0,0.0,20.42200088500977,2.0,0,1.296634976826017,941.0,11800.0,14.937,63.0,benjamin,0.6492314945181646,1.1969979327086242,-0.049364001622006194,-0.6355578094560286,0.5563173729924681,1.1322791205872407,1.3576866419578115,-0.9871571251341986,-1.116047277611523,0.5944538107317816,0.4612273182344509,0.0,False,0.13073063541351812,46.1
2016,00-0027006,K.Britt,,WR,82.70899963378906,1.216,5.0,1002.0,0.0,100200.0,500.0,0.0,0.0,12.935999870300291,0.0,0,0.7609411688411936,1002.0,11100.0,14.735,68.0,britt,0.6358538859964397,0.995054748157823,-0.5733818649940721,-0.42910085028334793,0.5563173729924681,1.2542908323116928,0.7686389467982638,-0.9871571251341986,-1.116047277611523,0.003650942804795042,-1.0542338702501735,0.0,False,-0.3580124387248727,23.5
2016,00-0027981,K.Rudolph,,WR,72.02300262451172,0.868,7.0,840.0,0.0,84000.0,700.0,0.0,0.0,28.78700065612793,2.0,0,1.3873253328254425,840.0,13300.0,10.12,83.0,rudolph,0.3863712124793669,0.3320714630287783,-0.049364001622006194,-0.977396381200959,0.5563173729924681,0.9302597290434755,1.3576866419578115,-0.9871571251341986,-1.116047277611523,1.2546281608653678,0.4612273182344509,0.0,False,0.0128244463949779,40.6
2016,00-0030496,L.Bell,PIT,RB,42.92900085449219,0.128,9.0,1884.0,1.0,30.7,20.0,11.0,13.759,22.57999992370605,5.0,0,0.26880952290126253,1884.0,15.9,5.607,336.0,bell,-0.29287746582302226,-1.0777205800617191,0.4746538617500597,2.556063706934756,-0.7673343075758181,-0.7492874882194827,-0.6450755215846508,1.3253498439301739,0.9056455329205627,0.7647653052854493,2.734419100961387,0.0,False,0.9163330885506267,82.4
2016,00-0027325,L.Blount,NE,RB,-18.788000106811523,-0.061,18.0,1199.0,1.0,19.2,35.3,14.0,16.333,-7.717000007629394,5.0,0,-0.1008758170931947,1199.0,1.5,3.918,306.0,blount,-1.733765235856477,-1.4377890883645623,2.8327342469243564,0.23765359163498145,-0.7673343075758181,-0.7495175102989632,-0.6000133729049454,1.956033562765912,1.2838588692320378,-1.6263049622506227,2.734419100961387,0.0,False,1.1291727887352536,92.3
2016,00-0022921,L.Fitzgerald,ARI,TE,71.5469970703125,0.656,6.0,1028.0,0.0,16.8,12.5,7.0,14.414,5.39300012588501,1.0,0,0.19790826150036733,1028.0,23.4,9.431,109.0,fitzgerald,0.37525805774354803,-0.07181490607282355,-0.31137293330803917,-0.3411028021113857,0.5563173729924681,-0.7495655149068546,-0.6671648101531338,0.4844382188158566,1.0018886313215014,-0.5916503232538796,-0.29650327600786125,0.0,False,-0.05022202100005553,37.7
2016,00-0027029,L.McCoy,BUF,RB,32.237998962402344,0.113,14.0,1619.0,0.0,29.4,31.1,7.0,14.778,13.211000442504885,4.0,0,0.185417550070244,1619.0,12.4,5.681,285.0,mccoy,-0.5424769867941621,-1.10629744580004,1.7846985201802243,1.6591605236436024,0.5563173729924681,-0.7493134907154239,-0.6123833745032958,0.4844382188158566,1.0553733455473666,0.025354269643889978,1.9766885067190751,0.0,False,0.8643911047099659,80.0
2016,00-0029615,L.Miller,HOU,RB,-29.400999069213867,-0.098,6.0,1272.0,1.0,24.7,27.3,9.0,9.964,-0.781000018119812,2.0,0,-0.010448160777522569,1272.0,6.8,4.254,299.0,miller,-1.9815436465069134,-1.5082786905190873,-0.31137293330803917,0.484725034579337,-0.7673343075758181,-0.7494074997392116,-0.6235752807113272,0.9048940313730153,0.34802330630749023,-1.0789087385937066,0.4612273182344509,0.0,False,-0.1768209863763431,31.9
2016,00-0030513,L.Murray,LV,RB,2.1519999504089355,0.009,12.0,1052.0,1.0,17.6,26.1,0.0,0.0,-7.618000030517578,1.0,0,-0.13364912334241366,1052.0,7.2,4.614,228.0,murray,-1.2448855184854624,-1.3044303815857314,1.2606806568081586,-0.2598738345680359,-0.7673343075758181,-0.7495495133708909,-0.6271095668822846,-0.9871571251341986,-1.116047277611523,-1.6184917826521377,-0.29650327600786125,0.0,False,-0.405579173383362,21.3
2016,00-0026986,M.Crabtree,,WR,94.69000244140624,1.064,8.0,1003.0,0.0,100300.0,800.0,0.0,0.0,18.91200065612793,1.0,0,0.8499775575787833,1003.0,14600.0,11.27,89.0,crabtree,0.9155706601322418,0.7054758420095049,0.21264493006402677,-0.4257163099690417,0.5563173729924681,1.2562910243071757,1.6522104895375853,-0.9871571251341986,-1.116047277611523,0.47528304598824805,-0.29650327600786125,0.0,False,-0.0048558327702732385,39.8
2016,00-0031408,M.Evans,,WR,141.86099243164062,1.478,12.0,1321.0,0.0,132100.0,1200.0,0.0,0.0,27.823999404907227,2.0,0,1.159333308537801,1321.0,17500.0,13.76,96.0,evans,2.016857202229693,1.4941973363871612,1.2606806568081586,0.6505675099803427,0.5563173729924681,1.8923520788707135,2.830305879856681,-0.9871571251341986,-1.116047277611523,1.1786271157251744,0.4612273182344509,0.0,False,0.6817860568806977,71.6
2016,00-0026184,M.Forte,NYJ,RB,-5.861999988555908,-0.024,8.0,1076.0,1.0,20.2,30.8,5.0,10.577,0.1550000011920929,0.0,0,0.0025000000192273047,1076.0,7.9,4.339,248.0,forte,-1.4319859012202518,-1.3672994862100374,0.21264493006402677,-0.17864486702468615,-0.7673343075758181,-0.7494975083790083,-0.6132669460460352,0.06398240625869796,0.4380950915285214,-1.005038658332884,-1.0542338702501735,0.0,False,-0.48244646744477965,17.7
2016,00-0032144,M.Gordon,LAC,RB,6.910999774932861,0.023,12.0,1416.0,2.0,24.1,27.9,0.0,0.0,-0.800000011920929,0.0,0,-0.010847457788758359,1416.0,10.1,4.8,295.0,gordon,-1.1337786186371157,-1.2777586402299652,1.2606806568081586,0.9720988398394357,-2.090985988144104,-0.7494195008911845,-0.6218081376258485,-0.9871571251341986,-1.116047277611523,-1.08040823756602,-1.0542338702501735,0.0,False,-0.4870177843648266,17.5
2016,00-0027966,M.Ingram,NO,RB,19.343000411987305,0.076,10.0,1362.0,2.0,19.5,18.2,7.0,16.75,6.968999862670898,3.0,0,0.10974802933339997,1362.0,8.7,5.362,254.0,ingram,-0.8435325373958819,-1.176787047954565,0.7366627934360926,0.7893336628668987,-2.090985988144104,-0.7495115097229766,-0.6503769508410867,0.4844382188158566,1.3451311929468341,-0.4672708097438331,1.218957912476763,0.0,False,0.36302555384887353,56.8
2016,00-0029293,M.Jones,DET,WR,77.39600372314453,1.382,4.0,933.0,0.0,17.2,12.5,9.0,14.417,18.836000442504883,0.0,0,1.3454286030360632,933.0,17.7,16.661,56.0,jones,0.511813010538389,1.3113053956619074,-0.8353907966801051,-0.6626341319704786,0.5563173729924681,-0.7495575141388728,-0.6671648101531338,0.9048940313730153,1.0023294394057805,0.4692850312827555,-1.0542338702501735,0.0,False,-0.08080863699499086,36.3
2016,00-0031431,M.Lee,JAX,WR,66.62999725341797,0.966,3.0,886.0,0.0,16.8,10.0,3.0,10.966,13.425000190734863,1.0,0,0.7782608806223109,886.0,16.8,12.841,69.0,lee,0.26046238084631457,0.5187736525191414,-1.097399728366138,-0.8217075267428718,0.5563173729924681,-0.7495655149068546,-0.6745279063426282,-0.3564734062984607,0.49525320645671234,0.04224334897229175,-0.29650327600786125,0.0,False,-0.2873685851652424,26.7
2016,00-0032765,M.Thomas,,WR,78.37200164794922,0.852,9.0,1137.0,0.0,113700.0,900.0,0.0,0.0,28.99399948120117,2.0,0,1.260608673095703,1137.0,12100.0,12.359,92.0,thomas,0.5345993328081774,0.3015894729079027,0.4746538617500597,0.027812092147994526,0.5563173729924681,1.524316751701874,1.9467343371173593,-0.9871571251341986,-1.116047277611523,1.2709647201672545,0.4612273182344509,0.0,False,0.23359721429352692,50.8
2016,00-0026901,M.Wallace,BAL,WR,75.74600219726562,0.984,4.0,1048.0,0.0,18.2,13.8,8.0,11.828,11.989999771118164,0.0,0,0.6228571309671773,1048.0,17.3,13.61,77.0,wallace,0.4732909342523732,0.5530658914051266,-0.8353907966801051,-0.2734119958252609,0.5563173729924681,-0.749537512218918,-0.6633360001345967,0.6946661250944359,0.6219120626729097,-0.0710083540023808,-1.0542338702501735,0.0,False,-0.23290094962387517,29.3
2016,00-0031235,O.Beckham,NYG,WR,105.56300354003906,1.035,10.0,1376.0,0.0,25.3,31.2,11.0,11.071,37.380001068115234,2.0,0,1.4658823948280484,1376.0,28.3,13.49,102.0,beckham,1.1694192603972378,0.6502272349154175,0.7366627934360926,0.836717227267186,0.5563173729924681,-0.7493954985872386,-0.612088850655716,1.3253498439301739,0.5106814894064813,1.9327965551154318,0.4612273182344509,0.0,False,0.6616608976307989,70.6
2016,00-0026345,P.Garcon,,WR,91.02300262451172,1.152,3.0,1041.0,0.0,104100.0,300.0,0.0,0.0,28.43099975585937,1.0,0,1.4395442914359176,1041.0,11400.0,13.177,79.0,garcon,0.8299583473727299,0.8731267876743204,-1.097399728366138,-0.29710377802540455,0.5563173729924681,1.332298320135523,0.17959125163871612,-0.9871571251341986,-1.116047277611523,1.226532205167529,-0.29650327600786125,0.0,False,-0.26355141925149267,27.8
2016,00-0031023,Q.Enunwa,NYJ,WR,64.99700164794922,1.102,4.0,869.0,0.0,16.4,15.4,5.0,10.577,12.37600040435791,0.0,0,0.8390508748717227,869.0,19.2,14.729,59.0,enunwa,0.2223373365345601,0.7778705685465844,-0.8353907966801051,-0.8792447120860779,0.5563173729924681,-0.7495735156748367,-0.6586236185733203,0.06398240625869796,0.4380950915285214,-0.04054478864998882,-1.0542338702501735,0.0,False,-0.3410485433824622,24.3
2016,00-0027155,R.Jennings,NYG,RB,-26.17099952697754,-0.122,4.0,788.0,0.0,14.5,12.5,11.0,11.071,-17.483999252319336,1.0,0,-0.3252837070198946,788.0,7.0,3.665,215.0,jennings,-1.9061338442623088,-1.5540016757004007,-0.8353907966801051,-1.1533924775448834,0.5563173729924681,-0.7496115193227508,-0.6671648101531338,1.3253498439301739,0.5106814894064813,-2.3971265468944325,-0.29650327600786125,0.0,False,-0.5238956149241281,15.8
2016,00-0029580,R.Matthews,,WR,81.17900085449219,1.249,9.0,945.0,0.0,94500.0,900.0,0.0,0.0,16.764999389648438,2.0,0,1.0316922701322115,945.0,10900.0,14.538,65.0,matthews,0.6001334767912478,1.0579238527821293,0.4746538617500597,-0.6220196481988036,0.5563173729924681,1.140279888569172,1.9467343371173593,-0.9871571251341986,-1.116047277611523,0.3058395068828525,0.4612273182344509,0.0,False,0.22840733018393314,50.6
2016,00-0031588,S.Diggs,MIN,WR,70.7490005493164,0.813,3.0,913.0,0.0,17.3,10.3,8.0,12.577,10.473999977111816,1.0,0,0.4815632173384743,913.0,19.1,10.494,87.0,diggs,0.35662747930125704,0.2272896219882683,-1.097399728366138,-0.7303249382566034,0.5563173729924681,-0.7495555139468772,-0.6736443347998887,0.6946661250944359,0.7319671477145938,-0.19065261057084326,-0.29650327600786125,0.0,False,-0.18740115136375982,31.4
2016,00-0032385,S.Shepard,NYG,WR,72.23799896240234,1.062,8.0,714.0,0.0,13.1,25.0,11.0,11.071,20.757999420166016,2.0,0,1.2210587894215303,714.0,17.6,10.5,68.0,shepard,0.39139066561291785,0.7016655932443954,0.21264493006402677,-1.4038484608035453,0.5563173729924681,-0.7496395220106876,-0.630349329205662,1.3253498439301739,0.5106814894064813,0.6209711592867071,0.4612273182344509,0.0,False,0.325450454228804,55.1
2016,00-0020337,S.Smith,,WR,66.99500274658203,0.957,5.0,799.0,0.0,79900.0,500.0,0.0,0.0,21.45400047302246,2.0,0,1.225942884172712,799.0,10400.0,11.414,70.0,smith,0.26898405142173487,0.5016275330761489,-0.5733818649940721,-1.1161625340875148,0.5563173729924681,0.8482518572286798,0.7686389467982638,-0.9871571251341986,-1.116047277611523,0.6759002752859985,0.4612273182344509,0.0,False,-0.13567027794118994,33.8
2016,00-0030414,S.Ware,KC,RB,-0.3849999904632568,-0.002,5.0,1368.0,3.0,24.6,15.6,12.0,13.893,-7.605000019073486,0.0,0,-0.12315789504572447,1368.0,7.8,5.538,247.0,ware,-1.3041160729589427,-1.3253867497938334,-0.5733818649940721,0.8096409047527361,-3.4146376687123903,-0.7494094999312071,-0.6580345708781608,1.535577750208753,0.9253349606850296,-1.6174658084331706,-1.0542338702501735,0.0,False,-0.4419377323062078,19.6
2016,00-0032241,T.Gurley,LA,RB,-44.14899826049805,-0.138,6.0,1212.0,1.0,26.8,27.3,4.0,7.724,-11.170000076293944,2.0,0,-0.13919003210335132,1212.0,10.9,3.776,321.0,gurley,-2.325860631068565,-1.5844836658212762,-0.31137293330803917,0.28165261572096256,-0.7673343075758181,-0.7493654957073064,-0.6235752807113272,-0.14624550001988135,0.01888660337908899,-1.8988192645477444,0.4612273182344509,0.0,False,-0.39290756935182347,21.9
2016,00-0029608,T.Hilton,,WR,123.98200225830078,1.362,6.0,1448.0,0.0,144800.0,600.0,0.0,0.0,30.339000701904297,1.0,0,1.3335824484353538,1448.0,15700.0,15.912,91.0,hilton,1.5994419377150397,1.2732029080108134,-0.31137293330803917,1.0804041298972353,0.5563173729924681,2.146376462297032,1.0631627943780377,-0.9871571251341986,-1.116047277611523,1.3771135941782668,-0.29650327600786125,0.0,False,0.13759772631176315,46.4
2016,00-0030506,T.Kelce,KC,WR,94.83200073242188,1.103,4.0,1120.0,0.0,20.1,12.5,12.0,13.893,29.06599998474121,1.0,0,1.3519069760344748,1120.0,21.9,13.023,86.0,kelce,0.9188858503991565,0.779775692929139,-0.8353907966801051,-0.029725093195211563,0.5563173729924681,-0.7494995085710038,-0.6671648101531338,1.535577750208753,0.9253349606850296,1.276647073656128,-0.29650327600786125,0.0,False,0.17086732589872727,47.9
2016,00-0028825,T.Pryor,CLE,WR,94.58000183105467,1.126,5.0,1026.0,0.0,19.7,19.2,1.0,9.778,10.010000228881836,0.0,0,0.4766666775658017,1026.0,25.3,12.214,84.0,pryor,0.9130025098384327,0.8235935537278976,-0.5733818649940721,-0.3478718827399982,0.5563173729924681,-0.7495075093389858,-0.647431712365289,-0.7769292188556193,0.32069320508218546,-0.22727194597208364,-1.0542338702501735,0.0,False,-0.32626196868728646,24.9
2016,00-0031375,T.West,BAL,RB,-12.977999687194824,-0.057,6.0,1010.0,0.0,17.5,20.7,8.0,11.828,1.1050000190734863,0.0,0,0.019471365974863195,1010.0,6.7,4.449,227.0,west,-1.5981209495476871,-1.4301685908343436,-0.31137293330803917,-0.402024527768898,0.5563173729924681,-0.7495515135628863,-0.6430138546515923,0.6946661250944359,0.6219120626729097,-0.9300636838448799,-1.0542338702501735,0.0,False,-0.49824848046697345,17.0
2016,00-0032160,Ty.Williams,,WR,88.8489990234375,1.288,7.0,1059.0,0.0,105900.0,700.0,0.0,0.0,17.075000762939453,1.0,0,0.9898551166921422,1059.0,11900.0,15.348,69.0,williams,0.7792025563912369,1.1322237037017635,-0.049364001622006194,-0.23618205236789225,0.5563173729924681,1.3683017760542138,1.3576866419578115,-0.9871571251341986,-1.116047277611523,0.3303051327947058,-0.29650327600786125,0.0,False,-0.012035757246902756,39.5
2016,00-0030663,W.Snead,,WR,74.27400207519531,1.032,4.0,895.0,0.0,89500.0,400.0,0.0,0.0,19.24399948120117,0.0,0,1.0691110822889538,895.0,10400.0,12.431,72.0,snead,0.43892460179385473,0.6445118617677535,-0.8353907966801051,-0.7912466639141157,0.5563173729924681,1.0402702887950308,0.47411509921849,-0.9871571251341986,-1.116047277611523,0.5014847333265541,-1.0542338702501735,0.0,False,-0.48367506010894773,17.7
2016,00-0030061,Z.Ertz,,WR,63.77000045776367,0.818,4.0,816.0,0.0,81600.0,400.0,0.0,0.0,32.215999603271484,2.0,0,1.652102543757512,816.0,10600.0,10.462,78.0,ertz,0.19369091851007833,0.23681524390104194,-0.8353907966801051,-1.0586253487443087,0.5563173729924681,0.8822551211518879,0.47411509921849,-0.9871571251341986,-1.116047277611523,1.525248270067911,0.4612273182344509,0.0,False,-0.19356864274948818,31.1
2017,00-0027793,A.Brown,,WR,115.8550033569336,1.147,9.0,1533.0,0.0,153300.0,900.0,0.0,0.0,15.104000091552734,0.0,0,0.598178221447633,1533.0,16500.0,15.178,101.0,brown,1.4514393949069413,0.8831132311647033,0.6001824182224985,1.3259721985604147,0.5669211937862231,2.4853174128517734,1.8131398178414135,-1.1592809235116213,-1.3013439035085737,0.36571516246186936,-1.1246504252230904,0.0,False,0.06345204607184571,38.0
2017,00-0032426,A.Collins,BAL,RB,2.1679999828338623,0.009,6.0,1160.0,2.0,22.9,17.6,9.0,12.742,2.289999961853028,2.0,0,0.038978722754945155,1160.0,6.4,4.936,235.0,collins,-0.9581846894683108,-1.0687232439438377,-0.38031361154693,0.10941049670590172,-2.1444410373652785,-0.6648578914269079,-0.6484255874708019,0.7221750015318295,0.672551230591185,-0.7867950208323261,0.08820787648808555,0.0,False,-0.20141222119783517,29.2
2017,00-0027942,A.Green,,WR,85.02799987792969,1.134,8.0,1078.0,0.0,107800.0,800.0,0.0,0.0,13.19200038909912,0.0,0,0.7035733540852863,1078.0,14300.0,14.373,75.0,green,0.798053450801299,0.8608163294279623,0.2733504082993557,-0.15803738413074725,0.5669211937862231,1.5501941860639494,1.534177283241208,-1.1592809235116213,-1.3013439035085737,0.1937470724642845,-1.1246504252230904,0.0,False,-0.1850149259441467,29.8
2017,00-0029137,A.Jeffery,,WR,80.31800079345703,1.409,9.0,789.0,0.0,78900.0,900.0,0.0,0.0,13.43000030517578,2.0,0,0.9424561617667213,789.0,12200.0,13.842,57.0,jeffery,0.6982238581962016,1.3324815584744025,0.6001824182224985,-1.100628086103815,0.5669211937862231,0.9562367958624521,1.8131398178414135,-1.1592809235116213,-1.3013439035085737,0.2151531380273526,0.08820787648808555,0.0,False,0.12254240277240992,40.0
2017,00-0030035,A.Thielen,MIN,WR,98.75399780273438,1.073,4.0,1287.0,0.0,22.4,10.0,13.0,14.692,18.53199958801269,1.0,0,0.8057391125222909,1287.0,27.2,13.989,92.0,thielen,1.0889793631754583,0.7561924058940247,-1.0339776313932156,0.5236285560504679,0.5669211937862231,-0.6648681675063232,-0.6696267401004176,1.5583776348844742,0.9746306146356465,0.6740345231617714,-0.5182212743675024,0.0,False,0.11090130171425744,39.6
2017,00-0031236,B.Cooks,NE,WR,81.23200225830078,1.098,7.0,1122.0,0.0,17.3,14.6,13.0,16.963,13.678000450134276,2.0,0,0.7393513756829339,1122.0,19.6,15.162,74.0,cooks,0.7175963447379967,0.7990710630800649,-0.05348160162378714,-0.014528765145228295,0.5669211937862231,-0.6649729835163588,-0.6567944635088081,1.5583776348844742,1.3264369126689657,0.23745863901300002,0.08820787648808555,0.0,False,0.4102602787221066,49.6
2017,00-0029854,C.Anderson,DEN,RB,-16.47100067138672,-0.06,4.0,1231.0,1.0,23.2,16.0,5.0,9.633,-0.1400000005960464,1.0,0,-0.002051282060015332,1231.0,7.4,4.509,273.0,anderson,-1.35324290678542,-1.187068337777308,-1.0339776313932156,0.34098122279617094,-0.7887599217895277,-0.6648517257792588,-0.6528889880244052,-0.11402763182081528,0.19092825367106633,-1.0053528227505553,-0.5182212743675024,0.0,False,-0.5953636819613128,16.1
2017,00-0031045,C.Hyde,SF,RB,-15.83199977874756,-0.053,8.0,1288.0,1.0,22.2,27.6,6.0,12.259,-7.693999767303467,4.0,0,-0.10292976277329052,1288.0,14.7,4.308,299.0,hyde,-1.3396991252172323,-1.175062313765217,0.2733504082993557,0.526890115572866,-0.7887599217895277,-0.6648722779380892,-0.6205293340107814,0.09502302651734591,0.5977284908509414,-1.6847707693411569,1.3010661781992614,0.0,False,0.11235552884621558,39.7
2017,00-0031381,D.Adams,,WR,91.125,1.231,10.0,885.0,0.0,88500.0,1000.0,0.0,0.0,14.779999732971191,3.0,0,0.7989189044849293,885.0,11800.0,11.959,74.0,adams,0.92728087258702,1.0271855193097978,0.9270144281456414,-0.7875183719535919,0.5669211937862231,1.1535375206352678,2.092102352441619,-1.1592809235116213,-1.3013439035085737,0.33657408950443135,0.6946370273436735,0.0,False,0.3371860431706083,47.2
2017,00-0028434,D.Baldwin,SEA,WR,84.66500091552734,1.1,8.0,983.0,0.0,19.0,21.6,9.0,12.621,20.75,4.0,0,1.077922077922078,983.0,21.9,12.766,77.0,baldwin,0.7903595982372583,0.8025013556549482,0.2733504082993557,-0.4678855387585723,0.5669211937862231,-0.6649380448463469,-0.6372670860867937,0.7221750015318295,0.6538068175299646,0.8735247709760579,1.3010661781992614,0.0,False,0.5795314227724351,55.2
2017,00-0027902,D.Bryant,DAL,WR,64.82599639892578,0.926,6.0,834.0,0.0,15.9,16.2,9.0,14.16,10.357000350952148,1.0,0,0.59182859148298,834.0,27.0,11.914,70.0,bryant,0.3698670030025474,0.5040659016401097,-0.38031361154693,-0.9538579075958978,0.5669211937862231,-0.6650017565387214,-0.6523310629552048,0.7221750015318295,0.8922171621681318,-0.06123703714492826,-0.5182212743675024,0.0,False,-0.04578037225942504,34.4
2017,00-0031285,D.Freeman,ATL,RB,6.833000183105469,0.029,8.0,1182.0,1.0,20.2,24.2,10.0,14.12,0.6119999885559082,3.0,0,0.010551723940619108,1182.0,9.1,5.095,232.0,freeman,-0.8593088593155852,-1.0344203181950056,0.2733504082993557,0.1811648061986612,-0.7887599217895277,-0.6649133822557503,-0.6300140601871883,0.9312256598699906,0.8860206619826043,-0.9377168280133628,0.6946370273436735,0.0,False,0.14252427472576118,40.7
2017,00-0032055,D.Funchess,,WR,84.93599700927734,1.348,8.0,840.0,0.0,84000.0,800.0,0.0,0.0,14.05500030517578,2.0,0,0.8923809717571923,840.0,11200.0,13.333,63.0,funchess,0.796103427302071,1.227857634940465,0.2733504082993557,-0.9342885504615089,0.5669211937862231,1.0610528058980104,1.534177283241208,-1.1592809235116213,-1.3013439035085737,0.27136656531531944,0.08820787648808555,0.0,False,0.05585942821813426,37.8
2017,00-0030564,D.Hopkins,,WR,123.22699737548828,1.284,13.0,1378.0,0.0,137800.0,1300.0,0.0,0.0,23.246000289916992,4.0,0,0.968583345413208,1378.0,17400.0,14.354,96.0,hopkins,1.6076906268839697,1.1180882725442025,1.90751045791507,0.8204304725887003,0.5669211937862231,2.1667589509789984,2.9289899562422366,-1.1592809235116213,-1.3013439035085737,1.0980187402688466,1.3010661781992614,0.0,False,0.914759342056559,66.4
2017,00-0028087,D.Lewis,NE,RB,33.347999572753906,0.157,9.0,1110.0,0.0,17.1,18.8,13.0,16.963,19.59199905395508,5.0,0,0.36966035950858644,1110.0,6.0,5.236,212.0,lewis,-0.2973169057036939,-0.8148815934024808,0.6001824182224985,-0.053667479414006194,0.5669211937862231,-0.6649770939481249,-0.6450780370555994,1.5583776348844742,1.3264369126689657,0.7693724478082293,1.9074953290548493,0.0,False,0.7196292275857363,59.9
2017,00-0028009,D.Murray,TEN,RB,-27.52199935913086,-0.123,7.0,925.0,1.0,18.2,23.3,9.0,11.929,-9.946000099182127,1.0,0,-0.1784035892229978,925.0,9.7,4.148,223.0,murray,-1.5874715503777108,-1.2951225538861288,-0.05348160162378714,-0.6570559910576654,-0.7887599217895277,-0.6649544865734113,-0.6325247229985901,0.7221750015318295,0.5466073643203402,-1.8873190203948182,-0.5182212743675024,0.0,False,-0.40313413244981544,22.5
2017,00-0027874,D.Thomas,,WR,77.53399658203125,0.934,5.0,949.0,0.0,94900.0,500.0,0.0,0.0,23.29700088500977,2.0,0,1.1227470306028804,949.0,14200.0,11.434,83.0,thomas,0.6392162020899099,0.5177870719396425,-0.7071456214700729,-0.5787785625201097,0.5669211937862231,1.2850713371504783,0.6972896794405905,-1.1592809235116213,-1.3013439035085737,1.102605809459072,0.08820787648808555,0.0,False,-0.19601350940847206,29.4
2017,00-0024389,D.Walker,TEN,WR,51.402000427246094,0.676,4.0,805.0,0.0,15.8,13.3,9.0,11.929,7.322000026702881,1.0,0,0.38536842245804637,805.0,22.9,10.592,76.0,walker,0.0853420965321477,0.07527932977970969,-1.0339776313932156,-1.0484431337454445,0.5669211937862231,-0.6650038117546045,-0.6604209764586108,0.7221750015318295,0.5466073643203402,-0.33420946921875544,-0.5182212743675024,0.0,False,-0.2937541981344167,26.1
2017,00-0033045,E.Elliott,DAL,RB,2.3329999446868896,0.009,9.0,1232.0,1.0,23.5,24.3,9.0,14.16,-5.500999927520752,0.0,0,-0.08210447653016048,1232.0,7.8,4.597,268.0,elliott,-0.9546874745694913,-1.0687232439438377,0.6001824182224985,0.34424278231856914,-0.7887599217895277,-0.6648455601316097,-0.6297350976525881,0.7221750015318295,0.8922171621681318,-1.487529110083319,-1.1246504252230904,0.0,False,-0.23091618430410787,28.2
2017,00-0033881,E.Engram,NYG,WR,58.67499923706055,0.903,6.0,736.0,0.0,14.2,24.0,3.0,8.483,12.175999641418455,0.0,0,0.7492922856257511,736.0,19.0,11.323,65.0,engram,0.2394951006366965,0.46461753702895286,-0.38031361154693,-1.2734907407909175,0.5669211937862231,-0.6650366952087333,-0.6305719852563887,-0.5321289484971377,0.012778873337153324,0.10236645781745737,-1.1246504252230904,0.0,False,-0.4277471642963434,21.7
2017,00-0023500,F.Gore,IND,RB,-12.196000099182127,-0.042,4.0,1206.0,0.0,26.0,18.2,4.0,9.393,-3.45199990272522,1.0,0,-0.04761379176172718,1206.0,8.0,4.159,290.0,gore,-1.262633214966865,-1.1561957046033593,-1.0339776313932156,0.259442234736217,0.5669211937862231,-0.6647941797345334,-0.6467518122632007,-0.32307829015897643,0.15374925255790206,-1.3032390078323017,-0.5182212743675024,0.0,False,-0.6007123714687177,15.9
2017,00-0027891,G.Tate,DET,WR,58.56700134277344,0.604,5.0,1025.0,0.0,18.3,12.8,9.0,13.226,14.381999969482422,2.0,0,0.5930721636899968,1025.0,21.1,10.567,97.0,tate,0.23720605862298716,-0.04821120291608562,-0.7071456214700729,-0.33090003881784963,0.5669211937862231,-0.6649524313575282,-0.6618157891316118,0.7221750015318295,0.7475288828360668,0.300777400279625,0.08820787648808555,0.0,False,-0.008784064295190876,35.6
2017,00-0030656,I.Crowell,CLE,RB,-25.78499984741211,-0.11,2.0,1035.0,1.0,21.1,7.7,0.0,8.069,-6.880000114440918,0.0,0,-0.11710638492665393,1035.0,7.4,4.404,235.0,crowell,-1.5506554171895341,-1.272825652149388,-1.6876416512395014,-0.2982844435938681,-0.7887599217895277,-0.6648948853128028,-0.6760428783962222,-1.1592809235116213,-0.051354903583055396,-1.611558432863366,-1.1246504252230904,0.0,False,-1.0787255315807007,0.0
2017,00-0031590,J.Ajayi,MIA,RB,-19.91399955749512,-0.086,2.0,1031.0,2.0,20.1,7.1,6.0,9.69,-2.009000062942505,1.0,0,-0.03463793211969836,1031.0,5.8,4.444,232.0,ajayi,-1.4262181176030009,-1.2316621412507895,-1.6876416512395014,-0.3113306816834607,-2.1444410373652785,-0.6649154374716334,-0.6777166536038235,0.09502302651734591,0.19975826643544295,-1.1734534613200243,-0.5182212743675024,0.0,False,-0.7924321121675673,9.5
2017,00-0031941,J.Crowder,WAS,WR,45.6619987487793,0.626,3.0,823.0,0.0,15.2,8.1,7.0,12.214,11.836000442504885,2.0,0,0.6485479694523224,823.0,19.3,11.274,73.0,crowder,-0.03631865516586929,-0.010477984592370386,-1.3608096413163586,-0.9897350623422776,0.5669211937862231,-0.6650161430499028,-0.6749270282578215,0.30407368485550706,0.5907574281422231,0.0717864254237054,0.08820787648808555,0.0,False,-0.2592641628104599,27.3
2017,00-0030181,J.Doyle,,TE,37.65999984741211,0.471,4.0,690.0,0.0,69000.0,400.0,0.0,0.0,12.071999549865724,2.0,0,0.6035999774932862,690.0,10900.0,8.625,80.0,doyle,-0.2059229960633925,-0.2763256591458184,-1.0339776313932156,-1.4235224788212326,0.5669211937862231,0.7527704234404861,0.4183271448403848,-1.1592809235116213,-1.3013439035085737,0.09301253528235125,0.08820787648808555,0.0,False,-0.5217921034092573,18.6
2017,00-0029159,J.Kearse,,WR,64.55899810791016,0.993,5.0,810.0,0.0,81000.0,500.0,0.0,0.0,8.241999626159668,0.0,0,0.5071999769944411,810.0,10300.0,12.462,65.0,kearse,0.3642079083529926,0.6189807028986968,-0.7071456214700729,-1.0321353361334538,0.5669211937862231,0.9993963294065056,0.6972896794405905,-1.1592809235116213,-1.3013439035085737,-0.2514633402763191,-1.1246504252230904,0.0,False,-0.5579009365981451,17.4
2017,00-0031382,J.Landry,MIA,TE,66.39700317382812,0.588,9.0,980.0,0.0,19.1,32.1,6.0,9.69,16.030000686645508,3.0,0,0.5674336526246198,980.0,27.3,8.673,113.0,landry,0.40316487918162697,-0.07565354351515124,0.6001824182224985,-0.47767021732576675,0.5669211937862231,-0.6649359896304639,-0.607976019953772,0.09502302651734591,0.19975826643544295,0.449001029855248,0.6946370273436735,0.0,False,0.25840159822547176,44.5
2017,00-0026153,J.Stewart,CAR,RB,-35.74599838256836,-0.174,7.0,732.0,3.0,14.0,19.4,11.0,13.962,4.910999774932861,3.0,0,0.09535921893073517,732.0,3.0,3.553,206.0,stewart,-1.761781238632439,-1.3825950145456505,-0.05348160162378714,-1.28653697888051,-3.50012215294103,-0.6650408056404994,-0.6434042618479981,1.140276318208152,0.8615444862497711,-0.5510584089693854,0.6946370273436735,0.0,False,-0.12682273447824155,31.7
2017,00-0032780,Jo.Howard,CHI,RB,-16.334999084472656,-0.055,9.0,1247.0,1.0,26.7,34.6,5.0,9.429,1.3830000162124634,4.0,0,0.01850167245769182,1247.0,6.8,4.171,299.0,howard,-1.3503603195976566,-1.1784926063401,0.6001824182224985,0.3931661751545415,-0.7887599217895277,-0.664779793223352,-0.601001956588767,-0.11402763182081528,0.15932610272487668,-0.8683719416234553,1.3010661781992614,0.0,False,0.1322527507396995,40.3
2017,00-0027944,Ju.Jones,ATL,WR,115.94100189208984,1.303,3.0,1459.0,0.0,24.9,9.1,10.0,14.12,33.638999938964844,0.0,0,1.5118651657961728,1459.0,28.6,16.393,89.0,jones,1.453262155076383,1.1506760520055928,-1.3608096413163586,1.084616793902951,0.5669211937862231,-0.6648167871092469,-0.6721374029118193,0.9312256598699906,0.8860206619826043,2.032780548389833,-1.1246504252230904,0.0,False,-0.0030770468772966797,35.8
2017,00-0030279,K.Allen,LAC,WR,120.86399841308594,1.162,6.0,1402.0,0.0,22.8,15.8,9.0,12.241,27.565000534057617,1.0,0,1.0601923282329853,1402.0,27.7,13.481,104.0,allen,1.5576062808974556,0.9088404254763272,-0.38031361154693,0.898707901126256,0.5669211937862231,-0.664859946642791,-0.6534469130936056,0.7221750015318295,0.594940065767454,1.486476030157983,-0.5182212743675024,0.0,False,0.20958353775365363,42.9
2017,00-0033923,K.Hunt,KC,RB,26.83099937438965,0.083,11.0,1782.0,1.0,30.1,28.9,10.0,14.821,9.552000045776367,5.0,0,0.11756307748647836,1782.0,11.9,5.483,325.0,hunt,-0.4354463327252034,-0.9418024186731593,1.2538464380687844,2.138100519637556,-0.7887599217895277,-0.6647099158833284,-0.6169028210609786,0.9312256598699906,0.9946143277339724,-0.1336399589397921,1.9074953290548493,0.0,False,0.8069034553327857,62.8
2017,00-0030085,K.Stills,,WR,70.5479965209961,1.216,6.0,847.0,0.0,84700.0,600.0,0.0,0.0,4.541999816894531,0.0,0,0.31324136668238145,847.0,10500.0,14.603,58.0,stills,0.4911462072715546,1.0014583249981737,-0.38031361154693,-0.9114576338047218,0.5669211937862231,1.0754393170793617,0.9762522140407963,-1.1592809235116213,-1.3013439035085737,-0.5842468126661062,-1.1246504252230904,0.0,False,-0.4338167595786402,21.5
2017,00-0030496,L.Bell,PIT,RB,12.960000038146973,0.032,11.0,1954.0,2.0,31.6,26.8,13.0,16.24,15.843000411987305,5.0,0,0.15532353345085592,1954.0,18.2,4.789,408.0,bell,-0.7294455857882685,-1.0292748793326807,1.2538464380687844,2.6990887574900393,-2.1444410373652785,-0.6646790876450825,-0.6227610342875829,1.5583776348844742,1.2144351718155573,0.432181947707522,1.9074953290548493,0.0,False,0.9036201139253364,66.0
2017,00-0022921,L.Fitzgerald,,WR,80.46299743652344,0.738,6.0,1156.0,0.0,115600.0,600.0,0.0,0.0,20.025999069213867,1.0,0,0.7348990484115181,1156.0,16200.0,10.606,109.0,fitzgerald,0.7012970978182952,0.1816183996010888,-0.38031361154693,0.09636425861630908,0.5669211937862231,1.7105010249418622,0.9762522140407963,-1.1592809235116213,-1.3013439035085737,0.8084070530893913,-0.5182212743675024,0.0,False,-0.2409210646450322,27.9
2017,00-0033856,L.Fournette,JAX,RB,-2.336999893188477,-0.008,10.0,1342.0,0.0,23.1,25.6,10.0,13.031,0.257999986410141,2.0,0,0.00338360637914939,1342.0,9.4,4.4,305.0,fournette,-1.0536692732746955,-1.0978807308303449,0.9270144281456414,0.7030143297823666,0.5669211937862231,-0.6648537809951418,-0.6261085847027854,0.9312256598699906,0.7173209444316206,-0.9695561134222607,0.08820787648808555,0.0,False,0.1692772861374345,41.6
2017,00-0027029,L.McCoy,BUF,RB,-14.699000358581545,-0.042,8.0,1586.0,1.0,33.3,28.6,9.0,11.615,1.2640000581741333,3.0,0,0.014612717435539112,1586.0,16.5,4.584,346.0,mccoy,-1.3156849229831253,-1.1561957046033593,0.2733504082993557,1.498834853247517,-0.7887599217895277,-0.6646441489750707,-0.6177397086647792,0.7221750015318295,0.49796483786395,-0.8790749744049894,0.6946370273436735,0.0,False,0.13655405227711503,40.5
2017,00-0029615,L.Miller,HOU,RB,-6.120999813079834,-0.022,6.0,1215.0,0.0,23.2,17.1,4.0,12.519,-8.60200023651123,0.0,0,-0.12557664578848513,1215.0,8.7,4.434,274.0,miller,-1.133872085132093,-1.1218927788545272,-0.38031361154693,0.28879627043780043,0.5669211937862231,-0.6648517257792588,-0.6498204001438029,-0.32307829015897643,0.6380057420568696,-1.7664376787063574,-1.1246504252230904,0.0,False,-0.5593383757060744,17.3
2017,00-0030513,L.Murray,MIN,RB,-16.393999099731445,-0.071,8.0,945.0,0.0,16.4,20.0,13.0,14.692,-4.980000019073486,3.0,0,-0.08623376656404305,945.0,3.3,4.091,231.0,murray,-1.3516108394770334,-1.2059349469391656,0.2733504082993557,-0.5918248006097023,0.5669211937862231,-0.6649914804593061,-0.641730486640397,1.5583776348844742,0.9746306146356465,-1.4406696053304586,0.6946370273436735,0.0,False,0.1326826708975361,40.4
2017,00-0026986,M.Crabtree,,WR,55.88199996948242,0.963,8.0,618.0,0.0,61800.0,800.0,0.0,0.0,10.402000427246094,2.0,0,0.7173793398100754,618.0,10300.0,10.655,58.0,crabtree,0.18029679209607452,0.5675263142754488,0.2733504082993557,-1.6583547644339,0.5669211937862231,0.6047948798608743,1.534177283241208,-1.1592809235116213,-1.3013439035085737,-0.05718966351820401,0.08820787648808555,0.0,False,-0.12901051686058684,31.6
2017,00-0031408,M.Evans,,WR,87.98200225830078,1.239,5.0,1004.0,0.0,100400.0,500.0,0.0,0.0,21.388999938964844,1.0,0,1.205014081068442,1004.0,13800.0,14.141,71.0,evans,0.860664260038845,1.0409066896093306,-0.7071456214700729,-0.399392788788211,0.5669211937862231,1.3981082107182374,0.6972896794405905,-1.1592809235116213,-1.3013439035085737,0.9309973735456827,-0.5182212743675024,0.0,False,-0.24702121342508446,27.7
2017,00-0030068,M.Goodwin,SF,WR,79.99199676513672,1.333,2.0,1006.0,0.0,17.4,6.9,6.0,12.259,27.35099983215332,1.0,0,1.8233999888102213,1006.0,17.5,16.767,60.0,goodwin,0.6913141223870956,1.2021304406288407,-1.6876416512395014,-0.39286966974341464,0.5669211937862231,-0.6649709283004757,-0.6782745786730239,0.09502302651734591,0.5977284908509414,1.4672284895242693,-0.5182212743675024,0.0,False,-0.20228875024459655,29.2
2017,00-0032144,M.Gordon,LAC,RB,3.2850000858306885,0.01,12.0,1581.0,0.0,25.7,31.6,9.0,12.241,10.916999816894531,3.0,0,0.12768420838473135,1581.0,14.5,4.623,342.0,gordon,-0.9345095967088163,-1.067008097656396,1.5806784479919271,1.4825270556355263,0.5669211937862231,-0.6648003453821825,-0.609370832626773,0.7221750015318295,0.594940065767454,-0.010869854328844419,0.6946370273436735,0.0,False,0.4972711154536784,52.5
2017,00-0027966,M.Ingram,NO,RB,0.7670000195503235,0.003,12.0,1540.0,2.0,24.0,26.7,11.0,14.933,9.032999992370604,3.0,0,0.1254583332273695,1540.0,13.4,5.347,288.0,ingram,-0.9878792293325391,-1.0790141216684872,1.5806784479919271,1.348803115217202,-2.1444410373652785,-0.6648352840521944,-0.6230399968221833,1.140276318208152,1.011964528253449,-0.18031959376311338,0.6946370273436735,0.0,False,0.504702808843035,52.7
2017,00-0029293,M.Jones,,WR,104.61399841308594,1.715,9.0,1101.0,0.0,110100.0,900.0,0.0,0.0,22.80599975585937,1.0,0,1.4954753938268441,1101.0,10800.0,18.049,61.0,jones,1.213183521839858,1.857316322431532,0.6001824182224985,-0.08302151511558963,0.5669211937862231,1.597464151374103,1.8131398178414135,-1.1592809235116213,-1.3013439035085737,1.0584444394241832,-0.5182212743675024,0.0,False,0.2029759626092164,42.7
2017,00-0025399,M.Lynch,LV,RB,-8.866000175476074,-0.039,7.0,1042.0,1.0,19.9,19.4,0.0,0.0,-6.1570000648498535,1.0,0,-0.10849339321321327,1042.0,5.6,4.59,227.0,lynch,-1.1920530450355156,-1.1510502657410344,-0.05348160162378714,-0.275453526937081,-0.7887599217895277,-0.6649195479033994,-0.6434042618479981,-1.1592809235116213,-1.3013439035085737,-1.5465307357163522,-0.5182212743675024,0.0,False,-0.7260915857113148,11.7
2017,00-0032765,M.Thomas,,WR,108.56600189208984,1.044,5.0,1245.0,0.0,124500.0,500.0,0.0,0.0,33.14400100708008,2.0,0,1.27476926950308,1245.0,14900.0,11.971,104.0,thomas,1.2969472105810118,0.7064531635582185,-0.7071456214700729,0.3866430561097452,0.5669211937862231,1.8934152385333265,0.6972896794405905,-1.1592809235116213,-1.3013439035085737,1.988259610045632,0.08820787648808555,0.0,False,-0.020668669335885365,35.2
2017,00-0032688,R.Anderson,NYJ,WR,76.7490005493164,1.163,7.0,950.0,0.0,18.8,22.6,5.0,10.276,4.482999801635742,0.0,0,0.2716969576748935,950.0,23.1,14.394,66.0,anderson,0.6225780175091767,0.9105555717637689,-0.05348160162378714,-0.5755170029977116,0.5669211937862231,-0.664942155278113,-0.6344774607407916,-0.11402763182081528,0.29053699415341966,-0.5895533615744885,-1.1246504252230904,0.0,False,-0.20231634394672257,29.2
2017,00-0027656,R.Gronkowski,,WR,106.45500183105467,1.543,8.0,1084.0,0.0,108400.0,800.0,0.0,0.0,19.121000289916992,1.0,0,1.1084637849227241,1084.0,10600.0,15.71,69.0,gronkowski,1.2522040434799353,1.5623111609915767,0.2733504082993557,-0.13846802699635832,0.5669211937862231,1.5625254813622504,1.534177283241208,-1.1592809235116213,-1.3013439035085737,0.7270101201682655,-0.5182212743675024,0.0,False,0.07453228763501543,38.4
2017,00-0032241,T.Gurley,LA,RB,39.25299835205078,0.114,19.0,2093.0,2.0,35.3,42.2,11.0,17.071,32.987998962402344,8.0,0,0.38469969635454626,2093.0,17.1,6.102,343.0,gurley,-0.1721589997469446,-0.8886328837624696,3.868502517453927,3.1524455311033837,-2.1444410373652785,-0.6646030446574097,-0.5798008039591513,1.140276318208152,1.3431674631698898,1.9742285546932066,3.7267827816216132,0.118,False,1.92311416038021,100.0
2017,00-0033040,T.Hill,KC,WR,80.67900085449219,0.877,7.0,1242.0,0.0,21.0,18.4,10.0,14.821,19.090999603271484,1.0,0,0.8300434610118037,1242.0,19.8,13.5,92.0,hill,0.7058753435526133,0.42002373355547123,-0.05348160162378714,0.3768583775425507,0.5669211937862231,-0.6648969405286859,-0.6461938871940002,0.9312256598699906,0.9946143277339724,0.7243118139005273,-0.5182212743675024,0.0,False,0.17813468560345652,41.9
2017,00-0029608,T.Hilton,,WR,80.052001953125,1.404,4.0,966.0,0.0,96600.0,400.0,0.0,0.0,17.35300064086914,0.0,0,1.2177544309381854,966.0,10900.0,16.947,57.0,hilton,0.6925859471504613,1.3239058270371944,-1.0339776313932156,-0.523332050639341,0.5669211937862231,1.320010007162331,0.4183271448403848,-1.1592809235116213,-1.3013439035085737,0.5679936086212218,-1.1246504252230904,0.0,False,-0.4546157720017605,20.8
2017,00-0030506,T.Kelce,KC,WR,91.1449966430664,1.072,8.0,1045.0,0.0,17.7,21.1,10.0,14.821,17.542999267578125,1.0,0,0.8255529067095588,1045.0,23.1,12.294,85.0,kelce,0.927704706370209,0.7544772596065833,0.2733504082993557,-0.26566884836988647,0.5669211937862231,-0.6649647626528266,-0.6386618987597947,0.9312256598699906,0.9946143277339724,0.5850823670009323,-0.5182212743675024,0.0,False,0.24309634374706673,44.0
2017,00-0030061,Z.Ertz,,WR,65.73999786376953,0.888,8.0,824.0,0.0,82400.0,800.0,0.0,0.0,12.86400032043457,1.0,0,0.695351368672139,824.0,11000.0,11.135,74.0,ertz,0.38923948954434245,0.43889034271732885,0.2733504082993557,-0.9864735028198794,0.5669211937862231,1.0281693517692079,1.534177283241208,-1.1592809235116213,-1.3013439035085737,0.1642462596477681,-0.5182212743675024,0.0,False,-0.1973676211196341,29.4
2018,00-0027793,A.Brown,,WR,107.93900299072266,1.038,15.0,1297.0,0.0,129700.0,1500.0,0.0,0.0,22.03199958801269,3.0,0,0.8473845995389497,1297.0,16800.0,12.471,104.0,brown,1.0390896616343657,0.7601580355754366,1.696114949359524,0.2326060727418107,0.4872092836935658,2.2090319019476943,3.646401843276317,-1.5925018667426636,-1.8159926951491039,0.7058076222997772,0.7312724241271306,0.0,False,0.5542216871800884,80.8
2018,00-0031544,A.Cooper,DAL,WR,75.4990005493164,0.981,7.0,1025.0,0.0,18.1,21.2,10.0,13.56,20.40900039672852,3.0,0,1.060207812817066,1025.0,20.7,13.312,77.0,cooper,0.33824763645993455,0.6482478051785058,-0.42663014063644455,-0.5878138207426548,0.4872092836935658,-0.47071259325099685,-0.44509121978290694,0.7822816187507821,0.3808018659133649,0.5884007267184591,0.7312724241271306,0.0,False,0.24977515832973796,64.6
2018,00-0032009,A.Humphries,TB,WR,67.91500091552734,0.871,5.0,827.0,0.0,12.8,10.9,5.0,14.143,18.174999237060547,0.0,0,0.9320512429261819,827.0,17.0,10.603,78.0,humphries,0.17440098842508128,0.4322806938861833,-0.9573164131354367,-1.1850312432056112,0.4872092836935658,-0.4708221123575534,-0.47358890611608917,-0.40511012399594076,0.4752510715991628,0.426794274731166,-1.1334722573970524,0.0,False,-0.4547105906299934,27.2
2018,00-0033906,A.Kamara,NO,RB,60.02000045776367,0.216,18.0,1592.0,0.0,25.8,31.0,13.0,20.16,13.196000099182127,3.0,0,0.18987050502420327,1592.0,20.5,5.727,278.0,kamara,0.003835399856885886,-0.853705286990828,2.4921443581080123,1.1223997072194478,0.4872092836935658,-0.47055348058675434,-0.41797691628143246,1.494716664398816,1.4500381566959823,0.06661613353453749,0.7312724241271306,0.0,False,0.9152704813292585,100.0
2018,00-0025394,A.Peterson,WAS,RB,-17.874000549316406,-0.066,8.0,1250.0,1.0,26.1,29.6,7.0,10.808,-8.067999839782715,0.0,0,-0.11908486848387771,1250.0,5.3,4.613,271.0,peterson,-1.6790063173515264,-1.4073664268493276,-0.16128700438694848,0.09084234114706852,-1.4241502138735,-0.4705472813920436,-0.42185038821021453,0.06984657310274836,-0.065037266243266,-1.471610277102089,-1.1334722573970524,0.0,False,-0.6406168070641755,17.3
2018,00-0030035,A.Thielen,MIN,WR,96.50800323486328,0.818,9.0,1403.0,0.0,24.6,23.1,8.0,11.613,9.779999732971191,0.0,0,0.33152541467698954,1403.0,25.8,11.89,118.0,thielen,0.7921314490653277,0.32822381299079145,0.10405613186254759,0.5523285312320804,0.4872092836935658,-0.4705782773655973,-0.43983436502241696,0.30732492165209296,0.0653771601324926,-0.18049551042391562,-1.1334722573970524,0.0,False,-0.11043179637983189,45.5
2018,00-0031236,B.Cooks,LA,WR,98.41999816894533,1.094,6.0,1272.0,0.0,18.5,11.1,13.0,18.821,18.06999969482422,2.0,0,0.803111097547743,1272.0,21.4,14.133,90.0,cooks,0.8334386716571157,0.8701049285969827,-0.6919732768859407,0.15719983253184144,0.4872092836935658,-0.47070432765804915,-0.47303555298340605,1.494716664398816,1.2331127940659938,0.4191986638660289,0.1096908636190696,0.0,False,0.3180843043444492,68.3
2018,00-0033594,C.Carson,SEA,RB,5.948999881744385,0.022,9.0,1314.0,2.0,22.9,18.0,10.0,15.852,9.859000205993652,5.0,0,0.14770037761788243,1314.0,6.0,4.921,267.0,carson,-1.164328185067384,-1.2345927378154693,0.10405613186254759,0.2838823160845898,-3.335509711440566,-0.47061340613562486,-0.4539448699058373,0.7822816187507821,0.7521184687124193,-0.17478065835446763,1.9744355451432525,0.0,False,0.3175690799203055,68.2
2018,00-0033871,C.Davis,TEN,WR,80.32099914550781,1.131,4.0,946.0,0.0,18.8,13.8,9.0,11.923,10.071999549865724,0.0,0,0.5674365943586324,946.0,26.3,13.324,71.0,davis,0.44242331485721864,0.9427484114862182,-1.2226595493849328,-0.8260975398061575,0.4872092836935658,-0.4706981284633384,-0.4655652856921835,0.5448032702014375,0.11559886469955502,-0.15937239945996332,-1.1334722573970524,0.0,False,-0.37563109546868395,31.4
2018,00-0033280,C.McCaffrey,CAR,RB,53.24700164794922,0.163,13.0,1965.0,1.0,32.8,28.9,7.0,15.667,12.638999938964844,2.0,0,0.15507975385232936,1965.0,22.8,6.028,326.0,mccaffrey,-0.1424901810658695,-0.9577621678862196,1.165428676860532,2.247460811152189,-1.4241502138735,-0.47040883271017025,-0.4237871241746055,0.06984657310274836,0.7221474514707853,0.02632303911982939,0.1096908636190696,0.0,False,0.3040149462996781,67.5
2018,00-0031381,D.Adams,,WR,121.10199737548828,1.091,13.0,1386.0,0.0,138600.0,1300.0,0.0,0.0,24.100000381469727,2.0,0,0.8684684822151253,1386.0,17000.0,12.486,111.0,adams,1.3234663246337441,0.8642149164708283,1.165428676860532,0.5010522878893012,0.4872092836935658,2.3929413450331856,3.093048710593165,-1.5925018667426636,-1.8159926951491039,0.8554056963612827,0.1096908636190696,0.0,False,0.34724932882826076,69.8
2018,00-0032764,D.Henry,TEN,RB,9.503000259399414,0.041,12.0,1158.0,0.0,23.0,41.4,9.0,11.923,21.843000411987305,7.0,0,0.3798782680345618,1158.0,4.2,5.035,230.0,henry,-1.0875466611866331,-1.197289327683159,0.9000855406110359,-0.18665262282561831,0.4872092836935658,-0.47061133973738795,-0.38920255338190857,0.5448032702014375,0.11559886469955502,0.6921355227425308,3.2175986661593745,0.0,False,0.7522138540793726,91.3
2018,00-0030564,D.Hopkins,HOU,WR,121.7750015258789,1.05,11.0,1565.0,0.0,27.1,29.7,11.0,13.862,41.10900115966797,3.0,0,1.4175517641264817,1565.0,32.9,13.491,116.0,hopkins,1.3380060766748392,0.7837180840800536,0.6347424043615397,1.040960967792681,0.4872092836935658,-0.47052661740967444,-0.421573711643873,1.0197599673001267,0.4297275264915998,2.0858277378709924,0.7312724241271306,0.0,False,0.7201255970401098,89.6
2018,00-0032187,D.Johnson,ARI,RB,-32.34400177001953,-0.105,10.0,1386.0,2.0,34.0,41.7,3.0,8.036,-10.482999801635742,2.0,0,-0.1357022628043462,1386.0,16.0,4.485,309.0,johnson,-1.9916198869130968,-1.4839365844893326,0.36939926811204365,0.5010522878893012,-3.335509711440566,-0.4703840359313272,-0.3883725236828838,-0.88006682109463,-0.5141165083719653,-1.646310085871446,0.1096908636190696,0.0,False,-0.4557726042114567,27.1
2018,00-0033839,D.Westbrook,JAX,WR,67.08300018310547,0.894,5.0,813.0,0.0,17.0,23.8,5.0,8.75,18.007999420166016,1.0,0,0.9604266357421875,813.0,19.6,10.84,75.0,westbrook,0.15642623397460412,0.4774374535200326,-0.9573164131354367,-1.227258737723194,0.4872092836935658,-0.4707353236316029,-0.4378976290580259,-0.40511012399594076,-0.3984445823691185,0.4147135970761625,-0.5118906968889914,0.0,False,-0.41186096124940746,29.5
2018,00-0031387,E.Ebron,IND,WR,64.6780014038086,0.937,14.0,742.0,1.0,12.0,26.9,10.0,15.464,15.51099967956543,2.0,0,0.8991883872211843,742.0,17.3,10.754,69.0,ebron,0.10446803150316834,0.5618609606615769,1.430771813110028,-1.4414124599195066,-1.4241502138735,-0.4708386435434487,-0.42932065550143705,0.7822816187507821,0.6892603352542896,0.23408196806141895,0.1096908636190696,0.0,False,0.3787749662702385,71.5
2018,00-0033045,E.Elliott,DAL,RB,4.477000236511231,0.012,9.0,2001.0,1.0,35.3,27.3,10.0,13.56,-1.8450000286102293,0.0,0,-0.01937007904052734,2001.0,18.4,5.252,381.0,elliott,-1.196129638050768,-1.254226111569317,0.10405613186254759,2.356045797054545,-1.4241502138735,-0.4703571727542474,-0.42821394923607076,0.7822816187507821,0.3808018659133649,-1.0214417909090696,-1.1334722573970524,0.0,False,-0.2561979243577379,37.7
2018,00-0033288,G.Kittle,SF,WR,114.18900299072266,1.283,5.0,1387.0,0.0,22.9,15.2,4.0,13.68,39.50400161743164,2.0,0,1.7754607468508603,1387.0,26.6,15.584,89.0,kittle,1.1741162438688124,1.2411756925447002,-0.9573164131354367,0.5040685374977,0.4872092836935658,-0.47061340613562486,-0.46169181376340146,-0.6425884725452854,0.400242525745776,1.9697229272984713,0.1096908636190696,0.0,False,0.10148305157856721,56.7
2018,00-0027891,G.Tate,DET,WR,56.073001861572266,0.719,4.0,823.0,0.0,15.2,12.1,6.0,12.96,4.906000137329102,0.0,0,0.25158975063226163,823.0,20.2,10.551,78.0,tate,-0.08143655702757568,0.13385341282770125,-1.2226595493849328,-1.1970962416392064,0.4872092836935658,-0.47077251879986737,-0.47026878731999033,-0.16763177544659622,0.28359856675130884,-0.5330780407554069,-1.1334722573970524,0.0,False,-0.5907017976408928,19.9
2018,00-0033553,J.Conner,PIT,RB,20.30699920654297,0.075,13.0,1470.0,1.0,22.7,26.0,9.0,12.97,0.8330000042915344,0.0,0,0.012340740804319029,1470.0,10.7,5.444,270.0,conner,-0.8541343328190564,-1.1305358569200779,1.165428676860532,0.754417254994798,-1.4241502138735,-0.4706175389320987,-0.43181074459851126,0.5448032702014375,0.2852186217373431,-0.8277166973180572,-1.1334722573970524,0.0,False,-0.1530290300252909,43.2
2018,00-0027061,J.Cook,,WR,75.1760025024414,1.106,6.0,896.0,0.0,89600.0,600.0,0.0,0.0,14.177000045776367,0.0,0,0.8339411791633157,896.0,10100.0,13.176,68.0,cook,0.33126950488586526,0.8936649771015998,-0.6919732768859407,-0.9769100202260961,0.4872092836935658,1.3804062089445266,1.156312746202134,-1.5925018667426636,-1.8159926951491039,0.1375811462798225,-1.1334722573970524,0.0,False,-0.5748533403915156,20.8
2018,00-0027150,J.Edelman,NE,WR,78.61000061035156,0.947,6.0,957.0,0.0,14.9,13.0,11.0,15.571,31.926000595092773,3.0,0,1.538602438317724,957.0,19.4,11.53,83.0,edelman,0.4054584693515717,0.5814943344154242,-0.6919732768859407,-0.7929187941137711,0.4872092836935658,-0.4707787179945781,-0.4677786982229161,1.0197599673001267,0.7065949236048562,1.4215343764213186,0.7312724241271306,0.0,False,0.2725459941760175,65.8
2018,00-0032780,J.Howard,CHI,RB,-22.847999572753903,-0.085,9.0,1080.0,1.0,20.1,20.9,12.0,15.593,3.252000093460083,4.0,0,0.0481777791623716,1080.0,5.3,4.0,270.0,howard,-1.7864658514590848,-1.4446698369816375,0.10405613186254759,-0.42192009228072236,-1.4241502138735,-0.4706712652862585,-0.4459212494819316,1.2572383158494713,0.7101590445741317,-0.6527275214728772,1.3528539846351917,0.0,False,0.15098448391034083,59.4
2018,00-0027944,J.Jones,ATL,WR,121.625,1.058,8.0,1689.0,0.0,26.4,17.4,7.0,15.923,33.57600021362305,5.0,0,1.1678608769955843,1689.0,27.9,14.687,115.0,jones,1.3347654057357383,0.7994247830831316,-0.16128700438694848,1.4149759192341285,0.4872092836935658,-0.4705410821973328,-0.45560492930388674,0.06984657310274836,0.7636208591132626,1.5408944685041246,1.9744355451432525,0.0,False,0.775676762604,92.6
2018,00-0031382,J.Landry,CLE,WR,68.01300048828125,0.81,5.0,1036.0,0.0,17.5,11.6,7.0,9.972,23.56800079345703,3.0,0,1.1222857520693825,1036.0,26.6,12.333,84.0,landry,0.1765181960041846,0.31251711398771365,-0.9573164131354367,-0.5546350750502682,0.4872092836935658,-0.4707249916404183,-0.4716521701516982,0.06984657310274836,-0.20047386307573092,0.8169211300013389,0.7312724241271306,0.0,False,-0.02820750506940603,49.8
2018,00-0033897,J.Mixon,CIN,RB,1.133999943733215,0.004,9.0,1464.0,0.0,28.8,22.5,6.0,14.154,-4.066999912261963,3.0,0,-0.05809999874659947,1464.0,10.3,5.229,280.0,mixon,-1.2683526626815793,-1.2699328105723948,0.10405613186254759,0.7363197573444052,0.4872092836935658,-0.47049148863964685,-0.44149442442046644,-0.16763177544659622,0.4770331320838004,-1.18218007699237,0.7312724241271306,0.0,False,-0.015447102904459387,50.5
2018,00-0033857,J.Smith-Schuster,PIT,WR,110.6269989013672,0.988,7.0,1396.0,0.0,21.5,14.0,9.0,12.97,22.315000534057617,3.0,0,0.796964304787772,1396.0,24.5,12.464,112.0,smithschuster,1.097161805774286,0.6619911668061991,-0.42663014063644455,0.5312147839732889,0.4872092836935658,-0.4706423357109417,-0.46501193255950035,0.5448032702014375,0.2852186217373431,0.7262797597476223,0.7312724241271306,0.0,False,0.328617880572425,68.8
2018,00-0030279,K.Allen,LAC,WR,99.46399688720705,0.938,6.0,1271.0,0.0,20.6,12.5,12.0,17.12,14.656000137329102,1.0,0,0.5530566089558151,1271.0,26.7,11.991,106.0,allen,0.8559934842625594,0.5638242980369614,-0.6919732768859407,0.1541835829234427,0.4872092836935658,-0.47066093329507397,-0.469162081054624,1.2572383158494713,0.9575414409415647,0.1722317573425898,-0.5118906968889914,0.0,False,0.08169083240891738,55.7
2018,00-0033932,K.Golladay,DET,WR,97.58200073242188,1.374,5.0,1071.0,0.0,19.7,15.2,6.0,12.96,16.86199951171875,0.0,0,0.9499718034771126,1071.0,21.6,15.085,71.0,golladay,0.8153343628931174,1.4198393937047127,-0.9573164131354367,-0.4490663387563113,0.4872092836935658,-0.47067953087920616,-0.46169181376340146,-0.16763177544659622,0.28359856675130884,0.331812575122597,-1.1334722573970524,0.0,False,-0.2596387492047834,37.5
2018,00-0033923,K.Hunt,KC,RB,39.14300155639648,0.189,14.0,1202.0,0.0,17.7,21.9,12.0,20.926,0.0,0.0,0,0.0,1202.0,6.2,5.807,207.0,hunt,-0.44719656957734,-0.9067153961262162,1.430771813110028,-0.05393764005607245,0.4872092836935658,-0.4707208588439445,-0.44315448381851585,1.2572383158494713,1.574134368626207,-0.8879754731993384,-1.1334722573970524,0.0,False,0.14313498960595647,59.0
2018,00-0022921,L.Fitzgerald,,WR,54.89099884033203,0.796,6.0,734.0,0.0,73400.0,600.0,0.0,0.0,15.145000457763672,1.0,0,0.8779710410297781,734.0,11300.0,10.638,69.0,fitzgerald,-0.10697284953139312,0.2850303907323271,-0.6919732768859407,-1.4655424567866968,0.4872092836935658,1.0456496945641944,1.156312746202134,-1.5925018667426636,-1.8159926951491039,0.20760577962726287,-0.5118906968889914,0.0,False,-0.5733789755043794,20.9
2018,00-0029615,L.Miller,HOU,RB,-6.058000087738037,-0.026,6.0,1136.0,0.0,19.7,16.2,11.0,13.862,-9.347999572753906,2.0,0,-0.15911488634474735,1136.0,7.3,4.834,235.0,miller,-1.423730452070315,-1.3288329318339376,-0.6919732768859407,-0.25301011421039127,0.4872092836935658,-0.47067953087920616,-0.45892504809998574,1.0197599673001267,0.4297275264915998,-1.564204774869002,0.1096908636190696,0.0,False,-0.28721301644951713,36.1
2018,00-0026986,M.Crabtree,,WR,45.374000549316406,0.84,3.0,607.0,0.0,60700.0,300.0,0.0,0.0,4.464000225067139,0.0,0,0.33066668333830657,607.0,10000.0,11.241,54.0,crabtree,-0.3125804899100988,0.37141723524925596,-1.4880026856344288,-1.8486061570533405,0.4872092836935658,0.7832171184759094,0.3262830471774066,-1.5925018667426636,-1.8159926951491039,-0.5650520785889266,-1.1334722573970524,0.0,False,-0.965942644418867,0.0
2018,00-0031408,M.Evans,,WR,127.47899627685548,1.482,8.0,1524.0,0.0,152400.0,800.0,0.0,0.0,35.823001861572266,3.0,0,1.6661861330963845,1524.0,13900.0,17.721,86.0,evans,1.461236623284054,1.6318798302462656,-0.16128700438694848,0.9172947338483315,0.4872092836935658,2.6781043017275428,1.7096658788852857,-1.5925018667426636,-1.8159926951491039,1.7034413688775532,0.7312724241271306,0.0,False,0.3372082649146231,69.3
2018,00-0033951,M.Mack,IND,RB,10.083999633789062,0.047,10.0,1011.0,1.0,16.4,19.2,10.0,15.464,-8.885000228881836,5.0,0,-0.16607477063330534,1011.0,4.1,4.724,214.0,mack,-1.0749946036179634,-1.1855093034308506,0.36939926811204365,-0.6300413152602375,-1.4241502138735,-0.4707477220210244,-0.45062475110973843,0.7822816187507821,0.6892603352542896,-1.5307116493566004,1.9744355451432525,0.0,False,0.29743776145517486,67.2
2018,00-0032765,M.Thomas,,WR,110.31099700927734,0.882,9.0,1405.0,0.0,140500.0,900.0,0.0,0.0,22.21199989318848,1.0,0,0.7107839965820314,1405.0,14800.0,11.24,125.0,thomas,1.090334820899324,0.45387740501541557,0.10405613186254759,0.5583610304488779,0.4872092836935658,2.4322029115345827,1.9863424452268617,-1.5925018667426636,-1.8159926951491039,0.718828748340917,-0.5118906968889914,0.0,False,-0.10193315507158676,45.9
2018,00-0034791,N.Chubb,CLE,RB,9.694000244140623,0.046,10.0,1145.0,0.0,19.3,23.3,7.0,9.972,-8.467000007629395,1.0,0,-0.1597547171250829,1145.0,5.1,5.401,212.0,chubb,-1.0834202491632032,-1.1874726408062353,0.36939926811204365,-0.22586386773480233,0.4872092836935658,-0.47068779647215386,-0.4392810118897338,0.06984657310274836,-0.20047386307573092,-1.5004737363661924,-0.5118906968889914,0.0,False,-0.34428379152448957,33.0
2018,00-0031235,O.Beckham,NYG,WR,85.35299682617188,1.041,6.0,1071.0,0.0,17.7,16.7,5.0,12.724,0.0,0.0,0,0.0,1071.0,21.6,13.061,82.0,beckham,0.5511358666382956,0.7660480477015906,-0.6919732768859407,-0.4490663387563113,0.4872092836935658,-0.4707208588439445,-0.45754166526827783,-0.40511012399594076,0.24536526908089998,-0.8879754731993384,-1.1334722573970524,0.0,False,-0.37644694270750223,31.3
2018,00-0032741,P.Barber,TB,RB,-39.27299880981445,-0.155,6.0,963.0,1.0,14.8,13.0,5.0,14.143,-11.763999938964844,1.0,0,-0.18525984155850148,963.0,4.7,3.791,254.0,barber,-2.141315693088474,-1.5821034532585703,-0.6919732768859407,-0.7748212964633785,-1.4241502138735,-0.47078078439281507,-0.4677786982229161,-0.40511012399594076,0.4752510715991628,-1.7389769523558658,-0.5118906968889914,0.0,False,-0.711299687112824,13.5
2018,00-0034109,P.Lindsay,DEN,RB,14.767999649047852,0.065,10.0,1278.0,0.0,22.2,27.8,6.0,12.185,-11.017000198364258,1.0,0,-0.19328070523446067,1278.0,8.3,5.605,228.0,lindsay,-0.9738002814985249,-1.1501692306739253,0.36939926811204365,0.17529733018223406,0.4872092836935658,-0.4706278709232833,-0.42683056640436284,-0.16763177544659622,0.15804430533365293,-1.6849393896664038,-0.5118906968889914,0.0,False,-0.30072068843115074,35.4
2018,00-0030431,R.Woods,LA,WR,112.03800201416016,1.067,7.0,1376.0,0.0,20.0,13.0,13.0,18.821,20.214000701904297,2.0,0,0.7700571695963542,1376.0,23.7,13.105,105.0,woods,1.1276454742291018,0.8170948194615942,-0.42663014063644455,0.47088979180531354,0.4872092836935658,-0.47067333168449543,-0.4677786982229161,1.494716664398816,1.2331127940659938,0.5742945528327521,0.1096908636190696,0.0,False,0.40413831132443734,72.8
2018,00-0034844,S.Barkley,NYG,RB,23.16699981689453,0.065,15.0,2028.0,0.0,33.5,41.7,5.0,12.724,0.3860000073909759,3.0,0,0.0043615820044178065,2028.0,20.9,5.729,354.0,barkley,-0.7923461556023839,-1.1501692306739253,1.696114949359524,2.4374845364813114,0.4872092836935658,-0.4703943679225118,-0.3883725236828838,-0.40511012399594076,0.24536526908089998,-0.8600524386066457,0.7312724241271306,0.0,False,0.4127925776774629,73.3
2018,00-0031588,S.Diggs,MIN,WR,71.63200378417969,0.64,9.0,1083.0,0.0,19.0,23.1,8.0,11.613,12.715999603271484,3.0,0,0.4541428429739816,1083.0,25.1,9.67,112.0,diggs,0.2547040593866429,-0.021250239827693924,0.10405613186254759,-0.41287134345552606,0.4872092836935658,-0.4706939956668646,-0.43983436502241696,0.30732492165209296,0.0653771601324926,0.031893153754263256,0.7312724241271306,0.0,False,0.17563291357992245,60.7
2018,00-0034845,S.Michel,NE,RB,-1.0829999446868896,-0.005,6.0,981.0,1.0,15.3,13.0,11.0,15.571,-1.1330000162124634,1.0,0,-0.020981481781712285,981.0,2.0,4.542,216.0,michel,-1.316249289521182,-1.2876028469508576,-0.6919732768859407,-0.7205288035122006,-1.4241502138735,-0.47077045240163046,-0.4677786982229161,1.0197599673001267,0.7065949236048562,-0.9699360898844502,-0.5118906968889914,0.0,False,-0.43310875493264245,28.3
2018,00-0032385,S.Shepard,NYG,WR,77.33000183105469,1.121,4.0,905.0,0.0,15.0,11.1,5.0,12.724,22.851999282836918,1.0,0,1.3247535816137344,905.0,18.7,13.116,69.0,shepard,0.37780505168233636,0.9231150377323708,-1.2226595493849328,-0.9497637737505071,0.4872092836935658,-0.4707766515963412,-0.47303555298340605,-0.40511012399594076,0.24536526908089998,0.7651259627302279,-0.5118906968889914,0.0,False,-0.29906983540832427,35.4
2018,00-0033009,T.Boyd,CIN,WR,100.29399871826172,1.286,7.0,1031.0,0.0,20.3,17.5,6.0,14.154,12.994000434875488,1.0,0,0.6663589966602814,1031.0,20.3,13.218,78.0,boyd,0.8739250539418627,1.2470657046708546,-0.42663014063644455,-0.5697163230922621,0.4872092836935658,-0.4706671324897847,-0.4553282527375452,-0.16763177544659622,0.4770331320838004,0.052003585591155074,-0.5118906968889914,0.0,False,-0.036282263702943754,49.4
2018,00-0032241,T.Gurley,LA,RB,50.507999420166016,0.158,21.0,1831.0,0.0,26.7,38.9,13.0,18.821,4.815000057220459,2.0,0,0.06037617626608726,1831.0,15.0,5.74,319.0,gurley,-0.20166427859388575,-0.9675788547631434,3.2881737668565005,1.8432833636267538,0.4872092836935658,-0.4705348830026221,-0.39611946754044797,1.494716664398816,1.2331127940659938,-0.539660937999338,0.1096908636190696,0.0,False,0.9145963781234862,100.0
2018,00-0029608,T.Hilton,,WR,109.1439971923828,1.436,6.0,1270.0,0.0,127000.0,600.0,0.0,0.0,35.08100128173828,0.0,0,1.846368488512541,1270.0,12000.0,16.711,76.0,hilton,1.0651226614203648,1.541566310978567,-0.6919732768859407,0.15116733331504392,0.4872092836935658,2.1532391495509726,1.156312746202134,-1.5925018667426636,-1.8159926951491039,1.6497654428107529,-1.1334722573970524,0.0,False,-0.29782464739483394,35.5
2018,00-0030506,T.Kelce,,WR,116.5719985961914,1.132,10.0,1336.0,0.0,133600.0,1000.0,0.0,0.0,22.85300064086914,1.0,0,0.8874951705191899,1336.0,15100.0,12.971,103.0,kelce,1.2255990842025966,0.9447117488616028,0.36939926811204365,0.35023980746936273,0.4872092836935658,2.289621433187404,2.263019011568437,-1.5925018667426636,-1.8159926951491039,0.7651984004360259,-0.5118906968889914,0.0,False,0.008703716912657158,51.8
2018,00-0030061,Z.Ertz,,WR,79.99199676513672,0.69,8.0,1163.0,0.0,116300.0,800.0,0.0,0.0,15.767000198364258,2.0,0,0.5436896620125606,1163.0,15600.0,10.026,116.0,ertz,0.43531546414225764,0.07691662894154344,-0.16128700438694848,-0.17157137478362447,0.4872092836935658,1.932134538201,1.7096658788852857,-1.5925018667426636,-1.8159926951491039,0.25260090900777626,0.1096908636190696,0.0,False,-0.19024731513879936,41.2
2018,00-0033891,Z.Jones,BUF,WR,56.43600082397461,0.99,7.0,652.0,0.0,14.5,30.4,6.0,9.963,15.407999992370604,3.0,0,1.0812631573593405,652.0,21.4,11.439,57.0,jones,-0.07359423554792145,0.6659178415569685,-0.42663014063644455,-1.712874924675396,0.4872092836935658,-0.4707869835875258,-0.4196369756794819,-0.16763177544659622,-0.20193191256316181,0.22663102564300464,0.7312724241271306,0.0,False,-0.01709230006999432,50.4
2019,00-0031544,A.Cooper,DAL,WR,102.10299682617188,1.276,8.0,1195.0,0.0,17.3,17.4,8.0,16.692,18.770999908447266,1.0,0,0.9385499954223633,1195.0,20.6,14.938,80.0,cooper,0.9452407326181088,1.1086925820031555,0.10131746085754206,-0.08290571981409396,0.5367761769367054,-0.40741691549167164,-0.4028754847317265,0.3527853785716293,1.0111894594059392,0.39609323683785724,-0.6401636031825806,0.0,False,0.19107176758809147,55.4
2019,00-0033293,A.Jones,GB,RB,21.367000579833984,0.075,19.0,1558.0,1.0,27.6,44.2,13.0,12.966,9.003000259399414,5.0,0,0.12635789837753564,1558.0,12.5,5.467,285.0,jones,-0.6467344578845079,-0.9973719361197064,2.967154210828015,1.1199942948386614,-0.6226603652465782,-0.40713893270118146,-0.29710449957058604,1.5585075584999826,0.3622421521223788,-0.3532874607439933,2.0189775177296774,0.0,False,1.0975039544423444,100.0
2019,00-0025394,A.Peterson,WAS,RB,-22.86599922180176,-0.1,5.0,1040.0,1.0,22.2,19.2,3.0,9.5,-8.772000312805176,3.0,0,-0.15389474232991537,1040.0,4.9,4.561,228.0,peterson,-1.5189332485064215,-1.3042506127820717,-0.6802743800434959,-0.5965407122966755,-0.6226603652465782,-0.4072846712515355,-0.39577146334030666,-0.8529368013567241,-0.2414216608257744,-1.7169486817612234,0.6894069572735483,0.0,False,-0.4758438028193927,22.6
2019,00-0031428,A.Robinson,CHI,WR,106.802001953125,1.079,7.0,1149.0,0.0,23.4,25.0,8.0,10.37,30.33699989318848,2.0,0,1.2257373694217568,1149.0,27.2,11.606,99.0,robinson,1.037897043680763,0.7632348717032353,-0.15921315277613726,-0.23533933048634395,0.5367761769367054,-0.40725228490701243,-0.3728807277457315,0.3527853785716293,-0.08989612208806726,1.2834127954172747,0.02462167704548383,0.0,False,0.1548906367707965,53.6
2019,00-0029000,C.Beasley,,WR,69.21199798583984,1.033,6.0,778.0,0.0,77800.0,600.0,0.0,0.0,13.114999771118164,1.0,0,0.7829850609622785,778.0,10800.0,11.612,67.0,beasley,0.2966867222743768,0.682569619551985,-0.4197437664098166,-1.4647495382994906,0.5367761769367054,1.6918308512903302,1.896459438957842,-1.5763701093137361,-1.8960108769271757,-0.0378233766673324,-0.6401636031825806,0.0,False,-0.4445428143186534,24.1
2019,00-0033594,C.Carson,SEA,RB,-14.741999626159668,-0.047,9.0,1496.0,3.0,25.0,20.5,11.0,13.966,5.559000015258789,2.0,0,0.07059047638423858,1496.0,9.5,4.749,315.0,carson,-1.3587419285844589,-1.211310213564327,0.3618480744912214,0.9145402978456288,-2.9415334496131456,-0.4072091031143149,-0.3906407812242812,1.0762186865286414,0.5364094380277895,-0.6175040248465257,0.02462167704548383,0.0,False,-0.017634284649811302,45.1
2019,00-0033921,C.Godwin,TB,WR,124.20899963378906,1.428,9.0,1341.0,0.0,20.9,18.8,7.0,15.267,15.607000350952148,0.0,0,0.7175632345265356,1341.0,20.0,15.414,87.0,godwin,1.381133143278788,1.3752386325898953,0.3618480744912214,0.40090530536304736,0.5367761769367054,-0.40731975645810226,-0.3973501347606222,0.11164094258595861,0.7630010769907288,0.15335774536233515,-1.304948883410645,0.0,False,0.11828497213106409,51.8
2019,00-0031045,C.Hyde,HOU,RB,-14.815999984741213,-0.058,6.0,1112.0,2.0,19.3,15.4,10.0,15.12,-1.1720000505447388,2.0,0,-0.018384314518348842,1112.0,3.1,4.361,255.0,hyde,-1.360201088567952,-1.2305997303831042,-0.4197437664098166,-0.3579489738531538,-1.7820969074298618,-0.4073629382507998,-0.4107688418333042,0.8350742505429706,0.7373984859626334,-1.1338924058828628,0.02462167704548383,0.0,False,-0.25894027331410346,33.2
2019,00-0034775,C.Kirk,ARI,WR,56.44599914550781,0.724,3.0,802.0,0.0,14.4,7.9,5.0,12.448,13.76200008392334,0.0,0,0.7057435940473508,802.0,20.5,10.282,78.0,kirk,0.04496314938645811,0.1407095561881514,-1.2013356073108545,-1.3852189588183168,0.5367761769367054,-0.4074951824909358,-0.44036893096422036,-0.3706479293853827,0.27202349802337633,0.011813146998275985,-1.304948883410645,0.0,False,-0.6251866536126469,15.2
2019,00-0033908,C.Kupp,LA,WR,106.77200317382812,1.112,10.0,1165.0,0.0,19.0,23.8,9.0,14.071,27.45499992370605,4.0,0,1.1439583301544187,1165.0,22.0,12.135,96.0,kupp,1.0373055192727374,0.8211034221595673,0.6223786881249007,-0.18231894416556135,0.5367761769367054,-0.4073710348369305,-0.3776167420066781,0.5939298145573,0.5546970030478577,1.0623117281407073,1.3541922375016129,0.0,False,0.6951824452966762,80.2
2019,00-0033280,C.McCaffrey,CAR,RB,64.08499908447266,0.159,19.0,2392.0,0.0,41.0,52.8,5.0,10.968,22.364999771118164,3.0,0,0.22143564129819965,2392.0,23.6,5.921,404.0,mccaffrey,0.19559110901400342,-0.850070171321771,2.967154210828015,3.883681931809455,0.5367761769367054,-0.40677728518734,-0.2631630640338022,-0.3706479293853827,0.01425591488336845,0.6718174609332096,0.6894069572735483,0.0,False,0.8797887764181722,89.3
2019,00-0034348,C.Sutton,DEN,WR,100.9280014038086,1.346,6.0,1129.0,0.0,22.8,22.2,7.0,10.444,14.911999702453612,0.0,0,0.7953066507975259,1129.0,25.7,15.053,75.0,sutton,0.9220718408186057,1.2314440526681016,-0.4197437664098166,-0.3016148133873222,0.5367761769367054,-0.40726847807927397,-0.3839314276879402,0.11164094258595861,-0.07700774293106659,0.10003873538034364,-1.304948883410645,0.0,False,-0.21294126557469134,35.5
2019,00-0031381,D.Adams,,WR,88.2979965209961,1.064,5.0,997.0,0.0,99700.0,500.0,0.0,0.0,30.822999954223636,2.0,0,1.4854457809264403,997.0,12800.0,12.012,83.0,adams,0.6730298352178335,0.7369309851321757,-0.6802743800434959,-0.7390330005337787,0.5367761769367054,2.2828816388372504,1.5017915838789595,-1.5763701093137361,-1.8960108769271757,1.3206977132969397,0.02462167704548383,0.0,False,-0.21660109644221276,35.3
2019,00-0034777,D.Chark Jr.,JAX,WR,79.44000244140625,1.059,8.0,1028.0,0.0,19.1,29.6,6.0,11.111,6.090000152587891,0.0,0,0.32480000813802085,1028.0,21.0,13.707,75.0,jr,0.4983654046297768,0.7281630229418221,0.10131746085754206,-0.6363060020372624,0.5367761769367054,-0.4073683359748869,-0.35472600641210295,-0.12950349339971207,0.039161836767842295,-0.5767667943362309,-1.304948883410645,0.0,False,-0.2503621584866637,33.7
2019,00-0033893,D.Cook,MIN,RB,35.849998474121094,0.118,13.0,1654.0,2.0,28.4,28.9,10.0,14.536,-3.127000093460083,1.0,0,-0.04128052928660175,1654.0,14.4,5.459,303.0,cook,-0.3611546124156097,-0.921967461282668,1.4039705290259388,1.4381166127633571,-1.7820969074298618,-0.4071173418048328,-0.35748868139765505,0.8350742505429706,0.6356847909938736,-1.2838759591762186,-0.6401636031825806,0.0,False,0.13991198929961673,52.9
2019,00-0031285,D.Freeman,ATL,RB,-28.944000244140625,-0.119,6.0,1066.0,1.0,17.0,15.4,7.0,15.24,-1.0329999923706057,3.0,0,-0.01700411510075071,1066.0,10.6,4.387,243.0,freeman,-1.6387809903474955,-1.3375688691054142,-0.4197437664098166,-0.5103825845254037,-0.6226603652465782,-0.40742501207780235,-0.4107688418333042,0.11164094258595861,0.7582985602712828,-1.1232286093737585,0.6894069572735483,0.0,False,-0.19464898988177531,36.4
2019,00-0032764,D.Henry,TEN,RB,7.980000019073486,0.025,18.0,1746.0,3.0,29.4,37.5,9.0,14.889,12.645000457763672,5.0,0,0.15757009916216413,1746.0,5.6,5.439,321.0,henry,-0.9107031181949579,-1.0850515580232394,2.7066235971943353,1.7429838341078572,-2.9415334496131456,-0.40709035318439685,-0.3235472458608712,0.5939298145573,0.6971658429184836,-0.07388075033225797,2.0189775177296774,0.0,False,0.9620042974612962,93.3
2019,00-0030564,D.Hopkins,HOU,WR,104.24700164794922,0.983,7.0,1183.0,0.0,20.5,17.9,10.0,15.12,23.382999420166016,1.0,0,0.8823773366100384,1183.0,29.1,11.16,106.0,hopkins,0.9875168256036132,0.5948899976484522,-0.15921315277613726,-0.12267100955468092,0.5367761769367054,-0.4073305519062766,-0.4009021454563321,0.8350742505429706,0.7373984859626334,0.749916285109142,-0.6401636031825806,0.0,False,0.11197704065990871,51.5
2019,00-0035685,D.Montgomery,CHI,RB,-33.902000427246094,-0.127,7.0,1074.0,2.0,21.9,25.0,8.0,10.37,-11.31700038909912,1.0,0,-0.16954307699024898,1074.0,6.2,4.022,267.0,montgomery,-1.736544239121048,-1.3515976086099795,-0.15921315277613726,-0.4838723913650124,-1.7820969074298618,-0.4072927678376663,-0.3728807277457315,0.3527853785716293,-0.08989612208806726,-1.912195815364972,-0.6401636031825806,0.0,False,-0.5626317671691657,18.3
2019,00-0034827,D.Moore,CAR,WR,96.13400268554688,1.034,4.0,1215.0,0.0,20.8,11.1,5.0,10.968,12.536999702453612,0.0,0,0.5392257936539188,1215.0,22.6,13.065,93.0,moore,0.8275424192767222,0.6843232119900559,-0.9408049936771753,-0.0166302369131157,0.5367761769367054,-0.4073224553201458,-0.4277395596016962,-0.3706479293853827,0.01425591488336845,-0.08216634454411985,-1.304948883410645,0.0,False,-0.4152008377623092,25.5
2019,00-0031547,D.Parker,,WR,118.50900268554688,1.646,9.0,1202.0,0.0,120200.0,900.0,0.0,0.0,33.22800064086914,3.0,0,1.846000035603841,1202.0,12800.0,16.694,72.0,parker,1.2687389925971606,1.7575217840892992,0.3618480744912214,-0.05970930079875157,0.5367761769367054,2.8361483577738653,3.0804630041944887,-1.5763701093137361,-1.8960108769271757,1.5052043837511013,0.6894069572735483,0.0,False,0.42004885996819025,66.7
2019,00-0031610,D.Waller,LV,WR,79.29199981689453,0.862,3.0,1150.0,0.0,19.4,9.1,0.0,0.0,16.40999984741211,0.0,0,0.7134782542353091,1150.0,23.8,12.5,92.0,waller,0.495447047053151,0.3827053126419024,-1.2013356073108545,-0.23202555634129504,0.5367761769367054,-0.40736023938875615,-0.4356329167032738,-1.5763701093137361,-1.8960108769271757,0.21496220322835247,-1.304948883410645,0.0,False,-0.8523734626904429,4.0
2019,00-0033839,D.Westbrook,JAX,WR,38.30099868774414,0.539,3.0,687.0,0.0,12.8,11.1,6.0,11.111,6.445000171661377,1.0,0,0.36309860122035925,687.0,18.0,9.676,71.0,westbrook,-0.31282509753479854,-0.18370504485492045,-1.2013356073108545,-1.7663029854989418,0.5367761769367054,-0.4075383642836333,-0.4277395596016962,-0.12950349339971207,0.039161836767842295,-0.5495319282947696,-0.6401636031825806,0.0,False,-0.5832940058507249,17.3
2019,00-0035640,DK.Metcalf,SEA,WR,61.91999816894531,1.032,7.0,911.0,0.0,15.2,15.9,11.0,13.966,21.95400047302246,2.0,0,1.4636000315348308,911.0,20.6,15.183,60.0,metcalf,0.15290100911830395,0.6808160271139145,-0.15921315277613726,-1.0240175770079853,0.5367761769367054,-0.407473591594587,-0.40879550255790975,1.0762186865286414,0.5364094380277895,0.6402864462138723,0.02462167704548383,0.0,False,0.16958800297899548,54.3
2019,00-0033045,E.Elliott,DAL,RB,15.56700038909912,0.044,14.0,1777.0,2.0,25.7,30.4,8.0,16.692,16.795000076293945,6.0,0,0.1892394374793684,1777.0,12.3,5.006,355.0,elliott,-0.761100500763172,-1.0517333016998966,1.6645011426596181,1.8457108326043734,-1.7820969074298618,-0.40719021108000975,-0.3515686635714718,0.3527853785716293,1.0111894594059392,0.24449862321755317,2.683762797957742,0.0,False,0.9666486763686672,93.6
2019,00-0033288,G.Kittle,SF,WR,81.875,0.91,5.0,1075.0,0.0,17.1,9.8,13.0,15.452,29.253999710083008,2.0,0,1.300177764892578,1075.0,22.8,11.944,90.0,kittle,0.546379374636266,0.4668777496692941,-0.6802743800434959,-0.4805586172199635,0.5367761769367054,-0.4074223132157588,-0.4328702417177216,1.5585075584999826,0.7952220248832299,1.200327264924247,0.02462167704548383,0.0,False,0.1949699805005675,55.6
2019,00-0031051,J.Brown,BUF,WR,97.39299774169922,1.316,6.0,1067.0,0.0,20.4,19.4,10.0,11.63,17.510000228881836,1.0,0,0.9464864988584776,1067.0,23.6,14.419,74.0,brown,0.8523676395941205,1.1788362795259817,-0.4197437664098166,-0.5070688103803548,0.5367761769367054,-0.4073332507683202,-0.3949821276301489,0.8350742505429706,0.12955465815275044,0.2993519537220922,-0.6401636031825806,0.0,False,0.014152061001913213,46.7
2019,00-0031941,J.Crowder,NYJ,WR,65.56600189208984,0.83,6.0,837.0,0.0,18.0,24.0,7.0,10.615,20.93000030517578,3.0,0,1.0597468508949763,837.0,24.6,10.595,79.0,crowder,0.22479394091561913,0.3265903546236412,-0.4197437664098166,-1.269236863741605,0.5367761769367054,-0.4073980234573664,-0.37682740629652034,0.11164094258595861,-0.047225137041241476,0.561727274666433,0.6894069572735483,0.0,False,0.04185109378437793,48.0
2019,00-0027150,J.Edelman,NE,WR,80.87699890136719,0.749,6.0,1144.0,0.0,19.6,14.3,12.0,15.0,11.206000328063965,1.0,0,0.41503704918755424,1144.0,26.1,10.593,108.0,edelman,0.5267005069318267,0.1845493671399179,-0.4197437664098166,-0.2519082012115885,0.5367761769367054,-0.40735484166466895,-0.4151101882391719,1.3173631225143119,0.7164984116539842,-0.18427785923467835,-0.6401636031825806,0.0,False,-0.008676385708138945,45.6
2019,00-0035700,J.Jacobs,LV,RB,-0.7789999842643738,-0.003,7.0,1316.0,1.0,22.2,21.2,0.0,0.0,0.2479999959468841,0.0,0,0.003786259480105101,1316.0,5.5,5.023,262.0,jacobs,-1.0834155556111085,-1.134152146289218,-0.15921315277613726,0.3180609517368245,-0.6226603652465782,-0.4072846712515355,-0.387878106238729,-1.5763701093137361,-1.8960108769271757,-1.02495294400339,-1.304948883410645,0.0,False,-0.9342406984444689,0.0
2019,00-0027944,J.Jones,ATL,WR,124.45600128173828,1.232,6.0,1391.0,0.0,22.2,15.4,7.0,15.24,42.59600067138672,2.0,0,1.686970323619276,1391.0,23.9,13.772,101.0,jones,1.3860035915773217,1.0315345147280464,-0.4197437664098166,0.566594012615493,0.5367761769367054,-0.4072846712515355,-0.4107688418333042,0.11164094258595861,0.7582985602712828,2.22389793924282,0.02462167704548383,0.0,False,0.3099829740390578,61.2
2019,00-0031382,J.Landry,CLE,WR,95.2770004272461,1.134,6.0,1184.0,0.0,21.1,17.1,6.0,11.964,18.746999740600582,1.0,0,0.8927142733619325,1184.0,26.6,14.095,84.0,landry,0.8106438065531387,0.8596824557971215,-0.4197437664098166,-0.119357235409632,0.5367761769367054,-0.40731435873401506,-0.4040594882969632,-0.12950349339971207,0.18772653164515754,0.39425199367966546,-0.6401636031825806,0.0,False,-0.08944928784644543,41.6
2019,00-0033897,J.Mixon,CIN,RB,-6.824999809265137,-0.022,8.0,1424.0,0.0,26.4,32.0,2.0,9.964,3.7070000171661377,3.0,0,0.04737380213630847,1424.0,7.6,4.55,313.0,mixon,-1.2026322887993233,-1.1674704026125604,0.10131746085754206,0.6759485594021071,0.5367761769367054,-0.40717131904570464,-0.34525397789020973,-1.0940812373423947,-0.16060804016566377,-0.7595856280770847,0.6894069572735483,0.0,False,-0.15441768945395035,38.4
2019,00-0030279,K.Allen,LAC,WR,107.75299835205078,1.007,6.0,1215.0,0.0,20.0,16.7,5.0,14.652,29.53400039672852,1.0,0,1.104074781186113,1215.0,25.8,11.355,107.0,allen,1.0566490594325455,0.6369762161621478,-0.4197437664098166,-0.0166302369131157,0.5367761769367054,-0.40734404621649456,-0.40563815971727873,-0.3706479293853827,0.6558881961589013,1.2218083375512574,-0.6401636031825806,0.0,False,-0.03815660475714186,44.1
2019,00-0033932,K.Golladay,,WR,109.3759994506836,1.683,11.0,1190.0,0.0,119000.0,1100.0,0.0,0.0,24.82099914550781,2.0,0,1.527446101262019,1190.0,11700.0,18.308,65.0,golladay,1.0886518537660475,1.8224047042979137,0.8829093017585801,-0.09947459053933853,0.5367761769367054,2.803762013250746,3.869798714352253,-1.5763701093137361,-1.8960108769271757,0.8602366450616717,0.02462167704548383,0.0,False,0.3793130013896951,64.7
2019,00-0030496,L.Bell,NYJ,RB,-37.125,-0.119,4.0,1250.0,0.0,26.8,16.0,7.0,10.615,-14.3149995803833,0.0,0,-0.1841157502300103,1250.0,15.9,4.019,311.0,bell,-1.8000962555372384,-1.3375688691054142,-0.9408049936771753,0.09935185816359625,0.5367761769367054,-0.40716052359753024,-0.4084008347028309,0.11164094258595861,-0.047225137041241476,-2.142196102632935,-1.304948883410645,0.0,False,-0.8023203460884822,6.5
2019,00-0022921,L.Fitzgerald,,WR,54.73199844360352,0.73,4.0,804.0,0.0,80400.0,400.0,0.0,0.0,12.892999649047852,1.0,0,0.6876266479492188,804.0,10900.0,10.72,75.0,fitzgerald,0.011165999158569896,0.15123111081657536,-0.9408049936771753,-1.3785914105282189,0.5367761769367054,1.7620012644237544,1.1071237288000773,-1.5763701093137361,-1.8960108769271757,-0.05485476613472691,-0.6401636031825806,0.0,False,-0.647392935470047,14.1
2019,00-0033856,L.Fournette,JAX,RB,-14.467000007629396,-0.042,3.0,1673.0,0.0,31.1,11.1,6.0,11.111,-5.078999996185303,0.0,0,-0.05940350872731348,1673.0,17.5,4.892,342.0,fournette,-1.3533194083895992,-1.2025422513739736,-1.2013356073108545,1.5010783215192864,0.5367761769367054,-0.4070444725296557,-0.4277395596016962,-0.12950349339971207,0.039161836767842295,-1.4336293479293105,-1.304948883410645,0.0,False,-0.7108559054257878,11.0
2019,00-0031408,M.Evans,,WR,99.63400268554688,1.487,8.0,1157.0,0.0,115700.0,800.0,0.0,0.0,4.755000114440918,1.0,0,0.28388060384721897,1157.0,11900.0,17.269,67.0,evans,0.8965564083994724,1.4787005864360645,0.10131746085754206,-0.20882913732595265,0.5367761769367054,2.7146995658121695,2.6857951491156062,-1.5763701093137361,-1.8960108769271757,-0.6791852316624334,-0.6401636031825806,0.0,False,-0.0923849384823279,41.4
2019,00-0034764,M.Gallup,,WR,94.73999786376952,1.435,6.0,1107.0,0.0,110700.0,600.0,0.0,0.0,27.8439998626709,3.0,0,1.6875151431921758,1107.0,11300.0,16.773,66.0,gallup,0.8000550382460926,1.3875137796563903,-0.4197437664098166,-0.3745178445783983,0.5367761769367054,2.579756463632507,1.896459438957842,-1.5763701093137361,-1.8960108769271757,1.0921549976016343,0.6894069572735483,0.0,False,0.10548804947758475,51.2
2019,00-0027966,M.Ingram,BAL,RB,42.54899978637695,0.187,15.0,1257.0,2.0,20.1,26.3,14.0,20.423,15.69499969482422,3.0,0,0.2753508718390214,1257.0,6.8,5.513,228.0,ingram,-0.22906181135923406,-0.8009695830557926,1.9250317562932973,0.12254827717893865,-1.7820969074298618,-0.407341347354451,-0.36775004562970603,1.7996519944856533,1.661007603119026,0.16010887272381358,0.6894069572735483,0.0,False,0.735512462797697,82.2
2019,00-0033951,M.Mack,IND,RB,3.526000022888184,0.013,8.0,1173.0,0.0,22.3,21.6,7.0,14.44,1.694000005722046,4.0,0,0.025862595507206806,1173.0,3.5,4.477,262.0,mack,-0.9985283488490897,-1.1060946672800873,0.10131746085754206,-0.15580875100517005,0.5367761769367054,-0.40728197238949193,-0.3862994348184135,0.11164094258595861,0.6189647315469542,-0.9140188188026075,1.3541922375016129,0.0,False,0.15204872557851962,53.5
2019,00-0032765,M.Thomas,NO,WR,126.50299835205078,0.843,9.0,1716.0,0.0,28.0,18.8,13.0,16.357,38.624000549316406,3.0,0,1.0299733479817708,1716.0,33.0,11.44,150.0,thomas,1.4263668583044211,0.3493870563185598,0.3618480744912214,1.6435706097563898,0.5367761769367054,-0.4071281372530071,-0.3973501347606222,1.5585075584999826,0.9528434186276264,1.9191743183157464,0.6894069572735483,0.0,False,0.759832210489569,83.4
2019,00-0034791,N.Chubb,CLE,RB,-16.601999282836914,-0.05,8.0,1772.0,2.0,31.5,22.9,6.0,11.964,1.6019999980926514,1.0,0,0.01918562871967247,1772.0,9.4,5.305,334.0,chubb,-1.3954179274628138,-1.216570990878539,0.10131746085754206,1.829141961879129,-1.7820969074298618,-0.40703367708148136,-0.381168752702388,-0.12950349339971207,0.18772653164515754,-0.9210768687997296,-0.6401636031825806,0.0,False,-0.303316408486025,31.1
2019,00-0031235,O.Beckham,CLE,WR,74.31199645996094,0.965,4.0,1045.0,0.0,18.6,11.4,6.0,11.964,22.32900047302246,2.0,0,1.1599480765206474,1045.0,25.6,13.571,77.0,beckham,0.3972499334798155,0.5633253337631803,-0.9408049936771753,-0.5799718415714309,0.5367761769367054,-0.4073818302851049,-0.42655555603645945,-0.12950349339971207,0.18772653164515754,0.6690556693598403,0.02462167704548383,0.0,False,-0.12042190895769833,40.1
2019,00-0034109,P.Lindsay,DEN,RB,-5.204999923706055,-0.02,7.0,1207.0,0.0,24.4,25.9,7.0,10.444,-5.367000102996826,2.0,0,-0.08256923235379733,1207.0,10.0,4.642,260.0,lindsay,-1.1706886732333717,-1.163963217736419,-0.15921315277613726,-0.043140430073507006,0.5367761769367054,-0.4072252962865765,-0.3693287170500215,0.11164094258595861,-0.07700774293106659,-1.4557241194997728,0.02462167704548383,0.0,False,-0.29380981294566216,31.5
2019,00-0030431,R.Woods,LA,WR,90.37799835205078,0.845,3.0,1249.0,0.0,20.3,7.1,9.0,14.071,24.14699935913086,2.0,0,0.9026915648273218,1249.0,22.6,11.673,107.0,woods,0.7140438991446074,0.35289424119470114,-1.2013356073108545,0.09603808401854734,0.5367761769367054,-0.4073359496303638,-0.44352627380485143,0.5939298145573,0.5546970030478577,0.8085287777160366,0.02462167704548383,0.0,False,-0.018157236058617007,45.1
2019,00-0034844,S.Barkley,NYG,RB,1.7580000162124634,0.007,8.0,1441.0,0.0,26.1,20.0,4.0,12.63,6.455999851226807,5.0,0,0.09599999778775921,1441.0,12.5,5.357,269.0,barkley,-1.0333902726290156,-1.1166162219085112,0.10131746085754206,0.7322827198679387,0.5367761769367054,-0.4071794156318354,-0.3926141204996756,-0.6117923653710534,0.3037219440581611,-0.5486880556655643,2.0189775177296774,0.0,False,0.2600022039427138,58.8
2019,00-0034845,S.Michel,NE,RB,-19.1560001373291,-0.074,7.0,1006.0,1.0,17.2,16.7,12.0,15.0,0.9589999914169312,1.0,0,0.014810810678253763,1006.0,3.4,3.884,259.0,michel,-1.4457784380889334,-1.2586572093922346,-0.15921315277613726,-0.7092090332283385,-0.6226603652465782,-0.40741961435371515,-0.40563815971727873,1.3173631225143119,0.7164984116539842,-0.9704064972661635,-0.6401636031825806,0.0,False,-0.3025941891290339,31.1
2019,00-0033009,T.Boyd,CIN,WR,85.09100341796875,0.905,5.0,1069.0,0.0,19.8,20.0,2.0,9.964,30.233999252319336,2.0,0,1.2865531596731632,1069.0,25.0,11.372,94.0,boyd,0.6097934388952438,0.4581097874789408,-0.6802743800434959,-0.500441262090257,0.5367761769367054,-0.40734944394058176,-0.3926141204996756,-1.0940812373423947,-0.16060804016566377,1.275510799627029,0.02462167704548383,0.0,False,-0.1784579558005196,37.2
2019,00-0032241,T.Gurley,LA,RB,-18.65800094604492,-0.073,14.0,1064.0,2.0,17.3,33.3,9.0,14.071,-3.315999984741211,5.0,0,-0.05201568603515625,1064.0,8.0,4.173,255.0,gurley,-1.4359587492973833,-1.2569036169541639,1.6645011426596181,-0.5170101328155016,-1.7820969074298618,-0.40741691549167164,-0.34012329577418426,0.5939298145573,0.5546970030478577,-1.2983756393010997,2.0189775177296774,0.0,False,0.5204975892673402,71.6
2019,00-0030506,T.Kelce,KC,WR,96.5469970703125,0.985,6.0,1233.0,0.0,20.4,13.6,12.0,20.5,17.718000411987305,2.0,0,0.7231836902851961,1233.0,24.3,12.582,98.0,kelce,0.8356859592704284,0.5983971825245935,-0.4197437664098166,0.043017697697764735,0.5367761769367054,-0.4073332507683202,-0.4178728632247241,1.3173631225143119,1.6744184841337428,0.31530929687452797,0.02462167704548383,0.0,False,0.34427074973070576,62.9
2019,00-0032211,T.Lockett,SEA,WR,78.81099700927734,0.916,8.0,1052.0,0.0,17.6,18.2,11.0,13.966,17.628999710083008,2.0,0,0.8199534748875817,1052.0,22.2,12.233,86.0,lockett,0.48596249775803535,0.47739930429771804,0.10131746085754206,-0.5567754225560886,0.5367761769367054,-0.4074088189055408,-0.3997181418910955,1.0762186865286414,0.5364094380277895,0.3084813473992413,0.02462167704548383,0.0,False,0.22842813745532195,57.2
2019,00-0030061,Z.Ertz,,WR,70.41999816894531,0.8,6.0,916.0,0.0,91600.0,600.0,0.0,0.0,16.003000259399414,3.0,0,0.7274091026999734,916.0,13600.0,10.409,88.0,ertz,0.3205064112735543,0.2739825814815216,-0.4197437664098166,-1.0074487062827406,0.5367761769367054,2.0642738133061975,1.896459438957842,-1.5763701093137361,-1.8960108769271757,0.18373803798074115,0.6894069572735483,0.0,False,-0.14839694321194197,38.7
2020,00-0035676,A.Brown,,WR,105.77899932861328,1.511,11.0,1075.0,0.0,107500.0,1100.0,0.0,0.0,38.928001403808594,3.0,0,2.224457223074777,1075.0,10600.0,15.357,70.0,brown,1.0107021284826776,1.5683018057593563,0.5916177604305225,-0.20450183318869353,0.40312741793263657,1.6900817654139084,2.0328957514537334,-1.3016648829254656,-1.6018362114224083,1.9037794951622593,0.5122438389145837,0.0,False,0.37127633524391135,57.1
2020,00-0031544,A.Cooper,DAL,WR,88.44499969482422,0.893,5.0,1128.0,0.0,18.4,12.8,6.0,14.107,15.694000244140623,1.0,0,0.6341010199652777,1128.0,21.0,11.394,99.0,cooper,0.6131912689245874,0.3509231089072386,-0.802909817727138,-0.029737000663028975,0.40312741793263657,-0.5661218020172846,-0.5248579345293756,0.015971348256754087,0.40512476473396325,0.00048706032669015007,-0.6376913096691754,0.0,False,-0.21927620709042162,34.3
2020,00-0033293,A.Jones,GB,RB,31.65800094604492,0.127,11.0,1459.0,0.0,23.2,18.0,13.0,21.208,6.956999778747559,2.0,0,0.11175903259032223,1459.0,12.6,5.859,249.0,jones,-0.6890730186752094,-1.1579961172881048,0.5916177604305225,1.0617188402048006,0.40312741793263657,-0.5660210426582531,-0.5126243812115756,1.5532136179693437,1.4153629366830944,-0.71523412668108,-0.06272373537729585,0.0,False,0.2584388280313307,52.7
2020,00-0033906,A.Kamara,NO,RB,39.33399963378906,0.146,21.0,1688.0,0.0,27.8,36.8,12.0,17.852,14.027999877929688,8.0,0,0.20782222041377316,1688.0,21.0,6.252,270.0,kamara,-0.5130436601430862,-1.1205686168994475,2.91583039069329,1.8168348147024833,0.40312741793263657,-0.5659244816058481,-0.4683953807549141,1.3336075794389737,0.9379147878221898,-0.13598904086878194,3.387081710373981,0.0,False,1.482395293417535,100.0
2020,00-0031428,A.Robinson,CHI,WR,103.85299682617188,1.008,6.0,1249.0,0.0,23.1,16.2,8.0,14.308,34.935001373291016,1.0,0,1.3566990824579035,1249.0,25.3,12.126,103.0,robinson,0.9665341968782416,0.5774579796806909,-0.5704885547008612,0.36925440944273347,0.40312741793263657,-0.5660231418115663,-0.5168590727446603,0.455183425317494,0.43372043753522727,1.576679281206218,-0.6376913096691754,0.0,False,0.01008065591376145,43.1
2020,00-0030035,A.Thielen,MIN,WR,86.11100006103516,1.118,14.0,940.0,0.0,14.6,25.5,7.0,15.357,16.025999069213867,2.0,0,0.8325194321669541,940.0,22.1,12.208,77.0,thielen,0.5596669686916959,0.7941435082466021,1.2888815495093526,-0.6496575386785938,0.40312741793263657,-0.5662015698431845,-0.49497983315705635,0.23557738678712403,0.5829585508114754,0.02768387622567123,-0.06272373537729585,0.0,False,0.3716374311987816,57.1
2020,00-0031236,B.Cooks,,WR,90.39299774169922,1.116,6.0,1143.0,0.0,114300.0,600.0,0.0,0.0,27.660999298095703,3.0,0,1.3659752739800348,1143.0,11900.0,14.111,81.0,cooks,0.65786361197237,0.7902037713635855,-0.5704885547008612,0.01972474439140439,0.40312741793263657,1.832824190708397,0.8565925478191175,-1.3016648829254656,-1.6018362114224083,0.9808045962754838,0.5122438389145837,0.0,False,-0.031866438729295773,41.5
2020,00-0029000,C.Beasley,,WR,81.94200134277344,0.999,4.0,967.0,0.0,96700.0,400.0,0.0,0.0,11.373000144958496,0.0,0,0.5547804948760242,967.0,10800.0,11.793,82.0,beasley,0.46406166702996177,0.5597291637071163,-1.0353310807534146,-0.5606263975806137,0.40312741793263657,1.46337320759325,0.386071266365271,-1.3016648829254656,-1.6018362114224083,-0.353482397761028,-1.212658883961055,0.0,False,-0.6635078463712502,17.1
2020,00-0036326,C.Claypool,PIT,WR,82.7760009765625,1.15,11.0,875.0,0.0,16.0,23.4,12.0,14.857,20.86100006103516,1.0,0,1.1589444478352866,875.0,17.0,12.153,72.0,claypool,0.4831873113303335,0.8571792983748667,0.5916177604305225,-0.863991767247805,0.40312741793263657,-0.5661721816968003,-0.49992030661232173,1.3336075794389737,0.5118250363804705,0.4237594702189466,-0.6376913096691754,0.0,False,0.22086606739146064,51.3
2020,00-0036360,C.Edwards-Helaire,KC,RB,10.083000183105469,0.046,5.0,1100.0,0.0,16.9,9.6,14.0,18.92,1.64900004863739,0.0,0,0.030396314260597048,1100.0,8.8,5.069,217.0,edwardshelaire,-1.183840370667348,-1.3175554610502755,-0.802909817727138,-0.12206559143130459,0.40312741793263657,-0.5661532893169818,-0.5323862750326371,1.7728196564997136,1.0898559746468164,-1.1500570252856137,-1.212658883961055,0.0,False,-0.4184909299439297,26.6
2020,00-0033908,C.Kupp,LA,WR,76.3010025024414,0.795,3.0,1007.0,0.0,16.5,7.9,10.0,12.0,11.781999588012695,1.0,0,0.490916649500529,1007.0,22.0,10.49,96.0,kupp,0.3346998148804117,0.15787600163942708,-1.2677523437796914,-0.4287284107687914,0.40312741793263657,-0.5661616859302345,-0.5363857059249948,0.8943955023782338,0.1053681349217088,-0.3199778136617414,-0.6376913096691754,0.0,False,-0.3284207800087148,30.1
2020,00-0036358,C.Lamb,DAL,WR,68.09400177001953,0.801,6.0,1017.0,0.0,16.6,15.4,6.0,14.107,22.944000244140625,2.0,0,1.0797176585477941,1017.0,17.9,11.965,85.0,lamb,0.1464932852587326,0.16969521228847678,-0.5704885547008612,-0.3957539140658359,0.40312741793263657,-0.5661595867769214,-0.5187411578704756,0.015971348256754087,0.40512476473396325,0.5943955334187642,-0.06272373537729585,0.0,False,-0.08900944722248122,39.3
2020,00-0034837,C.Ridley,ATL,WR,106.95700073242188,1.114,9.0,1382.0,0.0,22.8,23.1,4.0,14.667,23.94599914550781,2.0,0,0.9977499643961587,1382.0,24.0,14.396,96.0,ridley,1.0377165718011025,0.7862640344805689,0.12677523437796903,0.8078152155920426,0.40312741793263657,-0.5660294392715058,-0.5006260885345025,-0.42324072880398583,0.4847943008966888,0.6764776903223393,-0.06272373537729585,0.0,False,0.20824701238233523,50.8
2020,00-0031381,D.Adams,,WR,121.52400207519533,1.057,18.0,1374.0,0.0,137400.0,1800.0,0.0,0.0,28.39699935913086,5.0,0,0.9877217168393342,1374.0,14900.0,11.948,115.0,adams,1.3717734165735151,0.6739815333145965,2.2185666016144596,0.7814356182296782,0.40312741793263657,2.3177286060470275,3.6797202365421957,-1.3016648829254656,-1.6018362114224083,1.0410965510954924,1.6621789874983428,0.0,False,0.9717688461205021,80.3
2020,00-0033893,D.Cook,MIN,RB,30.52199935913086,0.085,17.0,1918.0,2.0,29.9,30.9,7.0,15.357,5.432000160217285,3.0,0,0.06052367866537365,1918.0,11.0,5.343,359.0,cook,-0.7151243038265783,-1.2407305918314528,1.9861453385881829,2.5752482388704614,-2.2053441098667768,-0.5658803993862718,-0.4822757585578025,0.23557738678712403,0.5829585508114754,-0.8401596708062262,0.5122438389145837,0.0,False,0.4596544016703926,60.5
2020,00-0032764,D.Henry,TEN,RB,37.66400146484375,0.095,17.0,2141.0,2.0,33.5,29.8,11.0,18.885,17.54800033569336,5.0,0,0.17636181241902874,2141.0,6.6,5.379,398.0,henry,-0.5513407884240783,-1.22103190741637,1.9861453385881829,3.310579515346371,-2.2053441098667768,-0.5658048298669983,-0.48486362560579865,1.114001540908604,1.084876628636646,0.1523638001179523,1.6621789874983428,0.0,False,0.9562283194703496,79.7
2020,00-0030564,D.Hopkins,ARI,WR,100.9000015258789,0.87,6.0,1408.0,0.0,23.7,12.5,8.0,16.4,22.35400009155273,1.0,0,0.7708275893638873,1408.0,29.4,12.138,116.0,hopkins,0.8988148173414909,0.30561613475254806,-0.5704885547008612,0.8935489070197271,0.40312741793263657,-0.5660105468916874,-0.5255637164515564,0.455183425317494,0.7313430619145515,0.5460636589708239,-0.6376913096691754,0.0,False,-0.0009454810884441389,42.7
2020,00-0035216,D.Johnson,PIT,WR,71.89199829101562,0.79,7.0,938.0,0.0,17.2,14.9,12.0,14.857,19.599000930786133,2.0,0,0.8614945464081817,938.0,21.9,10.308,91.0,johnson,0.23359060229783402,0.14802665943188567,-0.33806729167458444,-0.6562524380191849,0.40312741793263657,-0.5661469918570424,-0.5199174610741102,1.3336075794389737,0.5118250363804705,0.3203785079445018,-0.06272373537729585,0.0,False,0.07651846744778144,45.7
2020,00-0035640,D.Metcalf,,WR,113.64199829101562,1.369,10.0,1303.0,0.0,130300.0,1000.0,0.0,0.0,16.527000427246094,1.0,0,0.7964819483010166,1303.0,12900.0,15.699,83.0,metcalf,1.1910198590863037,1.2885804870651805,0.35919649740424575,0.5473166916386936,0.40312741793263657,2.1686887208130763,1.7976351107268103,-1.3016648829254656,-1.6018362114224083,0.06872511092442642,-0.6376913096691754,0.0,False,0.031184826033032242,44.0
2020,00-0035685,D.Montgomery,CHI,RB,5.639999866485596,0.019,10.0,1508.0,0.0,27.9,27.0,8.0,14.308,10.934000015258787,5.0,0,0.14482119225508328,1508.0,11.4,4.993,302.0,montgomery,-1.2857291968003373,-1.3707419089709993,0.35919649740424575,1.223293874049283,0.40312741793263657,-0.5659223824525349,-0.4914509235461525,0.455183425317494,0.43372043753522727,-0.38944459041167306,1.6621789874983428,0.0,False,0.34300482581493724,56.0
2020,00-0034827,D.Moore,CAR,WR,96.71700286865234,1.422,4.0,1215.0,0.0,21.8,12.5,5.0,15.217,16.56399917602539,0.0,0,0.9743528927073759,1215.0,22.3,17.868,68.0,moore,0.8028884629574048,1.3929835144651193,-1.0353310807534146,0.2571411206526845,0.40312741793263657,-0.5660504308046374,-0.5255637164515564,-0.20363469027361586,0.5630411667707942,0.07175598959943737,-1.212658883961055,0.0,False,-0.24058139656537322,33.5
2020,00-0031547,D.Parker,,WR,67.22899627685547,1.067,4.0,793.0,0.0,79300.0,400.0,0.0,0.0,7.992000102996826,0.0,0,0.5074285779680524,793.0,10400.0,12.587,63.0,parker,0.12665660103267243,0.6936802177296794,-1.0353310807534146,-1.1343826402120407,0.40312741793263657,1.0981205311044113,0.386071266365271,-1.3016648829254656,-1.6018362114224083,-0.6304485456845719,-1.212658883961055,0.0,False,-0.7256624243293184,14.7
2020,00-0031610,D.Waller,,WR,98.50800323486328,0.921,9.0,1196.0,0.0,119600.0,900.0,0.0,0.0,37.012001037597656,2.0,0,1.3836262070129965,1196.0,14600.0,11.178,107.0,waller,0.8439604665389429,0.4060794252694705,0.12677523437796903,0.19448957691706895,0.40312741793263657,1.944079316305572,1.5623744699998872,-1.3016648829254656,-1.6018362114224083,1.7468237914463707,-0.06272373537729585,0.0,False,0.01860871201001186,43.5
2020,00-0033045,E.Elliott,DAL,RB,-15.718999862670898,-0.053,8.0,1317.0,4.0,21.5,20.5,6.0,14.107,0.6840000152587891,1.0,0,0.00921212141762679,1317.0,11.6,4.434,297.0,elliott,-1.7755431186310302,-1.5125724367595956,-0.10564602864830772,0.5934809870228314,-4.81381563766619,-0.5660567282645768,-0.5067428651934025,0.015971348256754087,0.40512476473396325,-1.2291082937487428,-0.6376913096691754,0.0,False,-0.5317224428896312,22.2
2020,00-0033881,E.Engram,NYG,WR,37.19400024414063,0.539,2.0,680.0,0.0,13.8,8.0,6.0,11.2,4.927999973297119,0.0,0,0.28568115787229675,680.0,21.6,9.855,69.0,engram,-0.5621190619432989,-0.3464103193866929,-1.5001736068059681,-1.5069944529554387,0.40312741793263657,-0.5662183630696896,-0.5361504452842679,0.015971348256754087,-0.008445488167899105,-0.8814465647995883,-1.212658883961055,0.0,False,-0.7969941191824601,12.0
2020,00-0023500,F.Gore,NYJ,RB,-37.86800003051758,-0.187,2.0,742.0,1.0,16.2,8.3,2.0,9.0,-10.12399959564209,1.0,0,-0.19948767676142048,742.0,4.1,3.655,203.0,gore,-2.283473675979752,-1.7765348079217054,-1.5001736068059681,-1.3025525733971142,-0.90110834596707,-0.5661679833901739,-0.5354446633620872,-0.8624528058647257,-0.32143295166432045,-2.1144824380370006,-0.6376913096691754,0.0,False,-1.107360178699003,0.0
2020,00-0035700,J.Jacobs,LV,RB,-25.663000106811523,-0.084,12.0,1303.0,2.0,21.2,26.7,8.0,16.074,-2.989000082015991,3.0,0,-0.03907189649694106,1303.0,8.6,4.258,306.0,jacobs,-2.0035832806250884,-1.5736383584463522,0.8240390234567992,0.5473166916386936,-2.2053441098667768,-0.5660630257245163,-0.4921567054683333,0.455183425317494,0.6849640105055368,-1.529994621947295,0.5122438389145837,0.0,False,0.004806066116147853,42.9
2020,00-0036322,J.Jefferson,MIN,WR,112.27400207519533,1.262,7.0,1402.0,0.0,21.8,12.7,7.0,15.357,30.881999969482425,0.0,0,1.387955054808199,1402.0,26.0,15.753,89.0,jefferson,1.1596483716563093,1.0778045638237943,-0.33806729167458444,0.8737642089979538,0.40312741793263657,-0.5660504308046374,-0.5250931951701026,0.23557738678712403,0.5829585508114754,1.2446638501474607,-1.212658883961055,0.0,False,0.011991376283584376,43.2
2020,00-0036407,J.Jeudy,,WR,66.51300048828125,1.279,3.0,856.0,0.0,85600.0,300.0,0.0,0.0,20.558000564575195,1.0,0,1.5813846588134766,856.0,11500.0,16.462,52.0,jeudy,0.11023707251247392,1.111292327329435,-1.2677523437796914,-0.9266433109834207,0.40312741793263657,1.2303671898331288,0.15081062563834782,-1.3016648829254656,-1.6018362114224083,0.3989382332134011,-0.6376913096691754,0.0,False,-0.5441802818511274,21.7
2020,00-0031382,J.Landry,CLE,WR,76.54199981689453,1.007,4.0,850.0,0.0,14.3,8.5,11.0,15.692,17.996999740600586,2.0,0,0.9472105126631888,850.0,21.6,11.184,76.0,landry,0.34022647068076795,0.5754881112391824,-1.0353310807534146,-0.946428009005194,0.40312741793263657,-0.5662078673031239,-0.5349741420806333,1.114001540908604,0.6306180054802488,0.1891451174955662,-0.06272373537729585,0.0,False,-0.040372102415096894,41.2
2020,00-0035831,J.Robinson,JAX,RB,4.995999813079834,0.017,10.0,1414.0,0.0,26.7,31.2,1.0,11.333,-7.553999900817871,1.0,0,-0.1041931020802465,1414.0,10.5,4.876,290.0,robinson,-1.3004976876387566,-1.3746816458540159,0.35919649740424575,0.9133336050415005,0.40312741793263657,-0.5659475722922928,-0.4815699766356218,-1.0820588443950956,0.010476026670748319,-1.9039521491266356,-0.6376913096691754,0.0,False,-0.44854075680988426,25.4
2020,00-0033857,J.Smith-Schuster,,TE,71.01399993896484,0.732,9.0,831.0,0.0,83100.0,900.0,0.0,0.0,15.78499984741211,3.0,0,0.6509278287592623,831.0,12900.0,8.567,97.0,smithschuster,0.21345596015015783,0.033774289824405244,0.12677523437796903,-1.0090795527408096,0.40312741793263657,1.1778883570042726,1.5623744699998872,-1.3016648829254656,-1.6018362114224083,0.00794160314475261,0.5122438389145837,0.0,False,-0.10993008727549507,38.5
2020,00-0036223,J.Taylor,IND,RB,31.31999969482422,0.117,12.0,1468.0,1.0,23.7,27.3,11.0,17.346,17.679000854492188,7.0,0,0.2638656843954058,1468.0,7.3,5.478,268.0,taylor,-0.6968242111722108,-1.1776948017031879,0.8240390234567992,1.0913958872374605,-0.90110834596707,-0.5660105468916874,-0.4907451416239717,1.114001540908604,0.865927671218013,0.16309515433782562,2.812114136082102,0.0,False,0.833356566232891,74.9
2020,00-0030279,K.Allen,LAC,TE,86.22100067138672,0.854,8.0,991.0,0.0,16.0,19.5,7.0,14.769,7.561999797821045,1.0,0,0.29948514050776415,991.0,24.3,9.812,101.0,allen,0.562189550790263,0.27409823968841557,-0.10564602864830772,-0.4814876054935204,0.40312741793263657,-0.5661721816968003,-0.5090954716006718,0.23557738678712403,0.4993055378406138,-0.6656734870192028,-0.6376913096691754,0.056,False,-0.11801238733684588,38.2
2020,00-0033118,K.Drake,ARI,RB,-4.960000038146973,-0.019,10.0,1092.0,1.0,18.4,20.8,8.0,16.4,-7.381999969482422,2.0,0,-0.1118484843860973,1092.0,5.7,4.136,264.0,drake,-1.5288130298698035,-1.4455969097483141,0.35919649740424575,-0.14844518879366905,-0.90110834596707,-0.5661218020172846,-0.5060370832712218,0.455183425317494,0.7313430619145515,-1.88986218821748,-0.06272373537729585,0.0,False,-0.20495622294436816,34.8
2020,00-0033923,K.Hunt,CLE,RB,8.54699993133545,0.036,11.0,1145.0,0.0,19.3,23.4,11.0,15.692,4.400000095367432,3.0,0,0.07457627280283782,1145.0,10.9,4.852,236.0,hunt,-1.2190646001159484,-1.3372541454653584,0.5916177604305225,0.026319643731995506,0.40312741793263657,-0.5661029096374662,-0.49992030661232173,1.114001540908604,0.6306180054802488,-0.9246994753229018,0.5122438389145837,0.0,False,0.1309533532770089,47.8
2020,00-0031260,L.Thomas,WAS,TE,52.92399978637695,0.706,6.0,675.0,0.0,12.7,18.2,7.0,11.964,13.130999565124512,1.0,0,0.7003199768066406,675.0,19.3,9.0,75.0,thomas,-0.201391833895244,-0.017442289654810116,-0.5704885547008612,-1.5234817013069166,0.40312741793263657,-0.5662414537561343,-0.5121538599301217,0.23557738678712403,0.1002465218826765,-0.20946988033653843,-0.6376913096691754,0.0,False,-0.37142475949251685,28.4
2020,00-0035662,M.Brown,BAL,WR,65.40699768066406,1.109,8.0,770.0,0.0,13.7,16.0,11.0,18.72,24.121999740600582,4.0,0,1.6353898129220734,770.0,25.4,13.051,59.0,brown,0.08487373248605751,0.7764146922730273,-0.10564602864830772,-1.2102239826288386,0.40312741793263657,-0.5662204622230028,-0.5173295940261141,1.114001540908604,1.0614025688744142,0.6908953792457663,1.0872114132064632,0.0,False,0.4578949000100929,60.4
2020,00-0031408,M.Evans,,WR,95.69000244140624,1.367,13.0,1006.0,0.0,100600.0,1300.0,0.0,0.0,31.95400047302246,2.0,0,1.825942884172712,1006.0,11100.0,14.371,70.0,evans,0.7793368400644783,1.284640750182164,1.0564602864830759,-0.432025860439087,0.40312741793263657,1.5452401868062655,2.5034170329075796,-1.3016648829254656,-1.6018362114224083,1.332480427004205,-0.06272373537729585,0.0,False,0.26820927251316395,53.1
2020,00-0034764,M.Gallup,,WR,65.1709976196289,1.105,5.0,843.0,0.0,84300.0,500.0,0.0,0.0,22.17799949645996,3.0,0,1.5035931862006753,843.0,10500.0,14.288,59.0,gallup,0.07946167588632283,0.7685352185069941,-0.802909817727138,-0.9695101566972629,0.40312741793263657,1.2030781967621236,0.6213319070921943,-1.3016648829254656,-1.6018362114224083,0.5316459700473972,0.5122438389145837,0.0,False,-0.22340424916997115,34.1
2020,00-0032144,M.Gordon,DEN,RB,-25.65900039672852,-0.104,10.0,1144.0,2.0,21.0,30.3,5.0,11.963,4.401999950408936,3.0,0,0.0712874485896184,1144.0,8.2,4.632,247.0,gordon,-2.003491557524438,-1.613035727276518,0.35919649740424575,0.023022194061699947,-2.2053441098667768,-0.5660672240311425,-0.483687322402164,-0.20363469027361586,0.10010425485381431,-0.9245356503775077,0.5122438389145837,0.0,False,-0.23310937643208463,33.8
2020,00-0029293,M.Jones,,WR,85.16999816894531,1.121,9.0,978.0,0.0,97800.0,900.0,0.0,0.0,30.354999542236328,3.0,0,1.5976315548545437,978.0,11600.0,12.868,76.0,jones,0.5380875018131301,0.8000531135711267,0.12677523437796903,-0.5243544512073626,0.40312741793263657,1.4864638940379467,1.5623744699998872,-1.3016648829254656,-1.6018362114224083,1.2014928130351021,0.5122438389145837,0.0,False,0.08988135844013724,46.2
2020,00-0034791,N.Chubb,CLE,RB,24.33300018310547,0.118,12.0,1215.0,1.0,20.5,25.5,11.0,15.692,9.465999603271484,5.0,0,0.18380581753925213,1215.0,3.8,5.898,206.0,chubb,-0.8570531393084092,-1.1757249332616795,0.8240390234567992,0.2571411206526845,-0.90110834596707,-0.5660777197977083,-0.49497983315705635,1.114001540908604,0.6306180054802488,-0.5097008501609026,1.6621789874983428,0.0,False,0.46583176699300777,60.7
2020,00-0032688,R.Anderson,CAR,WR,67.31099700927734,0.68,3.0,1108.0,0.0,19.9,9.4,5.0,15.217,7.156000137329102,1.0,0,0.2891313186799637,1108.0,25.9,11.192,99.0,anderson,0.12853707768653558,-0.06865886913402526,-1.2677523437796914,-0.09568599406894013,0.40312741793263657,-0.5660903147175872,-0.532856796314091,-0.20363469027361586,0.5630411667707942,-0.6989323337003988,-0.6376913096691754,0.0,False,-0.42089224238978407,26.5
2020,00-0034411,R.Gage,ATL,WR,67.5770034790039,0.913,4.0,795.0,0.0,13.1,10.3,4.0,14.667,29.347000122070312,2.0,0,1.5863243309227195,795.0,17.9,10.743,74.0,gage,0.13463725437183444,0.39032047773740425,-1.0353310807534146,-1.1277877408714496,0.40312741793263657,-0.5662330571428817,-0.5307394505475487,-0.42324072880398583,0.4847943008966888,1.1189191031718615,-0.06272373537729585,0.0,False,-0.21912891310868834,34.3
2020,00-0034816,R.Jones,TB,RB,-3.361999988555908,-0.015,8.0,1143.0,0.0,18.2,13.8,11.0,18.923,3.0429999828338623,2.0,0,0.05532727241516113,1143.0,6.9,5.195,220.0,jones,-1.4921669939457816,-1.4377174359822809,-0.10564602864830772,0.01972474439140439,0.40312741793263657,-0.5661260003239108,-0.5225053281221064,1.114001540908604,1.090282775733402,-1.0358627670222926,-0.06272373537729585,0.0,False,-0.11101126484585958,38.5
2020,00-0031588,S.Diggs,BUF,WR,120.49400329589844,0.941,8.0,1536.0,0.0,24.4,14.8,13.0,19.269,42.31800079345703,4.0,0,1.3224375247955322,1536.0,29.0,12.0,128.0,diggs,1.3481530341602157,0.445476794099636,-0.10564602864830772,1.3156224648175585,0.40312741793263657,-0.5659958528184953,-0.5201527217148372,1.5532136179693437,1.1395071677196573,2.181482855340075,1.0872114132064632,0.0,False,0.757462849016184,72.0
2020,00-0033009,T.Boyd,CIN,WR,84.99199676513672,1.012,4.0,890.0,0.0,16.6,12.5,4.0,11.107,2.7699999809265137,0.0,0,0.13190476099650064,890.0,19.4,10.595,84.0,boyd,0.5340054957830519,0.585337453446724,-1.0353310807534146,-0.8145300221933717,0.40312741793263657,-0.5661595867769214,-0.5255637164515564,-0.42324072880398583,-0.021676321852066006,-1.0582264931308343,-1.212658883961055,0.0,False,-0.554828085316151,21.3
2020,00-0032241,T.Gurley,ATL,RB,-8.725000381469727,-0.04,9.0,842.0,0.0,13.9,23.1,4.0,14.667,4.4629998207092285,0.0,0,0.08114545128562234,842.0,5.7,3.827,220.0,gurley,-1.615153664133656,-1.486964147019988,0.12677523437796903,-0.9728076063675585,0.40312741793263657,-0.5662162639163765,-0.5006260885345025,-0.42324072880398583,0.4847943008966888,-0.9195386379873202,-1.212658883961055,0.0,False,-0.6132310295669772,19.1
2020,00-0036410,T.Higgins,CIN,WR,86.6259994506836,1.203,6.0,936.0,0.0,17.5,18.8,4.0,11.107,21.28199958801269,1.0,0,1.1823333104451494,936.0,19.1,13.0,72.0,higgins,0.5714771598983455,0.961582325774806,-0.5704885547008612,-0.6628473373597761,0.40312741793263657,-0.5661406943971029,-0.5107422960857602,-0.42324072880398583,-0.021676321852066006,0.4582470821140792,-0.6376913096691754,0.0,False,-0.21696179606036575,34.4
2020,00-0033040,T.Hill,KC,WR,127.90399932861328,1.279,17.0,1399.0,0.0,21.5,32.7,14.0,18.92,24.14299964904785,3.0,0,0.9657199859619141,1399.0,22.0,13.99,100.0,hill,1.5180823034873456,1.111292327329435,1.9861453385881829,0.8638718599870672,0.40312741793263657,-0.5660567282645768,-0.4780410670247179,1.7728196564997136,1.0898559746468164,0.6926156583576271,0.5122438389145837,0.0,False,1.0572498899196763,83.6
2020,00-0035229,T.Hockenson,DET,WR,52.13399887084961,0.767,6.0,723.0,1.0,12.6,13.6,5.0,15.708,2.5859999656677246,1.0,0,0.1521176450392779,723.0,18.0,10.632,68.0,hockenson,-0.21950848034831122,0.10271968527719515,-0.5704885547008612,-1.3652041171327298,-0.90110834596707,-0.5662435529094475,-0.5229758494035602,-0.20363469027361586,0.632894277942041,-1.0732994818358366,-0.6376913096691754,0.0,False,-0.4001447895945937,27.3
2020,00-0030506,T.Kelce,,WR,126.99199676513672,1.209,11.0,1416.0,0.0,141600.0,1100.0,0.0,0.0,30.64900016784668,3.0,0,1.1675809587751116,1416.0,14600.0,13.486,105.0,kelce,1.497167861893608,0.9734015364238556,0.5916177604305225,0.9199285043820916,0.40312741793263657,2.4058930451995058,2.0328957514537334,-1.3016648829254656,-1.6018362114224083,1.225576876848117,0.5122438389145837,0.0,False,0.3948381999641831,58.0
2020,00-0032211,T.Lockett,,WR,99.8239974975586,0.998,10.0,1054.0,0.0,105400.0,1000.0,0.0,0.0,25.08799934387207,2.0,0,1.0035199737548828,1054.0,13200.0,10.54,100.0,lockett,0.8741394224400271,0.5577592952656081,0.35919649740424575,-0.2737482762649002,0.40312741793263657,1.6459995458376693,1.7976351107268103,-1.3016648829254656,-1.6018362114224083,0.770028530885286,-0.06272373537729585,0.0,False,0.009774205060757228,43.1
2020,00-0035659,T.McLaurin,WAS,WR,82.6500015258789,0.929,4.0,1148.0,0.0,21.6,12.1,7.0,11.964,12.821000099182127,1.0,0,0.5762247235587473,1148.0,23.4,12.899,89.0,mclaurin,0.4802978368291658,0.4218383728015368,-1.0353310807534146,0.03621199274288218,0.40312741793263657,-0.5660546291112637,-0.5265047590144641,0.23557738678712403,0.1002465218826765,-0.23486454371270396,-0.6376913096691754,0.0,False,-0.27819378924282645,32.0
2021,00-0035676,A.Brown,TEN,WR,77.427001953125,1.191,5.0,879.0,0.0,14.7,11.9,12.0,16.115,24.11000061035156,2.0,0,1.4836923452524036,879.0,20.1,13.523,65.0,brown,0.4054847695939053,1.0539962926850186,-0.687950479372582,-0.915199486127292,0.45443873399802903,-0.49438078801425833,-0.45087895464262934,1.079627844701977,0.564948457719496,0.5003138743332601,-0.16681114960447405,0.0,False,0.07718039362392733,47.6
2021,00-0031544,A.Cooper,,WR,77.77799987792969,1.144,8.0,865.0,0.0,86500.0,800.0,0.0,0.0,23.20499992370605,3.0,0,1.3649999955121206,865.0,10400.0,12.721,68.0,cooper,0.4130471725462647,0.9602004399782189,0.0,-0.9635349381478876,0.45443873399802903,1.568660675856141,2.4681699313880157,-1.6340313325219111,-1.7772743237889366,0.4431625204325708,0.40776058792204734,0.0,False,-0.01738100684018383,43.7
2021,00-0036265,A.Dillon,GB,RB,25.39299964904785,0.115,7.0,1116.0,1.0,17.7,14.0,13.0,18.0,8.343000411987305,3.0,0,0.15100453234366162,1116.0,6.5,5.05,221.0,dillon,-0.7156104416281984,-1.093330037368515,-0.22931682645752735,-0.09694933406435118,-0.8872375282818664,-0.49430922528172905,-0.44310075053063297,1.3057661094706343,0.8389223915167904,-0.49538195395280227,0.40776058792204734,0.0,False,0.02511494009658294,45.5
2021,00-0033699,A.Ekeler,LAC,RB,27.614999771118164,0.099,20.0,1558.0,0.0,23.7,37.7,9.0,18.231,5.434000015258789,5.0,0,0.07818705057926315,1558.0,14.2,5.604,278.0,ekeler,-0.6677364825652269,-1.1252605404176381,2.751801917490328,1.4290699368715973,0.45443873399802903,-0.4941660998166706,-0.3553181612666737,0.401213050396005,0.8724969160298808,-0.6790871307819101,1.55690406297509,0.0,False,0.900087306461645,81.1
2021,00-0036328,A.Gibson,WAS,RB,-14.395000457763672,-0.048,10.0,1331.0,3.0,24.0,30.3,7.0,12.885,-2.174000024795532,3.0,0,-0.02889036577801371,1331.0,9.9,4.422,301.0,gibson,-1.5728602092547763,-1.4186220371814573,0.4586336529150547,0.6453451076805107,-3.570590052841657,-0.49415894354341766,-0.382727070994661,-0.051063479141309674,0.0954864915840796,-1.159537045551885,0.40776058792204734,0.0,False,-0.17143094620925137,37.5
2021,00-0033906,A.Kamara,NO,RB,-12.996999740600586,-0.045,9.0,1337.0,0.0,26.0,23.1,9.0,13.0,-6.455999851226807,2.0,0,-0.08966666460037231,1337.0,14.0,4.642,288.0,kamara,-1.5427396757594354,-1.4126350678597468,0.22931682645752735,0.6660603014036232,0.45443873399802903,-0.4941112350550648,-0.40939519937864866,0.401213050396005,0.11220108170964399,-1.429947986774654,-0.16681114960447405,0.0,False,-0.21180271230076153,35.8
2021,00-0031236,B.Cooks,HOU,WR,80.33300018310547,0.873,6.0,1056.0,0.0,21.7,23.1,4.0,10.769,24.11400032043457,3.0,0,1.0484347965406335,1056.0,25.6,11.478,92.0,cooks,0.4680957653887788,0.41937754458369536,-0.4586336529150547,-0.30410127129547543,0.45443873399802903,-0.4942138083050234,-0.40939519937864866,-0.7294782734472817,-0.2120619667263047,0.5005664585023414,0.40776058792204734,0.0,False,-0.05479018591794042,42.2
2021,00-0029000,C.Beasley,,TE,45.85100173950195,0.559,1.0,693.0,0.0,69300.0,100.0,0.0,0.0,3.996999979019165,0.0,0,0.1949756087326422,693.0,11300.0,8.451,82.0,beasley,-0.27483388862061303,-0.2072585777553468,-1.6052177852026914,-1.5573704915437772,0.45443873399802903,1.158367676021824,-0.12456477261078086,-1.6340313325219111,-1.7772743237889366,-0.7698345731190488,-1.315954624657517,0.0,False,-1.0906287240977288,0.0
2021,00-0036326,C.Claypool,PIT,WR,68.33399963378906,0.936,2.0,944.0,0.0,17.1,6.1,9.0,11.828,14.29599952697754,1.0,0,0.7833424398343858,944.0,15.9,12.932,73.0,claypool,0.20957207972879688,0.545103900339618,-1.375900958745164,-0.6907848874602407,0.45443873399802903,-0.49432353782823496,-0.47236161361861945,0.401213050396005,-0.05814239330915121,-0.11944637267454905,-0.7413828871309954,0.0,False,-0.4027079641199374,28.0
2021,00-0033921,C.Godwin,TB,WR,76.35600280761719,0.741,6.0,1124.0,0.0,16.1,9.8,13.0,18.926,6.830999851226807,0.0,0,0.2652815476204585,1124.0,17.7,10.913,103.0,godwin,0.3824096271853865,0.15595089442842916,-0.4586336529150547,-0.06932907576686795,0.45443873399802903,-0.49434739207241135,-0.45865715875462576,1.3057661094706343,0.9735111780930736,-0.5908657258672342,-1.315954624657517,0.0,False,-0.15792812779800025,38.0
2021,00-0034775,C.Kirk,ARI,WR,82.3489990234375,1.056,5.0,993.0,0.0,15.4,10.4,11.0,18.708,24.39900016784668,1.0,0,1.2512307778382912,993.0,18.0,12.731,78.0,kirk,0.5115313372388508,0.7845826732080418,-0.687950479372582,-0.5216108053881559,0.45443873399802903,-0.4943640900433348,-0.45643481472262676,0.8534895799333196,0.9418261289854821,0.5185643753895272,-0.7413828871309954,0.0,False,-0.03112319256295515,43.2
2021,00-0033908,C.Kupp,LA,WR,164.58200073242188,1.105,16.0,1965.0,0.0,30.0,31.4,12.0,17.692,52.20100021362305,5.0,0,1.4013691332516254,1965.0,31.7,13.188,149.0,kupp,2.2832771253412925,0.8823698387959813,1.8345346116602188,2.8342505777560567,0.45443873399802903,-0.4940158180783592,-0.37865277360266286,1.079627844701977,0.7941563588326702,2.274277898273883,1.55690406297509,0.02,False,1.3627692584142506,100.0
2021,00-0036358,C.Lamb,DAL,WR,88.8280029296875,1.009,6.0,1178.0,0.0,17.0,11.1,12.0,18.929,19.03499984741211,0.0,0,0.8652272657914595,1178.0,18.8,13.386,88.0,lamb,0.6511242943659837,0.6907868205012422,-0.4586336529150547,0.11710766774114388,0.45443873399802903,-0.49432592325265257,-0.453842080018628,1.079627844701977,0.973947210878958,0.17982443280134255,-1.315954624657517,0.0,False,-0.06082266094814315,42.0
2021,00-0034348,C.Sutton,,WR,63.33599853515625,1.092,2.0,776.0,0.0,77600.0,200.0,0.0,0.0,8.739999771118164,0.0,0,0.602758604904701,776.0,10000.0,13.379,58.0,sutton,0.10188797223662699,0.856426305068569,-1.375900958745164,-1.2708103117073886,0.45443873399802903,1.3563579026860584,0.2458258993890472,-1.6340313325219111,-1.7772743237889366,-0.47031119853035697,-1.315954624657517,0.0,False,-0.847562367805306,9.9
2021,00-0031381,D.Adams,,WR,128.7259979248047,1.047,11.0,1553.0,0.0,155300.0,1100.0,0.0,0.0,45.470001220703125,6.0,0,1.4786992266895325,1553.0,16900.0,12.626,123.0,adams,1.5107439497020971,0.7666217652429097,0.687950479372582,1.4118072754356705,0.45443873399802903,3.20983267519341,3.5793419473874994,-1.6340313325219111,-1.7772743237889366,1.8492111428270637,2.1314758005016117,0.0,False,0.8433010362473558,78.8
2021,00-0033893,D.Cook,MIN,RB,-3.5390000343322754,-0.012,6.0,1383.0,2.0,22.1,13.6,8.0,15.179,-1.2680000066757202,2.0,0,-0.017796491321764495,1383.0,8.4,4.853,285.0,cook,-1.3389629584415241,-1.3467784053209302,-0.4586336529150547,0.8248767866141518,-2.2289137905617618,-0.4942042666073529,-0.44458231321863234,0.17507478562734766,0.42890622852359844,-1.1023225832496277,-0.16681114960447405,0.0,False,-0.35698246561672825,29.9
2021,00-0035657,D.Harris,NE,RB,9.614999771118164,0.044,15.0,1061.0,2.0,17.2,31.2,10.0,19.25,15.494000434875488,6.0,0,0.281709098815918,1061.0,4.2,4.823,220.0,harris,-1.055554311454716,-1.235021644648999,1.6052177852026914,-0.2868386098595484,-2.2289137905617618,-0.49432115240381724,-0.37939355494666255,0.6273513151646624,1.020602718968577,-0.04379187332338819,2.1314758005016117,0.0,False,0.65930324805724,71.3
2021,00-0032764,D.Henry,TEN,RB,6.478000164031982,0.027,10.0,1091.0,0.0,18.3,23.8,12.0,16.115,0.0,0.0,0,0.0,1091.0,3.8,4.584,238.0,henry,-1.1231423323906793,-1.2689478041386923,0.4586336529150547,-0.18326264124398628,0.45443873399802903,-0.49429491273522325,-0.40680246467464987,1.079627844701977,0.564948457719496,-1.022247597454632,-1.315954624657517,0.0,False,-0.30299269289253833,32.1
2021,00-0035216,D.Johnson,PIT,WR,85.94599914550781,0.767,8.0,1214.0,0.0,22.0,24.2,9.0,11.828,12.446999549865724,2.0,0,0.4445356982094902,1214.0,26.4,10.839,112.0,johnson,0.5890302693419917,0.20783796188325437,0.0,0.24139883007981844,0.45443873399802903,-0.4942066520317705,-0.4053209019866505,0.401213050396005,-0.05814239330915121,-0.23621186646215356,-0.16681114960447405,0.0,False,0.02964319614086057,45.7
2021,00-0035640,D.Metcalf,SEA,WR,84.25700378417969,1.109,12.0,973.0,0.0,17.1,26.1,7.0,15.192,27.39900016784668,4.0,0,1.4420526404129832,973.0,27.1,12.803,76.0,metcalf,0.5526401296733977,0.8903524645582621,0.9172673058301094,-0.590661451131864,0.45443873399802903,-0.49432353782823496,-0.3982834792186538,-0.051063479141309674,0.430795703929097,0.7080162335285334,0.9823323254485687,0.0,False,0.5316503548091689,66.1
2021,00-0035685,D.Montgomery,CHI,RB,-8.133999824523926,-0.031,7.0,1147.0,1.0,22.0,24.1,6.0,12.958,-7.565999984741211,3.0,0,-0.11377443586077009,1147.0,9.7,4.312,266.0,montgomery,-1.4379642274626234,-1.384695877691764,-0.22931682645752735,0.010079166838396353,-0.8872375282818664,-0.4942066520317705,-0.4056912926586504,-0.277201743909967,0.10609662270726399,-1.5000451827176036,0.40776058792204734,0.0,False,-0.3169812878021526,31.5
2021,00-0036309,D.Mooney,CHI,WR,82.25,0.945,5.0,1087.0,0.0,20.9,17.2,6.0,12.958,22.8439998626709,1.0,0,1.050298844260731,1087.0,26.7,12.494,87.0,mooney,0.5093983602204224,0.5630648083047496,-0.687950479372582,-0.1970727703927279,0.45443873399802903,-0.4942328917003645,-0.4312482490266385,-0.277201743909967,0.10609662270726399,0.4203651429821027,-0.7413828871309954,0.0,False,-0.24713611827941712,34.4
2021,00-0034383,D.Schultz,,WR,70.5739974975586,0.905,8.0,808.0,0.0,80800.0,800.0,0.0,0.0,23.756999969482425,4.0,0,1.2183076907426884,808.0,10600.0,10.359,78.0,schultz,0.2578338079645854,0.48323855068194177,0.0,-1.1603292785174557,0.45443873399802903,1.4326914840505824,2.4681699313880157,-1.6340313325219111,-1.7772743237889366,0.47802166522095435,0.9823323254485687,0.0,False,0.027234163764639746,45.6
2021,00-0035250,D.Singletary,BUF,RB,3.2980000972747803,0.014,8.0,1098.0,0.0,17.7,14.5,11.0,17.889,10.085000038146973,6.0,0,0.17692982523064865,1098.0,8.0,4.816,228.0,singletary,-1.191656816932802,-1.2948913378661049,0.0,-0.15909491523368846,0.45443873399802903,-0.49430922528172905,-0.44124879717063387,0.8534895799333196,0.8227891784390716,-0.38537359860166787,2.1314758005016117,0.0,False,0.38426568409068584,60.1
2021,00-0036912,D.Smith,,WR,69.53800201416016,1.087,5.0,916.0,0.0,91600.0,500.0,0.0,0.0,18.691999435424805,1.0,0,1.1682499647140503,916.0,10500.0,14.312,64.0,smith,0.23551283468064657,0.8464480228657177,-0.687950479372582,-0.787455791501432,0.45443873399802903,1.6903173211558513,1.3569979153885314,-1.6340313325219111,-1.7772743237889366,0.1581637443368627,-0.7413828871309954,0.0,False,-0.46543698990213267,25.5
2021,00-0034827,Dj.Moore,CAR,WR,100.48200225830078,0.995,4.0,1205.0,0.0,23.2,12.9,5.0,10.133,29.666000366210938,0.0,0,1.1748911036123144,1205.0,28.4,11.931,101.0,moore,0.9022147786716707,0.6628476303332596,-0.9172673058301094,0.2103260394951498,0.45443873399802903,-0.4941780269387588,-0.4471750479226311,-0.5033400086786244,-0.3045009173337739,0.8511787001890682,-1.315954624657517,0.0,False,-0.412590784886685,27.6
2021,00-0033045,E.Elliott,DAL,RB,-3.095999956130981,-0.011,12.0,1275.0,1.0,18.4,22.2,12.0,18.929,5.2129998207092285,3.0,0,0.07265504976598228,1275.0,10.1,4.443,287.0,elliott,-1.329418329078974,-1.34478274888036,0.9172673058301094,0.45200329959812807,-0.8872375282818664,-0.49429252731080553,-0.4127287154266471,1.079627844701977,0.973947210878958,-0.6930434299507421,0.40776058792204734,0.0,False,0.21636261678508056,53.3
2021,00-0036567,E.Mitchell,SF,RB,-10.954999923706056,-0.048,6.0,1100.0,0.0,17.0,12.5,10.0,15.815,-3.86299991607666,1.0,0,-0.06837167993056036,1100.0,4.0,4.867,226.0,mitchell,-1.4987439015605037,-1.4186220371814573,-0.4586336529150547,-0.15218985065931764,0.45443873399802903,-0.49432592325265257,-0.4486566106106304,0.6273513151646624,0.5213451791310674,-1.2661984348184814,-0.7413828871309954,0.0,False,-0.45328899580401427,26.0
2021,00-0034983,H.Renfrow,LV,WR,78.13300323486328,0.737,9.0,1041.0,0.0,16.5,24.3,10.0,13.852,20.941999435424805,5.0,0,0.7902641296386719,1041.0,21.3,9.821,106.0,renfrow,0.4206958742759573,0.14796826866614837,0.22931682645752735,-0.35588925560325646,0.45443873399802903,-0.49433785037474076,-0.4049505113146507,0.6273513151646624,0.2360343929007818,0.30025263794111734,1.55690406297509,0.0,False,0.4741911741482827,63.8
2021,00-0036900,J.Chase,CIN,WR,124.34400177001952,1.413,13.0,1476.0,0.0,22.9,26.0,10.0,17.037,44.4119987487793,5.0,0,2.0187272158536045,1476.0,23.6,16.773,88.0,chase,1.416331936649271,1.4970320224916025,1.146584132287637,1.1459622893223944,0.45443873399802903,-0.4941851832120117,-0.3986538698906536,0.6273513151646624,0.6989558672479338,1.7823976314198533,1.55690406297509,0.0,False,1.0724449988599805,88.2
2021,00-0033553,J.Conner,ARI,RB,22.923999786376957,0.096,18.0,1118.0,0.0,17.3,37.5,11.0,18.708,11.449000358581545,4.0,0,0.19161506876287104,1118.0,6.8,4.678,239.0,conner,-0.768806117532058,-1.1312475097393488,2.293168264575274,-0.09004426948998037,0.45443873399802903,-0.49431876697939964,-0.3560589426106734,0.8534895799333196,0.9418261289854821,-0.299236133532158,0.9823323254485687,0.0,False,0.6472662288355052,70.8
2021,00-0035700,J.Jacobs,LV,RB,-25.090999603271484,-0.093,9.0,1220.0,2.0,19.3,24.3,10.0,13.852,-6.913000106811523,2.0,0,-0.10203690194555755,1220.0,10.6,4.502,271.0,jacobs,-1.80331016294448,-1.5084265770071161,0.22931682645752735,0.26211402380293086,-2.2289137905617618,-0.49427105849104686,-0.4049505113146507,0.6273513151646624,0.2360343929007818,-1.4588078359714958,-0.16681114960447405,0.0,False,-0.28595255532342173,32.8
2021,00-0036322,J.Jefferson,MIN,WR,136.8090057373047,1.2,10.0,1630.0,0.0,26.0,22.7,8.0,15.179,31.902000427246094,3.0,0,1.1193684360437226,1630.0,29.3,14.298,114.0,jefferson,1.6848958686321265,1.07195720065015,0.4586336529150547,1.6776522615489466,0.45443873399802903,-0.4941112350550648,-0.4108767620666479,0.17507478562734766,0.42890622852359844,0.9923834889764154,0.40776058792204734,0.0,False,0.5726828159968671,67.8
2021,00-0034960,J.Meyers,NE,WR,66.38500213623047,0.79,2.0,875.0,0.0,14.2,4.2,10.0,19.25,17.947999954223633,1.0,0,0.8546666644868397,875.0,24.3,10.417,84.0,meyers,0.16758008095022905,0.253738060016369,-1.375900958745164,-0.9290096152760335,0.45443873399802903,-0.49439271513634653,-0.4793990363866162,0.6273513151646624,1.020602718968577,0.11117971628085649,-0.7413828871309954,0.0,False,-0.3048710347326282,32.0
2021,00-0033897,J.Mixon,CIN,RB,-12.12399959564209,-0.036,16.0,1519.0,1.0,23.5,32.0,10.0,17.037,-1.531000018119812,2.0,0,-0.018226190691902525,1519.0,8.8,4.521,336.0,mixon,-1.5239305079351013,-1.394674159894615,1.8345346116602188,1.2944211776713668,-0.8872375282818664,-0.49417087066550586,-0.3764304295706639,0.6273513151646624,0.6989558672479338,-1.1189311968691822,-0.16681114960447405,0.0,False,0.22121077137594902,53.5
2021,00-0036223,J.Taylor,IND,RB,46.83599853515625,0.126,20.0,2171.0,2.0,36.5,40.8,9.0,17.346,-2.296999931335449,2.0,0,-0.024698923992854293,2171.0,10.3,5.836,372.0,taylor,-0.2536117042454046,-1.0713778165222427,2.751801917490328,3.54547222891625,-2.2289137905617618,-0.4938607654912125,-0.3438360504346791,0.401213050396005,0.7438672441940156,-1.1673045658335222,-0.16681114960447405,0.0,False,0.5962473349454505,68.8
2021,00-0036613,J.Waddle,MIA,TE,81.22200012207031,0.766,7.0,1018.0,0.0,19.1,21.9,9.0,13.115,12.258000373840332,2.0,0,0.4625660518430314,1018.0,23.3,9.604,106.0,waddle,0.4872496557339029,0.20584230544268417,-0.22931682645752735,-0.43529749820852076,0.45443873399802903,-0.4942758293398821,-0.41383988744264655,0.401213050396005,0.12891567183520838,-0.24814728149040413,-0.16681114960447405,0.0,False,-0.04602720815133802,42.6
2021,00-0036997,J.Williams,DEN,RB,-3.8540000915527344,-0.016,7.0,1219.0,1.0,21.2,21.2,7.0,13.958,-3.4749999046325684,3.0,0,-0.05650406348996046,1219.0,10.2,4.955,246.0,williams,-1.3457497716799298,-1.354761031083211,-0.22931682645752735,0.25866149151574547,-0.8872375282818664,-0.4942257354271116,-0.41643262214664534,-0.051063479141309674,0.25144088466869324,-1.2416959937764684,0.40776058792204734,0.0,False,-0.24316570878459454,34.5
2021,00-0030279,K.Allen,,WR,101.69200134277344,0.959,6.0,1138.0,0.0,113800.0,600.0,0.0,0.0,23.952999114990234,2.0,0,0.9038867590562353,1138.0,15800.0,10.736,106.0,allen,0.9282847352215848,0.5910039984727323,-0.4586336529150547,-0.020993623746272283,0.45443873399802903,2.2198815418722377,1.7273885873883594,-1.6340313325219111,-1.7772743237889366,0.49039913265765833,-0.16681114960447405,0.0,False,-0.19583009932415324,36.5
2021,00-0036970,K.Pitts,,WR,79.85399627685547,1.174,1.0,1026.0,0.0,102600.0,100.0,0.0,0.0,26.69300079345703,0.0,0,1.5701765172621782,1026.0,11000.0,15.088,68.0,pitts,0.45777541789147547,1.020070133195325,-1.6052177852026914,-0.40767723991103755,0.45443873399802903,1.952714007096403,-0.12456477261078086,-1.6340313325219111,-1.7772743237889366,0.6634319357541685,-1.315954624657517,0.0,False,-0.7451473576621179,14.1
2021,00-0033856,L.Fournette,TB,RB,29.440000534057617,0.118,10.0,1266.0,0.0,18.1,16.4,13.0,18.926,2.2850000858306885,1.0,0,0.03670682868804319,1266.0,11.7,5.084,249.0,fournette,-0.6284160473649579,-1.0873430680468044,0.4586336529150547,0.42093050901345946,0.45443873399802903,-0.49429968358405857,-0.4342113744026371,1.3057661094706343,0.9735111780930736,-0.8779484267518278,-0.7413828871309954,0.0,False,-0.021507890737281876,43.6
2021,00-0036268,L.Shenault,JAX,TE,44.86800003051758,0.606,0.0,660.0,0.0,12.7,0.0,3.0,9.731,14.729000091552734,0.0,0,0.7961621671109587,660.0,17.0,8.919,74.0,shenault,-0.29601308798577847,-0.11346272504854762,-1.8345346116602188,-1.6713040570208955,0.45443873399802903,-0.4944284965026111,-0.4949554446106089,-0.9556165382159391,-0.36292931064226835,-0.09210211882987933,-1.315954624657517,0.0,False,-0.9578848143144023,5.4
2021,00-0034753,M.Andrews,BAL,WR,118.69200134277344,1.099,9.0,1361.0,0.0,22.1,24.3,8.0,13.345,48.83700180053711,4.0,0,1.8087778444643374,1361.0,26.5,12.602,108.0,andrews,1.2945571291727689,0.8703959001525602,0.22931682645752735,0.7489210762960729,0.45443873399802903,-0.4942042666073529,-0.4049505113146507,0.17507478562734766,0.16234485208633717,2.061839314895283,0.9823323254485687,0.0,False,0.5655123505315538,67.5
2021,00-0035662,M.Brown,BAL,WR,63.28400039672852,0.688,6.0,1013.0,0.0,16.4,16.2,8.0,13.345,5.873000144958496,0.0,0,0.2553478323894998,1013.0,24.6,11.011,92.0,brown,0.10076764972821942,0.05018110307820857,-0.4586336529150547,-0.4525601596444478,0.45443873399802903,-0.49434023579915837,-0.43495215574663676,0.17507478562734766,0.16234485208633717,-0.6513640006836187,-1.315954624657517,0.0,False,-0.41527099189592054,27.5
2021,00-0031408,M.Evans,TB,WR,105.7249984741211,1.41,14.0,1045.0,0.0,14.9,23.0,13.0,18.926,27.858999252319336,4.0,0,1.4858132934570312,1045.0,15.9,13.933,75.0,evans,1.0151774125214061,1.4910450531698918,1.375900958745164,-0.3420791264545149,0.45443873399802903,-0.494376017165423,-0.40976559005064844,1.3057661094706343,0.9735111780930736,0.7370654606270622,0.9823323254485687,0.0,False,0.9303951407586706,82.4
2021,00-0034829,M.Gesicki,,WR,61.59400177001953,0.844,2.0,780.0,0.0,78000.0,200.0,0.0,0.0,8.017000198364258,0.0,0,0.43928768210215113,780.0,11300.0,10.685,73.0,gesicki,0.06435589427063615,0.36150350780715956,-1.375900958745164,-1.257000182558647,0.45443873399802903,1.365899600356624,0.2458258993890472,-1.6340313325219111,-1.7772743237889366,-0.515969069361002,-1.315954624657517,0.0,False,-0.9091417634978315,7.4
2021,00-0032144,M.Gordon,DEN,RB,-13.048999786376951,-0.056,10.0,1131.0,3.0,19.7,30.3,7.0,13.958,-7.300000190734863,3.0,0,-0.1264069297096946,1131.0,7.3,4.896,231.0,gordon,-1.5438600393624986,-1.434587288706019,0.4586336529150547,-0.045161349756570116,-3.570590052841657,-0.4942615167933762,-0.382727070994661,-0.051063479141309674,0.25144088466869324,-1.4832471309712385,0.40776058792204734,0.0,False,-0.2151609584375258,35.7
2021,00-0029293,M.Jones,,WR,72.53500366210938,0.994,4.0,832.0,0.0,83200.0,400.0,0.0,0.0,21.23200035095215,1.0,0,1.1633972795042273,832.0,12000.0,11.397,73.0,jones,0.3000845386965291,0.6608519738926893,-0.9172673058301094,-1.077468503625006,0.45443873399802903,1.4899416700739756,0.9866072433887033,-1.6340313325219111,-1.7772743237889366,0.3185663753773401,-0.7413828871309954,0.0,False,-0.5657406869905508,21.4
2021,00-0036252,M.Pittman,IND,WR,102.04399871826172,1.097,6.0,1126.0,0.0,18.9,12.2,9.0,17.346,18.617000579833984,1.0,0,0.800731207734795,1126.0,25.7,12.108,93.0,pittman,0.9358686717736217,0.8664045872714198,-0.4586336529150547,-0.06242401119249713,0.45443873399802903,-0.49428060018871733,-0.44976778262662986,0.401213050396005,0.7438672441940156,0.15342752015353606,-0.7413828871309954,0.0,False,-0.010767101779628419,44.0
2021,00-0033536,M.Williams,,WR,108.18800354003906,1.424,9.0,1146.0,0.0,114600.0,900.0,0.0,0.0,29.14800071716309,2.0,0,1.5341053009033205,1146.0,13000.0,15.079,76.0,williams,1.0682439279218572,1.5189842433378746,0.22931682645752735,0.006626634551210949,0.45443873399802903,2.2389649372133684,2.8385606033878434,-1.6340313325219111,-1.7772743237889366,0.8184667015132455,-0.16681114960447405,0.0,False,0.11859429554748831,49.3
2021,00-0034791,N.Chubb,CLE,RB,21.77199935913086,0.088,9.0,1433.0,1.0,24.2,23.1,8.0,13.423,1.0950000286102295,2.0,0,0.01766129078403596,1433.0,5.0,5.778,248.0,chubb,-0.7936264677861883,-1.1472127612639105,0.22931682645752735,0.9975034009734219,-0.8872375282818664,-0.4941541726945824,-0.40939519937864866,0.17507478562734766,0.17368170451932857,-0.953097667427141,-0.16681114960447405,0.0,False,-0.1531221777507908,38.2
2021,00-0036893,N.Harris,PIT,RB,-8.906000137329102,-0.023,10.0,1667.0,0.0,30.2,30.3,9.0,11.828,-4.622000217437744,3.0,0,-0.04852493666601306,1667.0,14.3,4.375,381.0,harris,-1.4545973099745184,-1.3687306261672023,0.4586336529150547,1.8053959561748065,0.45443873399802903,-0.4940110472295239,-0.382727070994661,0.401213050396005,-0.05814239330915121,-1.3141297739587892,0.40776058792204734,0.0,False,0.031733971089972925,45.7
2021,00-0032688,R.Anderson,CAR,TE,43.448001861572266,0.776,5.0,555.0,0.0,10.7,16.1,5.0,10.133,20.424999237060547,2.0,0,1.4589285169328963,555.0,19.0,9.911,56.0,anderson,-0.32660756614730185,0.22579886984838618,-0.687950479372582,-2.033819947175363,0.45443873399802903,-0.49447620499096395,-0.4353225464186366,-0.5033400086786244,-0.3045009173337739,0.26760375519500285,-0.16681114960447405,0.0,False,-0.39591902319323863,28.3
2021,00-0031588,S.Diggs,,WR,107.53900146484376,1.044,10.0,1225.0,0.0,122500.0,1000.0,0.0,0.0,33.67599868774414,3.0,0,1.3078057742813258,1225.0,16400.0,11.893,103.0,diggs,1.054260895935912,0.7606347959211993,0.4586336529150547,0.2793766852388579,0.45443873399802903,2.4274134662070375,3.2089512753876717,-1.6340313325219111,-1.7772743237889366,1.104412577905322,0.40776058792204734,0.0,False,0.25010012068448695,54.6
2021,00-0034845,S.Michel,LA,RB,-17.496999740600586,-0.076,5.0,973.0,1.0,14.9,9.8,12.0,17.692,-11.38599967956543,2.0,0,-0.1988820904727586,973.0,5.5,4.249,229.0,michel,-1.6396941329818076,-1.4745004175174228,-0.687950479372582,-0.590661451131864,-0.8872375282818664,-0.494376017165423,-0.45865715875462576,1.079627844701977,0.7941563588326702,-1.7412805294758986,-0.16681114960447405,0.0,False,-0.3892102301814564,28.6
2021,00-0036963,St. Brown,DET,WR,87.94999694824219,0.907,6.0,973.0,0.0,17.1,17.1,3.0,12.037,56.45000076293945,5.0,0,2.3278350830078125,973.0,21.2,10.031,97.0,brown,0.6322072736173111,0.4872298635630822,-0.4586336529150547,-0.590661451131864,0.45443873399802903,-0.49432353782823496,-0.43161863969863834,-0.9556165382159391,-0.02776544255921229,2.5426049147077667,1.55690406297509,0.0,False,0.2727700376946879,55.6
2021,00-0036410,T.Higgins,,WR,96.8730010986328,1.309,6.0,1091.0,0.0,109100.0,600.0,0.0,0.0,37.80400085449219,2.0,0,2.0434595056482263,1091.0,11100.0,14.743,74.0,higgins,0.8244572789937771,1.2894837526723018,-0.4586336529150547,-0.18326264124398628,0.45443873399802903,2.1077665942430928,1.7273885873883594,-1.6340313325219111,-1.7772743237889366,1.3650984715360757,-0.16681114960447405,0.0,False,-0.09498655516552271,40.6
2021,00-0033040,T.Hill,KC,WR,113.48400115966795,0.946,9.0,1335.0,0.0,20.5,17.6,12.0,20.0,26.983999252319336,1.0,0,0.8994666417439778,1335.0,24.9,11.125,120.0,hill,1.1823485000689895,0.5650604647453198,0.22931682645752735,0.6591552368292524,0.45443873399802903,-0.49424243339803514,-0.4297666863386392,1.079627844701977,1.129610915439649,0.681808668669852,-0.7413828871309954,0.0,False,0.2826388539144252,56.0
2021,00-0030506,T.Kelce,KC,WR,98.77799987792967,1.051,10.0,1128.0,0.0,17.4,19.6,12.0,20.0,29.322999954223636,4.0,0,1.2477872320946228,1128.0,21.0,12.0,94.0,kelce,0.8655013062506682,0.7746043910051905,0.4586336529150547,-0.05551894661812633,0.45443873399802903,-0.494316381554982,-0.42235887289864266,1.079627844701977,1.129610915439649,0.8295180117245885,0.9823323254485687,0.0,False,0.6739083861475942,71.9
2021,00-0032211,T.Lockett,SEA,WR,87.31099700927734,1.164,8.0,1184.0,0.0,20.8,17.4,7.0,15.192,27.965999603271484,4.0,0,1.4915199788411457,1184.0,22.7,15.787,75.0,lockett,0.6184397420067633,1.000113568789623,0.0,0.1378228614642563,0.45443873399802903,-0.4942352771247822,-0.4305074676826388,-0.051063479141309674,0.430795703929097,0.7438225990635323,0.9823323254485687,0.0,False,0.416250691256577,61.4
2021,00-0035659,T.McLaurin,WAS,WR,83.9540023803711,1.076,5.0,1065.0,0.0,19.2,15.2,7.0,12.885,17.413999557495117,0.0,0,0.8930256183330829,1065.0,24.2,13.654,78.0,mclaurin,0.5461118326414245,0.8244958020194457,-0.687950479372582,-0.27302848071080676,0.45443873399802903,-0.49427344391546446,-0.438656062466635,-0.051063479141309674,0.0954864915840796,0.07745726047846191,-1.315954624657517,0.0,False,-0.33709728593764854,30.7
2021,00-0030061,Z.Ertz,ARI,WR,62.24800109863281,0.83,5.0,767.0,0.0,11.9,10.4,11.0,18.708,19.40999984741211,0.0,0,1.0351999918619792,767.0,19.8,10.227,75.0,ertz,0.07844659425496871,0.33356431763917677,-0.687950479372582,-1.3018831022920572,0.45443873399802903,-0.49444757989795224,-0.45643481472262676,0.8534895799333196,0.9418261289854821,0.20350591506871832,-1.315954624657517,0.0,False,-0.2944687026350007,32.5
2022,00-0035676,A.Brown,,WR,115.60299682617188,1.314,11.0,1496.0,0.0,149600.0,1100.0,0.0,0.0,44.1609992980957,2.0,0,2.007318149913441,1496.0,14500.0,17.0,88.0,brown,1.3744408725388697,1.4366893844407247,1.0178699487148821,0.9820837334858947,0.5219718076404624,3.1909655745890118,3.7999651600467743,-1.6657996330534812,-1.966046209365273,2.0168210488404945,0.11826506822079964,0.0,False,0.5078341496683624,65.9
2022,00-0031544,A.Cooper,,WR,113.21800231933594,1.452,9.0,1160.0,0.0,116000.0,900.0,0.0,0.0,32.43000030517578,2.0,0,1.663076938726963,1160.0,13200.0,14.872,78.0,cooper,1.325278025543551,1.7006777397049178,0.4634204644555561,-0.07076016423468542,0.5219718076404624,2.372385925490182,3.0182245715769893,-1.6657996330534812,-1.966046209365273,1.2571446999351885,0.11826506822079964,0.0,False,0.2625682167004316,55.1
2022,00-0036265,A.Dillon,GB,RB,8.664999961853027,0.04,7.0,976.0,0.0,16.5,18.4,8.0,14.8,4.754000186920166,4.0,0,0.08885981657794703,976.0,7.9,4.561,214.0,dillon,-0.8299148870897289,-1.0004205040127694,-0.09102901980376983,-0.6473175367959555,0.5219718076404624,-0.4532608819876214,-0.42768794239782415,0.21392374235002604,0.5380755654261664,-0.5350984615234791,1.5589486265469044,0.0,False,0.15924619281454297,50.6
2022,00-0033699,A.Ekeler,LAC,RB,21.9950008392334,0.071,18.0,1623.0,2.0,26.3,43.9,10.0,16.292,13.994000434875488,6.0,0,0.17998714385691947,1623.0,18.4,5.219,311.0,ekeler,-0.5551382401399109,-0.9411187720331319,2.958443143622523,1.3800336591124236,-1.8095022664869365,-0.45302212958996757,-0.3280160173679265,0.6838545862009029,0.7905181119118981,0.0632657235290717,2.999632184873009,0.0,False,1.281948079030692,100.0
2022,00-0033293,A.Jones,GB,RB,17.559999465942383,0.065,7.0,1516.0,1.0,25.6,18.4,8.0,14.8,-0.1059999987483024,1.0,0,-0.001558823511004447,1516.0,13.4,5.574,272.0,jones,-0.6465586997318258,-0.952596526609836,-0.09102901980376983,1.0447530131121199,-0.643765229423237,-0.45303918333265714,-0.42768794239782415,0.21392374235002604,0.5380755654261664,-0.8498224845121437,-0.6020767109422526,0.0,False,-0.22398252180522596,33.7
2022,00-0033906,A.Kamara,NO,RB,-29.15800094604492,-0.104,4.0,1387.0,2.0,23.5,11.1,7.0,12.692,-2.4189999103546143,1.0,0,-0.03455714157649449,1387.0,15.6,4.954,280.0,kamara,-1.6095755534808136,-1.2758866138536666,-0.9227032461927588,0.6405361595229685,-1.8095022664869365,-0.4530903445607258,-0.4562214738769714,-0.02104167957541235,0.18140740993560184,-0.9996077951176489,-0.6020767109422526,0.0,False,-0.5910434367997697,17.5
2022,00-0034521,A.Lazard,GB,WR,70.68099975585938,1.14,6.0,788.0,0.0,13.3,15.8,8.0,14.8,9.66800022125244,1.0,0,0.623741949758222,788.0,18.6,12.71,62.0,lazard,0.4484457549979784,1.1038345017163067,-0.3682537619334328,-1.2364087652824707,0.5219718076404624,-0.4533388419542022,-0.4378505700479314,0.21392374235002604,0.5380755654261664,-0.21687751487987947,-0.6020767109422526,0.0,False,-0.08740679281012018,39.7
2022,00-0030035,A.Thielen,MIN,WR,54.44900131225586,0.767,6.0,720.0,0.0,11.3,12.8,13.0,14.133,12.786999702453612,3.0,0,0.7203943494340063,720.0,16.9,10.141,71.0,thielen,0.11384906992224877,0.39030075886453836,-0.3682537619334328,-1.4494843160116357,0.5219718076404624,-0.4533875669333152,-0.44957667887497815,1.388750851977218,0.4252208881433357,-0.014897262426828713,0.8386068473838519,0.0,False,0.2297873031170507,53.7
2022,00-0036261,B.Aiyuk,SF,WR,76.66899871826172,0.958,8.0,1038.0,0.0,16.3,16.3,13.0,17.308,22.24399948120117,2.0,0,1.1121999740600583,1038.0,22.6,12.975,80.0,aiyuk,0.5718787758929669,0.7556759462229506,0.18619572232589315,-0.453042769954658,0.5219718076404624,-0.4532657544855327,-0.4358962185767569,1.388750851977218,0.9624226878029858,0.5975193840883734,0.11826506822079964,0.0,False,0.39692781194477655,61.0
2022,00-0037746,B.Robinson,WAS,RB,-2.9189999103546143,-0.014,3.0,857.0,0.0,14.9,9.1,8.0,11.464,-3.275000095367432,0.0,0,-0.061214955053596865,857.0,2.2,4.005,214.0,robinson,-1.0687005160204501,-1.103720295203106,-1.1999279883224219,-1.0201997505719944,0.5219718076404624,-0.4532998619709117,-0.4640388797616692,0.21392374235002604,-0.026367018405201333,-1.0550406781658253,-1.3224184901053049,0.0,False,-0.8199709259801355,7.4
2022,00-0036414,C.Akers,LA,RB,-6.089000225067139,-0.03,7.0,903.0,2.0,17.8,23.3,5.0,11.808,9.708000183105469,4.0,0,0.19319403349463618,903.0,3.5,4.493,201.0,akers,-1.1340450021400754,-1.1343276407409835,-0.09102901980376983,-0.8760604074316768,-1.8095022664869365,-0.45322921075119793,-0.40853529798031446,-0.49097252342628916,0.03183689311697797,-0.21428719627229967,1.5589486265469044,0.0,False,-0.051394368316218075,41.3
2022,00-0033921,C.Godwin,TB,TE,66.11900329589844,0.618,3.0,1024.0,0.0,16.9,9.7,8.0,11.593,20.992000579833984,1.0,0,0.7847476852274387,1024.0,19.9,9.57,107.0,godwin,0.354407494821108,0.10526985354305432,-1.1999279883224219,-0.4969112656930155,0.5219718076404624,-0.4532511369917987,-0.46169365799625983,0.21392374235002604,-0.0045405515843841325,0.5164424054953219,-0.6020767109422526,0.0,False,-0.35471630459256526,27.9
2022,00-0034775,C.Kirk,JAX,WR,86.49600219726562,0.972,8.0,1113.0,0.0,18.4,19.5,9.0,16.16,20.36599922180176,1.0,0,0.9153258077214275,1113.0,23.1,12.506,89.0,kirk,0.774446734467291,0.7824573735685935,0.18619572232589315,-0.2180329713563142,0.5219718076404624,-0.45321459325746394,-0.42338836916124034,0.44888916427546444,0.7681840528394337,0.47590379268266214,-0.6020767109422526,0.0,False,0.1444742822703568,49.9
2022,00-0036358,C.Lamb,DAL,WR,114.83200073242188,0.981,9.0,1406.0,0.0,22.9,17.3,12.0,16.679,33.196998596191406,3.0,0,1.1349401229467146,1406.0,28.6,12.017,117.0,lamb,1.358548021262954,0.7996740054336495,0.4634204644555561,0.7000719751678822,0.5219718076404624,-0.45310496205445966,-0.431987515634408,1.1537854300517796,0.8559975123743494,1.3068139959335108,0.8386068473838519,0.0,False,0.7184913230124731,75.2
2022,00-0033280,C.McCaffrey,SF,RB,45.51800155639648,0.138,13.0,1880.0,0.0,29.5,26.5,13.0,17.308,20.288000106811523,6.0,0,0.24517220672884016,1880.0,21.4,5.68,331.0,mccaffrey,-0.0702492050440282,-0.8129505125932699,1.572319432974208,2.185333902309415,0.5219718076404624,-0.4529441696233867,-0.3960274485647979,1.388750851977218,0.9624226878029858,0.4708527238922385,2.999632184873009,0.0,False,1.2573161433282345,98.9
2022,00-0037239,C.Olave,,WR,80.00800323486328,1.111,4.0,1042.0,0.0,104200.0,400.0,0.0,0.0,7.232999801635742,1.0,0,0.40183332231309676,1042.0,12000.0,14.472,72.0,olave,0.6407070133148371,1.048358687928904,-0.9227032461927588,-0.440508914029413,0.5219718076404624,2.0849085487233303,1.0638731004025261,-1.6657996330534812,-1.966046209365273,-0.3745633376707372,-0.6020767109422526,0.0,False,-0.45838272504577965,23.4
2022,00-0034348,C.Sutton,DEN,WR,66.83999633789062,1.028,2.0,834.0,0.0,14.6,7.1,5.0,10.25,11.133000373840332,1.0,0,0.6851077153132512,834.0,20.1,12.831,65.0,sutton,0.3692696131641711,0.8895830829511647,-1.4771527304520848,-1.0922694221421532,0.5219718076404624,-0.45330717071777876,-0.47185628564636706,-0.49097252342628916,-0.23177268290498568,-0.12200699552041341,-0.6020767109422526,0.0,False,-0.47944590209461707,22.4
2022,00-0031381,D.Adams,LV,WR,125.73899841308594,1.221,14.0,1515.0,0.0,25.0,35.0,6.0,15.192,26.003999710083008,2.0,0,1.0098640664109906,1515.0,32.3,14.709,103.0,adams,1.5833783328699016,1.2587841885018118,1.849544175103871,1.0416195491308085,0.5219718076404624,-0.453053800826391,-0.362803473554832,-0.25600710150085076,0.6044009529746963,0.8410095802331349,0.11826506822079964,0.0,False,0.7320763274168304,75.8
2022,00-0033893,D.Cook,MIN,RB,-33.36199951171875,-0.11,10.0,1468.0,3.0,23.1,21.3,13.0,14.133,-22.601999282836918,2.0,0,-0.2983762281562629,1468.0,8.7,4.845,303.0,cook,-1.6962342596792421,-1.2873643684303708,0.7406452065852192,0.8943467420091797,-2.975239303550636,-0.4531000895565484,-0.4163527038650123,1.388750851977218,0.4252208881433357,-2.3066190123634422,0.11826506822079964,0.0,False,-0.0012765886708401147,43.5
2022,00-0033925,D.Foreman,CAR,RB,3.871000051498413,0.019,5.0,940.0,0.0,17.8,16.1,7.0,12.852,2.0339999198913574,1.0,0,0.038928228131892006,940.0,2.1,4.498,209.0,foreman,-0.9287355273104101,-1.0405926450312337,-0.6454785040630958,-0.7601222401231605,0.5219718076404624,-0.45322921075119793,-0.4366779591652267,-0.02104167957541235,0.2084789966901039,-0.7112403121131007,-0.6020767109422526,0.0,False,-0.5058348692425412,21.3
2022,00-0032764,D.Henry,TEN,RB,-2.486999988555908,-0.007,13.0,1936.0,2.0,37.2,40.6,7.0,11.462,-8.460000038146973,3.0,0,-0.08858638783399972,1936.0,9.4,5.068,382.0,henry,-1.0597955286099947,-1.0903295815302845,1.572319432974208,2.360807885262845,-1.8095022664869365,-0.4527565784538015,-0.34091473707767805,-0.02104167957541235,-0.02670541323963272,-1.390811044183439,0.8386068473838519,0.0,False,0.3413182219214307,58.6
2022,00-0035216,D.Johnson,PIT,WR,62.77099990844727,0.675,0.0,907.0,0.0,16.4,0.0,9.0,11.407,32.13199996948242,0.0,0,1.38202150406376,907.0,27.0,9.753,93.0,johnson,0.2853937600702327,0.21430852202174294,-2.031602214711411,-0.8635265515064318,0.5219718076404624,-0.45326331823657695,-0.4996080765370444,0.44888916427546444,-0.03601127118649275,1.237846786165976,-1.3224184901053049,0.0,False,-0.6406606871795366,15.3
2022,00-0037238,D.London,,WR,59.150001525878906,0.822,4.0,866.0,0.0,86600.0,400.0,0.0,0.0,24.44599914550781,0.0,0,1.3581110636393228,866.0,11800.0,12.028,72.0,london,0.210752670146435,0.49551350915099207,-0.9227032461927588,-0.991998574740193,0.5219718076404624,1.656128732528705,1.0638731004025261,-1.6657996330534812,-1.966046209365273,0.7401165376880606,-1.3224184901053049,0.0,False,-0.706673314889032,12.4
2022,00-0035640,D.Metcalf,,WR,67.89600372314453,0.754,6.0,1048.0,0.0,104800.0,600.0,0.0,0.0,15.1899995803833,1.0,0,0.67511109246148,1048.0,14200.0,11.644,90.0,metcalf,0.39103751634313455,0.36543229061501287,-0.3682537619334328,-0.4217081301415455,0.5219718076404624,2.099526042457238,1.8456136888723114,-1.6657996330534812,-1.966046209365273,0.1407162684231252,-0.6020767109422526,0.0,False,-0.38629088774620457,26.5
2022,00-0035685,D.Montgomery,CHI,RB,-1.9520000219345093,-0.008,6.0,1117.0,1.0,22.5,17.1,3.0,13.583,-2.805000066757202,2.0,0,-0.04774468198735663,1117.0,11.0,4.753,235.0,montgomery,-1.0487673600225533,-1.0922425406264018,-0.3682537619334328,-0.2054991154310692,-0.643765229423237,-0.4531147070502823,-0.4327692562228778,-0.960903367277166,0.3321623086747351,-1.02460440364773,0.11826506822079964,0.0,False,-0.3907211211987058,26.3
2022,00-0034827,D.Moore,CAR,WR,83.56400299072266,1.145,7.0,945.0,0.0,17.9,22.6,7.0,12.852,32.50299835205078,3.0,0,1.7809862110712757,945.0,27.6,12.945,73.0,moore,0.714008260513362,1.1133992971968938,-0.09102901980376983,-0.7444549202166043,0.5219718076404624,-0.4532267745022422,-0.4112713900399587,-0.02104167957541235,0.2084789966901039,1.2618719094218391,0.8386068473838519,0.0,False,0.329430605289156,58.0
2022,00-0037258,D.Pierce,HOU,RB,-25.583999633789062,-0.102,5.0,1104.0,2.0,22.1,20.0,3.0,11.115,-10.70400047302246,1.0,0,-0.17126400756835936,1104.0,6.9,4.416,250.0,pierce,-1.5359032329903959,-1.272060695661432,-0.6454785040630958,-0.24623414718811545,-1.8095022664869365,-0.4531244520461049,-0.4214340176900659,-0.960903367277166,-0.08541691701345895,-1.536128084815442,-0.6020767109422526,0.0,False,-0.7399368684352922,11.0
2022,00-0036912,D.Smith,,WR,97.9749984741211,1.031,7.0,1210.0,0.0,121000.0,700.0,0.0,0.0,45.02799987792969,3.0,0,1.8959157843338816,1210.0,13700.0,12.737,95.0,smith,1.01106788223151,0.8953219602395165,-0.09102901980376983,0.0859130348308771,0.5219718076404624,2.4941983732727455,2.236483983107204,-1.6657996330534812,-1.966046209365273,2.072966295752934,0.8386068473838519,0.0,False,0.21800017476935493,53.1
2022,00-0033045,E.Elliott,DAL,RB,-9.302000045776367,-0.038,12.0,968.0,0.0,15.8,23.1,12.0,16.679,-9.48900032043457,4.0,0,-0.15304839226507372,968.0,4.2,3.903,248.0,elliott,-1.200275854298755,-1.1496313135099223,1.295094690844545,-0.6723852486464456,0.5219718076404624,-0.45327793573031094,-0.40931703856878426,1.1537854300517796,0.8559975123743494,-1.4574470721928658,1.5589486265469044,0.0,False,0.4910940988415636,65.2
2022,00-0033881,E.Engram,JAX,WR,58.667999267578125,0.782,4.0,779.0,0.0,12.9,9.8,9.0,16.16,32.16400146484375,2.0,0,1.7154134114583333,779.0,17.4,10.387,75.0,engram,0.20081696454697998,0.4189951453062985,-0.9227032461927588,-1.264609941114272,0.5219718076404624,-0.4533485869500248,-0.46130278770202493,0.44888916427546444,0.7681840528394337,1.2399191398649472,0.11826506822079964,0.0,False,-0.02457116167537346,42.5
2022,00-0037740,G.Wilson,NYJ,WR,87.29399871826172,1.003,4.0,1107.0,0.0,19.8,14.8,7.0,11.84,24.520000457763672,0.0,0,1.127356342885686,1107.0,25.0,12.724,87.0,wilson,0.7908961563641047,0.8417591055482309,-0.9227032461927588,-0.2368337552441817,0.5219718076404624,-0.45318048577208486,-0.44175927299028034,-0.02104167957541235,0.03725121046787838,0.7449087166612806,-1.3224184901053049,0.0,False,-0.3423766881970489,28.5
2022,00-0036900,J.Chase,CIN,WR,85.52999877929688,0.93,9.0,1054.0,0.0,18.0,18.8,12.0,14.414,24.940000534057617,3.0,0,1.084347849306853,1054.0,22.4,11.457,92.0,chase,0.7545341191139092,0.7021130915316652,0.4634204644555561,-0.40290734625367797,0.5219718076404624,-0.45322433825328656,-0.4261244612208846,1.1537854300517796,0.47276536238093003,0.7721070929199011,0.8386068473838519,0.0,False,0.5431322766077048,67.5
2022,00-0033553,J.Conner,ARI,RB,6.201000213623047,0.027,8.0,1082.0,1.0,19.4,26.7,4.0,12.143,5.627999782562256,3.0,0,0.098305673057856,1082.0,9.0,4.725,229.0,conner,-0.8807063007686817,-1.0252889722622949,0.18619572232589315,-0.315170354776963,-0.643765229423237,-0.45319023076790743,-0.3952457079763281,-0.7259379453517275,0.08851802788421677,-0.4784999721567321,0.8386068473838519,0.0,False,-0.09475850645286235,39.4
2022,00-0035700,J.Jacobs,LV,RB,8.008999824523926,0.02,12.0,2053.0,0.0,33.8,30.0,6.0,15.192,-10.73799991607666,2.0,0,-0.10901522757438234,2053.0,11.4,5.211,394.0,jacobs,-0.8434372806583432,-1.0386796859351162,1.295094690844545,2.7274231710762615,0.5219718076404624,-0.4528394109182937,-0.38234698826657665,-0.25600710150085076,0.6044009529746963,-1.5383298216649477,0.11826506822079964,0.0,False,0.25890155757249456,54.9
2022,00-0036322,J.Jefferson,MIN,WR,148.947998046875,1.137,9.0,1825.0,0.0,28.7,19.1,13.0,14.133,39.891998291015625,2.0,0,1.2180762836951335,1825.0,28.7,13.931,131.0,jefferson,2.0617947378720736,1.098095624427955,0.4634204644555561,2.0129933833372964,0.5219718076404624,-0.4529636596150319,-0.42495185033817995,1.388750851977218,0.4252208881433357,1.7403689665848427,0.11826506822079964,0.0,False,0.7107560704956124,74.8
2022,00-0036407,J.Jeudy,DEN,WR,81.16600036621094,1.143,6.0,1012.0,0.0,17.7,21.4,5.0,10.25,42.02899932861328,3.0,0,2.367830948090889,1012.0,18.5,14.254,71.0,jeudy,0.6645772719784472,1.1095733790046591,-0.3682537619334328,-0.5345128334687506,0.5219718076404624,-0.4532316470001535,-0.4159618335707774,-0.49097252342628916,-0.23177268290498568,1.8787569373645552,0.8386068473838519,0.0,False,0.215395287218335,53.0
2022,00-0033897,J.Mixon,CIN,RB,9.269000053405762,0.034,9.0,1255.0,0.0,21.4,18.8,12.0,14.414,-0.4379999935626983,1.0,0,-0.006488888793521457,1255.0,12.5,4.648,270.0,mixon,-0.8174643912914976,-1.0118982585894734,0.4634204644555561,0.22691891398988337,0.5219718076404624,-0.4531415057887944,-0.4261244612208846,1.1537854300517796,0.47276536238093003,-0.8713221491229242,-0.6020767109422526,0.0,False,-0.06887082009031152,40.5
2022,00-0036988,J.Palmer,LAC,WR,61.505001068115234,0.843,3.0,773.0,0.0,12.5,7.3,10.0,16.292,9.572999954223633,0.0,0,0.5245479426971854,773.0,15.7,10.589,73.0,palmer,0.2592972189230307,0.5356856501694562,-1.1999279883224219,-1.2834107250021394,0.5219718076404624,-0.4533583319458474,-0.47107454505789725,0.6838545862009029,0.7905181119118981,-0.22302954473215633,-1.3224184901053049,0.0,False,-0.41302203554957195,25.3
2022,00-0033857,J.Smith-Schuster,,WR,75.02899932861328,0.962,3.0,933.0,0.0,93300.0,300.0,0.0,0.0,12.744000434875488,1.0,0,0.6535384838397686,933.0,10200.0,11.962,78.0,smithschuster,0.5380728116299018,0.76332778260742,-1.1999279883224219,-0.7820564879923393,0.5219718076404624,1.8193574125573408,0.6730028061676335,-1.6657996330534812,-1.966046209365273,-0.017681810155378154,-0.6020767109422526,0.0,False,-0.5856260001901445,17.7
2022,00-0036223,J.Taylor,IND,RB,-28.15800094604492,-0.128,4.0,1004.0,3.0,18.0,16.0,4.0,9.031,1.6759999990463257,0.0,0,0.03047272725538774,1004.0,7.2,4.564,220.0,taylor,-1.588962152965883,-1.321797632160483,-0.9227032461927588,-0.5595805453192405,-2.975239303550636,-0.45322433825328656,-0.43706882945946157,-0.7259379453517275,-0.43802433449084804,-0.7344236806344075,-1.3224184901053049,0.0,False,-0.9885692619301487,0.0
2022,00-0036613,J.Waddle,MIA,WR,113.72799682617188,1.458,8.0,1382.0,0.0,21.8,19.0,9.0,15.269,30.1560001373291,2.0,0,1.5464615455040565,1382.0,20.9,17.718,78.0,waddle,1.3357907465733747,1.7121554942816217,0.18619572232589315,0.6248688396164122,0.5219718076404624,-0.45313176079297185,-0.4253427206324148,0.44888916427546444,0.6174291541003004,1.1098849357870177,0.11826506822079964,0.0,False,0.5034226026829965,65.7
2022,00-0033948,Ja.Williams,DET,RB,-24.19700050354004,-0.088,17.0,1139.0,2.0,17.4,32.7,9.0,18.12,-10.96399974822998,3.0,0,-0.15947635997425427,1139.0,2.8,4.142,275.0,williams,-1.5073124644047124,-1.2452792683157892,2.68121840149286,-0.1365629078422217,-1.8095022664869365,-0.45323895574702044,-0.3717934903222345,0.44888916427546444,1.0998109905820839,-1.5529651248856766,0.8386068473838519,0.0,False,0.5176055507704528,66.3
2022,00-0038134,K.Walker,SEA,RB,-12.892000198364258,-0.051,9.0,1215.0,0.0,20.1,21.4,9.0,15.074,-9.87600040435791,0.0,0,-0.1549176534016927,1215.0,6.3,4.765,255.0,walker,-1.2742779652927112,-1.1744997817594476,0.4634204644555561,0.10158035473743335,0.5219718076404624,-0.4531731770252179,-0.4159618335707774,0.44888916427546444,0.584435657743251,-1.4825084340562815,-1.3224184901053049,0.0,False,-0.3588212091012132,27.7
2022,00-0033856,L.Fournette,TB,RB,-16.216999053955078,-0.062,6.0,1191.0,0.0,19.7,19.4,8.0,11.593,1.0440000295639038,0.0,0,0.015938931749067235,1191.0,11.4,4.546,262.0,fournette,-1.3428174984146908,-1.1955423318167384,-0.3682537619334328,0.026377219185963342,0.5219718076404624,-0.4531829220210405,-0.42377923945547524,0.21392374235002604,-0.0045405515843841325,-0.7753507516890072,-1.3224184901053049,0.0,False,-0.5924514059355421,17.4
2022,00-0034753,M.Andrews,BAL,WR,74.44200134277344,0.98,5.0,855.0,0.0,15.1,15.2,10.0,12.963,14.55799961090088,0.0,0,0.7662105058368884,855.0,24.5,11.25,76.0,andrews,0.5259727870463277,0.7977610463375322,-0.6454785040630958,-1.0264666785346168,0.5219718076404624,-0.4532949894730005,-0.44019579181334073,0.6838545862009029,0.2272599100010395,0.09978919736852562,-1.3224184901053049,0.0,False,-0.29071510588408944,30.7
2022,00-0035662,M.Brown,ARI,WR,57.45100021362305,0.845,3.0,710.0,0.0,12.8,10.0,4.0,12.143,11.881999969482422,0.0,0,0.6989411746754366,710.0,16.7,10.441,68.0,brown,0.1757304756215123,0.539511568361691,-1.1999279883224219,-1.4808189558247482,0.5219718076404624,-0.45335102319898046,-0.4605210471135552,-0.7259379453517275,0.08851802788421677,-0.07350325952211151,-1.3224184901053049,0.0,False,-0.6450477505726837,15.1
2022,00-0031408,M.Evans,,WR,96.33499908447266,1.251,6.0,1124.0,0.0,112400.0,600.0,0.0,0.0,33.527000427246094,3.0,0,1.7416623598569398,1124.0,12800.0,14.597,77.0,evans,0.9772619179684451,1.3161729613853317,-0.3682537619334328,-0.18356486756189044,0.5219718076404624,2.2846809630867355,1.8456136888723114,-1.6657996330534812,-1.966046209365273,1.3281842634016945,0.8386068473838519,0.0,False,0.13927826882508845,49.7
2022,00-0036252,M.Pittman,IND,TE,70.13099670410156,0.688,4.0,955.0,0.0,17.1,16.0,4.0,9.031,14.06999969482422,2.0,0,0.5517646939146753,955.0,24.4,9.363,102.0,pittman,0.4371083218076605,0.23917699027126818,-0.9227032461927588,-0.7131202804034917,0.5219718076404624,-0.4532462644938875,-0.43706882945946157,-0.7259379453517275,-0.43802433449084804,0.06818728565282631,0.11826506822079964,0.0,False,-0.30025989103099493,30.3
2022,00-0035243,M.Sanders,PHI,RB,4.669000148773193,0.017,11.0,1347.0,1.0,20.5,20.0,14.0,19.08,-8.706999778747559,2.0,0,-0.12438571112496512,1347.0,5.1,4.811,280.0,sanders,-0.9122860316943314,-1.0444185632234684,1.0178699487148821,0.5151976002705184,-0.643765229423237,-0.4531634320293953,-0.4214340176900659,1.6237162739026565,1.2622405111090957,-1.406806260041292,0.11826506822079964,0.0,False,0.295373524453523,56.5
2022,00-0034791,N.Chubb,CLE,RB,28.35700035095215,0.086,13.0,1764.0,1.0,29.8,36.1,7.0,13.37,8.42199993133545,1.0,0,0.1020848476525509,1764.0,7.3,5.345,330.0,chubb,-0.42399579612905924,-0.9124243855913717,1.572319432974208,1.82185208047731,-0.643765229423237,-0.45293686087651974,-0.3585039003182482,-0.02104167957541235,0.2961232588078041,-0.29756603523099134,-0.6020767109422526,0.0,False,0.145253817994153,49.9
2022,00-0036893,N.Harris,PIT,RB,-17.476999282836914,-0.056,10.0,1267.0,1.0,22.9,37.0,9.0,11.407,-2.8499999046325684,4.0,0,-0.036421724020863494,1267.0,9.6,4.048,313.0,harris,-1.3687903877815364,-1.1840645772400344,0.7406452065852192,0.2645204817656184,-0.643765229423237,-0.45310496205445966,-0.35498606767013413,0.44888916427546444,-0.03601127118649275,-1.0275185043614987,1.5589486265469044,0.0,False,0.25753596993572747,54.9
2022,00-0031687,R.Mostert,MIA,RB,11.741999626159668,0.055,5.0,1093.0,1.0,17.3,11.9,9.0,15.269,8.034000396728516,1.0,0,0.15158491314582104,1093.0,7.4,5.156,212.0,mostert,-0.7664874606250691,-0.9717261175710092,-0.6454785040630958,-0.2807022509825392,-0.643765229423237,-0.4532413919959762,-0.45309451152309216,0.44888916427546444,0.6174291541003004,-0.32269211954870786,-0.6020767109422526,0.0,False,-0.37587734385574595,27.0
2022,00-0036875,R.Stevenson,NE,RB,-2.055000066757202,-0.007,6.0,1461.0,2.0,26.2,20.0,8.0,13.481,-11.791999816894531,1.0,0,-0.16906092927447355,1461.0,17.2,5.237,279.0,stevenson,-1.0508905411995393,-1.0903295815302845,-0.3682537619334328,0.872412494140001,-1.8095022664869365,-0.45302456583892314,-0.4214340176900659,0.21392374235002604,0.31490417211874,-1.606584775644837,-0.6020767109422526,0.0,False,-0.4056513361254501,25.7
2022,00-0034844,S.Barkley,NYG,RB,-8.005000114440918,-0.023,10.0,1650.0,0.0,30.1,27.8,9.0,14.038,10.890999794006348,2.0,0,0.12376136129552667,1650.0,15.6,4.688,352.0,barkley,-1.1735402752463,-1.1209369270681622,0.7406452065852192,1.4646371866078274,0.5219718076404624,-0.4529295521296528,-0.39094613473974427,0.44888916427546444,0.4091471335078503,-0.13767847559062768,0.11826506822079964,0.0,False,0.1505831409696705,50.2
2022,00-0031588,S.Diggs,BUF,WR,116.33999633789062,1.067,11.0,1426.0,0.0,23.6,22.9,13.0,18.2,17.884000778198242,1.0,0,0.6562936065393851,1426.0,27.9,13.083,109.0,diggs,1.3896329386532367,0.9641884876997409,1.0178699487148821,0.7627412547941073,0.5219718076404624,-0.45308790831177015,-0.41009877915725396,1.388750851977218,1.1133467839593347,0.31517447058798376,-0.6020767109422526,0.0,False,0.5505630147180596,67.8
2022,00-0036963,St. Brown,DET,WR,109.0719985961914,0.948,6.0,1256.0,0.0,19.2,11.5,9.0,18.12,27.70800018310547,0.0,0,0.9637565281080163,1256.0,25.9,10.922,115.0,brown,1.2398147902619794,0.7365463552617771,-0.3682537619334328,0.23005237797119463,0.5219718076404624,-0.45319510326581874,-0.45465799270003177,0.44888916427546444,1.0998109905820839,0.9513572887837781,-1.3224184901053049,0.0,False,-0.02277021982986749,42.5
2022,00-0037263,T.Allgeier,ATL,RB,19.315000534057617,0.085,4.0,1174.0,0.0,21.8,11.8,7.0,14.038,16.180999755859375,2.0,0,0.28512774900192733,1174.0,4.2,5.172,227.0,allgeier,-0.6103821598106355,-0.9143373446874891,-0.9227032461927588,-0.026891668496327917,0.5219718076404624,-0.45313176079297185,-0.4534853818173271,-0.02104167957541235,0.4091471335078503,0.20489148449164138,0.11826506822079964,0.0,False,-0.265860890046068,31.8
2022,00-0036973,T.Etienne,JAX,RB,2.453000068664551,0.01,5.0,1439.0,3.0,23.7,12.2,9.0,16.16,-3.1429998874664307,1.0,0,-0.04910937324166298,1439.0,7.8,5.621,256.0,etienne,-0.9579653288867291,-1.0578092768962897,-0.6454785040630958,0.8034762865511534,-2.975239303550636,-0.45308547206281446,-0.4519219006403875,0.44888916427546444,0.7681840528394337,-1.0464926051454886,-0.6020767109422526,0.0,False,-0.38733825960822743,26.5
2022,00-0033110,T.Higbee,,TE,44.16299819946289,0.613,3.0,620.0,0.0,62000.0,300.0,0.0,0.0,15.651000022888184,3.0,0,0.8695000012715658,620.0,10800.0,8.611,72.0,higbee,-0.09818043193957571,0.09570505806246761,-1.1999279883224219,-1.7628307141427608,0.5219718076404624,1.0568114894384901,0.6730028061676335,-1.6657996330534812,-1.966046209365273,0.17056974750169343,0.8386068473838519,0.0,False,-0.46532241218885373,23.0
2022,00-0036410,T.Higgins,,WR,88.68699645996094,1.198,7.0,1029.0,0.0,102900.0,700.0,0.0,0.0,14.826000213623049,2.0,0,0.8014054169525973,1029.0,11000.0,13.905,74.0,higgins,0.8196105767301445,1.2147861292911126,-0.09102901980376983,-0.48124394578645924,0.5219718076404624,2.053237312299864,2.236483983107204,-1.6657996330534812,-1.966046209365273,0.11714438762157006,0.11826506822079964,0.0,False,-0.0454848885447941,41.5
2022,00-0033040,T.Hill,MIA,WR,130.07000732421875,1.032,8.0,1742.0,0.0,27.5,19.0,9.0,15.269,28.28700065612793,3.0,0,0.8980000208294581,1742.0,30.1,13.825,126.0,hill,1.6726551541888157,0.897234919335634,0.18619572232589315,1.7529158728884624,0.5219718076404624,-0.4529928946024997,-0.4253427206324148,0.44888916427546444,0.6174291541003004,0.9888522170184166,0.8386068473838519,0.0,False,0.6478297598306543,72.1
2022,00-0035229,T.Hockenson,,WR,65.65399932861328,0.763,6.0,904.0,0.0,90400.0,600.0,0.0,0.0,18.89699935913086,2.0,0,0.8789302027502726,904.0,13100.0,10.512,86.0,hockenson,0.34482218180242735,0.382648922480069,-0.3682537619334328,-0.8729269434503656,0.5219718076404624,1.7487061928434537,1.8456136888723114,-1.6657996330534812,-1.966046209365273,0.3807742599898581,0.11826506822079964,0.0,False,-0.2627285686740792,32.0
2022,00-0030506,T.Kelce,KC,WR,112.58999633789062,1.005,12.0,1343.0,0.0,19.5,21.8,14.0,18.37,24.295000076293945,0.0,0,0.8676785741533551,1343.0,24.8,11.991,112.0,kelce,1.3123326867222467,0.8455850237404656,1.295094690844545,0.5026637443452734,0.5219718076404624,-0.4531877945189518,-0.4143983523938378,1.6237162739026565,1.1421103448859933,0.7303381358948527,-1.3224184901053049,0.0,False,0.457631492244036,63.7
2022,00-0032211,T.Lockett,,WR,86.86900329589844,1.034,9.0,1033.0,0.0,103300.0,900.0,0.0,0.0,16.488000869750977,2.0,0,0.7851428985595703,1033.0,11700.0,12.298,84.0,lockett,0.7821355555059183,0.9010608375278688,0.4634204644555561,-0.46871008986121426,0.5219718076404624,2.062982308122469,3.0182245715769893,-1.6657996330534812,-1.966046209365273,0.22477227089796462,0.11826506822079964,0.0,False,0.06215512932538856,46.3
2022,00-0035659,T.McLaurin,WAS,WR,98.08000183105467,1.168,5.0,1220.0,0.0,21.2,15.2,8.0,11.464,21.05299949645996,2.0,0,1.0025237855457125,1220.0,22.4,14.524,84.0,mclaurin,1.0132323584833942,1.1573973564075923,-0.6454785040630958,0.11724767464398961,0.5219718076404624,-0.45314637828670573,-0.44019579181334073,0.21392374235002604,-0.026367018405201333,0.5203925749819589,0.11826506822079964,0.0,False,0.1054784329462967,48.2
2022,00-0035261,T.Pollard,DAL,RB,26.972000122070312,0.116,12.0,1378.0,0.0,22.4,23.1,12.0,16.679,1.930999994277954,2.0,0,0.0332931033496199,1378.0,10.1,5.94,232.0,pollard,-0.45254536056027106,-0.8550356127078514,1.295094690844545,0.6123349836911672,0.5219718076404624,-0.4531171432992379,-0.40931703856878426,1.1537854300517796,0.8559975123743494,-0.7179103840715702,0.11826506822079964,0.0,False,0.36107127781069415,59.4
2022,00-0033891,Z.Jones,JAX,WR,79.53399658203125,0.925,5.0,852.0,0.0,14.1,12.2,9.0,16.16,21.267000198364254,4.0,0,0.9891627999239188,852.0,21.0,9.907,86.0,jones,0.6309361243332688,0.6925482960510785,-0.6454785040630958,-1.0358670704785506,0.5219718076404624,-0.453319351962557,-0.4519219006403875,0.44888916427546444,0.7681840528394337,0.5342508382026738,1.5589486265469044,0.0,False,0.38138096576351027,60.3
2023,00-0035676,A.Brown,,WR,113.177001953125,1.068,7.0,1456.0,0.0,145600.0,700.0,0.0,0.0,13.807000160217283,0.0,0,0.5210188739704635,1456.0,15800.0,13.736,106.0,brown,1.250526962945243,0.915881691527617,-0.1536392027244282,1.1029260074647185,0.49430137948430125,2.528541703143171,2.0149751645414575,-1.4711574429398748,-1.5667784932545867,0.10473305387385715,-1.323205668693539,0.0,False,-0.21167823542387862,27.9
2023,00-0031544,A.Cooper,,WR,108.197998046875,1.503,5.0,1250.0,0.0,125000.0,500.0,0.0,0.0,37.5880012512207,3.0,0,2.0882222917344837,1250.0,13000.0,17.361,72.0,cooper,1.152616064068302,1.7229893862645391,-0.6804021834938966,0.3296526185393244,0.49430137948430125,2.09114847544846,1.2694799634716833,-1.4711574429398748,-1.5667784932545867,1.5634018377658094,0.4857337264824382,0.0,False,0.13366804415570926,42.1
2023,00-0033906,A.Kamara,NO,RB,12.164999961853027,0.047,6.0,1160.0,0.0,19.6,14.6,9.0,14.889,-6.886000156402588,1.0,0,-0.10717509971054612,1160.0,15.0,4.514,257.0,kamara,-0.7358494485915954,-0.9785021161192748,-0.4170206931091624,-0.008185269826138921,0.49430137948430125,-0.5625204835115414,-0.5398368895246572,0.514905105028956,0.6413114592428768,-1.1645252709297471,-0.7202258703015466,0.0,False,-0.3456658603509189,22.3
2023,00-0034972,A.Mattison,MIN,RB,-24.356000900268555,-0.116,3.0,892.0,2.0,14.7,8.8,7.0,13.76,-1.371999979019165,0.0,0,-0.02613333293369838,892.0,7.2,4.248,210.0,mattison,-1.454026033632481,-1.2809355741471333,-1.207165164263365,-1.0141914262921854,-2.600455083373933,-0.5626245236482259,-0.5614562503556807,0.07355787214699368,0.4738768728791428,-0.8263099072305854,-1.323205668693539,0.0,False,-0.8872181922099598,0.0
2023,00-0030035,A.Thielen,CAR,TE,89.56099700927734,0.861,4.0,1020.0,0.0,21.5,20.0,2.0,9.44,20.107999801635746,0.0,0,0.773384607755221,1020.0,25.8,9.808,104.0,thielen,0.7861239788399516,0.5318097540321157,-0.9437836738786307,-0.533710873950193,0.49430137948430125,-0.5624801414177248,-0.5197085190957733,-1.0298102100579123,-0.16679399788377236,0.49122105112341635,-1.323205668693539,0.0,False,-0.5491677429188304,13.9
2023,00-0036261,B.Aiyuk,,WR,114.3769989013672,1.525,7.0,1342.0,0.0,134200.0,700.0,0.0,0.0,31.86199951171875,1.0,0,1.699306640625,1342.0,10500.0,17.893,75.0,aiyuk,1.2741246106001272,1.7638086259983605,-0.1536392027244282,0.6749980155351315,0.49430137948430125,2.2864891402441563,2.0149751645414575,-1.4711574429398748,-1.5667784932545867,1.21218281372387,-0.7202258703015466,0.0,False,0.03084689335044752,37.9
2023,00-0038542,B.Robinson,ATL,RB,1.4900000095367432,0.005,8.0,1463.0,3.0,25.7,26.7,7.0,11.889,-2.180000066757202,2.0,0,-0.03205882451113533,1463.0,16.8,5.379,272.0,robinson,-0.9457707221078864,-1.0564297556111157,0.10974228766030598,1.1292022876709211,-4.14783331480305,-0.5623909641577094,-0.494734429859936,0.07355787214699368,0.19640113232418577,-0.8758706679763266,-0.11724607190955419,0.0,False,-0.2366759688553034,26.8
2023,00-0038120,Bre.Hall,NYJ,RB,3.5309998989105225,0.012,9.0,1585.0,0.0,33.2,50.0,7.0,8.375,3.4110000133514404,5.0,0,0.0454800001780192,1585.0,16.8,5.283,300.0,hall,-0.9056349564931065,-1.043441815695809,0.37312377804504016,1.5871603141218826,0.49430137948430125,-0.5622317190505389,-0.4078842389353073,0.07355787214699368,-0.3247371639399076,-0.5329323174677287,1.691693323266423,0.0,False,0.3092007871306607,49.3
2023,00-0033921,C.Godwin,TB,WR,97.74199676513672,1.123,3.0,1062.0,0.0,19.7,8.3,9.0,13.92,39.97499847412109,1.0,0,1.8379309643274062,1062.0,23.7,12.207,87.0,godwin,0.9470013460584712,1.0179297908621703,-1.207165164263365,-0.3760531927129768,0.49430137948430125,-0.5625183602434457,-0.5633199883583551,0.514905105028956,0.4976054236481397,1.7098144434823441,-0.7202258703015466,0.0,False,-0.11247637548865984,31.9
2023,00-0036555,C.Hubbard,CAR,RB,-21.395999908447266,-0.077,5.0,1135.0,0.0,23.9,25.0,2.0,9.44,-13.05799961090088,1.0,0,-0.188563171276547,1135.0,8.2,4.097,277.0,hubbard,-1.3958183352167275,-1.2085741946189954,-0.6804021834938966,-0.1020291277054343,0.49430137948430125,-0.5624291829834303,-0.501071139069029,-1.0298102100579123,-0.16679399788377236,-1.5431007103750067,-0.7202258703015466,0.0,False,-0.7212425899958745,6.8
2023,00-0036358,C.Lamb,DAL,WR,154.7010040283203,1.038,14.0,1862.0,0.0,29.0,28.6,12.0,19.577,51.104000091552734,6.0,0,1.3719194655450397,1862.0,29.9,12.497,149.0,lamb,2.0670863480557533,0.8602190918905878,1.690031229968711,2.6269502594244756,0.49430137948430125,-0.5623208963105544,-0.4876522254497731,1.1769259543518997,1.3365579967744852,2.3924403427499694,2.2946731216584153,0.0,False,1.537660103016438,100.0
2023,00-0033280,C.McCaffrey,SF,RB,48.9119987487793,0.144,21.0,2023.0,2.0,29.6,35.0,12.0,18.885,15.218999862670898,4.0,0,0.17957521961853568,2023.0,17.6,5.968,339.0,mccaffrey,-0.013228669414976245,-0.7985263772928807,3.5337016626618505,3.2313047041671377,-2.600455083373933,-0.5623081567019808,-0.4637963790155403,1.1769259543518997,1.2339320146985737,0.19134168237322652,1.0887135248744306,0.141,False,1.2202990798881157,86.9
2023,00-0037239,C.Olave,,WR,103.6790008544922,1.192,5.0,1123.0,0.0,112300.0,500.0,0.0,0.0,21.43600082397461,2.0,0,0.9855632562746947,1123.0,13900.0,12.908,87.0,olave,1.0637510851569247,1.1459537700273372,-0.6804021834938966,-0.14707417948749607,0.49430137948430125,1.8214934273065755,1.2694799634716833,-1.4711574429398748,-1.5667784932545867,0.5726774048256635,-0.11724607190955419,0.0,False,-0.15457316024691845,30.2
2023,00-0034837,C.Ridley,JAX,WR,90.13200378417967,1.06,8.0,1039.0,0.0,18.3,21.1,9.0,12.567,30.038000106811523,3.0,0,1.4135529462028953,1039.0,22.4,12.224,85.0,ridley,0.7973526879649496,0.9010383316244092,0.10974228766030598,-0.46238954196192855,0.49430137948430125,-0.5625480859967842,-0.5156082954898896,0.514905105028956,0.2969508662078101,1.1003031252450615,0.4857337264824382,0.0,False,0.33826733143339105,50.5
2023,00-0031381,D.Adams,,WR,96.8249969482422,0.94,8.0,1144.0,0.0,114400.0,800.0,0.0,0.0,24.371000289916992,4.0,0,0.9464466132006599,1144.0,17500.0,11.107,103.0,adams,0.9289687680503622,0.6783879330762924,0.10974228766030598,-0.06824533886888796,0.49430137948430125,1.8660820573142887,2.387722765076344,-1.4711574429398748,-1.5667784932545867,0.7527031356738624,1.0887135248744306,0.0,False,0.2625349737311126,47.4
2023,00-0032764,D.Henry,TEN,RB,6.015999794006348,0.02,12.0,1381.0,0.0,26.4,40.0,6.0,10.517,-2.789999961853028,4.0,0,-0.03623376573835101,1381.0,7.5,4.484,308.0,henry,-0.8567680389290295,-1.0285984557926011,1.1632682491992428,0.8213944338268322,0.49430137948430125,-0.5623761012810401,-0.445158998988796,-0.14711574429398755,-0.007071190519962271,-0.9132865783389169,1.0887135248744306,0.0,False,0.2799829346133703,48.1
2023,00-0030564,D.Hopkins,TEN,WR,82.61799621582031,1.087,7.0,1061.0,0.0,20.3,23.3,6.0,10.517,20.614999771118164,2.0,0,1.0849999879535877,1061.0,28.7,13.961,76.0,hopkins,0.6495915596270717,0.9511346712977352,-0.1536392027244282,-0.3798069470281486,0.49430137948430125,-0.5625056206348721,-0.507407848278122,-0.14711574429398755,-0.007071190519962271,0.5223191964911467,-0.11724607190955419,0.0,False,0.0348449733001807,38.0
2023,00-0037238,D.London,,WR,71.50199890136719,1.036,2.0,905.0,0.0,90500.0,200.0,0.0,0.0,20.292999267578125,0.0,0,1.1764057546422102,905.0,11200.0,13.116,69.0,london,0.43099818041611004,0.8565082519147859,-1.4705466546480992,-0.9653926201949518,0.49430137948430125,1.3586209824646,0.15123716186702293,-1.4711574429398748,-1.5667784932545867,0.5025684685418075,-1.323205668693539,0.0,False,-0.7557824162434035,5.4
2023,00-0035640,D.Metcalf,,WR,93.6989974975586,1.42,8.0,1114.0,0.0,111400.0,800.0,0.0,0.0,25.804000854492188,2.0,0,1.5638788396661931,1114.0,11900.0,16.879,66.0,metcalf,0.86749675038011,1.5689895272687586,0.10974228766030598,-0.1808579683240424,0.49430137948430125,1.802384014446127,2.387722765076344,-1.4711574429398748,-1.5667784932545867,0.8405999059925917,-0.11724607190955419,0.0,False,0.09748153738458003,40.6
2023,00-0035685,D.Montgomery,DET,RB,16.729999542236328,0.071,13.0,1132.0,1.0,16.4,22.8,12.0,19.208,4.581999778747559,3.0,0,0.07799148559570312,1132.0,4.1,4.817,235.0,montgomery,-0.6460798439268698,-0.9339720364096518,1.426649739583977,-0.11329039065094974,-1.053076851944816,-0.5625884280906006,-0.5092715862807965,1.1769259543518997,1.2818340265634856,-0.4611060391209224,0.4857337264824382,0.0,False,0.4166238365907457,53.8
2023,00-0034827,D.Moore,CHI,WR,110.74700164794922,1.107,9.0,1385.0,0.0,25.7,28.1,7.0,12.857,32.500999450683594,3.0,0,1.3000399780273437,1385.0,28.7,13.85,100.0,moore,1.2027415989184458,0.9882430710557547,0.37312377804504016,0.8364094510875195,0.49430137948430125,-0.5623909641577094,-0.4895159634524475,0.07355787214699368,0.3399588644766167,1.2513775162643572,0.4857337264824382,0.0,False,0.47161420901910367,56.0
2023,00-0033885,D.Njoku,,WR,48.60699844360352,0.6,6.0,882.0,0.0,88200.0,600.0,0.0,0.0,19.01000022888184,4.0,0,0.9387654434015723,882.0,12300.0,10.889,81.0,njoku,-0.019226426114868633,0.0475451371899622,-0.4170206931091624,-1.0517289694439036,0.49430137948430125,1.309785816265676,1.6422275640065702,-1.4711574429398748,-1.5667784932545867,0.4238724270947698,1.0887135248744306,0.0,False,-0.08822147290313684,32.9
2023,00-0035250,D.Singletary,HOU,RB,-17.011999130249023,-0.069,4.0,1091.0,0.0,18.0,11.4,10.0,14.5,-7.818999767303467,2.0,0,-0.12713820759843036,1091.0,6.7,4.435,246.0,singletary,-1.3096080279036957,-1.1937308347157876,-0.9437836738786307,-0.26719431757299417,0.49430137948430125,-0.562554455801071,-0.5517648127417736,0.7355787214699373,0.5836214201857534,-1.2217531984924477,-0.11724607190955419,0.0,False,-0.3715919414300946,21.3
2023,00-0036912,D.Smith,,WR,72.87000274658203,0.9,7.0,1066.0,0.0,106600.0,700.0,0.0,0.0,10.793999671936035,1.0,0,0.5330370208363474,1066.0,11300.0,13.16,81.0,smith,0.45789964277165524,0.6041711335602536,-0.1536392027244282,-0.36103817545228956,0.49430137948430125,1.7004671458570682,2.0149751645414575,-1.4711574429398748,-1.5667784932545867,-0.08007707002667643,-0.7202258703015466,0.0,False,-0.28856496789473396,24.7
2023,00-0036275,D.Swift,PHI,RB,3.809000015258789,0.014,6.0,1263.0,0.0,21.3,13.3,11.0,16.037,-5.61899995803833,1.0,0,-0.08386567101549747,1263.0,9.3,4.713,268.0,swift,-0.9001681519289676,-1.039730975720007,-0.4170206931091624,0.37845142463655806,0.49430137948430125,-0.562484387953916,-0.5446826083316108,0.9562523379109185,0.8115638110104292,-1.0868105594478146,-0.7202258703015466,0.0,False,-0.26658755969878234,25.6
2023,00-0033045,E.Elliott,NE,RB,-24.64900016784668,-0.105,5.0,955.0,0.0,19.6,20.8,4.0,8.429,-14.553999900817873,3.0,0,-0.24772765788626167,955.0,12.0,4.064,235.0,elliott,-1.4597877928515988,-1.2605259542802225,-0.6804021834938966,-0.7777049044363611,0.49430137948430125,-0.5625204835115414,-0.5167265382914942,-0.58846297717595,-0.31672877805537114,-1.6348617306636253,0.4857337264824382,0.0,False,-0.4879539598055278,16.5
2023,00-0033881,E.Engram,,TE,49.57699966430664,0.435,4.0,963.0,0.0,96300.0,400.0,0.0,0.0,27.68099975585937,3.0,0,0.971263149328399,963.0,14400.0,8.447,114.0,engram,-0.00015158841258155448,-0.25859916081369805,-0.9437836738786307,-0.7476748699149866,0.49430137948430125,1.4817705320097128,0.8967323629367966,-1.4711574429398748,-1.5667784932545867,0.9557304547170347,0.4857337264824382,0.0,False,-0.3406366990408472,22.5
2023,00-0036980,E.Moore,CLE,WR,30.743000030517575,0.452,2.0,651.0,1.0,11.1,5.1,11.0,12.774,12.25,1.0,0,0.7205882352941176,651.0,17.4,9.574,68.0,moore,-0.3705176030440371,-0.2270570210193815,-1.4705466546480992,-1.9188462162485929,-1.053076851944816,-0.5627009612996677,-0.5752479115754715,0.9562523379109185,0.32764967876519957,0.00923044986098756,-0.7202258703015466,0.0,False,-0.5523030896640331,13.8
2023,00-0034184,G.Edwards,BAL,RB,-1.0529999732971191,-0.005,13.0,990.0,2.0,16.3,24.5,13.0,16.655,-12.190999984741213,3.0,0,-0.23110900445007038,990.0,2.7,4.692,211.0,edwards,-0.9957781972678802,-1.0749839554901255,1.426649739583977,-0.6463235034053475,-2.600455083373933,-0.5625905513586963,-0.5029348770717035,1.397599570792881,0.9032153383556799,-1.4899210613986844,0.4857337264824382,0.0,False,0.2529747882501198,47.0
2023,00-0037247,G.Pickens,PIT,WR,86.38400268554688,1.309,5.0,1158.0,0.0,21.8,17.2,10.0,11.259,27.767000198364254,2.0,0,1.6828484968705608,1158.0,21.8,17.545,66.0,pickens,0.7236491594141381,1.3630379086117508,-0.6804021834938966,-0.01569277845648255,0.49430137948430125,-0.562473771613438,-0.5301454519107502,0.7355787214699373,0.10296996367126078,0.9610055127519223,-0.11724607190955419,0.0,False,0.12881620283271503,41.9
2023,00-0037740,G.Wilson,NYJ,WR,66.37000274658203,0.67,3.0,1042.0,0.0,21.8,16.7,7.0,8.375,23.291000366210938,0.0,0,0.9410505198469066,1042.0,29.7,10.525,99.0,wilson,0.3300787262422999,0.17742453634303032,-1.207165164263365,-0.4511282790164131,0.49430137948430125,-0.562473771613438,-0.5320091899134247,0.07355787214699368,-0.3247371639399076,0.6864585663520231,-1.323205668693539,0.0,False,-0.5527232067260521,13.8
2023,00-0037197,I.Pacheco,KC,RB,-0.6840000152587891,-0.003,9.0,1179.0,1.0,20.6,24.3,11.0,14.84,-12.48799991607666,2.0,0,-0.19980799865722657,1179.0,8.2,4.716,250.0,pacheco,-0.9885219029854566,-1.0712731155143236,0.37312377804504016,0.06313606216212557,-1.053076851944816,-0.5624992508305853,-0.5036803722727732,0.9562523379109185,0.6340445905698716,-1.5081383150373868,-0.11724607190955419,0.0,False,-0.07839148670775943,33.4
2023,00-0038994,J.Addison,MIN,WR,81.90899658203125,1.154,10.0,913.0,0.0,15.1,29.4,7.0,13.76,17.020999908447266,3.0,0,0.9589295723068882,913.0,17.8,12.859,71.0,addison,0.6356492545486263,1.0754478104871001,0.6365052684297744,-0.9353625856735773,0.49430137948430125,-0.5626160305758435,-0.48467024464549396,0.07355787214699368,0.4738768728791428,0.3018719836539514,0.4857337264824382,0.0,False,0.3658975556380642,51.7
2023,00-0036900,J.Chase,CIN,WR,97.91100311279295,0.951,7.0,1210.0,0.0,21.7,18.4,9.0,13.556,9.461000442504885,0.0,0,0.36741749291281106,1210.0,24.5,11.748,103.0,chase,0.950324814713348,0.6987975529432031,-0.1536392027244282,0.17950244593245185,0.49430137948430125,-0.5624758948815336,-0.5256724807043315,0.514905105028956,0.44362297064867173,-0.1618400015989235,-1.323205668693539,0.0,False,-0.11985321827684434,31.6
2023,00-0033553,J.Conner,ARI,RB,19.63500022888184,0.083,9.0,1205.0,0.0,22.0,26.5,4.0,12.222,20.28199958801269,5.0,0,0.34231222933354755,1205.0,6.4,5.084,237.0,conner,-0.5889537131137259,-0.9117069965548399,0.37312377804504016,0.16073367435659278,0.49430137948430125,-0.5624695250772468,-0.49547992506100574,-0.58846297717595,0.24578617861216048,0.5018937749427654,1.691693323266423,0.0,False,0.2757722558626788,48.0
2023,00-0037248,J.Cook,BUF,RB,17.027999877929688,0.061,6.0,1567.0,1.0,25.4,13.0,11.0,16.704,7.072999954223633,3.0,0,0.10068327336973143,1567.0,9.9,5.577,281.0,cook,-0.6402197399215804,-0.9525262362886614,-0.4170206931091624,1.5195927364487898,-1.053076851944816,-0.5623973339619962,-0.5458008511332154,0.9562523379109185,0.9104822070286851,-0.30831414517450106,0.4857337264824382,0.0,False,0.10319604378079307,40.8
2023,00-0038041,J.Ferguson,,WR,64.85900115966797,0.914,5.0,761.0,0.0,76100.0,500.0,0.0,0.0,23.176000595092773,0.0,0,1.3056901743714238,761.0,10200.0,10.718,71.0,ferguson,0.3003652481320436,0.6301470133908673,-0.6804021834938966,-1.505933241579693,0.49430137948430125,1.0528703766974234,1.2694799634716833,-1.4711574429398748,-1.5667784932545867,0.6794047600112864,-1.323205668693539,0.0,False,-0.6277323366295663,10.7
2023,00-0037267,J.Ford,CLE,RB,-25.10700035095215,-0.1,9.0,1132.0,1.0,19.3,23.1,11.0,12.774,-5.432000160217285,3.0,0,-0.08691200256347656,1132.0,10.5,4.528,250.0,ford,-1.4687942548785455,-1.2512488543407176,0.37312377804504016,-0.11329039065094974,-1.053076851944816,-0.5625268533158281,-0.5081533434791919,0.9562523379109185,0.32764967876519957,-1.075340446535753,0.4857337264824382,0.0,False,-0.01607523941497048,35.9
2023,00-0039139,J.Gibbs,DET,RB,6.598999977111816,0.028,11.0,1261.0,1.0,18.3,19.3,12.0,19.208,-5.533999919891357,6.0,0,-0.09459828922891209,1261.0,12.4,5.389,234.0,gibbs,-0.8453034823534414,-1.0137550958893933,0.8998867588145085,0.3709439160062144,-1.053076851944816,-0.5625480859967842,-0.5223177522995175,1.1769259543518997,1.2818340265634856,-1.0815968637837778,2.2946731216584153,0.0,False,0.695681266750451,65.3
2023,00-0035700,J.Jacobs,LV,RB,-25.23900032043457,-0.093,6.0,1101.0,1.0,21.3,20.0,8.0,12.296,-1.4819999933242798,0.0,0,-0.021955555456655996,1101.0,10.1,4.078,270.0,jacobs,-1.4713900021217903,-1.2382609144254109,-0.4170206931091624,-0.22965677442127602,-1.053076851944816,-0.562484387953916,-0.5197085190957733,0.2942314885879749,0.2567606333428215,-0.8330570406452186,-1.323205668693539,0.0,False,-0.639056148437892,10.2
2023,00-0036322,J.Jefferson,MIN,WR,80.9000015258789,1.172,5.0,1062.0,0.0,17.5,14.7,7.0,13.76,38.17900085449219,2.0,0,2.2132754118546196,1062.0,16.5,15.391,69.0,jefferson,0.6158076125715524,1.1088453702693177,-0.6804021834938966,-0.3760531927129768,0.49430137948430125,-0.562565072141549,-0.5394641419241224,0.07355787214699368,0.4738768728791428,1.5996523164267256,-0.11724607190955419,0.0,False,0.06797045862143689,39.4
2023,00-0034960,J.Meyers,LV,WR,70.55799865722656,0.953,9.0,826.0,0.0,16.0,30.0,8.0,12.296,14.975000381469728,2.0,0,0.8094594800794448,826.0,19.9,11.162,74.0,meyers,0.41243464558380394,0.702508392919005,0.37312377804504016,-1.2619392110935252,0.49430137948430125,-0.5625969211629831,-0.4824337590422847,0.2942314885879749,0.2567606333428215,0.17637534747622238,-0.11724607190955419,0.0,False,0.1003223760876376,40.7
2023,00-0033897,J.Mixon,CIN,RB,-0.210999995470047,-0.001,12.0,1410.0,0.0,25.2,31.6,9.0,13.556,2.0290000438690186,5.0,0,0.026265372736168524,1410.0,11.0,4.563,309.0,mixon,-0.9792204728242566,-1.0675622755385215,1.1632682491992428,0.9302533089668149,0.49430137948430125,-0.5624015804981873,-0.4764697974337265,0.514905105028956,0.44362297064867173,-0.6177008352903979,1.691693323266423,0.0,False,0.5377450337688705,58.8
2023,00-0036613,J.Waddle,MIA,WR,87.62200164794922,1.168,4.0,1026.0,0.0,14.8,7.0,11.0,19.077,23.308000564575195,1.0,0,1.2430933634440104,1026.0,18.9,13.68,75.0,waddle,0.7479941074197778,1.101423690317714,-0.9437836738786307,-0.5111883480591621,0.49430137948430125,-0.5626224003801303,-0.5681657071653087,0.9562523379109185,1.2624062756213699,0.6875013171840431,-0.7202258703015466,0.0,False,0.01820527571119246,37.3
2023,00-0036997,J.Williams,DEN,RB,-36.95199966430664,-0.139,5.0,1002.0,0.0,19.6,13.9,8.0,13.222,-23.01799964904785,3.0,0,-0.34613533306838873,1002.0,12.3,3.767,266.0,williams,-1.7017232808050926,-1.3236102338688556,-0.6804021834938966,-0.6012784516232857,0.49430137948430125,-0.5625204835115414,-0.5424461227284014,0.2942314885879749,0.39408962091839084,-2.1540228951733518,0.4857337264824382,0.0,False,-0.34764810574054444,22.3
2023,00-0030279,K.Allen,LAC,WR,105.80999755859376,0.962,7.0,1249.0,0.0,22.1,20.6,5.0,12.815,6.624000072479248,0.0,0,0.2408727299083363,1249.0,24.4,11.355,110.0,allen,1.1056566162091244,0.7192071728101138,-0.1536392027244282,0.32589886422415265,0.49430137948430125,-0.5624674018091512,-0.5174720334925641,-0.36778936073496876,0.3337301198997551,-0.3358547061864377,-1.323205668693539,0.077,False,-0.21116026419090497,27.9
2023,00-0038134,K.Walker,SEA,RB,-0.1030000001192092,-0.0,9.0,1164.0,0.0,20.8,27.3,9.0,14.56,-5.662000179290772,2.0,0,-0.09132258353694794,1164.0,6.9,4.694,248.0,walker,-0.977096679225655,-1.0657068555506206,0.37312377804504016,0.00682974743454834,0.49430137948430125,-0.562495004294394,-0.4924979442567266,0.514905105028956,0.5925196267241272,-1.0894480884652584,-0.11724607190955419,0.0,False,-0.07839492802681665,33.4
2023,00-0037840,K.Williams,LA,RB,22.94499969482422,0.088,15.0,1348.0,1.0,21.6,34.1,10.0,14.963,-8.067000389099121,5.0,0,-0.1236321898712509,1348.0,8.6,5.165,261.0,williams,-0.5238633799678133,-0.9024298966153351,1.9534127203534453,0.6975205414261624,-1.053076851944816,-0.5624780181496293,-0.4671511074203543,0.7355787214699373,0.6522859139735379,-1.236964953624824,1.691693323266423,0.0,False,0.7018130706331449,65.5
2023,00-0035662,M.Brown,ARI,WR,48.85699844360352,0.922,4.0,597.0,0.0,10.9,11.8,4.0,12.222,0.0,0.0,0,0.0,597.0,19.0,11.264,53.0,brown,-0.014310237017585735,0.6449903732940752,-0.9437836738786307,-2.1215489492678707,0.49430137948430125,-0.562705207835859,-0.5502738223396341,-0.58846297717595,0.24578617861216048,-0.7421547645081548,-1.323205668693539,0.0,False,-0.6382721260938462,10.3
2023,00-0031408,M.Evans,,WR,116.19499969482422,1.471,13.0,1255.0,0.0,125500.0,1300.0,0.0,0.0,23.503999710083008,3.0,0,1.1900759346877472,1255.0,13700.0,15.886,79.0,evans,1.3098751533187074,1.6636159466517084,1.426649739583977,0.3484213901151835,0.49430137948430125,2.1017648159264875,4.251460767750778,-1.4711574429398748,-1.5667784932545867,0.6995234282014763,0.4857337264824382,0.0,False,0.6355311827793508,62.8
2023,00-0036252,M.Pittman,,WR,86.19000244140625,0.791,4.0,1152.0,0.0,115200.0,400.0,0.0,0.0,20.9950008392334,0.0,0,0.7704587463938862,1152.0,15800.0,10.569,109.0,pittman,0.7198341918736806,0.4019303548790478,-0.9437836738786307,-0.03821530434751344,0.49430137948430125,1.8830682020791318,0.8967323629367966,-1.4711574429398748,-1.5667784932545867,0.5456275380443114,-1.323205668693539,0.0,False,-0.579850980553645,12.7
2023,00-0036554,N.Collins,HOU,WR,101.2239990234375,1.25,8.0,1304.0,0.0,21.5,22.9,10.0,14.5,23.10300064086914,2.0,0,1.1408889205367476,1304.0,19.2,16.099,81.0,collins,1.015474072214362,1.2535681293255936,0.10974228766030598,0.5323553515586025,0.49430137948430125,-0.5624801414177248,-0.5088988386802616,0.7355787214699373,0.5836214201857534,0.6749271203171425,-0.11724607190955419,0.0,False,0.3618710559567895,51.5
2023,00-0036893,N.Harris,PIT,RB,-21.121999740600582,-0.074,8.0,1205.0,1.0,22.6,27.6,10.0,11.259,-3.9059998989105225,4.0,0,-0.05482105121277926,1205.0,7.8,4.228,285.0,harris,-1.3904301886654413,-1.2030079346552924,0.10974228766030598,0.16073367435659278,-1.053076851944816,-0.5624567854686732,-0.491379701455122,0.7355787214699373,0.10296996367126078,-0.9817393009464185,1.0887135248744306,0.0,False,0.04836457385336229,38.6
2023,00-0039075,P.Nacua,LA,WR,128.44900512695312,1.098,6.0,1575.0,0.0,25.2,13.6,10.0,14.963,39.01499938964844,2.0,0,1.3338461329794338,1575.0,28.6,13.462,117.0,nacua,1.5508471849326175,0.9715442911646461,-0.4170206931091624,1.5496227709701644,0.49430137948430125,-0.5624015804981873,-0.5435643655300061,0.7355787214699373,0.6522859139735379,1.650930433859433,-0.11724607190955419,0.0,False,0.36219164704297013,51.5
2023,00-0031687,R.Mostert,MIA,RB,24.173999786376957,0.103,21.0,1187.0,1.0,17.1,36.8,11.0,19.077,1.0490000247955322,5.0,0,0.017931624355479184,1187.0,5.8,5.073,234.0,mostert,-0.4996953925652083,-0.8745985967968206,3.5337016626618505,0.0931660966835001,-1.053076851944816,-0.5625735652139314,-0.4570869222059124,0.9562523379109185,1.2624062756213699,-0.6778116536098506,1.691693323266423,0.0,False,1.0898532204370261,81.5
2023,00-0039067,R.Rice,KC,WR,63.117000579833984,0.789,7.0,935.0,0.0,16.3,18.9,11.0,14.84,24.173999786376957,2.0,0,1.208699989318848,935.0,17.0,11.688,80.0,rice,0.2661092310998823,0.3982195149032459,-0.1536392027244282,-0.8527799907397974,0.49430137948430125,-0.5625905513586963,-0.5238087427016571,0.9562523379109185,0.6340445905698716,0.7406196037895147,-0.11724607190955419,0.0,False,0.11305168115498955,41.3
2023,00-0037256,R.White,TB,RB,-16.22800064086914,-0.048,9.0,1539.0,1.0,28.5,25.0,9.0,13.92,-11.380999565124512,3.0,0,-0.1354880900610061,1539.0,12.7,4.58,336.0,white,-1.2941908886005933,-1.1547670149698672,0.37312377804504016,1.414487615623979,-1.053076851944816,-0.5623315126510324,-0.501071139069029,0.514905105028956,0.4976054236481397,-1.440237605159273,0.4857337264824382,0.0,False,0.06382005807961488,39.2
2023,00-0034844,S.Barkley,NYG,RB,-26.459999084472656,-0.092,10.0,1242.0,2.0,25.8,40.0,6.0,8.312,-14.163000106811523,5.0,0,-0.19602768313925983,1242.0,12.5,4.298,289.0,barkley,-1.49540064536803,-1.2364054944375098,0.6365052684297744,0.29962258401794994,-2.600455083373933,-0.5623888408896138,-0.445158998988796,-0.14711574429398755,-0.3340802808052002,-1.6108787540074823,1.691693323266423,0.0,False,0.08637627444825596,40.2
2023,00-0031588,S.Diggs,BUF,WR,91.14800262451172,0.844,8.0,1188.0,0.0,19.2,17.4,11.0,16.704,15.355999946594238,0.0,0,0.5687407387627496,1188.0,29.4,11.0,108.0,diggs,0.8173320576517195,0.5002676142377992,0.10974228766030598,0.09691985099867191,0.49430137948430125,-0.5625289765839238,-0.5293999567096804,0.9562523379109185,0.9104822070286851,0.19974493440811053,-1.323205668693539,0.0,False,0.008623209568839163,36.9
2023,00-0039065,S.LaPorta,DET,WR,84.13500213623047,0.967,10.0,893.0,0.0,12.9,17.5,12.0,19.208,27.323999404907227,4.0,0,1.2562758347083782,893.0,21.1,10.264,87.0,laporta,0.6794231114928078,0.7284842727496187,0.6365052684297744,-1.0104376719770136,0.49430137948430125,-0.5626627424739469,-0.5290272091091456,1.1769259543518997,1.2818340265634856,0.9338329212288684,1.0887135248744306,0.0,False,0.679433525680565,64.6
2023,00-0036963,St. Brown,DET,WR,124.26799774169922,1.01,10.0,1539.0,0.0,22.3,17.5,12.0,19.208,37.07799911499024,4.0,0,1.2057885891053737,1539.0,28.5,12.512,123.0,brown,1.4686286932404393,0.8082673322293605,0.6365052684297744,1.414487615623979,0.49430137948430125,-0.56246315527296,-0.5290272091091456,1.1769259543518997,1.2818340265634856,1.5321195467894628,1.0887135248744306,0.0,False,0.9105311163810169,74.1
2023,00-0037263,T.Allgeier,ATL,RB,-16.09000015258789,-0.078,5.0,876.0,0.0,15.4,16.7,7.0,11.889,5.665999889373779,2.0,0,0.1105560954024152,876.0,4.7,4.273,205.0,allgeier,-1.2914771426169611,-1.2104296146068962,-0.6804021834938966,-1.0742514953349345,0.49430137948430125,-0.5626096607715567,-0.5320091899134247,0.07355787214699368,0.19640113232418577,-0.3946161080597749,-0.11724607190955419,0.0,False,-0.4507016373608598,18.0
2023,00-0036973,T.Etienne,JAX,RB,-12.821999549865724,-0.039,12.0,1484.0,0.0,26.1,31.6,9.0,12.567,-0.3899999856948852,3.0,0,-0.004770642026848748,1484.0,11.9,4.538,327.0,etienne,-1.2272127068848946,-1.1380682350787585,1.1632682491992428,1.2080311282895293,0.49430137948430125,-0.562382471085327,-0.4764697974337265,0.514905105028956,0.2969508662078101,-0.7660764153534866,0.4857337264824382,0.0,False,0.25236324496538937,47.0
2023,00-0033040,T.Hill,MIA,WR,146.572998046875,1.173,13.0,1814.0,0.0,26.1,22.8,11.0,19.077,26.440000534057617,1.0,0,0.8460800170898437,1814.0,31.2,14.512,125.0,hill,1.907251090501227,1.110700790257219,1.426649739583977,2.446770052296228,0.49430137948430125,-0.562382471085327,-0.5092715862807965,0.9562523379109185,1.2624062756213699,0.8796105799165898,-0.7202258703015466,0.058,False,0.7444441606364567,67.3
2023,00-0035229,T.Hockenson,,WR,62.39300155639648,0.657,5.0,960.0,0.0,96000.0,500.0,0.0,0.0,12.63700008392334,0.0,0,0.5320842140599301,960.0,12700.0,10.105,95.0,hockenson,0.2518719666780146,0.15330407650031766,-0.6804021834938966,-0.758936132860502,0.49430137948430125,1.4754007277228967,1.2694799634716833,-1.4711574429398748,-1.5667784932545867,0.03296809402585407,-1.323205668693539,0.0,False,-0.6476449047560082,9.9
2023,00-0030506,T.Kelce,,WR,74.64399719238281,0.803,5.0,984.0,0.0,98400.0,500.0,0.0,0.0,9.704999923706056,0.0,0,0.41741935155724974,984.0,12100.0,10.581,93.0,kelce,0.4927848113840001,0.42419539473385953,-0.6804021834938966,-0.6688460292963784,0.49430137948430125,1.526359162017426,1.2694799634716833,-1.4711574429398748,-1.5667784932545867,-0.14687366670191926,-1.323205668693539,0.0,False,-0.6045576863332387,11.7
2023,00-0032211,T.Lockett,,WR,77.27899932861328,0.978,5.0,894.0,0.0,89400.0,500.0,0.0,0.0,26.18600082397461,1.0,0,1.3258734594417523,894.0,12400.0,11.316,79.0,lockett,0.5446014864778136,0.7488938926165294,-0.6804021834938966,-1.0066839176618418,0.49430137948430125,1.3352650334129408,1.2694799634716833,-1.4711574429398748,-1.5667784932545867,0.864030855295331,-0.7202258703015466,0.0,False,-0.41966978600205124,19.3
2023,00-0037744,T.McBride,,WR,52.51800155639648,0.648,3.0,825.0,0.0,82500.0,300.0,0.0,0.0,15.857000350952148,1.0,0,0.783061745726032,825.0,10600.0,10.185,81.0,mcbride,0.05768249733534015,0.13660529660920892,-1.207165164263365,-1.265692965408697,0.49430137948430125,1.1887595348161686,0.5239847624019097,-1.4711574429398748,-1.5667784932545867,0.23047508103892647,-0.7202258703015466,0.0,False,-0.6972491073841348,7.8
2023,00-0035659,T.McLaurin,,WR,77.82599639892578,0.985,4.0,1002.0,0.0,100200.0,400.0,0.0,0.0,27.39299964904785,2.0,0,1.3869873240024229,1002.0,13200.0,12.684,79.0,mclaurin,0.5553580506110776,0.7618818325318362,-0.9437836738786307,-0.6012784516232857,0.49430137948430125,1.564577987738323,0.8967323629367966,-1.4711574429398748,-1.5667784932545867,0.9380652284317359,-0.11724607190955419,0.0,False,-0.31414590528733577,23.6
2023,00-0035261,T.Pollard,DAL,RB,-13.571999549865724,-0.044,6.0,1316.0,1.0,20.5,12.2,12.0,19.577,-3.872999906539917,1.0,0,-0.050298700084933985,1316.0,11.0,4.273,308.0,pollard,-1.2419612741767432,-1.1473453350182634,-0.4170206931091624,0.5774004033406642,-1.053076851944816,-0.5625013740986808,-0.5487828319374946,1.1769259543518997,1.3365579967744852,-0.9797151616532294,-0.7202258703015466,0.0,False,-0.2307435698894422,27.1
2023,00-0039064,Z.Flowers,BAL,WR,67.18399810791016,0.79,6.0,914.0,0.0,15.0,11.3,13.0,16.655,22.05299949645996,3.0,0,1.0377882115981159,914.0,22.9,10.753,85.0,flowers,0.3460857467247006,0.40007493489114687,-0.4170206931091624,-0.9316088313584054,0.49430137948430125,-0.5626181538439391,-0.5521375603423084,1.397599570792881,0.9032153383556799,0.6105226031759396,0.4857337264824382,0.0,False,0.2593761447614175,47.3
2023,00-0036251,Z.Moss,IND,RB,-2.9570000171661377,-0.014,7.0,986.0,0.0,17.0,20.6,9.0,13.2,-0.1400000005960464,1.0,0,-0.0026666666780199313,986.0,7.1,4.695,210.0,moss,-1.0332198942954602,-1.0916827353812342,-0.1536392027244282,-0.6613385206660347,0.49430137948430125,-0.562575688482027,-0.5174720334925641,0.514905105028956,0.39082694518765376,-0.750742024137505,-0.7202258703015466,0.0,False,-0.3730392573141898,21.2
2024,00-0033293,A.Jones,MIN,RB,3.111999988555908,0.01,7.0,1546.0,1.0,25.6,15.9,14.0,15.429,6.4070000648498535,2.0,0,0.08375163483463861,1546.0,12.0,5.052,306.0,jones,-1.1175011308118057,-1.1522192998694223,-0.2894915839590442,1.0537488132496922,-0.7271085483091481,-0.4765601928971086,-0.47220859259351605,1.4504861702576592,0.5081398155875809,-0.6298038331368526,-0.26116306453586957,0.0,False,-0.1027133026877377,33.5
2024,00-0033906,A.Kamara,NO,RB,-3.808000087738037,-0.013,8.0,1493.0,0.0,27.2,22.2,5.0,12.071,-4.295000076293945,1.0,0,-0.0580405415715398,1493.0,17.1,5.044,296.0,kamara,-1.273647048146992,-1.1980333658488522,-0.05295577755348377,0.895924272533101,0.5220266500681063,-0.4765219720532327,-0.4506877868090788,-0.4025713735249012,0.003984197633286932,-1.3053019746058538,-0.7914032258662715,0.0,False,-0.4402360416293101,20.5
2024,00-0039338,B.Bowers,LV,WR,91.34400177001952,0.781,5.0,1207.0,0.0,22.5,17.2,4.0,12.36,22.812000274658203,1.0,0,0.77989744528746,1207.0,25.8,10.316,117.0,bowers,0.8734044623373828,0.38354786839754956,-0.7625631967701649,0.04426731696810059,0.5220266500681063,-0.47663424578211805,-0.46776779139990204,-0.6084666561674079,0.04737340954180116,0.40566122071986993,-0.7914032258662715,0.0,False,-0.30331932251213667,25.8
2024,00-0038120,B.Hall,NYJ,RB,-6.630000114440918,-0.025,8.0,1359.0,1.0,24.9,20.5,5.0,13.52,-1.866000056266785,2.0,0,-0.027747212732591595,1359.0,12.8,5.052,269.0,hall,-1.3373238946833046,-1.2219363567946417,-0.05295577755348377,0.49689618845719175,-0.7271085483091481,-0.47657691451630424,-0.45649498836995867,-0.4025713735249012,0.22153079990123564,-1.1519862413301158,-0.26116306453586957,0.0,False,-0.355180271641098,23.8
2024,00-0039361,B.Irving,TB,RB,39.92599868774414,0.158,8.0,1510.0,1.0,22.6,14.3,10.0,18.593,13.746000289916992,2.0,0,0.21732806782477457,1510.0,9.4,5.968,253.0,irving,-0.2868139148747108,-0.8574157448713525,-0.05295577755348377,0.9465472384233283,-0.7271085483091481,-0.4766318569793759,-0.47767419406257944,0.6269050396876323,0.9831691113610728,-0.16657444172482885,-0.26116306453586957,0.0,False,-0.007201066969868303,37.2
2024,00-0037746,B.Robinson,WAS,RB,-6.183000087738037,-0.03,8.0,958.0,2.0,16.1,15.1,12.0,16.724,-18.738000869750977,0.0,0,-0.3620869733285213,958.0,4.9,4.628,207.0,robinson,-1.3272375899941644,-1.2318959363553872,-0.05295577755348377,-0.6972102422475817,-1.9762437466864027,-0.4767871291576215,-0.4749413933280478,1.0386956049726457,0.7025655229285012,-2.2169278449614134,-1.3216433871966735,0.0,False,-0.539648888811027,16.7
2024,00-0038542,B.Robinson,ATL,RB,34.6619987487793,0.095,15.0,1882.0,0.0,29.0,39.5,8.0,17.682,17.46299934387207,7.0,0,0.19137533527531037,1882.0,13.3,5.156,365.0,robinson,-0.4055931186694935,-0.9829064473367471,1.6027948672854389,2.05429684496242,0.5220266500681063,-0.4764789736038724,-0.39159097092483025,0.21511447440261894,0.8463955056563788,0.06803833342697013,2.3900377421161405,0.0,False,0.9356213550492389,73.5
2024,00-0039893,B.Thomas,JAX,WR,107.88600158691406,1.16,10.0,1330.0,0.0,25.2,32.3,4.0,12.308,42.77000045776367,4.0,0,1.8395699121618783,1330.0,25.5,14.301,93.0,thomas,1.2466654027261013,1.138483999102066,0.420115835257637,0.4105393642915099,0.5220266500681063,-0.47656974810807756,-0.41618617753561576,-0.6084666561674079,0.03956635411189554,1.6653876132935161,0.7993172581249345,0.0,False,0.46132040604903174,55.2
2024,00-0038597,C.Brown,CIN,RB,14.232000350952148,0.05,11.0,1350.0,1.0,21.4,20.8,9.0,18.88,10.381999969482422,3.0,0,0.146225351682851,1350.0,10.3,4.754,284.0,brown,-0.8665845645964082,-1.0725426633834574,0.6566516416631973,0.4700957947506008,-0.7271085483091481,-0.4766605226122827,-0.45547018809450923,0.42100975704512567,1.0262580519068982,-0.3789063361730952,0.26907709679453246,0.0,False,0.14141778804508048,42.9
2024,00-0036555,C.Hubbard,CAR,RB,-2.9130001068115234,-0.01,11.0,1366.0,1.0,27.3,32.4,5.0,12.63,3.444999933242798,3.0,0,0.046870747391058475,1366.0,10.4,4.646,294.0,hubbard,-1.2534518759654927,-1.1920576181124047,0.6566516416631973,0.5177409391178736,-0.7271085483091481,-0.47651958325049054,-0.41584457744379927,-0.4025713735249012,0.08791004350477317,-0.8167619304591781,0.26907709679453246,0.0,False,-0.09023616700837198,34.0
2024,00-0033908,C.Kupp,LA,WR,39.85599899291992,0.578,6.0,720.0,0.0,12.3,16.2,10.0,13.593,11.925999641418455,1.0,0,0.6913622980532438,720.0,18.4,10.435,69.0,kupp,-0.28839341869566515,-0.020811061768722036,-0.5260273903646046,-1.4059317647107639,0.5220266500681063,-0.47687790366182664,-0.4711837923180667,0.6269050396876323,0.23249070463937252,-0.2814508236458763,-0.7914032258662715,0.0,False,-0.3327142591609665,24.6
2024,00-0036358,C.Lamb,DAL,WR,80.35399627685547,0.699,6.0,1264.0,0.0,22.0,20.7,7.0,12.963,26.44300079345703,2.0,0,0.9197565493376358,1264.0,24.6,10.991,115.0,lamb,0.6254211573765139,0.22021076360132152,-0.5260273903646046,0.21400314377650978,0.5220266500681063,-0.4766461897958293,-0.45581178818632573,0.009219191760112221,0.13790522539243816,0.6348458656248968,-0.26116306453586957,0.0,False,-0.07588025979750901,34.5
2024,00-0034837,C.Ridley,TEN,WR,78.62999725341797,1.107,5.0,1065.0,1.0,20.3,15.6,3.0,12.44,26.493000030517575,1.0,0,1.49256338200099,1065.0,23.5,15.0,71.0,ridley,0.5865200871407195,1.0329124557581628,-0.7625631967701649,-0.3785833392914451,-0.7271085483091481,-0.4766867994424474,-0.4732333928689655,-0.8143619388099146,0.05938426404934837,0.6380017609027728,-0.7914032258662715,0.0,False,-0.3044916001484468,25.7
2024,00-0034348,C.Sutton,,WR,98.22799682617188,1.213,8.0,1081.0,0.0,108100.0,800.0,0.0,0.0,21.30900001525879,3.0,0,1.0522962970498166,1081.0,13500.0,13.346,81.0,sutton,1.0287379466036823,1.2440555424459696,-0.05295577755348377,-0.33093819492417237,0.5220266500681063,2.105124037963391,2.206277727339389,-1.4320477867374348,-1.8083036118742417,0.31079354472830323,0.26907709679453246,0.0,False,0.0675238816642654,40.0
2024,00-0039040,D.Achane,MIA,RB,21.93600082397461,0.078,12.0,1499.0,0.0,26.4,36.4,8.0,13.269,4.665999889373779,3.0,0,0.0664199272508723,1499.0,15.2,5.335,281.0,achane,-0.6927481183900307,-1.0167690178432822,0.8931874480687577,0.9137912016708284,0.5220266500681063,-0.47654108247517063,-0.40218057377114064,0.21511447440261894,0.18384674388380637,-0.73969379457593,0.26907709679453246,0.0,False,0.13373750285900404,42.6
2024,00-0031381,D.Adams,,WR,88.0739974975586,1.036,8.0,1063.0,0.0,106300.0,800.0,0.0,0.0,43.63899993896485,5.0,0,2.053599997127758,1063.0,14200.0,12.506,85.0,adams,0.7996186514726459,0.8914864259955753,-0.05295577755348377,-0.38453898233735423,0.5220266500681063,2.062125588603053,2.206277727339389,-1.4320477867374348,-1.8083036118742417,1.7202378774261222,1.3295574194553366,0.0,False,0.3005786864009125,49.0
2024,00-0032764,D.Henry,BAL,RB,55.12900161743164,0.16,18.0,2114.0,1.0,30.3,29.0,12.0,20.72,20.690000534057617,3.0,0,0.2405814015588095,2114.0,4.8,6.145,344.0,henry,0.05623331236996447,-0.8534319130470542,2.31240228650212,2.745151438287875,-0.7271085483091481,-0.47644791916822327,-0.4274589805655591,1.0386956049726457,1.302507705580484,0.2717229977644552,0.26907709679453246,0.0,False,0.8080842569280253,68.6
2024,00-0037238,D.London,ATL,WR,117.65899658203124,1.165,9.0,1268.0,0.0,19.5,23.7,8.0,17.682,48.73099899291992,3.0,0,1.9299405541750465,1268.0,29.4,12.554,101.0,london,1.4671875489400106,1.1484435786628118,0.1835800288520766,0.22591442986832797,0.5220266500681063,-0.47670590986438527,-0.4455637854318318,0.21511447440261894,0.8463955056563788,2.0416390970060863,0.26907709679453246,0.0,False,0.48487539785250794,56.1
2024,00-0035640,D.Metcalf,,WR,62.33700180053711,0.944,5.0,992.0,0.0,99200.0,500.0,0.0,0.0,15.684000015258787,2.0,0,0.9505454554702295,992.0,10900.0,15.03,66.0,metcalf,0.218877790452971,0.708230162077856,-0.7625631967701649,-0.5959643104671271,0.5220266500681063,1.8925205939039424,1.1814774518899929,-1.4320477867374348,-1.8083036118742417,-0.0442500915687371,-0.26116306453586957,0.0,False,-0.3687509705330931,23.3
2024,00-0035685,D.Montgomery,DET,RB,8.218000411987305,0.037,12.0,1116.0,1.0,15.8,17.6,15.0,20.889,-0.8960000276565552,1.0,0,-0.016144144642460452,1116.0,7.3,5.027,222.0,montgomery,-1.002287097395561,-1.098437570241396,0.8931874480687577,-0.2267144416207632,-0.7271085483091481,-0.47679429556584824,-0.46640139103263617,1.6563814529001661,1.3278806357276773,-1.090760936909492,-0.7914032258662715,0.0,False,0.03131616116289282,38.7
2024,00-0036309,D.Mooney,,WR,88.05799865722656,1.376,5.0,992.0,0.0,99200.0,500.0,0.0,0.0,18.518999099731445,0.0,0,1.1574374437332153,992.0,10600.0,15.5,64.0,mooney,0.7992576466211428,1.568737836126276,-0.7625631967701649,-0.5959643104671271,0.5220266500681063,1.8925205939039424,1.1814774518899929,-1.4320477867374348,-1.8083036118742417,0.1346918433379211,-1.3216433871966735,0.0,False,-0.4649831191670593,19.5
2024,00-0034827,D.Moore,CHI,TE,57.83200073242188,0.516,6.0,1041.0,0.0,21.2,18.2,5.0,11.923,17.18000030517578,1.0,0,0.6135714394705636,1041.0,26.5,9.295,112.0,moore,0.11722497013196646,-0.1443098483219674,-0.5260273903646046,-0.4500510558423542,0.5220266500681063,-0.4766653002177672,-0.4643517904817374,-0.4025713735249012,-0.01823588320567535,0.05017575426833951,-0.7914032258662715,0.0,False,-0.3857121953116158,22.6
2024,00-0036275,D.Swift,CHI,RB,-22.90900039672852,-0.078,6.0,1345.0,0.0,27.4,18.2,5.0,11.923,-12.03600025177002,1.0,0,-0.16320000341383079,1345.0,9.9,4.559,295.0,swift,-1.7046503982024905,-1.3275079001385448,-0.5260273903646046,0.45520668713582807,0.5220266500681063,-0.4765171944477482,-0.4643517904817374,-0.4025713735249012,-0.01823588320567535,-1.7939051480951076,-0.7914032258662715,0.0,False,-0.6200951360961978,13.6
2024,00-0036980,E.Moore,CLE,TE,32.191001892089844,0.519,1.0,539.0,0.0,10.2,3.8,3.0,9.214,7.645999908447266,0.0,0,0.4932903166740171,539.0,15.9,8.694,62.0,moore,-0.46134977570218727,-0.13833410058552004,-1.7087064223924064,-1.9449174603655368,0.5220266500681063,-0.4769280685194137,-0.5135422037033083,-0.8143619388099146,-0.42495344396749246,-0.5515995647204456,-1.3216433871966735,0.0,False,-0.972674513629325,0.0
2024,00-0037247,G.Pickens,PIT,WR,69.89600372314453,1.146,3.0,894.0,0.0,16.2,9.7,10.0,14.615,1.909999966621399,0.0,0,0.12524589945058354,894.0,22.3,14.656,61.0,pickens,0.389442425760908,1.1105971763319782,-1.2356348095812857,-0.8877908197166726,0.5220266500681063,-0.4767847403548792,-0.49338779828613694,0.6269050396876323,0.38592937097328806,-0.9136493917685287,-1.3216433871966735,0.0,False,-0.3995479959154662,22.1
2024,00-0037740,G.Wilson,NYJ,WR,92.84600067138672,0.901,7.0,1109.0,0.0,20.3,17.9,5.0,13.52,29.197999954223636,2.0,0,1.1339029108436363,1109.0,25.9,10.767,103.0,wilson,0.9072962244334358,0.622577777855444,-0.2894915839590442,-0.24755919228144505,0.5220266500681063,-0.4766867994424474,-0.46537659075718674,-0.4025713735249012,0.22153079990123564,0.8087382958531402,-0.26116306453586957,0.0,False,-0.026842779993725384,36.4
2024,00-0038994,J.Addison,MIN,WR,74.82599639892578,1.134,10.0,895.0,0.0,14.8,22.7,14.0,15.429,25.357999801635746,5.0,0,1.536848472826409,895.0,19.3,13.561,66.0,addison,0.500684943149417,1.086694185386189,0.420115835257637,-0.8848129981937182,0.5220266500681063,-0.47681818359327066,-0.44897978634999647,1.4504861702576592,0.5081398155875809,0.5663618305098523,1.3295574194553366,0.0,False,0.6688026313847675,63.2
2024,00-0036900,J.Chase,CIN,WR,139.302001953125,1.072,17.0,1740.0,0.0,27.6,32.1,9.0,18.88,44.37699890136719,4.0,0,1.3654461200420673,1740.0,27.8,13.385,130.0,chase,1.9555498163245069,0.9631953988329437,2.07586648009656,1.6314461887028742,0.5220266500681063,-0.4765124168422638,-0.4168693777192487,0.42100975704512567,1.0262580519068982,1.7668195370163031,0.7993172581249345,0.0,False,1.0966988533135449,79.7
2024,00-0033553,J.Conner,ARI,RB,19.42099952697754,0.068,9.0,1508.0,0.0,25.3,23.7,8.0,17.391,11.696000099182127,4.0,0,0.16358042096758219,1508.0,10.5,5.273,286.0,conner,-0.7494977109173631,-1.0366881769647733,0.1835800288520766,0.9405915953774193,0.5220266500681063,-0.47656735930533534,-0.4455637854318318,0.21511447440261894,0.8027060223851757,-0.29596813454760795,0.7993172581249345,0.0,False,0.19111310319634833,44.8
2024,00-0037248,J.Cook,BUF,RB,26.947999954223636,0.113,18.0,1267.0,0.0,21.9,30.5,13.0,21.875,12.28600025177002,6.0,0,0.20562343517606727,1267.0,7.7,5.301,239.0,cook,-0.5796551713889349,-0.947051960918063,2.31240228650212,0.2229366083453734,0.5220266500681063,-0.47664857859857146,-0.4223349791883121,1.2445908876151526,1.4759144175331969,-0.2587279923981655,1.8597975807857385,0.0,False,0.9935019752863761,75.7
2024,00-0036158,J.Dobbins,LAC,RB,-2.7160000801086426,-0.012,9.0,1048.0,0.0,19.1,23.1,11.0,14.889,-1.0169999599456787,1.0,0,-0.01792070414001196,1048.0,7.7,4.617,227.0,dobbins,-1.2490066809444758,-1.1960414499367031,0.1835800288520766,-0.4292063051816724,0.5220266500681063,-0.4767154650753543,-0.44761338598273054,0.8328003223301391,0.4270665476616371,-1.0983983157453365,-0.7914032258662715,0.0,False,-0.29908070140223453,25.9
2024,00-0038997,J.Downs,IND,WR,70.55000305175781,0.966,5.0,802.0,0.0,14.0,12.8,8.0,13.464,17.25,1.0,0,0.9452054794520548,802.0,21.7,10.986,73.0,downs,0.40419955350325437,0.7520523121451367,-0.7625631967701649,-1.161750399828491,0.5220266500681063,-0.4768372940152085,-0.48279819543982644,0.21511447440261894,0.2131232017459527,0.05459405581324151,-0.7914032258662715,0.0,False,-0.27214873252523303,27.0
2024,00-0039139,J.Gibbs,DET,RB,62.87699890136719,0.208,19.0,1888.0,0.0,26.7,27.9,15.0,20.889,23.819000244140625,9.0,0,0.31548344694225994,1888.0,12.0,6.252,302.0,gibbs,0.2310625219179757,-0.7578199492638966,2.5489380929076804,2.0721637741001473,0.5220266500681063,-0.47653391606694395,-0.4312165815755402,1.6563814529001661,1.3278806357276773,0.4692219195493895,3.4505180647769444,0.0,False,1.6247541043803615,100.0
2024,00-0035700,J.Jacobs,GB,RB,-4.610000133514404,-0.014,16.0,1671.0,3.0,26.6,31.4,11.0,17.037,0.335999995470047,7.0,0,0.003964601716460732,1671.0,9.2,4.929,339.0,jacobs,-1.2917437289952498,-1.2000252817610013,1.8393306736909993,1.4259765036190104,-3.225378945063657,-0.47653630486968623,-0.4192605783619639,0.8328003223301391,0.7495579911892795,-1.0129984892421309,2.3900377421161405,0.0,False,0.7992472765028611,68.2
2024,00-0036322,J.Jefferson,,WR,133.39500427246094,1.295,10.0,1533.0,0.0,153300.0,1000.0,0.0,0.0,44.0260009765625,5.0,0,1.7097476107402914,1533.0,15400.0,14.883,103.0,jefferson,1.8222617294206,1.4073926472421974,0.420115835257637,1.0150371334512829,0.5220266500681063,3.1848628774563195,2.88947791097232,-1.4320477867374348,-1.8083036118742417,1.7446649450953482,1.3295574194553366,0.0,False,0.6643310908698896,63.0
2024,00-0036259,J.Jennings,,WR,82.63300323486328,1.073,6.0,975.0,0.0,97500.0,600.0,0.0,0.0,24.04599952697754,2.0,0,1.2491428325702618,975.0,11300.0,12.662,77.0,jennings,0.6768456701146676,0.9651873147450926,-0.5260273903646046,-0.6465872763573544,0.5220266500681063,1.8519109472858457,1.5230775437064583,-1.4320477867374348,-1.8083036118742417,0.48354985747209855,-0.26116306453586957,0.0,False,-0.2410709696565716,28.2
2024,00-0036407,J.Jeudy,,WR,95.95099639892578,1.066,4.0,1229.0,0.0,122900.0,400.0,0.0,0.0,27.652000427246094,1.0,0,1.228977796766493,1229.0,14800.0,13.656,90.0,jeudy,0.9773587101058459,0.9512439033600489,-0.9990990031757253,0.10977939047310062,0.5220266500681063,2.458666843815058,0.8398773600735274,-1.4320477867374348,-1.8083036118742417,0.7111565547381872,-0.7914032258662715,0.0,False,-0.38339962813785133,22.7
2024,00-0034960,J.Meyers,LV,WR,78.58499908447266,0.883,4.0,1050.0,0.0,19.6,13.8,4.0,12.36,22.53899955749512,2.0,0,1.0129887441570842,1050.0,21.9,11.798,89.0,meyers,0.5855047287171785,0.5867232914367598,-0.9990990031757253,-0.42325066213576334,0.5220266500681063,-0.4767035210616431,-0.4793821945216618,-0.6084666561674079,0.04737340954180116,0.3884297243050645,-0.26116306453586957,0.0,False,-0.2546384346437255,27.6
2024,00-0033897,J.Mixon,HOU,RB,1.133999943733215,0.004,12.0,1325.0,0.0,23.6,35.3,10.0,13.286,-6.433000087738037,0.0,0,-0.09092579629311713,1325.0,9.5,4.682,283.0,mixon,-1.1621335915173971,-1.164170795342317,0.8931874480687577,0.39565025667673714,0.5220266500681063,-0.47660796895195345,-0.40593817478112176,0.6269050396876323,0.18639905046666005,-1.440250116555405,-1.3216433871966735,0.0,False,-0.2720993416500731,27.0
2024,00-0033858,J.Smith,MIA,WR,77.5770034790039,0.862,8.0,883.0,0.0,15.5,24.2,8.0,13.269,23.086000442504883,4.0,0,1.0260444641113282,883.0,19.4,9.811,90.0,smith,0.5627598736954358,0.5448930572816283,-0.05295577755348377,-0.9205468564691727,0.5220266500681063,-0.4768014619740749,-0.44385578497274947,0.21511447440261894,0.18384674388380637,0.42295580133112054,0.7993172581249345,0.0,False,0.22634249827264008,46.2
2024,00-0038543,J.Smith-Njigba,SEA,WR,102.9469985961914,0.98,6.0,1156.0,0.0,20.2,16.7,10.0,12.931,24.79599952697754,2.0,0,0.9446095057896206,1156.0,24.1,11.01,105.0,smithnjigba,1.1352195726386771,0.7799391349152245,-0.5260273903646046,-0.10760158070258131,0.5220266500681063,-0.4766891882451896,-0.46947579185898436,0.6269050396876323,0.1331008835894193,0.5308890089783705,-0.26116306453586957,0.0,False,0.04934748946232882,39.3
2024,00-0036223,J.Taylor,IND,RB,-16.808000564575195,-0.052,12.0,1567.0,1.0,27.4,30.8,8.0,13.464,1.2289999723434448,6.0,0,0.015219813898990029,1567.0,6.3,4.851,323.0,taylor,-1.5669847616489727,-1.275718086422668,0.8931874480687577,1.1162830652317375,-0.7271085483091481,-0.4765171944477482,-0.4213101789128627,0.21511447440261894,0.2131232017459527,-0.9566333409750546,1.8597975807857385,0.0,False,0.39186199478671924,52.5
2024,00-0030279,K.Allen,,WR,72.11499786376953,1.03,7.0,744.0,0.0,74400.0,700.0,0.0,0.0,29.614999771118164,2.0,0,1.6922857012067523,744.0,12300.0,10.629,70.0,allen,0.4395127829616636,0.8795349305226805,-0.2894915839590442,-1.3344640481598546,0.5220266500681063,1.3000975138281763,1.8646776355229238,-1.4320477867374348,-1.8083036118742417,0.8350588525332172,-0.26116306453586957,0.374,True,-0.25333170725240306,27.7
2024,00-0033923,K.Hunt,KC,RB,10.850000381469728,0.049,7.0,904.0,0.0,16.4,17.9,15.0,14.808,2.3299999237060547,2.0,0,0.04179372060459291,904.0,5.6,4.054,223.0,hunt,-0.9428974954981698,-1.0745345792956067,-0.2894915839590442,-0.8580126044871272,0.5220266500681063,-0.4767799627493947,-0.46537659075718674,1.6563814529001661,0.41490555747274566,-0.8871394696337843,-0.26116306453586957,0.0,False,-0.18622947321406003,30.3
2024,00-0037261,K.Shakir,BUF,WR,66.22699737548828,0.849,4.0,825.0,0.0,14.3,6.8,13.0,21.875,14.46399974822998,2.0,0,0.7417435768323067,825.0,20.2,10.577,78.0,shakir,0.3066533570402285,0.5189981504236897,-0.9990990031757253,-1.0932605048005364,0.5220266500681063,-0.47683012760698185,-0.5032942009488144,1.2445908876151526,1.4759144175331969,-0.12125512820682913,-0.26116306453586957,0.0,False,0.005664762726098269,37.7
2024,00-0037840,K.Williams,LA,RB,-21.393999099731445,-0.061,16.0,1481.0,3.0,25.4,43.2,10.0,13.593,-4.374000072479248,4.0,0,-0.04998857225690569,1481.0,7.4,4.231,350.0,williams,-1.6704652443476518,-1.2936453296320098,1.8393306736909993,0.8601904142576465,-3.225378945063657,-0.47656497050259305,-0.378951767527621,0.6269050396876323,0.23249070463937252,-1.3102883649904018,0.7993172581249345,0.0,False,0.29851070929612034,48.9
2024,00-0039915,L.McConkey,,WR,94.33599853515624,1.15,7.0,1155.0,0.0,115500.0,700.0,0.0,0.0,23.88599967956543,3.0,0,1.1651707160763625,1155.0,11300.0,14.085,82.0,mcconkey,0.9409171898526097,1.1185648399805748,-0.2894915839590442,-0.11057940222553586,0.5220266500681063,2.2818954408892242,1.8646776355229238,-1.4320477867374348,-1.8083036118742417,0.4734508481152689,0.26907709679453246,0.0,False,0.016590857704352147,38.1
2024,00-0031408,M.Evans,,WR,85.27100372314453,1.152,11.0,1004.0,0.0,100400.0,1100.0,0.0,0.0,39.790000915527344,4.0,0,2.150810860298775,1004.0,11000.0,13.568,74.0,evans,0.7363706703504983,1.122548671804873,0.6566516416631973,-0.5602304521916724,0.5220266500681063,1.9211862268108344,3.2310780027887853,-1.4320477867374348,-1.8083036118742417,1.4772934135354538,0.7993172581249345,0.0,False,0.3643084329417583,51.5
2024,00-0039849,M.Harrison,,WR,78.08999633789062,1.26,8.0,885.0,0.0,88500.0,800.0,0.0,0.0,23.7549991607666,1.0,0,1.5325805910172001,885.0,11600.0,14.274,62.0,harrison,0.5743352695992123,1.3376755903169781,-0.05295577755348377,-0.9145912134232635,0.5220266500681063,1.6369187004841563,2.206277727339389,-1.4320477867374348,-1.8083036118742417,0.46518224357284493,-0.7914032258662715,0.0,False,-0.2222016912556221,28.9
2024,00-0039337,M.Nabers,NYG,WR,104.8769989013672,0.92,7.0,1206.0,0.0,23.8,26.9,3.0,10.111,38.63899993896485,4.0,0,1.3557543838233281,1206.0,30.9,10.579,114.0,nabers,1.1787689461627104,0.6604241801862774,-0.2894915839590442,0.041289495445146034,0.5220266500681063,-0.47660319134646895,-0.43463258249370484,-0.8143619388099146,-0.2902817378016194,1.4046435340509753,0.7993172581249345,0.0,False,0.16752301712814438,43.9
2024,00-0036252,M.Pittman,,WR,50.80400085449219,0.736,3.0,808.0,0.0,80800.0,300.0,0.0,0.0,15.260000228881836,1.0,0,0.8846376944279325,808.0,11200.0,11.71,69.0,pittman,-0.04135790210387118,0.29391165235083905,-1.2356348095812857,-1.1438834706907637,0.5220266500681063,1.4529808893315999,0.4982772682570621,-1.4320477867374348,-1.8083036118742417,-0.07101247840330441,-0.7914032258662715,0.0,False,-0.7208161084497738,9.7
2024,00-0036893,N.Harris,PIT,RB,-4.65399980545044,-0.016,6.0,1326.0,0.0,24.0,19.4,10.0,14.615,-4.34499979019165,2.0,0,-0.05812708749420268,1326.0,10.4,4.435,299.0,harris,-1.2927365568942604,-1.2040091135852995,-0.5260273903646046,0.3986280781996917,0.5220266500681063,-0.47659841374098444,-0.46025258937993974,0.6269050396876323,0.38592937097328806,-1.3084578999811523,-0.26116306453586957,0.0,False,-0.3052076609634998,25.7
2024,00-0039075,P.Nacua,LA,WR,80.46499633789062,0.894,4.0,1036.0,0.0,17.8,10.8,10.0,13.593,34.07400131225586,2.0,0,1.5144000583224826,1036.0,19.7,11.511,90.0,nacua,0.6279258114463848,0.6086343664704001,-0.9990990031757253,-0.46494016345712696,0.5220266500681063,-0.4767465195110034,-0.48963019727615575,0.6269050396876323,0.23249070463937252,1.116505985230041,-0.26116306453586957,0.0,False,-0.07518150337363011,34.6
2024,00-0036139,R.Dowdle,DAL,RB,2.7309999465942383,0.01,5.0,1328.0,2.0,23.1,17.2,7.0,12.963,-2.486000061035156,1.0,0,-0.03629197169394388,1328.0,8.0,4.847,274.0,dowdle,-1.1260981828928673,-1.1522192998694223,-0.7625631967701649,0.40458372124560077,-1.9762437466864027,-0.47661991296566464,-0.46776779139990204,0.009219191760112221,0.13790522539243816,-1.1911199402096082,-0.7914032258662715,0.0,False,-0.5963591355677149,14.5
2024,00-0039919,R.Odunze,CHI,WR,61.262001037597656,1.075,3.0,749.0,0.0,15.3,9.1,5.0,11.923,18.63500022888184,2.0,0,1.3077193143074974,749.0,18.8,13.14,57.0,odunze,0.1946210016647398,0.9691711465693909,-1.2356348095812857,-1.319574940545082,0.5220266500681063,-0.4768062395795594,-0.4954373988370357,-0.4025713735249012,-0.01823588320567535,0.14201370337491998,-0.26116306453586957,0.0,False,-0.32897173040088595,24.8
2024,00-0036875,R.Stevenson,NE,RB,-26.71500015258789,-0.111,8.0,965.0,3.0,20.0,29.6,4.0,11.115,-0.3529999852180481,1.0,0,-0.005883333086967468,965.0,8.5,4.021,240.0,stevenson,-1.7905306462811053,-1.3932411252394659,-0.05295577755348377,-0.6763654915868998,-3.225378945063657,-0.4766939658506741,-0.42540938001466033,-0.6084666561674079,-0.13954551373190208,-1.0564873885402806,-0.7914032258662715,0.0,False,-0.7011363136888323,10.5
2024,00-0034844,S.Barkley,PHI,RB,57.0,0.15,15.0,2283.0,1.0,36.8,28.3,14.0,17.808,6.456999778747559,2.0,0,0.06779002392385888,2283.0,10.3,5.992,381.0,barkley,0.09845134062976307,-0.8733510721685455,1.6027948672854389,3.2484032756671932,-0.7271085483091481,-0.47629264698997764,-0.42985018120827434,1.4504861702576592,0.8653126015057657,-0.6266479077615543,-0.26116306453586957,0.117,False,0.5431237084038293,58.4
2024,00-0036963,St. Brown,DET,WR,126.0739974975586,1.078,14.0,1269.0,0.0,18.0,20.6,15.0,20.889,47.16299819946289,4.0,0,1.6124101948534322,1269.0,27.0,10.846,117.0,brown,1.6570673210274054,0.9751468943058385,1.3662590608798786,0.2288922513912825,0.5220266500681063,-0.47674174190551893,-0.4561533882781422,1.6563814529001661,1.3278806357276773,1.9426686608415298,0.7993172581249345,0.0,False,1.017689110516353,76.6
2024,00-0036410,T.Higgins,,WR,93.5250015258789,1.281,10.0,911.0,0.0,91100.0,1000.0,0.0,0.0,32.369998931884766,5.0,0,1.7736985716101241,911.0,11000.0,12.479,73.0,higgins,0.9226174975731956,1.3795058244721097,0.420115835257637,-0.8371678538264453,0.5220266500681063,1.6990275717824221,2.88947791097232,-1.4320477867374348,-1.8083036118742417,1.0089512827614604,1.3295574194553366,0.0,False,0.4113849735099568,53.3
2024,00-0033040,T.Hill,MIA,WR,76.25800323486328,0.857,6.0,1012.0,0.0,17.8,18.2,8.0,13.269,31.089000701904297,2.0,0,1.3972584585125527,1012.0,21.5,11.371,89.0,hill,0.5329973735775204,0.5349334777208826,-0.5260273903646046,-0.5364078800080361,0.5220266500681063,-0.4767465195110034,-0.4643517904817374,0.21511447440261894,0.18384674388380637,0.9280961237103782,-0.26116306453586957,0.0,False,-0.054368630781454715,35.4
2024,00-0030506,T.Kelce,KC,TE,65.71900177001953,0.671,3.0,824.0,0.0,15.0,7.7,15.0,14.808,14.104999542236328,1.0,0,0.5757142670300542,824.0,23.3,8.408,98.0,kelce,0.2951907213547326,0.16443711806114633,-1.2356348095812857,-1.096238326323491,0.5220266500681063,-0.47681340598778615,-0.5002198001224663,1.6563814529001661,0.41490555747274566,-0.14391481506325096,-0.7914032258662715,0.0,False,-0.2740339314087906,26.9
2024,00-0037744,T.McBride,ARI,WR,82.9010009765625,0.74,3.0,1148.0,0.0,19.2,7.9,8.0,17.391,27.94700050354004,2.0,0,0.9981071608407157,1148.0,28.1,10.25,112.0,mcbride,0.6828928887216065,0.30187931599943557,-1.2356348095812857,-0.1314241528862177,0.5220266500681063,-0.476713076272612,-0.49953659993883326,0.21511447440261894,0.8027060223851757,0.7297766258129084,-0.26116306453586957,0.0,False,-0.13056653281921984,32.4
2024,00-0035659,T.McLaurin,WAS,WR,98.5540008544922,1.173,13.0,1098.0,1.0,18.4,24.5,12.0,16.724,19.545000076293945,4.0,0,0.9307142893473307,1098.0,23.2,13.071,84.0,mclaurin,1.0360940445077023,1.1643789059600047,1.129723254474318,-0.28031522903394507,-0.7271085483091481,-0.4767321866945499,-0.44283098469730003,1.0386956049726457,0.7025655229285012,0.19945186423802144,0.7993172581249345,0.0,False,0.7009030416343369,64.4
2024,00-0035261,T.Pollard,TEN,RB,-25.01799964904785,-0.083,5.0,1317.0,2.0,25.0,15.6,3.0,12.44,-4.977000236511231,1.0,0,-0.0659205329339236,1317.0,11.2,4.361,302.0,pollard,-1.752238782491785,-1.3374674796992905,-0.7625631967701649,0.3718276844931008,-1.9762437466864027,-0.476574525713562,-0.4732333928689655,-0.8143619388099146,0.05938426404934837,-1.3483490531549578,-0.7914032258662715,0.0,False,-0.7474842368546413,8.7
2024,00-0039384,T.Tracy,NYG,RB,-10.619999885559082,-0.046,6.0,1123.0,2.0,22.1,23.1,3.0,10.111,-13.038999557495115,2.0,0,-0.22676520969556724,1123.0,9.6,4.883,230.0,tracy,-1.4273559998219643,-1.2637665909497733,-0.5260273903646046,-0.20586969096008137,-1.9762437466864027,-0.47664380099308706,-0.44761338598273054,-0.8143619388099146,-0.2902817378016194,-1.8572133295543156,-0.26116306453586957,0.0,False,-0.6601888532562137,12.0
2024,00-0038117,W.Robinson,NYG,TE,42.98899841308594,0.448,3.0,717.0,0.0,14.1,11.5,3.0,10.111,24.194000244140625,1.0,0,1.0080833435058594,717.0,25.0,7.469,96.0,robinson,-0.21769904541837087,-0.2797601303481076,-1.2356348095812857,-1.4148652292796275,0.5220266500681063,-0.47683490521246635,-0.48723899663344056,-0.8143619388099146,-0.2902817378016194,0.4928914953025255,-0.7914032258662715,0.0,False,-0.6754592956267019,11.4
2024,00-0039064,Z.Flowers,BAL,WR,83.04900360107422,1.001,4.0,1115.0,0.0,16.0,6.5,12.0,20.72,15.781000137329102,0.0,0,0.7605301271001976,1115.0,25.5,13.434,83.0,flowers,0.6862324848657693,0.8217693690703558,-0.9990990031757253,-0.22969226314371777,0.5220266500681063,-0.47678951796036373,-0.5043190012242638,1.0386956049726457,1.302507705580484,-0.03812755360231911,-1.3216433871966735,0.0,False,-0.15197256338565648,31.6
