season,passer_id,player_name,team,games,dropbacks,epa_per_db,total_epa,any_a,pass_yards,scramble_yards,rush_yards,total_yards,pass_tds,scramble_tds,rush_tds,rec_tds,total_tds,interceptions,fumbles_lost,turnovers,team_wins,pts_per_drive,total_plays,epa_per_play,pass_att,sacks,scrambles,designed_runs,late_epa,late_tds,late_plays,late_epa_per_play,pct_team_yards,pct_team_tds,wpa_total,close_epa,close_epa_per_play,wins_vs_top10,wins_vs_top10_x,wins_vs_top10_y,success_rate,negative_play_rate,cpoe,win_pct,offensive_allpros_nqb
1999,00-0015082,A.Smith,CIN,7,,,-43.59,2.665,793,0,3,796,2,0,1,0,3,6,0,6,4,10.481,175.0,-0.2491,151.0,19.0,0.0,5.0,0.0,0.0,0.0,0.0,16.0,10.0,-0.987,,,0.0,,,0.36,0.1429,,0.25,0.0
1999,00-0005106,B.Favre,GB,16,,,0.14,5.246,4068,8,13,4089,22,0,0,0,22,23,8,31,8,12.31,633.0,0.0002,588.0,34.0,2.0,9.0,0.11,5.0,172.0,0.0006,74.9,57.9,0.564,,,0.0,,,0.4186,0.1027,,0.5,0.0
1999,00-0006423,B.Griese,DEN,14,,,-5.52,5.288,3006,0,21,3027,14,0,2,0,16,14,5,19,6,10.467,490.0,-0.0113,442.0,27.0,0.0,21.0,5.6,5.0,155.0,0.0361,57.7,51.6,-2.789,,,0.0,,,0.4347,0.098,,0.375,0.0
1999,00-0007530,B.Hobert,NO,9,,,-3.01,4.621,965,0,5,970,6,0,1,0,7,5,1,6,3,7.879,173.0,-0.0174,158.0,11.0,0.0,4.0,-2.28,0.0,3.0,-0.759,19.6,25.0,0.392,,,0.0,,,0.3873,0.0983,,0.1875,0.0
1999,00-0008442,B.Johnson,WAS,16,,,50.17,6.827,3988,16,2,4006,24,0,2,0,26,13,8,21,10,15.821,553.0,0.0907,515.0,28.0,4.0,6.0,21.37,6.0,130.0,0.1644,66.4,52.0,1.072,,,0.0,,,0.434,0.0886,,0.625,0.0
1999,00-0016534,B.Tolliver,NO,10,,,-20.17,4.594,1897,0,11,1908,7,0,3,0,10,13,1,14,3,7.879,292.0,-0.0691,264.0,19.0,0.0,9.0,-29.26,2.0,70.0,-0.4179,38.5,35.7,-1.362,,,0.0,,,0.3904,0.113,,0.1875,0.0
1999,00-0000865,C.Batch,DET,11,,,-15.54,5.484,1908,0,8,1916,13,0,1,0,14,7,1,8,8,11.5,310.0,-0.0501,268.0,36.0,0.0,6.0,-1.57,2.0,84.0,-0.0186,37.6,43.8,-0.584,,,0.0,,,0.3935,0.1452,,0.5,0.0
1999,00-0002876,C.Chandler,ATL,12,,,-14.91,5.778,2335,0,6,2341,16,0,1,0,17,11,3,14,5,10.556,342.0,-0.0436,302.0,32.0,0.0,8.0,15.49,4.0,81.0,0.1912,49.1,50.0,-1.148,,,0.0,,,0.4094,0.1345,,0.3125,0.0
1999,00-0011044,C.McNown,CHI,15,,,-18.94,4.688,1452,25,16,1493,8,0,0,0,8,8,3,11,6,9.379,258.0,-0.0734,229.0,18.0,4.0,7.0,-6.01,4.0,103.0,-0.0583,27.4,24.2,-1.294,,,0.0,,,0.3992,0.1163,,0.375,0.0
1999,00-0001361,D.Bledsoe,NE,16,,,-36.72,5.19,3969,0,25,3994,19,0,0,0,19,21,6,27,8,9.061,601.0,-0.0611,535.0,55.0,0.0,11.0,-41.54,2.0,159.0,-0.2613,75.3,65.5,-2.946,,,0.0,,,0.416,0.1364,,0.5,0.0
1999,00-0001907,D.Brown,ARI,8,,,-42.31,3.4,944,17,0,961,2,0,0,0,2,5,2,7,6,8.167,188.0,-0.2251,167.0,18.0,3.0,0.0,0.0,0.0,0.0,0.0,23.3,7.1,-1.093,,,0.0,,,0.3298,0.133,,0.375,0.0
1999,00-0005363,D.Flutie,BUF,15,,,12.31,5.469,3145,73,51,3269,18,0,1,0,19,14,5,19,11,11.034,512.0,0.024,470.0,25.0,5.0,12.0,3.14,3.0,106.0,0.0297,66.2,55.9,-0.427,,,0.0,,,0.4219,0.0938,,0.6875,0.0
1999,00-0007835,D.Huard,MIA,9,,,-19.42,4.461,1280,23,24,1327,8,0,0,0,8,4,3,7,9,10.867,254.0,-0.0765,213.0,28.0,2.0,11.0,8.66,2.0,39.0,0.222,26.5,21.6,-0.212,,,0.0,,,0.378,0.1457,,0.5625,0.0
1999,00-0010379,D.Marino,MIA,11,,,-41.85,4.817,2378,0,-2,2376,12,0,0,0,12,17,6,23,9,10.867,374.0,-0.1119,362.0,9.0,0.0,3.0,-27.47,3.0,157.0,-0.175,47.5,32.4,-1.549,,,0.0,,,0.4385,0.0909,,0.5625,0.0
1999,00-0011022,D.McNabb,PHI,11,,,-81.42,2.562,934,60,11,1005,8,0,0,0,8,6,6,12,5,8.242,253.0,-0.3218,214.0,28.0,5.0,6.0,-21.65,3.0,57.0,-0.3798,27.0,32.0,-2.478,,,0.0,,,0.3004,0.1581,,0.3125,0.0
1999,00-0012726,D.Pederson,PHI,10,,,-60.99,3.619,1257,0,-12,1245,7,0,0,0,7,9,6,15,5,8.242,248.0,-0.2459,224.0,20.0,0.0,4.0,4.16,1.0,14.0,0.2971,33.4,28.0,-2.214,,,0.0,,,0.3669,0.1452,,0.3125,0.0
1999,00-0006300,E.Grbac,KC,16,,,34.75,5.867,3360,3,-6,3357,22,0,0,0,22,13,5,18,9,12.188,524.0,0.0663,493.0,26.0,1.0,4.0,8.35,9.0,141.0,0.0592,61.9,59.5,0.215,,,0.0,,,0.4427,0.0878,,0.5625,1.0
1999,00-0009451,E.Kramer,LAC,6,,,-33.47,2.02,769,0,0,769,2,0,0,0,2,10,1,11,0,0.0,149.0,-0.2246,140.0,7.0,0.0,2.0,0.0,0.0,0.0,0.0,16.7,8.3,-1.229,,,0.0,,,0.3691,0.1208,,0.0,0.0
1999,00-0005589,G.Frerotte,DET,9,,,12.81,5.735,2111,0,4,2115,9,0,0,0,9,7,1,8,8,11.5,312.0,0.0411,283.0,27.0,0.0,2.0,-10.38,1.0,106.0,-0.0979,41.5,28.1,0.09,,,0.0,,,0.4327,0.1122,,0.5,0.0
1999,00-0001335,J.Blake,CIN,14,,,-26.42,5.354,2630,0,23,2653,15,0,2,0,17,12,6,18,4,10.481,430.0,-0.0614,385.0,30.0,0.0,15.0,-21.02,1.0,94.0,-0.2237,53.5,56.7,-1.148,,,0.0,,,0.4279,0.1233,,0.25,0.0
1999,00-0005180,J.Fiedler,JAX,7,,,8.42,5.535,656,0,-5,651,2,0,0,0,2,2,0,2,14,14.143,107.0,0.0787,94.0,7.0,0.0,6.0,1.89,1.0,67.0,0.0283,11.8,5.6,0.652,,,0.0,,,0.4953,0.1308,,0.875,0.0
1999,00-0005755,J.Garcia,SF,13,,,25.52,5.536,2516,0,33,2549,11,0,1,0,12,11,3,14,4,10.172,398.0,0.0641,371.0,15.0,0.0,12.0,36.86,5.0,139.0,0.2652,48.9,40.0,-0.32,,,0.0,,,0.4573,0.0779,,0.25,0.0
1999,00-0005885,J.George,MIN,12,,,39.91,7.069,2769,0,0,2769,22,0,0,0,22,12,6,18,10,13.3,347.0,0.115,319.0,27.0,0.0,1.0,3.34,5.0,104.0,0.0321,46.7,44.0,1.503,,,0.0,,,0.4553,0.1297,,0.625,1.0
1999,00-0006808,J.Harbaugh,LAC,14,,,-50.47,4.356,2654,0,4,2658,10,0,0,0,10,14,5,19,0,0.0,478.0,-0.1056,428.0,36.0,0.0,14.0,-12.44,2.0,145.0,-0.0858,57.7,41.7,-1.15,,,0.0,,,0.3933,0.1276,,0.0,0.0
1999,00-0009311,J.Kitna,SEA,15,,,-7.17,5.543,3328,0,-3,3325,23,0,0,0,23,16,6,22,9,11.267,531.0,-0.0135,488.0,31.0,0.0,12.0,-8.12,5.0,164.0,-0.0495,67.2,74.2,-1.339,,,0.0,,,0.4256,0.1092,,0.5625,0.0
1999,00-0011276,J.Miller,CHI,5,,,15.84,5.922,1233,0,0,1233,7,0,0,0,7,6,2,8,6,9.379,181.0,0.0875,172.0,7.0,0.0,2.0,0.0,0.0,0.0,0.0,22.6,21.2,0.636,,,0.0,,,0.453,0.0829,,0.375,0.0
1999,00-0013042,J.Plummer,ARI,12,,,-73.3,2.702,2104,18,18,2140,9,0,2,0,11,23,3,26,6,8.167,421.0,-0.1741,379.0,27.0,2.0,13.0,-22.42,3.0,159.0,-0.141,51.9,39.3,-2.227,,,0.0,,,0.3824,0.1354,,0.375,0.0
1999,00-0003292,K.Collins,NYG,10,,,-16.74,5.57,2318,0,11,2329,8,0,2,0,10,10,5,15,7,10.31,356.0,-0.047,328.0,16.0,0.0,12.0,-7.62,4.0,191.0,-0.0399,44.4,29.4,-1.28,,,0.0,,,0.441,0.0899,,0.4375,0.0
1999,00-0006212,K.Graham,NYG,9,,,-14.15,4.569,1697,15,11,1723,9,1,0,0,10,8,2,10,7,10.31,309.0,-0.0458,270.0,25.0,5.0,9.0,0.0,0.0,0.0,0.0,32.9,29.4,-1.665,,,0.0,,,0.411,0.1165,,0.4375,0.0
1999,00-0015700,K.Stewart,PIT,13,,,-61.24,3.269,1422,0,54,1476,6,0,1,1,8,10,0,10,6,10.931,314.0,-0.195,272.0,22.0,0.0,20.0,-0.33,0.0,2.0,-0.1655,30.9,21.1,-1.796,,,0.0,,,0.3949,0.1083,,0.375,0.0
1999,00-0017200,K.Warner,LA,15,,,141.44,8.552,3956,0,17,3973,38,0,1,0,39,11,7,18,0,0.0,480.0,0.2947,447.0,26.0,0.0,7.0,40.68,9.0,125.0,0.3255,66.0,70.9,2.199,,,0.0,,,0.5146,0.0958,,0.0,0.0
1999,00-0002110,M.Brunell,JAX,15,,,58.89,5.983,3060,7,19,3086,14,0,0,0,14,8,3,11,14,14.143,481.0,0.1224,440.0,29.0,1.0,11.0,2.58,1.0,78.0,0.033,56.0,38.9,0.13,,,0.0,,,0.4574,0.0852,,0.875,0.0
1999,00-0016538,M.Tomczak,PIT,8,,,-6.95,5.044,1596,0,-3,1593,12,0,0,0,12,8,2,10,6,10.931,277.0,-0.0251,257.0,15.0,0.0,5.0,-14.13,7.0,165.0,-0.0856,33.4,31.6,-1.136,,,0.0,,,0.426,0.0939,,0.375,0.0
1999,00-0012261,N.O'Donnell,TEN,8,,,7.7,6.622,1374,0,0,1374,10,0,0,0,10,4,3,7,13,12.25,207.0,0.0372,192.0,9.0,0.0,6.0,-12.75,2.0,23.0,-0.5546,27.0,22.2,0.338,,,0.0,,,0.4203,0.087,,0.8125,0.0
1999,00-0010346,P.Manning,IND,16,,,95.94,6.98,4047,0,0,4047,26,0,1,0,27,15,6,21,13,14.586,552.0,0.1738,527.0,14.0,0.0,11.0,18.56,4.0,139.0,0.1335,72.2,61.4,1.054,,,0.0,,,0.4547,0.0707,,0.8125,1.5
1999,00-0003761,R.Cunningham,MIN,6,,,-9.21,5.24,1436,0,7,1443,8,0,0,0,8,9,4,13,10,13.3,211.0,-0.0437,193.0,15.0,0.0,3.0,0.0,0.0,0.0,0.0,24.3,16.0,-0.78,,,0.0,,,0.4455,0.1327,,0.625,1.0
1999,00-0005741,R.Gannon,LV,16,,,59.3,6.202,3819,13,32,3864,24,0,2,0,26,13,6,19,0,0.0,573.0,0.1035,511.0,49.0,2.0,11.0,21.61,6.0,144.0,0.1501,68.6,57.8,0.525,,,0.0,,,0.4468,0.1239,,0.0,0.0
1999,00-0010137,R.Lucas,NYJ,9,,,14.22,5.791,1669,68,5,1742,14,1,0,0,15,6,2,8,8,11.0,302.0,0.0471,267.0,11.0,9.0,15.0,17.62,7.0,131.0,0.1345,37.3,50.0,-0.318,,,0.0,,,0.4205,0.0795,,0.5,0.0
1999,00-0011378,R.Mirer,NYJ,7,,,-23.78,3.24,1042,54,14,1110,5,0,1,0,6,9,1,10,8,11.0,208.0,-0.1143,174.0,22.0,8.0,4.0,0.0,0.0,0.0,0.0,23.8,20.0,-1.457,,,0.0,,,0.3317,0.1587,,0.5,0.0
1999,00-0001218,S.Beuerlein,CAR,16,,,60.8,6.876,4413,0,2,4415,36,0,1,0,37,14,9,23,8,13.581,620.0,0.0981,566.0,49.0,0.0,5.0,39.51,14.0,166.0,0.238,76.4,68.5,-2.047,,,0.0,,,0.4597,0.1161,,0.5,0.0
1999,00-0002787,S.Case,BAL,9,,,-56.84,3.022,975,0,63,1038,3,0,1,0,4,8,4,12,8,9.818,202.0,-0.2814,168.0,17.0,0.0,17.0,-9.67,0.0,22.0,-0.4397,22.7,12.9,-1.362,,,0.0,,,0.3267,0.1634,,0.5,0.0
1999,00-0009266,S.King,TB,6,,,-18.93,4.389,807,0,8,815,7,0,0,0,7,4,3,7,11,8.71,164.0,-0.1155,146.0,11.0,0.0,7.0,-14.14,4.0,132.0,-0.1071,19.0,24.1,-0.195,,,0.0,,,0.3659,0.1159,,0.6875,0.0
1999,00-0010560,S.Matthews,CHI,8,,,-28.28,5.165,1621,0,-4,1617,10,0,0,0,10,6,5,11,6,9.379,290.0,-0.0975,272.0,13.0,0.0,5.0,-3.68,2.0,40.0,-0.0919,29.7,30.3,-1.394,,,0.0,,,0.4276,0.0862,,0.375,0.0
1999,00-0011024,S.McNair,TEN,11,,,18.65,5.708,2152,0,112,2264,12,0,7,0,19,8,2,10,13,12.25,375.0,0.0497,327.0,16.0,0.0,32.0,29.2,9.0,105.0,0.2781,44.5,42.2,0.413,,,0.0,,,0.4373,0.088,,0.8125,0.0
1999,00-0015627,S.Stenstrom,SF,6,,,-44.59,3.073,536,0,0,536,0,0,0,0,0,3,1,4,4,10.172,110.0,-0.4054,99.0,10.0,0.0,1.0,-0.82,0.0,2.0,-0.4085,10.3,0.0,-0.955,,,0.0,,,0.2909,0.1273,,0.25,0.0
1999,00-0000104,T.Aikman,DAL,14,,,24.03,5.869,2920,14,0,2934,17,0,1,0,18,11,3,14,8,12.138,459.0,0.0524,430.0,19.0,3.0,7.0,-3.61,6.0,145.0,-0.0249,55.8,48.6,-0.488,,,0.0,,,0.3987,0.0763,,0.5,0.0
1999,00-0000722,T.Banks,BAL,11,,,-37.15,5.308,2093,0,3,2096,16,0,0,0,16,8,6,14,8,9.818,355.0,-0.1046,318.0,33.0,0.0,4.0,-22.35,6.0,135.0,-0.1655,45.7,51.6,-1.198,,,0.0,,,0.3718,0.1324,,0.5,0.0
1999,00-0003535,T.Couch,CLE,15,,,-78.72,4.031,2409,0,3,2412,15,0,0,0,15,12,6,18,2,7.75,463.0,-0.17,393.0,56.0,0.0,14.0,-5.36,2.0,54.0,-0.0994,63.4,51.7,-2.075,,,0.0,,,0.3391,0.1663,,0.125,0.0
1999,00-0004293,T.Dilfer,TB,10,,,-26.2,4.461,1610,41,26,1677,11,0,0,0,11,10,5,15,11,8.71,281.0,-0.0932,241.0,26.0,3.0,11.0,0.0,0.0,0.0,0.0,39.1,37.9,-2.45,,,0.0,,,0.427,0.1495,,0.6875,0.0
1999,00-0006299,T.Graziani,ATL,11,,,-28.22,4.567,753,0,-12,741,2,0,0,0,2,3,4,7,5,10.556,133.0,-0.2122,115.0,12.0,0.0,6.0,-16.76,0.0,29.0,-0.5781,15.5,5.9,-0.733,,,0.0,,,0.3684,0.1729,,0.3125,0.0
2000,00-0001823,A.Brooks,NO,8,,,10.39,6.298,1494,48,-5,1537,9,0,2,0,11,6,1,7,10,13.615,234.0,0.0444,193.0,15.0,7.0,19.0,8.62,6.0,164.0,0.0526,29.7,29.7,0.152,,,0.0,,,0.406,0.1325,,0.625,0.0
2000,00-0015082,A.Smith,CIN,11,,,-98.56,2.862,1246,96,-9,1333,3,0,0,0,3,6,8,14,4,6.379,321.0,-0.307,262.0,35.0,11.0,13.0,0.0,0.0,0.0,0.0,32.1,14.3,-2.318,,,0.0,,,0.2897,0.1682,,0.25,0.0
2000,00-0005106,B.Favre,GB,16,,,-10.41,5.259,3764,14,-22,3756,20,0,0,0,20,16,11,27,9,11.387,625.0,-0.0167,577.0,33.0,3.0,12.0,5.95,5.0,157.0,0.0379,70.0,57.1,-1.265,,,0.0,,,0.4192,0.1104,,0.5625,0.0
2000,00-0006423,B.Griese,DEN,10,,,83.44,7.648,2608,44,5,2657,19,0,1,0,20,4,3,7,11,16.724,368.0,0.2267,332.0,17.0,6.0,13.0,0.68,0.0,2.0,0.3388,40.8,38.5,0.574,,,0.0,,,0.4946,0.0788,,0.6875,0.0
2000,00-0007834,B.Huard,SEA,5,,,-17.63,4.101,508,21,0,529,3,0,0,0,3,2,0,2,6,11.852,102.0,-0.1728,86.0,13.0,3.0,0.0,0.0,0.0,0.0,0.0,11.3,8.8,-0.206,,,0.0,,,0.3235,0.1471,,0.375,0.0
2000,00-0008442,B.Johnson,WAS,12,,,-4.9,4.971,2489,15,-2,2502,11,0,1,0,12,15,6,21,8,9.367,396.0,-0.0124,359.0,20.0,2.0,15.0,-26.14,1.0,71.0,-0.3682,45.6,35.3,-1.199,,,0.0,,,0.4293,0.1288,,0.5,0.0
2000,00-0000865,C.Batch,DET,15,,,-75.18,4.238,2469,33,-1,2501,13,0,0,0,13,14,4,18,9,9.594,464.0,-0.162,404.0,38.0,6.0,16.0,-20.33,1.0,81.0,-0.2509,56.5,40.6,-2.01,,,0.0,,,0.3599,0.1379,,0.5625,0.0
2000,00-0002876,C.Chandler,ATL,14,,,-77.41,4.434,2227,35,-2,2260,10,0,0,0,10,12,3,15,4,8.69,384.0,-0.2016,329.0,40.0,5.0,10.0,-2.8,2.0,47.0,-0.0596,53.2,41.7,-2.156,,,0.0,,,0.3932,0.151,,0.25,0.0
2000,00-0011044,C.McNown,CHI,10,,,-63.63,4.164,1635,81,81,1797,8,1,1,0,10,8,6,14,5,7.448,332.0,-0.1917,277.0,27.0,11.0,17.0,-11.25,1.0,42.0,-0.2678,40.9,47.6,-1.651,,,0.0,,,0.3825,0.1325,,0.3125,0.0
2000,00-0001361,D.Bledsoe,NE,16,,,-31.89,4.787,3247,63,40,3350,17,0,2,0,19,13,8,21,5,9.2,609.0,-0.0524,527.0,45.0,11.0,26.0,9.97,6.0,167.0,0.0597,71.5,65.5,-1.419,,,0.0,,,0.4171,0.1215,,0.3125,0.0
2000,00-0003739,D.Culpepper,MIN,16,,,119.78,7.501,3924,355,60,4339,33,2,4,0,39,14,7,21,11,15.88,583.0,0.2055,469.0,34.0,42.0,38.0,25.61,9.0,131.0,0.1955,76.3,81.2,4.467,,,0.0,,,0.4991,0.1149,,0.6875,1.0
2000,00-0005363,D.Flutie,BUF,10,,,13.33,7.103,1656,98,-12,1742,8,0,1,0,9,2,4,6,8,9.545,263.0,0.0507,225.0,9.0,14.0,15.0,9.22,5.0,89.0,0.1036,34.4,27.3,0.162,,,0.0,,,0.4297,0.0951,,0.5,0.0
2000,00-0009007,D.Kanell,ATL,5,,,-33.7,2.157,506,0,0,506,2,0,0,0,2,5,0,5,4,8.69,122.0,-0.2762,113.0,8.0,0.0,1.0,0.0,0.0,0.0,0.0,11.9,8.3,-1.248,,,0.0,,,0.3033,0.1066,,0.25,0.0
2000,00-0011022,D.McNabb,PHI,16,,,34.71,4.885,3320,505,50,3875,21,4,1,0,26,11,5,16,11,12.536,686.0,0.0506,565.0,45.0,53.0,23.0,13.37,6.0,130.0,0.1028,84.1,74.3,0.082,,,0.0,,,0.4213,0.1035,,0.6875,0.0
2000,00-0012726,D.Pederson,CLE,10,,,-64.08,2.726,1047,4,-2,1049,2,0,0,0,2,8,1,9,3,5.75,233.0,-0.275,210.0,16.0,2.0,5.0,-17.33,1.0,78.0,-0.2221,28.8,11.1,-1.461,,,0.0,,,0.3305,0.1202,,0.1875,0.0
2000,00-0006300,E.Grbac,KC,14,,,34.39,6.469,3848,31,4,3883,22,1,0,0,23,13,7,20,7,12.241,559.0,0.0615,513.0,27.0,7.0,12.0,-14.57,5.0,163.0,-0.0894,73.2,63.9,0.097,,,0.0,,,0.4436,0.0984,,0.4375,1.0
2000,00-0005589,G.Frerotte,DEN,9,,,-3.1,6.248,1766,15,-9,1772,9,0,0,0,9,8,4,12,11,16.724,256.0,-0.0121,231.0,11.0,2.0,12.0,15.02,3.0,114.0,0.1317,27.2,17.3,-0.382,,,0.0,,,0.4727,0.1289,,0.6875,0.0
2000,00-0001335,J.Blake,NO,11,,,7.44,5.447,2004,74,31,2109,13,0,0,0,13,8,3,11,10,13.615,349.0,0.0213,298.0,24.0,9.0,18.0,0.0,0.0,0.0,0.0,40.8,35.1,-0.397,,,0.0,,,0.467,0.1175,,0.625,0.0
2000,00-0005180,J.Fiedler,MIA,14,,,33.03,5.119,2248,66,58,2372,13,0,1,0,14,13,3,16,11,9.788,391.0,0.0845,330.0,22.0,8.0,31.0,9.73,4.0,130.0,0.0748,58.1,45.2,0.065,,,0.0,,,0.4271,0.1304,,0.6875,0.0
2000,00-0005755,J.Garcia,SF,16,,,112.42,7.504,4238,52,56,4346,31,0,3,0,34,9,5,14,6,13.379,602.0,0.1867,550.0,23.0,8.0,21.0,24.82,8.0,171.0,0.1451,75.4,69.4,1.862,,,0.0,,,0.4585,0.0814,,0.375,0.0
2000,00-0005885,J.George,WAS,6,,,27.7,5.755,1389,24,-2,1411,7,0,0,0,7,6,0,6,8,9.367,209.0,0.1325,193.0,11.0,3.0,2.0,4.95,2.0,87.0,0.0569,25.7,20.6,0.788,,,0.0,,,0.445,0.0909,,0.5,0.0
2000,00-0006808,J.Harbaugh,LAC,7,,,-2.62,4.718,1389,14,0,1403,8,0,0,0,8,10,2,12,0,0.0,224.0,-0.0117,200.0,13.0,4.0,7.0,0.0,0.0,0.0,0.0,33.6,27.6,-0.929,,,0.0,,,0.4196,0.1205,,0.0,0.0
2000,00-0009311,J.Kitna,SEA,15,,,-20.78,4.456,2643,44,1,2688,18,0,1,0,19,19,9,28,6,11.852,481.0,-0.0432,415.0,32.0,6.0,28.0,6.84,7.0,150.0,0.0456,57.5,55.9,-1.196,,,0.0,,,0.4345,0.1476,,0.375,0.0
2000,00-0013042,J.Plummer,ARI,14,,,-63.08,4.148,2852,133,8,2993,12,0,0,0,12,20,8,28,3,8.077,523.0,-0.1206,470.0,22.0,12.0,19.0,-33.07,3.0,127.0,-0.2604,67.0,52.2,-0.881,,,0.0,,,0.3958,0.1071,,0.1875,0.0
2000,00-0003292,K.Collins,NYG,16,,,56.5,5.868,3576,61,-12,3625,22,0,0,0,22,12,6,18,12,11.31,588.0,0.0961,523.0,28.0,10.0,27.0,12.29,5.0,138.0,0.089,66.0,57.9,0.131,,,0.0,,,0.4388,0.1088,,0.75,0.0
2000,00-0006212,K.Graham,PIT,8,,,-47.95,4.863,878,5,2,885,1,0,0,0,1,1,2,3,9,10.355,169.0,-0.2837,148.0,13.0,1.0,7.0,-16.81,0.0,9.0,-1.8676,19.7,3.0,-1.498,,,0.0,,,0.3018,0.1243,,0.5625,0.0
2000,00-0015700,K.Stewart,PIT,15,,,3.98,4.882,1808,224,63,2095,11,1,5,0,17,8,4,12,9,10.355,372.0,0.0107,286.0,28.0,21.0,37.0,8.66,6.0,132.0,0.0656,46.7,51.5,-0.356,,,0.0,,,0.4086,0.1478,,0.5625,0.0
2000,00-0017200,K.Warner,LA,11,,,79.22,7.842,3383,3,7,3393,21,0,0,0,21,18,3,21,0,0.0,383.0,0.2069,347.0,20.0,1.0,15.0,4.31,3.0,129.0,0.0334,47.7,31.3,1.895,,,0.0,,,0.517,0.1305,,0.0,0.0
2000,00-0002110,M.Brunell,JAX,16,,,11.15,5.543,3640,158,3,3801,20,1,1,0,22,14,8,22,7,12.233,600.0,0.0186,511.0,53.0,22.0,14.0,29.08,7.0,128.0,0.2272,66.7,55.0,-0.3,,,0.0,,,0.4583,0.13,,0.4375,0.0
2000,00-0010346,P.Manning,IND,16,,,130.09,7.316,4388,22,-9,4401,33,0,1,0,34,14,5,19,10,14.3,608.0,0.214,566.0,20.0,4.0,18.0,18.16,8.0,149.0,0.1219,72.2,70.8,2.238,,,0.0,,,0.4819,0.0872,,0.625,1.0
2000,00-0003761,R.Cunningham,DAL,6,,,16.34,5.568,840,74,15,929,6,0,1,0,7,4,2,6,5,10.889,155.0,0.1054,124.0,8.0,9.0,14.0,0.0,0.0,0.0,0.0,20.5,21.2,-0.284,,,0.0,,,0.4065,0.1226,,0.3125,0.0
2000,00-0005741,R.Gannon,LV,16,,,106.08,6.683,3343,268,38,3649,28,0,2,0,30,11,5,16,0,0.0,550.0,0.1929,465.0,27.0,32.0,26.0,36.15,9.0,131.0,0.276,68.8,57.7,2.033,,,0.0,,,0.4618,0.1036,,0.0,0.0
2000,00-0008612,R.Johnson,BUF,11,,,-34.24,5.123,1911,174,-3,2082,12,0,0,0,12,6,4,10,8,9.545,345.0,-0.0992,274.0,44.0,25.0,2.0,-40.23,0.0,58.0,-0.6936,41.1,36.4,0.006,,,0.0,,,0.4232,0.1623,,0.5,0.0
2000,00-0009715,R.Leaf,LAC,10,,,-90.39,3.238,1779,13,-11,1781,11,0,0,0,11,17,7,24,0,0.0,355.0,-0.2546,306.0,30.0,2.0,17.0,-40.85,4.0,158.0,-0.2585,42.6,37.9,-3.375,,,0.0,,,0.3408,0.1718,,0.0,0.0
2000,00-0001218,S.Beuerlein,CAR,16,,,-14.23,5.017,3691,74,8,3773,19,0,1,0,20,18,12,30,7,11.481,616.0,-0.0231,525.0,60.0,16.0,15.0,-8.77,3.0,130.0,-0.0675,77.5,66.7,-2.415,,,0.0,,,0.4643,0.1558,,0.4375,0.0
2000,00-0002787,S.Case,DET,5,,,-19.51,3.02,498,74,41,613,1,0,1,0,2,3,2,5,9,9.594,117.0,-0.1668,90.0,12.0,6.0,9.0,-5.37,2.0,71.0,-0.0756,13.8,6.2,-1.181,,,0.0,,,0.4017,0.1709,,0.5625,0.0
2000,00-0009266,S.King,TB,16,,,0.73,4.856,2689,189,17,2895,18,0,3,0,21,13,3,16,10,12.516,504.0,0.0014,421.0,37.0,27.0,19.0,14.03,3.0,139.0,0.1009,65.6,56.8,-1.328,,,0.0,,,0.4147,0.125,,0.625,0.0
2000,00-0010560,S.Matthews,CHI,6,,,-37.44,3.95,949,5,-3,951,3,0,0,0,3,6,1,7,5,7.448,186.0,-0.2013,176.0,5.0,1.0,4.0,2.88,2.0,90.0,0.032,21.6,14.3,-0.287,,,0.0,,,0.4032,0.0806,,0.3125,0.0
2000,00-0011024,S.McNair,TEN,16,,,-8.41,5.67,2757,244,25,3026,15,0,0,0,15,13,10,23,13,11.533,469.0,-0.0179,389.0,23.0,24.0,33.0,-15.98,4.0,116.0,-0.1377,61.0,42.9,-0.012,,,0.0,,,0.4243,0.1237,,0.8125,0.0
2000,00-0011434,S.Mitchell,CIN,8,,,-39.15,2.891,966,19,8,993,3,1,0,0,4,8,3,11,4,6.379,207.0,-0.1891,186.0,16.0,2.0,3.0,-16.58,3.0,119.0,-0.1393,23.9,19.0,-0.628,,,0.0,,,0.3527,0.1353,,0.25,0.0
2000,00-0000104,T.Aikman,DAL,11,,,-30.15,3.791,1616,6,7,1629,7,0,0,0,7,14,2,16,5,10.889,283.0,-0.1066,260.0,13.0,2.0,8.0,-6.6,0.0,36.0,-0.1833,35.9,21.2,-0.72,,,0.0,,,0.4523,0.1131,,0.3125,0.0
2000,00-0000722,T.Banks,BAL,11,,,-31.47,4.062,1538,57,0,1595,8,0,0,0,8,8,2,10,12,9.794,310.0,-0.1015,272.0,20.0,10.0,8.0,-2.62,0.0,2.0,-1.308,31.4,25.8,-1.125,,,0.0,,,0.3903,0.1097,,0.75,0.0
2000,00-0003535,T.Couch,CLE,7,,,-9.01,5.136,1478,17,-4,1491,7,0,0,0,7,9,2,11,3,5.75,231.0,-0.039,211.0,10.0,4.0,6.0,0.0,0.0,0.0,0.0,41.0,38.9,0.272,,,0.0,,,0.3766,0.1082,,0.1875,0.0
2000,00-0004293,T.Dilfer,BAL,9,,,-30.02,4.448,1493,53,-3,1543,12,0,0,0,12,11,3,14,12,9.794,265.0,-0.1133,225.0,23.0,8.0,9.0,-34.77,3.0,86.0,-0.4044,30.4,38.7,-1.553,,,0.0,,,0.3925,0.1585,,0.75,0.0
2000,00-0006355,T.Green,LA,8,,,39.44,7.498,2007,58,-10,2055,16,1,0,0,17,5,4,9,0,0.0,278.0,0.1419,237.0,24.0,5.0,12.0,3.8,0.0,12.0,0.3166,28.9,25.4,0.585,,,0.0,,,0.4281,0.1583,,0.0,0.0
2000,00-0016193,V.Testaverde,NYJ,16,,,-12.14,5.057,3692,31,5,3728,21,0,0,0,21,23,6,29,9,9.441,617.0,-0.0197,584.0,12.0,7.0,14.0,-18.34,4.0,177.0,-0.1036,69.9,55.3,-0.809,,,0.0,,,0.4279,0.081,,0.5625,0.0
2001,00-0001823,A.Brooks,NO,16,,,-30.11,4.97,3832,245,32,4109,26,0,0,0,26,22,7,29,7,11.483,674.0,-0.0447,560.0,50.0,28.0,36.0,-44.38,7.0,166.0,-0.2673,78.6,72.2,-0.983,,,0.0,,,0.3887,0.1291,,0.4375,0.0
2001,00-0016838,A.Van Pelt,BUF,12,,,5.96,5.317,2056,21,8,2085,12,0,0,0,12,11,3,14,3,9.815,336.0,0.0177,311.0,14.0,3.0,8.0,6.58,2.0,117.0,0.0562,40.6,37.5,-0.447,,,0.0,,,0.4286,0.0893,,0.1875,0.0
2001,00-0018272,A.Wright,DAL,4,,,-31.34,3.631,529,37,20,586,5,0,0,0,5,5,2,7,5,8.2,120.0,-0.2611,98.0,5.0,7.0,10.0,0.0,0.0,0.0,0.0,13.1,18.5,-0.817,,,0.0,,,0.35,0.1083,,0.3125,0.0
2001,00-0005106,B.Favre,GB,16,,,60.84,6.994,3921,31,10,3962,32,1,0,0,33,15,6,21,12,13.929,564.0,0.1079,512.0,22.0,4.0,26.0,5.87,7.0,139.0,0.0422,71.2,70.2,0.029,,,0.0,,,0.4699,0.1011,,0.75,0.0
2001,00-0006423,B.Griese,DEN,15,,,-36.74,4.453,2827,51,14,2892,23,0,0,0,23,19,4,23,8,12.143,526.0,-0.0698,454.0,38.0,5.0,29.0,-18.71,2.0,69.0,-0.2712,58.9,63.9,-1.216,,,0.0,,,0.4392,0.1483,,0.5,0.0
2001,00-0008442,B.Johnson,TB,16,,,9.72,4.789,3406,71,15,3492,13,0,3,0,16,11,5,16,9,11.172,638.0,0.0152,562.0,44.0,10.0,22.0,-22.83,4.0,108.0,-0.2114,71.6,53.3,-1.019,,,0.0,,,0.4373,0.1034,,0.5625,0.0
2001,00-0000865,C.Batch,DET,10,,,-23.7,5.082,2392,15,7,2414,12,0,0,0,12,12,5,17,2,10.0,383.0,-0.0619,344.0,33.0,2.0,4.0,0.0,0.0,0.0,0.0,46.6,38.7,-0.64,,,0.0,,,0.4178,0.1305,,0.125,0.0
2001,00-0002876,C.Chandler,ATL,14,,,14.76,5.592,2847,62,1,2910,16,0,0,0,16,14,1,15,7,11.64,427.0,0.0346,366.0,41.0,7.0,13.0,7.98,4.0,100.0,0.0798,57.3,50.0,0.33,,,0.0,,,0.4426,0.1382,,0.4375,0.0
2001,00-0020434,C.Weinke,CAR,15,,,-118.7,3.724,2931,113,0,3044,11,1,3,0,15,19,5,24,1,8.724,601.0,-0.1975,543.0,26.0,15.0,17.0,-48.41,2.0,160.0,-0.3025,70.6,50.0,-4.307,,,0.0,,,0.3694,0.0915,,0.0625,0.0
2001,00-0003739,D.Culpepper,MIN,11,,,-8.08,5.289,2612,216,80,2908,14,2,1,0,17,13,10,23,5,10.741,460.0,-0.0176,368.0,33.0,30.0,29.0,0.0,0.0,0.0,0.0,57.9,45.9,-0.282,,,0.0,,,0.4609,0.137,,0.3125,1.0
2001,00-0005363,D.Flutie,LAC,16,,,8.35,5.093,3464,110,-6,3568,15,0,0,0,15,18,6,24,0,0.0,584.0,0.0143,522.0,25.0,20.0,17.0,0.07,3.0,131.0,0.0005,69.1,50.0,-0.638,,,0.0,,,0.4178,0.1045,,0.0,0.0
2001,00-0011022,D.McNabb,PHI,15,,,-1.94,5.489,3233,270,68,3571,25,1,1,0,27,12,5,17,11,11.065,595.0,-0.0033,493.0,39.0,32.0,31.0,-7.07,5.0,128.0,-0.0552,74.8,79.4,-1.021,,,0.0,,,0.4,0.116,,0.6875,0.0
2001,00-0006300,E.Grbac,BAL,14,,,-65.93,4.672,3033,20,-7,3046,15,1,0,0,16,18,8,26,10,10.1,512.0,-0.1288,466.0,28.0,5.0,13.0,-38.23,4.0,149.0,-0.2566,56.9,50.0,-2.151,,,0.0,,,0.4102,0.1211,,0.625,0.0
2001,00-0005180,J.Fiedler,MIA,16,,,32.07,5.57,3290,174,55,3519,20,2,2,0,24,19,11,30,11,11.862,540.0,0.0594,450.0,27.0,28.0,35.0,-10.09,5.0,138.0,-0.0731,74.4,61.5,0.628,,,0.0,,,0.4685,0.1296,,0.6875,0.0
2001,00-0005755,J.Garcia,SF,16,,,66.63,6.624,3538,91,7,3636,32,3,2,0,37,12,5,17,12,15.148,576.0,0.1157,506.0,26.0,14.0,30.0,26.13,9.0,113.0,0.2312,65.4,72.5,1.447,,,0.0,,,0.4583,0.1024,,0.75,0.0
2001,00-0009311,J.Kitna,CIN,16,,,-46.06,3.758,3216,56,4,3276,12,0,1,0,13,22,5,27,6,7.29,630.0,-0.0731,582.0,25.0,7.0,16.0,-11.8,2.0,182.0,-0.0648,66.5,56.5,-1.919,,,0.0,,,0.4159,0.0952,,0.375,0.0
2001,00-0011276,J.Miller,CHI,14,,,-48.55,5.03,2299,0,-20,2279,13,0,0,0,13,10,5,15,13,12.071,429.0,-0.1132,394.0,11.0,0.0,24.0,-7.3,5.0,129.0,-0.0566,47.4,37.1,-1.596,,,0.0,,,0.38,0.0979,,0.8125,0.0
2001,00-0013042,J.Plummer,ARI,16,,,23.88,5.738,3653,128,12,3793,18,0,0,0,18,14,6,20,7,10.536,582.0,0.041,525.0,29.0,16.0,12.0,-5.39,3.0,137.0,-0.0394,76.6,60.0,0.139,,,0.0,,,0.4124,0.0876,,0.4375,0.0
2001,00-0003292,K.Collins,NYG,16,,,-20.96,5.328,3764,47,18,3829,19,0,0,0,19,16,6,22,7,10.5,640.0,-0.0328,568.0,36.0,8.0,28.0,4.03,5.0,190.0,0.0212,69.8,57.6,-0.984,,,0.0,,,0.4219,0.1016,,0.4375,0.0
2001,00-0015700,K.Stewart,PIT,16,,,57.3,5.761,3109,166,252,3527,14,0,3,0,17,11,5,16,13,12.138,555.0,0.1032,443.0,29.0,22.0,61.0,26.24,8.0,132.0,0.1988,61.1,50.0,1.948,,,0.0,,,0.4523,0.1225,,0.8125,0.0
2001,00-0017200,K.Warner,LA,16,,,108.03,7.384,4830,54,-16,4868,36,0,0,0,36,22,10,32,0,0.0,609.0,0.1774,548.0,38.0,7.0,16.0,39.24,12.0,132.0,0.2972,71.5,62.1,3.199,,,0.0,,,0.509,0.1363,,0.0,0.0
2001,00-0002110,M.Brunell,JAX,15,,,-144.13,5.117,3309,167,6,3482,19,1,0,0,20,13,5,18,6,10.5,563.0,-0.256,474.0,57.0,20.0,12.0,-47.35,6.0,155.0,-0.3055,69.5,60.6,-1.253,,,0.0,,,0.4298,0.1439,,0.375,0.0
2001,00-0007091,M.Hasselbeck,SEA,13,,,-23.02,4.323,2023,110,-2,2131,7,0,0,0,7,8,3,11,9,11.148,395.0,-0.0583,321.0,38.0,15.0,21.0,-0.28,1.0,59.0,-0.0047,43.3,21.9,-0.547,,,0.0,,,0.3772,0.1468,,0.5625,0.0
2001,00-0020308,M.McMahon,DET,7,,,-15.65,4.117,671,83,29,783,3,0,1,0,4,1,4,5,2,10.0,160.0,-0.0978,116.0,21.0,12.0,11.0,-7.83,3.0,82.0,-0.0955,15.1,12.9,-0.404,,,0.0,,,0.35,0.1875,,0.125,0.0
2001,00-0020245,M.Vick,ATL,8,,,-33.86,4.306,785,179,6,970,2,0,1,0,3,3,7,10,7,11.64,158.0,-0.2143,113.0,21.0,10.0,14.0,-4.89,1.0,68.0,-0.072,19.1,9.4,-0.847,,,0.0,,,0.3861,0.2342,,0.4375,0.0
2001,00-0010346,P.Manning,IND,16,,,10.42,5.875,4131,51,45,4227,26,1,3,0,30,23,8,31,6,13.323,601.0,0.0173,547.0,29.0,10.0,15.0,9.49,7.0,137.0,0.0693,69.5,61.2,0.414,,,0.0,,,0.4642,0.1115,,0.375,1.0
2001,00-0020404,Q.Carter,DAL,8,,,-28.48,4.306,1072,50,85,1207,5,0,1,0,6,7,2,9,5,8.2,229.0,-0.1244,174.0,12.0,7.0,36.0,-10.46,4.0,140.0,-0.0747,27.0,22.2,-1.057,,,0.0,,,0.3581,0.1441,,0.3125,0.0
2001,00-0003761,R.Cunningham,BAL,5,,,-1.44,4.543,573,0,15,588,3,0,0,0,3,2,0,2,10,10.1,116.0,-0.0124,93.0,12.0,0.0,11.0,0.0,0.0,0.0,0.0,11.0,9.4,0.031,,,0.0,,,0.3966,0.1638,,0.625,0.0
2001,00-0005741,R.Gannon,LV,16,,,91.18,6.611,3828,173,4,4005,27,0,2,0,29,9,7,16,0,0.0,630.0,0.1447,549.0,27.0,29.0,25.0,1.21,5.0,178.0,0.0068,75.7,69.0,1.42,,,0.0,,,0.4857,0.0937,,0.0,0.0
2001,00-0008612,R.Johnson,BUF,8,,,-33.46,4.25,1465,136,4,1605,5,0,1,0,6,7,4,11,3,9.815,272.0,-0.123,217.0,31.0,16.0,8.0,0.0,0.0,0.0,0.0,31.2,18.8,-0.79,,,0.0,,,0.3897,0.1654,,0.1875,0.0
2001,00-0009715,R.Leaf,DAL,4,,,-37.58,2.97,494,0,-7,487,1,0,0,0,1,3,2,5,5,8.2,104.0,-0.3614,88.0,12.0,0.0,4.0,0.0,0.0,0.0,0.0,10.9,3.7,-0.736,,,0.0,,,0.3365,0.1827,,0.3125,0.0
2001,00-0010560,S.Matthews,CHI,4,,,-8.65,3.552,694,0,2,696,5,0,0,0,5,6,1,7,13,12.071,136.0,-0.0636,128.0,6.0,0.0,2.0,0.0,0.0,0.0,0.0,14.5,14.3,-0.455,,,0.0,,,0.4559,0.0956,,0.8125,0.0
2001,00-0011024,S.McNair,TEN,15,,,70.98,6.311,3350,207,45,3602,21,1,4,0,26,12,3,15,7,12.0,524.0,0.1355,435.0,37.0,25.0,27.0,22.04,7.0,128.0,0.1722,68.4,70.3,1.071,,,0.0,,,0.479,0.1088,,0.4375,0.0
2001,00-0019553,S.Wynn,MIN,3,,,-49.0,0.954,418,28,4,450,1,0,0,0,1,6,4,10,5,10.741,113.0,-0.4336,98.0,10.0,3.0,2.0,-49.0,1.0,113.0,-0.4336,9.0,2.7,-1.264,,,0.0,,,0.3097,0.177,,0.3125,1.0
2001,00-0000722,T.Banks,WAS,15,,,-53.51,4.895,2386,122,8,2516,10,0,2,0,12,10,5,15,8,9.143,445.0,-0.1202,372.0,29.0,18.0,26.0,-27.87,2.0,142.0,-0.1963,55.7,48.0,-0.718,,,0.0,,,0.382,0.1213,,0.5,0.0
2001,00-0019596,T.Brady,NE,15,,,-4.99,5.39,2843,41,3,2887,18,0,0,0,18,12,4,16,11,13.741,489.0,-0.0102,413.0,41.0,5.0,30.0,-6.07,2.0,99.0,-0.0613,57.0,45.0,0.323,,,0.0,,,0.4376,0.1534,,0.6875,0.0
2001,00-0003535,T.Couch,CLE,16,,,-73.84,4.123,3040,22,-14,3048,17,0,0,0,17,21,5,26,7,10.179,525.0,-0.1407,454.0,51.0,3.0,17.0,-21.02,4.0,132.0,-0.1593,69.9,56.7,-3.006,,,0.0,,,0.3848,0.1676,,0.4375,0.0
2001,00-0004230,T.Detmer,DET,4,,,-41.86,2.689,906,24,-2,928,3,0,0,0,3,10,2,12,2,10.0,172.0,-0.2434,152.0,12.0,4.0,4.0,-19.78,2.0,104.0,-0.1902,17.9,9.7,-0.371,,,0.0,,,0.4302,0.157,,0.125,0.0
2001,00-0004293,T.Dilfer,SEA,6,,,21.02,6.782,1014,19,-4,1029,7,0,0,0,7,4,0,4,9,11.148,143.0,0.147,123.0,10.0,3.0,7.0,12.63,5.0,70.0,0.1804,20.9,21.9,0.45,,,0.0,,,0.4126,0.1329,,0.5625,0.0
2001,00-0006355,T.Green,KC,16,,,-34.08,5.053,3783,56,-4,3835,17,0,0,0,17,24,7,31,6,11.852,587.0,-0.0581,524.0,39.0,13.0,11.0,8.71,5.0,135.0,0.0645,67.3,50.0,-1.656,,,0.0,,,0.4191,0.1261,,0.375,1.5
2001,00-0016193,V.Testaverde,NYJ,16,,,-39.06,4.989,2752,19,-10,2761,15,0,0,0,15,14,3,17,10,10.621,488.0,-0.08,443.0,18.0,4.0,23.0,-2.15,5.0,153.0,-0.014,56.7,48.4,-2.146,,,0.0,,,0.3914,0.1025,,0.625,0.0
2002,00-0001823,A.Brooks,NO,16,,,3.84,5.636,3572,211,7,3790,27,1,1,0,29,15,9,24,9,14.897,615.0,0.0062,532.0,36.0,30.0,17.0,-26.4,4.0,150.0,-0.176,72.9,64.4,-0.391,,,0.0,,,0.4065,0.1008,,0.5625,0.0
2002,00-0020305,A.Feeley,PHI,6,,,-13.55,5.329,1011,15,-3,1023,6,0,0,0,6,5,3,8,12,13.833,168.0,-0.0806,154.0,7.0,4.0,3.0,-0.73,5.0,131.0,-0.0056,18.9,14.0,-0.474,,,0.0,,,0.3988,0.1012,,0.75,0.0
2002,00-0005106,B.Favre,GB,16,,,14.92,5.702,3658,50,0,3708,27,0,0,0,27,16,8,24,12,13.724,591.0,0.0252,551.0,26.0,7.0,7.0,-8.44,5.0,141.0,-0.0598,65.2,64.3,-0.162,,,0.0,,,0.4721,0.0863,,0.75,0.0
2002,00-0006423,B.Griese,DEN,13,,,29.84,5.536,3214,26,13,3253,15,0,1,0,16,15,1,16,9,13.517,483.0,0.0618,436.0,34.0,4.0,9.0,4.63,2.0,88.0,0.0526,51.6,36.4,-0.24,,,0.0,,,0.5259,0.1035,,0.5625,0.0
2002,00-0008442,B.Johnson,TB,13,,,44.79,6.522,3049,27,7,3083,22,0,0,0,22,6,4,10,12,12.357,484.0,0.0925,454.0,21.0,7.0,2.0,20.31,4.0,74.0,0.2745,60.1,68.8,0.216,,,0.0,,,0.4649,0.064,,0.75,0.0
2002,00-0002876,C.Chandler,CHI,8,,,-35.83,4.234,1023,12,1,1036,4,0,0,0,4,4,3,7,4,8.781,191.0,-0.1876,161.0,23.0,2.0,5.0,-15.12,1.0,62.0,-0.2438,22.8,12.9,-0.895,,,0.0,,,0.4084,0.1675,,0.25,0.0
2002,00-0020562,C.Hutchinson,DAL,9,,,-105.18,3.781,1555,65,-15,1605,7,0,0,0,7,8,10,18,5,7.483,296.0,-0.3553,249.0,34.0,9.0,4.0,-71.8,2.0,137.0,-0.5241,35.0,29.2,-2.529,,,0.0,,,0.348,0.1892,,0.3125,0.0
2002,00-0019559,C.Pennington,NYJ,15,,,107.2,7.476,3120,17,23,3160,22,0,2,0,24,6,4,10,9,13.808,440.0,0.2436,400.0,22.0,4.0,14.0,39.75,9.0,132.0,0.3011,60.9,61.5,2.281,,,0.0,,,0.5068,0.0795,,0.5625,0.0
2002,00-0019709,C.Redman,BAL,6,,,-22.27,5.057,1034,3,2,1039,7,0,0,0,7,3,2,5,7,11.286,196.0,-0.1136,181.0,11.0,1.0,3.0,0.0,0.0,0.0,0.0,21.5,21.9,-0.539,,,0.0,,,0.398,0.0816,,0.4375,0.0
2002,00-0001361,D.Bledsoe,BUF,16,,,56.11,5.707,4359,31,30,4420,24,0,2,0,26,15,6,21,8,14.037,685.0,0.0819,611.0,54.0,5.0,15.0,-25.27,4.0,169.0,-0.1496,74.6,59.1,2.343,,,0.0,,,0.4803,0.1139,,0.5,0.0
2002,00-0020531,D.Brees,LAC,16,,,-14.54,4.926,3284,34,-8,3310,17,0,1,0,18,16,5,21,0,0.0,572.0,-0.0254,529.0,24.0,4.0,15.0,-0.8,5.0,169.0,-0.0047,61.8,48.6,0.244,,,0.0,,,0.4283,0.0927,,0.0,0.0
2002,00-0020608,D.Carr,HOU,16,,,-146.05,3.23,2592,185,19,2796,9,2,1,0,12,15,7,22,4,7.345,573.0,-0.2549,446.0,76.0,30.0,21.0,-35.79,0.0,138.0,-0.2594,75.3,63.2,-3.759,,,0.0,,,0.3543,0.1763,,0.25,0.0
2002,00-0003739,D.Culpepper,MIN,16,,,44.89,4.923,3853,434,63,4350,18,1,8,0,27,23,11,34,6,13.0,686.0,0.0654,549.0,47.0,53.0,37.0,50.45,9.0,160.0,0.3153,73.7,55.1,1.416,,,0.0,,,0.4708,0.1297,,0.375,1.0
2002,00-0011022,D.McNabb,PHI,10,,,19.43,5.609,2289,341,54,2684,17,3,3,0,23,6,8,14,12,13.833,444.0,0.0438,363.0,28.0,36.0,17.0,0.0,0.0,0.0,0.0,49.6,53.5,-0.133,,,0.0,,,0.4685,0.0968,,0.75,0.0
2002,00-0018333,D.Wuerffel,WAS,6,,,-10.05,4.136,719,75,2,796,3,0,0,0,3,6,2,8,7,10.964,112.0,-0.0898,92.0,11.0,6.0,3.0,-14.8,0.0,26.0,-0.5693,15.0,8.1,-0.304,,,0.0,,,0.4732,0.1696,,0.4375,0.0
2002,00-0001335,J.Blake,BAL,10,,,-13.68,5.034,2084,80,30,2194,13,0,1,0,14,11,5,16,7,11.286,355.0,-0.0385,297.0,30.0,12.0,16.0,17.79,7.0,143.0,0.1244,45.4,43.8,-0.56,,,0.0,,,0.4169,0.1465,,0.4375,0.0
2002,00-0005180,J.Fiedler,MIA,11,,,39.82,5.934,2024,34,54,2112,14,1,2,0,17,9,4,13,9,13.034,327.0,0.1218,292.0,13.0,9.0,13.0,10.47,5.0,122.0,0.0858,39.0,38.6,0.635,,,0.0,,,0.4771,0.0826,,0.5625,0.5
2002,00-0005755,J.Garcia,SF,16,,,88.07,5.921,3344,201,23,3568,21,1,1,0,23,10,2,12,10,13.107,584.0,0.1508,527.0,17.0,23.0,17.0,10.44,6.0,147.0,0.071,65.0,57.5,3.179,,,0.0,,,0.464,0.0548,,0.625,0.0
2002,00-0021141,J.Harrington,DET,14,,,-93.44,3.979,2294,6,1,2301,12,0,0,0,12,16,1,17,3,10.552,442.0,-0.2114,429.0,8.0,1.0,4.0,-8.12,1.0,39.0,-0.2082,50.5,36.4,-2.678,,,0.0,,,0.3416,0.0566,,0.1875,0.0
2002,00-0009311,J.Kitna,CIN,13,,,-13.46,5.27,3178,48,3,3229,16,2,2,0,20,16,7,23,2,10.333,513.0,-0.0262,473.0,24.0,8.0,8.0,-19.97,6.0,172.0,-0.1161,60.0,58.8,-0.955,,,0.0,,,0.462,0.0975,,0.125,0.0
2002,00-0010455,J.Martin,LA,5,,,-17.66,4.044,1216,5,0,1221,7,0,0,0,7,10,2,12,0,0.0,207.0,-0.0853,195.0,10.0,1.0,1.0,-15.29,5.0,127.0,-0.1204,20.9,15.9,-0.241,,,0.0,,,0.4541,0.1063,,0.0,0.0
2002,00-0011276,J.Miller,CHI,10,,,-28.77,5.13,1944,5,3,1952,13,0,0,0,13,9,4,13,4,8.781,339.0,-0.0849,315.0,16.0,1.0,7.0,-14.55,0.0,13.0,-1.1193,42.9,41.9,-1.063,,,0.0,,,0.4248,0.0885,,0.25,0.0
2002,00-0013042,J.Plummer,ARI,16,,,-62.5,3.852,2972,176,25,3173,18,1,0,0,19,20,7,27,5,9.357,604.0,-0.1035,531.0,36.0,23.0,14.0,-4.18,7.0,143.0,-0.0292,69.2,65.5,-1.508,,,0.0,,,0.4023,0.1076,,0.3125,0.0
2002,00-0003292,K.Collins,NYG,16,,,59.74,6.44,4073,7,-30,4050,19,0,0,0,19,14,6,20,10,11.034,603.0,0.0991,546.0,24.0,2.0,31.0,39.26,7.0,130.0,0.302,68.1,55.9,0.93,,,0.0,,,0.4494,0.1128,,0.625,0.0
2002,00-0007576,K.Holcomb,CLE,4,,,9.74,6.577,790,0,4,794,8,0,0,0,8,4,2,6,9,12.741,116.0,0.0839,106.0,5.0,0.0,5.0,-11.23,1.0,20.0,-0.5616,15.3,21.1,-0.082,,,0.0,,,0.4914,0.0948,,0.5625,0.0
2002,00-0015700,K.Stewart,PIT,7,,,3.06,5.511,1155,71,61,1287,6,0,1,0,7,6,4,10,10,13.0,208.0,0.0147,167.0,7.0,8.0,26.0,0.0,0.0,0.0,0.0,21.6,15.9,-0.648,,,0.0,,,0.5096,0.1058,,0.625,0.0
2002,00-0017200,K.Warner,LA,7,,,-36.88,3.593,1431,25,0,1456,3,0,0,0,3,11,3,14,0,0.0,247.0,-0.1493,220.0,21.0,5.0,1.0,0.0,0.0,0.0,0.0,24.9,6.8,-1.495,,,0.0,,,0.4534,0.1417,,0.0,0.0
2002,00-0002110,M.Brunell,JAX,15,,,-88.97,5.797,2788,134,-2,2920,17,0,0,0,17,7,2,9,6,12.615,484.0,-0.1838,415.0,34.0,25.0,10.0,-21.34,4.0,81.0,-0.2634,61.3,43.6,-0.516,,,0.0,,,0.4194,0.1012,,0.375,0.0
2002,00-0019599,M.Bulger,LA,7,,,24.65,7.673,1826,0,-12,1814,14,0,1,0,15,6,6,12,0,0.0,237.0,0.104,214.0,12.0,0.0,11.0,4.57,2.0,45.0,0.1016,31.0,34.1,1.192,,,0.0,,,0.4641,0.1392,,0.0,0.0
2002,00-0007091,M.Hasselbeck,SEA,13,,,47.44,6.238,3075,165,6,3246,15,0,1,0,16,10,7,17,7,13.148,481.0,0.0986,420.0,26.0,23.0,12.0,21.66,7.0,187.0,0.1158,56.2,43.2,0.736,,,0.0,,,0.4823,0.0977,,0.4375,0.0
2002,00-0020308,M.McMahon,DET,7,,,-24.76,3.168,874,83,13,970,7,1,2,0,10,9,1,10,3,10.552,173.0,-0.1431,149.0,12.0,10.0,2.0,-9.75,7.0,110.0,-0.0886,21.3,30.3,-0.712,,,0.0,,,0.341,0.1272,,0.1875,0.0
2002,00-0020245,M.Vick,ATL,15,,,41.08,5.925,2936,408,199,3543,16,3,4,0,23,8,10,18,9,12.562,533.0,0.0771,421.0,33.0,38.0,41.0,-11.92,6.0,168.0,-0.071,68.7,53.5,-0.172,,,0.0,,,0.4203,0.1088,,0.5625,0.0
2002,00-0010346,P.Manning,IND,16,,,56.72,6.062,4200,51,-1,4250,27,0,1,0,28,19,8,27,10,11.633,628.0,0.0903,594.0,23.0,7.0,4.0,28.28,7.0,156.0,0.1813,75.7,70.0,-0.436,,,0.0,,,0.4697,0.0828,,0.625,1.0
2002,00-0021379,P.Ramsey,WAS,9,,,-26.36,4.968,1539,3,4,1546,9,0,1,0,10,8,8,16,7,10.964,255.0,-0.1034,229.0,18.0,1.0,7.0,-10.99,6.0,133.0,-0.0826,29.1,27.0,-1.114,,,0.0,,,0.3765,0.1333,,0.4375,0.0
2002,00-0020404,Q.Carter,DAL,7,,,-26.54,4.646,1465,81,-9,1537,7,0,0,0,7,8,4,12,5,7.483,264.0,-0.1005,221.0,19.0,15.0,9.0,0.0,0.0,0.0,0.0,33.5,29.2,-0.257,,,0.0,,,0.3902,0.1439,,0.3125,0.0
2002,00-0005741,R.Gannon,LV,16,,,131.44,6.928,4689,128,3,4820,26,1,2,0,29,10,5,15,0,0.0,687.0,0.1913,620.0,36.0,20.0,11.0,16.77,4.0,132.0,0.127,76.5,60.4,2.62,,,0.0,,,0.5357,0.0801,,0.0,0.0
2002,00-0008612,R.Johnson,TB,6,,,-19.91,3.477,536,40,25,601,1,0,0,0,1,2,2,4,12,12.357,119.0,-0.1673,88.0,19.0,10.0,2.0,-0.11,1.0,55.0,-0.002,11.7,3.1,-0.867,,,0.0,,,0.4454,0.1933,,0.75,0.0
2002,00-0010137,R.Lucas,MIA,6,,,-24.81,4.448,1045,64,20,1129,4,0,2,0,6,6,5,11,9,13.034,194.0,-0.1279,160.0,12.0,9.0,13.0,0.0,0.0,0.0,0.0,20.8,13.6,-1.008,,,0.0,,,0.4433,0.1237,,0.5625,0.5
2002,00-0012732,R.Peete,CAR,14,,,-47.9,5.117,2630,26,2,2658,15,0,0,0,15,14,9,23,7,8.062,422.0,-0.1135,381.0,31.0,4.0,6.0,-18.12,6.0,133.0,-0.1362,59.5,51.7,-1.419,,,0.0,,,0.3934,0.1303,,0.4375,0.0
2002,00-0001218,S.Beuerlein,DEN,5,,,3.45,5.708,925,9,0,934,6,1,0,0,7,5,1,6,9,13.517,135.0,0.0256,118.0,12.0,2.0,3.0,8.78,3.0,62.0,0.1416,14.8,15.9,-0.369,,,0.0,,,0.4148,0.1333,,0.5625,0.0
2002,00-0010560,S.Matthews,WAS,7,,,-11.72,4.663,1251,31,4,1286,11,0,0,0,11,6,0,6,7,10.964,252.0,-0.0465,237.0,9.0,4.0,2.0,0.0,0.0,0.0,0.0,24.2,29.7,-0.604,,,0.0,,,0.4008,0.0595,,0.4375,0.0
2002,00-0011024,S.McNair,TEN,16,,,64.74,5.885,3387,242,32,3661,22,1,2,0,25,15,8,23,11,14.68,560.0,0.1156,494.0,21.0,25.0,20.0,26.57,4.0,112.0,0.2372,73.4,62.5,2.082,,,0.0,,,0.4946,0.0839,,0.6875,0.0
2002,00-0019596,T.Brady,NE,16,,,5.98,5.509,3764,45,69,3878,28,0,1,0,29,14,7,21,9,13.607,665.0,0.009,605.0,31.0,5.0,24.0,-32.68,5.0,154.0,-0.2122,74.0,76.3,0.162,,,0.0,,,0.4496,0.0782,,0.5625,0.0
2002,00-0003535,T.Couch,CLE,14,,,-5.23,4.597,2842,36,7,2885,18,0,0,0,18,18,4,22,9,12.741,485.0,-0.0108,444.0,30.0,4.0,7.0,13.46,5.0,124.0,0.1086,55.6,47.4,-0.675,,,0.0,,,0.4165,0.1072,,0.5625,0.0
2002,00-0004293,T.Dilfer,SEA,6,,,-6.71,5.494,1182,25,1,1208,4,0,0,0,4,6,2,8,7,13.148,183.0,-0.0366,167.0,7.0,3.0,6.0,0.0,0.0,0.0,0.0,20.9,10.8,-0.319,,,0.0,,,0.3989,0.0984,,0.4375,0.0
2002,00-0006355,T.Green,KC,16,,,89.99,7.01,3690,27,1,3718,26,0,0,0,26,13,0,13,8,16.679,508.0,0.1771,471.0,26.0,5.0,6.0,17.49,6.0,136.0,0.1286,62.9,49.1,0.391,,,0.0,,,0.4488,0.0827,,0.5,2.0
2002,00-0010261,T.Maddox,PIT,12,,,10.08,5.833,2836,34,-2,2868,20,0,0,0,20,16,5,21,10,13.0,415.0,0.0243,380.0,26.0,4.0,5.0,-33.54,4.0,162.0,-0.2071,48.1,45.5,1.495,,,0.0,,,0.4627,0.1157,,0.625,0.0
2003,00-0001823,A.Brooks,NO,16,,,2.95,6.285,3546,0,15,3561,24,0,1,0,25,8,12,20,8,10.968,564.0,0.0052,515.0,36.0,0.0,13.0,28.76,9.0,148.0,0.1944,65.0,65.8,0.459,,,0.0,,,0.4557,0.0993,,0.5,0.0
2003,00-0018272,A.Wright,BAL,7,,,-27.85,4.574,1199,0,-8,1191,9,0,0,0,9,8,2,10,10,11.171,203.0,-0.1372,176.0,19.0,0.0,8.0,-27.63,3.0,104.0,-0.2657,23.6,24.3,-0.597,,,0.0,,,0.3842,0.1576,,0.625,1.0
2003,00-0005106,B.Favre,GB,16,,,46.92,5.917,3361,0,-9,3352,32,0,0,0,32,21,3,24,10,15.241,504.0,0.0931,474.0,19.0,0.0,11.0,43.78,10.0,124.0,0.353,56.7,61.5,0.025,,,0.0,,,0.4821,0.1032,,0.625,0.0
2003,00-0006423,B.Griese,MIA,5,,,-41.82,3.944,813,0,0,813,5,0,0,0,5,6,4,10,10,11.107,142.0,-0.2945,130.0,12.0,0.0,0.0,0.0,0.0,0.0,0.0,17.1,14.3,-1.136,,,0.0,,,0.4155,0.1549,,0.625,0.0
2003,00-0008442,B.Johnson,TB,16,,,25.81,5.568,3821,0,1,3822,26,0,0,0,26,21,7,28,7,11.148,596.0,0.0433,570.0,20.0,0.0,6.0,9.3,6.0,137.0,0.0679,68.9,70.3,-0.498,,,0.0,,,0.4564,0.0856,,0.4375,0.0
2003,00-0022177,B.Leftwich,JAX,15,,,-33.86,5.144,2819,0,-7,2812,14,0,0,0,14,17,6,23,5,10.222,444.0,-0.0763,419.0,18.0,0.0,7.0,-8.96,4.0,124.0,-0.0722,52.5,45.2,-1.701,,,0.0,,,0.4122,0.1036,,0.3125,0.0
2003,00-0002876,C.Chandler,CHI,8,,,-19.02,3.385,1050,0,8,1058,3,0,0,0,3,7,0,7,7,9.759,211.0,-0.0901,191.0,14.0,0.0,6.0,-5.72,0.0,21.0,-0.2723,23.9,11.1,-0.538,,,0.0,,,0.3886,0.0995,,0.4375,0.0
2003,00-0019559,C.Pennington,NYJ,10,,,14.03,5.26,2139,0,7,2146,13,0,1,0,14,12,3,15,6,10.481,329.0,0.0427,298.0,25.0,0.0,6.0,-16.99,2.0,145.0,-0.1171,42.0,46.7,0.421,,,0.0,,,0.4468,0.1216,,0.375,0.0
2003,00-0001361,D.Bledsoe,BUF,16,,,-76.39,4.163,2860,0,5,2865,11,0,2,0,13,12,10,22,6,8.679,527.0,-0.145,472.0,49.0,0.0,6.0,-55.61,3.0,114.0,-0.4878,60.9,52.0,-2.161,,,0.0,,,0.3947,0.1347,,0.375,0.0
2003,00-0020531,D.Brees,LAC,11,,,-71.24,3.944,2108,0,10,2118,11,0,0,1,12,15,6,21,0,0.0,384.0,-0.1855,353.0,21.0,0.0,10.0,-21.81,4.0,116.0,-0.188,41.1,31.6,-1.972,,,0.0,,,0.3646,0.1198,,0.0,0.0
2003,00-0020608,D.Carr,HOU,12,,,-26.11,4.929,2013,0,21,2034,9,0,2,0,11,13,2,15,5,8.793,316.0,-0.0826,293.0,15.0,0.0,8.0,-10.67,1.0,58.0,-0.184,47.5,34.4,0.178,,,0.0,,,0.4241,0.0949,,0.3125,0.0
2003,00-0003739,D.Culpepper,MIN,14,,,44.92,6.724,3479,0,19,3498,25,0,2,0,27,11,9,20,9,14.345,510.0,0.0881,451.0,38.0,0.0,21.0,20.33,8.0,136.0,0.1495,57.3,54.0,1.134,,,0.0,,,0.4863,0.1333,,0.5625,0.0
2003,00-0005363,D.Flutie,LAC,7,,,3.4,6.185,1097,0,21,1118,9,0,2,0,11,4,4,8,0,0.0,185.0,0.0184,165.0,8.0,0.0,12.0,6.41,2.0,37.0,0.1732,21.7,28.9,-0.08,,,0.0,,,0.427,0.0973,,0.0,0.0
2003,00-0019087,D.Johnson,ATL,10,,,-62.66,4.388,1655,0,-6,1649,8,0,1,0,9,12,2,14,5,9.061,269.0,-0.2329,244.0,19.0,0.0,6.0,-4.36,0.0,6.0,-0.7266,37.9,28.1,-1.599,,,0.0,,,0.368,0.1413,,0.3125,0.0
2003,00-0009007,D.Kanell,DEN,5,,,-35.35,2.219,442,0,0,442,2,0,0,0,2,5,0,5,10,14.111,107.0,-0.3304,103.0,2.0,0.0,2.0,-9.12,0.0,18.0,-0.5066,7.9,4.9,-0.991,,,0.0,,,0.3551,0.0654,,0.625,0.0
2003,00-0011022,D.McNabb,PHI,16,,,-7.84,5.367,3223,0,24,3247,16,0,2,0,18,11,5,16,12,12.467,539.0,-0.0146,477.0,43.0,0.0,19.0,20.82,9.0,133.0,0.1566,65.6,43.9,-0.335,,,0.0,,,0.41,0.1169,,0.75,0.0
2003,00-0001335,J.Blake,ARI,13,,,-85.91,4.429,2252,0,14,2266,13,0,2,0,15,15,5,20,4,8.333,395.0,-0.2175,366.0,19.0,0.0,10.0,-15.14,0.0,21.0,-0.7208,50.6,53.6,-1.225,,,0.0,,,0.3873,0.1013,,0.25,0.0
2003,00-0004161,J.Delhomme,CAR,16,,,-23.28,5.723,3219,0,12,3231,19,0,0,0,19,16,10,26,11,10.833,494.0,-0.0471,450.0,23.0,0.0,21.0,-15.44,6.0,135.0,-0.1143,60.9,57.6,0.242,,,0.0,,,0.4312,0.1032,,0.6875,0.0
2003,00-0005180,J.Fiedler,MIA,12,,,-12.22,4.91,2138,0,48,2186,11,0,3,0,14,13,6,19,10,11.107,352.0,-0.0347,314.0,20.0,0.0,18.0,-29.45,3.0,133.0,-0.2214,45.9,40.0,-0.317,,,0.0,,,0.4318,0.1136,,0.625,0.0
2003,00-0005755,J.Garcia,SF,13,,,25.51,5.757,2704,0,45,2749,18,0,5,0,23,13,4,17,7,13.241,429.0,0.0595,390.0,22.0,0.0,17.0,34.12,12.0,143.0,0.2386,49.3,52.3,-0.313,,,0.0,,,0.4592,0.0909,,0.4375,0.0
2003,00-0021141,J.Harrington,DET,16,,,-97.2,3.842,2880,0,3,2883,17,0,0,0,17,22,1,23,5,9.643,569.0,-0.1708,552.0,11.0,0.0,6.0,-6.75,5.0,123.0,-0.0549,68.5,65.4,-2.025,,,0.0,,,0.3796,0.0615,,0.3125,0.0
2003,00-0009311,J.Kitna,CIN,16,,,45.86,5.75,3605,0,-5,3600,26,0,0,0,26,15,4,19,8,12.815,561.0,0.0817,519.0,37.0,0.0,5.0,-16.39,4.0,134.0,-0.1223,65.8,65.0,1.293,,,0.0,,,0.4706,0.107,,0.5,0.5
2003,00-0021206,J.McCown,ARI,7,,,-37.76,3.553,1018,0,-1,1017,5,0,0,0,5,6,3,9,4,8.333,197.0,-0.1917,166.0,24.0,0.0,7.0,-5.0,5.0,146.0,-0.0342,22.7,17.9,-0.147,,,0.0,,,0.3756,0.1726,,0.25,0.0
2003,00-0020483,J.Palmer,NYG,5,,,-50.11,2.42,532,0,-2,530,3,0,0,0,3,4,1,5,4,8.1,133.0,-0.3768,115.0,16.0,0.0,2.0,-48.34,3.0,128.0,-0.3777,10.3,12.0,-0.922,,,0.0,,,0.3308,0.1654,,0.25,0.0
2003,00-0013042,J.Plummer,DEN,11,,,56.5,6.672,2183,0,68,2251,15,0,3,0,18,7,2,9,10,14.111,327.0,0.1728,300.0,14.0,0.0,13.0,39.31,4.0,89.0,0.4417,40.3,43.9,0.987,,,0.0,,,0.4985,0.0703,,0.625,0.0
2003,00-0022164,K.Boller,BAL,10,,,-48.91,3.747,1260,0,-3,1257,7,0,0,0,7,9,5,14,10,11.171,251.0,-0.1949,224.0,17.0,0.0,10.0,2.65,0.0,1.0,2.6525,25.0,18.9,-1.697,,,0.0,,,0.3865,0.1355,,0.625,1.0
2003,00-0003292,K.Collins,NYG,13,,,-44.74,4.726,3110,0,-5,3105,13,0,0,0,13,16,9,25,4,8.1,532.0,-0.0841,498.0,28.0,0.0,6.0,-5.75,0.0,15.0,-0.3835,60.6,52.0,-0.905,,,0.0,,,0.4305,0.1053,,0.25,0.0
2003,00-0007576,K.Holcomb,CLE,10,,,-27.77,3.997,1797,0,1,1798,10,0,0,0,10,12,3,15,5,8.759,326.0,-0.0852,302.0,21.0,0.0,3.0,-16.77,1.0,19.0,-0.8824,37.9,34.5,-0.959,,,0.0,,,0.4479,0.1104,,0.3125,0.0
2003,00-0021271,K.Kittner,ATL,6,,,-53.36,1.11,391,0,9,400,2,0,0,0,2,6,0,6,5,9.061,120.0,-0.4447,113.0,5.0,0.0,2.0,0.0,0.0,0.0,0.0,9.2,6.2,-0.874,,,0.0,,,0.275,0.0917,,0.3125,0.0
2003,00-0015700,K.Stewart,CHI,9,,,-76.17,3.218,1418,0,72,1490,7,0,2,0,9,12,5,17,7,9.759,299.0,-0.2547,246.0,25.0,0.0,28.0,-23.17,1.0,59.0,-0.3926,33.7,33.3,-1.236,,,0.0,,,0.3746,0.1472,,0.4375,0.0
2003,00-0019599,M.Bulger,LA,15,,,33.07,5.294,3845,0,2,3847,22,0,2,0,24,22,9,31,0,0.0,574.0,0.0576,531.0,37.0,0.0,6.0,4.23,6.0,146.0,0.029,67.4,54.5,0.565,,,0.0,,,0.4599,0.1237,,0.0,0.0
2003,00-0007091,M.Hasselbeck,SEA,16,,,65.48,6.215,3844,0,0,3844,26,0,1,0,27,15,4,19,10,13.032,559.0,0.1171,512.0,42.0,0.0,5.0,-2.66,4.0,140.0,-0.019,66.7,58.7,-0.177,,,0.0,,,0.4794,0.1109,,0.625,0.0
2003,00-0020245,M.Vick,ATL,5,,,-8.79,4.275,585,0,60,645,4,0,1,0,5,3,1,4,5,9.061,117.0,-0.0751,100.0,9.0,0.0,8.0,-8.55,5.0,105.0,-0.0815,14.8,15.6,-0.117,,,0.0,,,0.4017,0.1368,,0.3125,0.0
2003,00-0010346,P.Manning,IND,16,,,120.21,7.316,4267,0,1,4268,29,0,0,0,29,10,5,15,12,17.192,593.0,0.2027,567.0,19.0,0.0,7.0,9.39,6.0,136.0,0.069,71.7,63.0,3.252,,,0.0,,,0.4975,0.0624,,0.75,1.0
2003,00-0021379,P.Ramsey,WAS,11,,,-29.59,4.954,2169,0,1,2170,14,0,1,0,15,9,6,15,5,9.567,375.0,-0.0789,341.0,30.0,0.0,4.0,0.0,0.0,0.0,0.0,45.1,48.4,-1.31,,,0.0,,,0.3947,0.12,,0.3125,0.0
2003,00-0020404,Q.Carter,DAL,16,,,-63.67,4.643,3302,0,32,3334,17,0,1,0,18,21,3,24,10,9.633,572.0,-0.1113,504.0,37.0,0.0,31.0,-26.26,5.0,135.0,-0.1945,65.1,58.1,-0.992,,,0.0,,,0.3934,0.1294,,0.625,0.0
2003,00-0005741,R.Gannon,LV,7,,,-26.22,4.667,1270,0,1,1271,6,0,0,0,6,4,0,4,0,0.0,241.0,-0.1088,223.0,17.0,0.0,1.0,0.0,0.0,0.0,0.0,27.3,25.0,-0.909,,,0.0,,,0.3776,0.0871,,0.0,0.0
2003,00-0011378,R.Mirer,LV,9,,,-41.5,4.066,1267,0,3,1270,3,0,0,0,3,5,2,7,0,0.0,243.0,-0.1708,219.0,22.0,0.0,2.0,-49.48,1.0,106.0,-0.4668,27.3,12.5,-1.425,,,0.0,,,0.3539,0.1235,,0.0,0.0
2003,00-0011024,S.McNair,TEN,14,,,101.36,7.874,3246,0,28,3274,24,0,3,0,27,7,7,14,12,15.536,433.0,0.2341,399.0,20.0,0.0,14.0,5.94,5.0,78.0,0.0762,58.7,58.7,2.733,,,0.0,,,0.4942,0.0785,,0.75,0.0
2003,00-0000722,T.Banks,HOU,6,,,5.21,5.272,693,0,2,695,5,0,0,0,5,3,0,3,5,8.793,116.0,0.0449,101.0,13.0,0.0,2.0,0.0,0.0,0.0,0.0,16.2,15.6,-0.241,,,0.0,,,0.4569,0.1466,,0.3125,0.0
2003,00-0019596,T.Brady,NE,16,,,22.23,5.941,3620,0,59,3679,23,0,0,0,23,12,8,20,14,11.226,579.0,0.0384,527.0,32.0,0.0,20.0,5.77,8.0,132.0,0.0437,70.0,69.7,1.19,,,0.0,,,0.4318,0.0898,,0.875,0.0
2003,00-0003535,T.Couch,CLE,10,,,-43.37,4.79,1319,0,2,1321,7,0,0,0,7,6,3,9,5,8.759,226.0,-0.1919,205.0,19.0,0.0,2.0,-19.74,3.0,90.0,-0.2193,27.9,24.1,-0.828,,,0.0,,,0.4027,0.1239,,0.3125,0.0
2003,00-0006355,T.Green,KC,16,,,93.28,7.049,4039,0,3,4042,24,0,2,0,26,12,2,14,13,17.926,549.0,0.1699,526.0,20.0,0.0,3.0,31.53,6.0,144.0,0.219,67.9,45.6,1.958,,,0.0,,,0.4663,0.0619,,0.8125,1.5
2003,00-0019816,T.Hasselbeck,WAS,7,,,-31.49,4.048,1012,0,-1,1011,5,0,0,0,5,7,3,10,5,9.567,189.0,-0.1666,177.0,9.0,0.0,3.0,-26.67,4.0,111.0,-0.2403,21.0,16.1,-0.622,,,0.0,,,0.3862,0.1058,,0.3125,0.0
2003,00-0010261,T.Maddox,PIT,16,,,-29.67,4.968,3414,0,0,3414,18,0,0,0,18,17,3,20,6,10.345,559.0,-0.0531,516.0,41.0,0.0,2.0,-11.85,4.0,118.0,-0.1004,68.0,56.2,-1.834,,,0.0,,,0.4347,0.1091,,0.375,0.0
2003,00-0019623,T.Rattay,SF,8,,,20.69,6.816,856,0,6,862,7,0,0,0,7,2,0,2,7,13.241,126.0,0.1642,118.0,7.0,0.0,1.0,1.94,0.0,1.0,1.9417,15.5,15.9,0.208,,,0.0,,,0.4365,0.0714,,0.4375,0.0
2003,00-0016193,V.Testaverde,NYJ,7,,,-1.95,6.799,1385,0,2,1387,7,0,0,0,7,2,1,3,6,10.481,207.0,-0.0094,198.0,6.0,0.0,3.0,0.0,0.0,0.0,0.0,27.1,23.3,-0.496,,,0.0,,,0.3961,0.0483,,0.375,0.0
2004,00-0001823,A.Brooks,NO,16,,,7.28,5.604,3810,0,9,3819,21,0,3,0,24,16,4,20,8,12.0,600.0,0.0121,544.0,42.0,0.0,14.0,-3.05,6.0,119.0,-0.0256,72.7,61.5,0.658,,,0.0,,,0.4117,0.1033,,0.5,0.0
2004,00-0020305,A.Feeley,MIA,11,,,-97.39,3.399,1893,0,2,1895,11,0,0,0,11,15,6,21,4,8.333,388.0,-0.251,360.0,23.0,0.0,5.0,-14.67,3.0,126.0,-0.1165,40.6,28.9,-4.421,,,0.0,,,0.3814,0.1134,,0.25,0.0
2004,00-0005106,B.Favre,GB,16,,,121.84,6.933,4086,0,9,4095,30,0,0,0,30,17,4,21,10,15.143,553.0,0.2203,539.0,12.0,0.0,2.0,35.48,8.0,142.0,0.2499,63.9,63.8,3.059,,,0.0,,,0.5027,0.0597,,0.625,0.0
2004,00-0006423,B.Griese,TB,11,,,37.68,6.435,2632,0,-6,2626,20,0,0,0,20,12,5,17,5,10.75,365.0,0.1032,335.0,26.0,0.0,4.0,-0.37,7.0,119.0,-0.0031,50.5,52.6,0.679,,,0.0,,,0.5068,0.1205,,0.3125,0.0
2004,00-0008442,B.Johnson,TB,4,,,-15.79,4.814,674,0,1,675,3,0,0,0,3,3,2,5,5,10.75,114.0,-0.1385,105.0,8.0,0.0,1.0,0.0,0.0,0.0,0.0,13.0,7.9,-0.951,,,0.0,,,0.386,0.114,,0.3125,0.0
2004,00-0022177,B.Leftwich,JAX,14,,,13.22,5.696,2941,0,-2,2939,15,0,1,0,16,10,5,15,9,9.321,476.0,0.0278,445.0,25.0,0.0,6.0,-23.05,4.0,115.0,-0.2004,59.5,53.3,1.178,,,0.0,,,0.4202,0.0924,,0.5625,0.0
2004,00-0022924,B.Roethlisberger,PIT,14,,,55.01,6.932,2621,0,27,2648,17,0,0,0,17,11,3,14,15,14.308,334.0,0.1647,295.0,30.0,0.0,9.0,19.02,3.0,72.0,0.2642,49.9,43.6,1.282,,,0.0,,,0.509,0.1347,,0.9375,0.0
2004,00-0019041,B.Volek,TEN,10,,,-0.52,5.689,2485,0,6,2491,18,0,1,0,19,10,3,13,5,10.424,387.0,-0.0013,353.0,30.0,0.0,4.0,19.45,10.0,164.0,0.1186,44.2,45.2,0.419,,,0.0,,,0.4186,0.1111,,0.3125,0.0
2004,00-0020562,C.Hutchinson,CHI,5,,,-57.5,3.719,903,0,0,903,4,0,0,0,4,3,4,7,5,6.417,189.0,-0.3042,162.0,23.0,0.0,4.0,-62.3,1.0,153.0,-0.4072,21.8,18.2,-1.215,,,0.0,,,0.3122,0.1587,,0.3125,0.0
2004,00-0022818,C.Krenzel,CHI,6,,,-93.48,2.349,718,0,0,718,3,0,0,0,3,6,7,13,5,6.417,152.0,-0.615,126.0,23.0,0.0,3.0,0.0,0.0,0.0,0.0,17.3,13.6,-2.344,,,0.0,,,0.2368,0.2368,,0.3125,0.0
2004,00-0021429,C.Palmer,CIN,13,,,-31.5,5.031,2897,0,0,2897,18,0,1,0,19,18,3,21,8,12.467,453.0,-0.0695,426.0,25.0,0.0,2.0,9.15,2.0,23.0,0.3977,55.0,44.2,-0.853,,,0.0,,,0.4393,0.1038,,0.5,0.0
2004,00-0019559,C.Pennington,NYJ,13,,,23.2,6.355,2673,0,23,2696,16,0,1,0,17,9,3,12,10,11.483,402.0,0.0577,373.0,18.0,0.0,11.0,2.14,5.0,141.0,0.0151,49.0,50.0,0.016,,,0.0,,,0.4751,0.0771,,0.625,1.0
2004,00-0001361,D.Bledsoe,BUF,16,,,-37.28,4.994,2932,0,-1,2931,20,0,0,0,20,16,7,23,9,12.344,484.0,-0.077,439.0,38.0,0.0,7.0,-22.71,3.0,124.0,-0.1831,60.9,51.3,-1.154,,,0.0,,,0.4256,0.1281,,0.5625,0.0
2004,00-0020531,D.Brees,LAC,15,,,121.6,7.841,3159,0,17,3176,27,0,2,0,29,7,3,10,0,0.0,442.0,0.2751,399.0,17.0,0.0,26.0,26.15,6.0,71.0,0.3683,56.8,54.7,2.689,,,0.0,,,0.5,0.0792,,0.0,0.0
2004,00-0020608,D.Carr,HOU,16,,,9.55,5.678,3539,0,3,3542,16,0,0,0,16,14,5,19,7,11.036,530.0,0.018,465.0,50.0,0.0,15.0,-4.99,4.0,115.0,-0.0434,69.0,47.1,0.471,,,0.0,,,0.4453,0.1396,,0.4375,0.0
2004,00-0003739,D.Culpepper,MIN,16,,,170.64,8.034,4717,0,38,4755,39,0,2,0,41,11,4,15,8,15.577,615.0,0.2775,548.0,45.0,0.0,22.0,42.82,9.0,147.0,0.2913,76.4,87.2,3.992,,,0.0,,,0.5252,0.0992,,0.5,0.5
2004,00-0011022,D.McNabb,PHI,15,,,99.13,7.855,3875,0,12,3887,31,0,1,0,32,8,8,16,13,13.31,509.0,0.1948,471.0,31.0,0.0,7.0,-2.82,3.0,81.0,-0.0348,69.0,74.4,1.057,,,0.0,,,0.4833,0.0923,,0.8125,0.0
2004,00-0022803,E.Manning,NYG,8,,,-38.65,3.245,1043,0,0,1043,6,0,0,0,6,9,1,10,6,8.912,209.0,-0.1849,195.0,13.0,0.0,1.0,-6.76,5.0,111.0,-0.0609,21.1,20.0,-1.039,,,0.0,,,0.3589,0.11,,0.375,0.0
2004,00-0004161,J.Delhomme,CAR,16,,,55.41,6.241,3886,0,7,3893,29,0,1,0,30,15,6,21,7,12.241,576.0,0.0962,535.0,33.0,0.0,8.0,15.5,9.0,155.0,0.1,72.0,71.4,1.519,,,0.0,,,0.4514,0.0938,,0.4375,1.0
2004,00-0005180,J.Fiedler,MIA,8,,,-47.87,3.726,1186,0,2,1188,7,0,0,0,7,8,4,12,4,8.333,218.0,-0.2196,190.0,25.0,0.0,3.0,0.0,0.0,0.0,0.0,25.5,18.4,-1.644,,,0.0,,,0.3257,0.1697,,0.25,0.0
2004,00-0005755,J.Garcia,CLE,11,,,-35.67,5.119,1731,0,18,1749,10,0,1,0,11,9,7,16,4,9.2,284.0,-0.1256,252.0,25.0,0.0,7.0,-4.26,0.0,2.0,-2.1325,38.4,34.4,-1.321,,,0.0,,,0.3873,0.1479,,0.25,0.0
2004,00-0021141,J.Harrington,DET,16,,,-61.52,5.155,3047,0,10,3057,19,0,0,0,19,12,4,16,6,10.963,529.0,-0.1163,487.0,35.0,0.0,7.0,-20.78,4.0,154.0,-0.1349,64.8,65.5,-1.672,,,0.0,,,0.3913,0.0983,,0.375,0.0
2004,00-0009311,J.Kitna,CIN,4,,,-0.83,4.523,623,0,0,623,5,0,0,0,5,4,1,5,8,12.467,112.0,-0.0074,105.0,6.0,0.0,1.0,-0.83,5.0,112.0,-0.0074,11.8,11.6,-0.007,,,0.0,,,0.4375,0.0982,,0.5,0.0
2004,00-0021206,J.McCown,ARI,14,,,-49.98,4.586,2511,0,14,2525,11,0,1,0,12,10,6,16,6,9.467,448.0,-0.1116,409.0,31.0,0.0,8.0,-2.04,6.0,157.0,-0.013,53.2,38.7,-2.014,,,0.0,,,0.3906,0.1071,,0.375,0.0
2004,00-0013042,J.Plummer,DEN,16,,,45.44,6.765,4089,0,21,4110,27,0,0,0,27,20,3,23,10,13.138,547.0,0.0831,519.0,17.0,0.0,11.0,16.77,5.0,137.0,0.1224,65.9,65.9,0.329,,,0.0,,,0.4607,0.0731,,0.625,0.0
2004,00-0013338,J.Quinn,CHI,5,,,-44.43,1.673,413,0,0,413,1,0,0,0,1,3,0,3,5,6.417,113.0,-0.3932,98.0,15.0,0.0,0.0,0.0,0.0,0.0,0.0,10.0,4.5,-1.773,,,0.0,,,0.2655,0.1593,,0.3125,0.0
2004,00-0022164,K.Boller,BAL,16,,,-87.7,4.23,2559,0,28,2587,13,0,0,0,13,11,8,19,9,10.567,499.0,-0.1758,456.0,35.0,0.0,8.0,-11.71,6.0,139.0,-0.0843,58.0,50.0,-1.409,,,0.0,,,0.3788,0.1082,,0.5625,0.0
2004,00-0003292,K.Collins,LV,14,,,-32.39,5.328,3495,0,-1,3494,21,0,0,0,21,20,7,27,0,0.0,543.0,-0.0597,515.0,24.0,0.0,4.0,-18.15,7.0,149.0,-0.1218,66.5,55.3,-1.171,,,0.0,,,0.4125,0.0958,,0.0,0.0
2004,00-0022039,K.Dorsey,SF,8,,,-57.37,3.565,1231,0,1,1232,6,0,0,0,6,9,4,13,2,9.25,241.0,-0.238,226.0,13.0,0.0,2.0,-15.95,6.0,117.0,-0.1364,25.5,19.4,-1.788,,,0.0,,,0.3734,0.1079,,0.125,0.0
2004,00-0017200,K.Warner,NYG,10,,,-2.95,5.708,2054,0,3,2057,6,0,0,0,6,4,6,10,6,8.912,321.0,-0.0092,276.0,39.0,0.0,6.0,6.97,0.0,8.0,0.8718,41.6,20.0,-0.867,,,0.0,,,0.4704,0.1558,,0.375,0.0
2004,00-0022864,L.McCown,CLE,5,,,-47.93,2.161,608,0,0,608,4,0,0,0,4,7,2,9,4,9.2,113.0,-0.4241,99.0,13.0,0.0,1.0,-42.06,2.0,74.0,-0.5684,13.3,12.5,-1.184,,,0.0,,,0.2743,0.1947,,0.25,0.0
2004,00-0002110,M.Brunell,WAS,9,,,-70.79,3.791,1194,0,-4,1190,7,0,0,0,7,6,4,10,6,8.276,257.0,-0.2754,238.0,15.0,0.0,4.0,0.0,0.0,0.0,0.0,26.1,25.0,-2.266,,,0.0,,,0.3424,0.1012,,0.375,0.0
2004,00-0019599,M.Bulger,LA,14,,,46.65,6.588,3964,0,10,3974,21,0,1,0,22,14,10,24,0,0.0,527.0,0.0885,483.0,41.0,0.0,3.0,11.8,4.0,71.0,0.1663,64.6,57.9,2.231,,,0.0,,,0.4687,0.1271,,0.0,0.0
2004,00-0007091,M.Hasselbeck,SEA,14,,,39.16,5.956,3390,0,1,3391,22,0,1,0,23,15,5,20,9,11.968,510.0,0.0768,474.0,29.0,0.0,7.0,21.63,8.0,102.0,0.2121,59.4,56.1,0.263,,,0.0,,,0.4608,0.098,,0.5625,0.5
2004,00-0020245,M.Vick,ATL,15,,,-66.52,4.91,2313,0,199,2512,14,0,0,0,14,12,8,20,11,13.077,394.0,-0.1688,320.0,45.0,0.0,29.0,-11.01,3.0,65.0,-0.1693,54.1,38.9,-1.165,,,0.0,,,0.3959,0.1802,,0.6875,0.0
2004,00-0010346,P.Manning,IND,16,,,206.61,9.815,4557,0,17,4574,49,0,0,0,49,10,4,14,12,20.077,517.0,0.3996,495.0,13.0,0.0,9.0,34.36,5.0,118.0,0.2912,69.6,80.3,5.352,,,0.0,,,0.5687,0.0619,,0.75,0.0
2004,00-0021379,P.Ramsey,WAS,9,,,-9.21,4.204,1665,0,0,1665,10,0,0,0,10,11,1,12,6,8.276,296.0,-0.0311,272.0,22.0,0.0,2.0,9.2,4.0,136.0,0.0677,36.6,35.7,-0.823,,,0.0,,,0.4189,0.1149,,0.375,0.0
2004,00-0011024,S.McNair,TEN,8,,,1.22,4.38,1343,0,9,1352,8,0,1,0,9,9,3,12,5,10.424,239.0,0.0051,216.0,13.0,0.0,10.0,0.0,0.0,0.0,0.0,24.0,21.4,-0.958,,,0.0,,,0.4603,0.113,,0.3125,0.0
2004,00-0019596,T.Brady,NE,16,,,108.11,6.944,3690,0,29,3719,28,0,0,0,28,14,7,21,14,16.185,511.0,0.2116,472.0,26.0,0.0,13.0,19.51,9.0,125.0,0.1561,63.2,60.9,1.733,,,0.0,,,0.4932,0.0939,,0.875,0.0
2004,00-0006355,T.Green,KC,16,,,133.65,7.036,4589,0,0,4589,27,0,0,0,27,17,6,23,7,17.889,589.0,0.2269,556.0,32.0,0.0,1.0,38.03,9.0,156.0,0.2438,67.2,45.8,2.533,,,0.0,,,0.5076,0.0934,,0.4375,1.0
2004,00-0019623,T.Rattay,SF,9,,,-28.42,4.667,2169,0,1,2170,10,0,0,0,10,10,7,17,2,9.25,369.0,-0.077,329.0,37.0,0.0,3.0,0.0,0.0,0.0,0.0,44.8,32.3,-1.46,,,0.0,,,0.4444,0.1463,,0.125,0.0
2004,00-0016193,V.Testaverde,DAL,16,,,-10.56,5.27,3518,0,-5,3513,17,0,0,0,17,20,9,29,6,10.464,534.0,-0.0198,491.0,35.0,0.0,8.0,-7.51,3.0,145.0,-0.0518,65.6,45.9,-1.154,,,0.0,,,0.4494,0.1292,,0.375,0.0
2005,00-0001823,A.Brooks,NO,13,,,-26.42,4.728,2882,0,54,2936,13,0,2,0,15,17,6,23,3,8.103,474.0,-0.0557,427.0,33.0,0.0,14.0,-11.32,1.0,49.0,-0.2309,58.1,51.7,-0.318,,,0.0,,,0.4219,0.1203,,0.1875,0.0
2005,00-0023436,A.Smith,SF,9,,,-96.46,1.108,875,0,16,891,1,0,0,0,1,11,4,15,4,8.241,202.0,-0.4775,165.0,29.0,0.0,8.0,-39.71,1.0,110.0,-0.361,23.9,5.6,-2.2,,,0.0,,,0.297,0.2228,,0.25,0.0
2005,00-0018272,A.Wright,BAL,8,,,-30.05,4.093,1582,0,7,1589,6,0,0,0,6,9,4,13,6,9.138,288.0,-0.1043,262.0,19.0,0.0,7.0,0.0,0.0,0.0,0.0,32.6,24.0,-1.436,,,0.0,,,0.3854,0.1111,,0.375,0.5
2005,00-0022026,B.Bollinger,NYJ,11,,,-59.74,4.107,1558,0,7,1565,7,0,0,0,7,6,3,9,4,8.571,311.0,-0.1921,267.0,33.0,0.0,11.0,-17.82,4.0,128.0,-0.1392,37.6,30.4,-1.732,,,0.0,,,0.4051,0.1447,,0.25,0.0
2005,00-0005106,B.Favre,GB,16,,,-9.68,4.433,3881,0,0,3881,20,0,0,0,20,29,8,37,4,10.643,635.0,-0.0152,609.0,24.0,0.0,2.0,-11.24,1.0,155.0,-0.0725,73.9,55.6,-1.973,,,0.0,,,0.4614,0.0961,,0.25,0.0
2005,00-0006423,B.Griese,TB,6,,,-8.85,4.784,1136,0,3,1139,7,0,0,0,7,7,1,8,11,10.345,188.0,-0.0471,173.0,12.0,0.0,3.0,0.0,0.0,0.0,0.0,22.9,21.9,-0.6,,,0.0,,,0.3883,0.1064,,0.6875,0.0
2005,00-0008442,B.Johnson,MIN,11,,,1.4,5.768,1885,0,1,1886,12,0,0,0,12,4,3,7,9,10.2,318.0,0.0044,291.0,23.0,0.0,4.0,-1.8,4.0,134.0,-0.0134,39.5,42.9,-0.037,,,0.0,,,0.4057,0.0943,,0.5625,0.0
2005,00-0022177,B.Leftwich,JAX,11,,,25.39,6.464,2123,0,28,2151,15,0,2,0,17,5,6,11,12,12.893,331.0,0.0767,300.0,23.0,0.0,8.0,0.0,0.0,0.0,0.0,41.8,41.5,0.484,,,0.0,,,0.4381,0.1027,,0.75,0.0
2005,00-0022924,B.Roethlisberger,PIT,12,,,67.37,7.529,2385,0,25,2410,17,0,1,0,18,9,2,11,11,13.414,301.0,0.2238,268.0,23.0,0.0,10.0,23.05,2.0,80.0,0.2881,46.1,41.9,1.569,,,0.0,,,0.485,0.1196,,0.6875,0.0
2005,00-0023502,C.Frye,CLE,7,,,-39.89,3.686,1002,0,10,1012,4,0,1,0,5,6,3,9,6,8.286,192.0,-0.2078,163.0,22.0,0.0,7.0,-43.2,3.0,155.0,-0.2787,21.3,25.0,-0.49,,,0.0,,,0.3906,0.1719,,0.375,0.0
2005,00-0021429,C.Palmer,CIN,16,,,107.06,7.223,3836,0,11,3847,32,0,1,0,33,12,6,18,11,14.517,536.0,0.1997,510.0,20.0,0.0,6.0,19.34,6.0,115.0,0.1682,66.3,68.8,2.531,,,0.0,,,0.5093,0.0709,,0.6875,1.0
2005,00-0022005,C.Simms,TB,11,,,-23.34,5.074,2035,0,20,2055,10,0,0,0,10,7,4,11,11,10.345,344.0,-0.0678,310.0,28.0,0.0,6.0,-13.53,4.0,139.0,-0.0973,41.3,31.2,0.207,,,0.0,,,0.4331,0.1134,,0.6875,0.0
2005,00-0001361,D.Bledsoe,DAL,16,,,13.77,5.576,3639,0,9,3648,23,0,1,0,24,17,11,28,9,11.607,562.0,0.0245,496.0,49.0,0.0,17.0,-1.78,6.0,147.0,-0.0121,66.8,60.0,0.3,,,0.0,,,0.4484,0.1441,,0.5625,0.0
2005,00-0020531,D.Brees,LAC,16,,,58.0,6.027,3576,0,14,3590,24,0,1,0,25,15,8,23,0,0.0,537.0,0.108,497.0,27.0,0.0,13.0,-18.91,5.0,143.0,-0.1322,62.2,50.0,-0.242,,,0.0,,,0.4711,0.1006,,0.0,0.0
2005,00-0020608,D.Carr,HOU,16,,,-62.07,3.773,2488,0,124,2612,14,0,0,0,14,11,6,17,2,9.63,514.0,-0.1208,422.0,68.0,0.0,24.0,-18.48,3.0,113.0,-0.1636,60.8,50.0,-2.222,,,0.0,,,0.428,0.1654,,0.125,0.0
2005,00-0003739,D.Culpepper,MIN,7,,,-38.35,3.956,1564,0,59,1623,6,0,1,0,7,12,4,16,9,10.2,258.0,-0.1487,217.0,31.0,0.0,10.0,0.0,0.0,0.0,0.0,34.0,25.0,-0.267,,,0.0,,,0.438,0.186,,0.5625,0.0
2005,00-0021231,D.Garrard,JAX,7,,,12.93,6.146,1117,0,46,1163,4,0,1,0,5,1,3,4,12,12.893,187.0,0.0692,168.0,10.0,0.0,9.0,8.59,2.0,133.0,0.0646,22.6,12.2,0.662,,,0.0,,,0.4759,0.0749,,0.75,0.0
2005,00-0011022,D.McNabb,PHI,9,,,2.61,6.16,2507,0,2,2509,16,0,0,0,16,9,4,13,6,10.0,382.0,0.0068,356.0,19.0,0.0,7.0,0.0,0.0,0.0,0.0,48.5,42.1,-0.874,,,0.0,,,0.4503,0.0864,,0.375,0.0
2005,00-0022803,E.Manning,NYG,16,,,34.96,5.619,3762,0,6,3768,24,0,1,0,25,17,4,21,11,14.067,591.0,0.0592,559.0,27.0,0.0,5.0,21.49,5.0,147.0,0.1462,63.9,58.1,0.55,,,0.0,,,0.4349,0.0829,,0.6875,0.0
2005,00-0005589,G.Frerotte,MIA,16,,,-35.69,5.064,2996,0,38,3034,18,0,0,0,18,13,9,22,9,10.258,531.0,-0.0672,490.0,26.0,0.0,15.0,14.71,6.0,117.0,0.1258,57.0,52.9,-1.063,,,0.0,,,0.4011,0.096,,0.5625,0.0
2005,00-0004161,J.Delhomme,CAR,16,,,31.86,6.415,3421,0,7,3428,24,0,1,0,25,16,8,24,11,13.483,469.0,0.0679,436.0,27.0,0.0,6.0,12.08,7.0,113.0,0.1069,66.6,55.6,-0.466,,,0.0,,,0.4499,0.1087,,0.6875,1.0
2005,00-0005755,J.Garcia,DET,6,,,-26.84,3.872,937,0,9,946,3,0,1,0,4,6,1,7,5,9.407,185.0,-0.1451,173.0,6.0,0.0,6.0,-8.5,2.0,47.0,-0.1809,21.7,14.8,-1.114,,,0.0,,,0.3838,0.0703,,0.3125,0.0
2005,00-0021141,J.Harrington,DET,12,,,-55.97,4.49,2021,0,-5,2016,12,0,0,0,12,12,8,20,5,9.407,356.0,-0.1572,330.0,23.0,0.0,3.0,13.76,4.0,72.0,0.1911,46.2,44.4,-1.672,,,0.0,,,0.3764,0.1236,,0.3125,0.0
2005,00-0022912,J.Losman,BUF,9,,,-49.73,3.78,1340,0,79,1419,8,0,0,0,8,8,3,11,5,10.037,265.0,-0.1877,225.0,25.0,0.0,15.0,-17.35,1.0,30.0,-0.5785,32.3,30.8,-1.221,,,0.0,,,0.3585,0.1434,,0.3125,0.0
2005,00-0010455,J.Martin,LA,8,,,-4.65,5.19,1277,0,0,1277,5,0,0,0,5,7,2,9,0,0.0,189.0,-0.0246,178.0,11.0,0.0,0.0,7.25,1.0,87.0,0.0833,22.0,13.5,-0.32,,,0.0,,,0.4815,0.1058,,0.0,0.0
2005,00-0021206,J.McCown,ARI,9,,,-20.68,4.917,1832,0,30,1862,9,0,0,0,9,11,4,15,5,10.032,301.0,-0.0687,270.0,18.0,0.0,13.0,3.8,3.0,93.0,0.0409,32.5,34.6,-0.989,,,0.0,,,0.4286,0.113,,0.3125,0.0
2005,00-0013042,J.Plummer,DEN,16,,,60.16,6.829,3366,0,78,3444,18,0,2,0,20,7,5,12,13,14.107,496.0,0.1213,456.0,23.0,0.0,17.0,26.02,4.0,123.0,0.2115,59.4,45.5,0.956,,,0.0,,,0.4778,0.0706,,0.8125,0.0
2005,00-0022164,K.Boller,BAL,9,,,-17.62,4.232,1799,0,19,1818,11,0,1,0,12,12,3,15,6,9.138,325.0,-0.0542,292.0,23.0,0.0,10.0,23.32,7.0,145.0,0.1609,37.4,48.0,-0.669,,,0.0,,,0.4215,0.1231,,0.375,0.5
2005,00-0003292,K.Collins,LV,15,,,2.49,5.499,3759,0,20,3779,20,0,1,0,21,13,3,16,0,0.0,613.0,0.0041,568.0,37.0,0.0,8.0,-11.13,4.0,129.0,-0.0863,72.5,58.3,0.412,,,0.0,,,0.4176,0.0881,,0.0,0.0
2005,00-0007576,K.Holcomb,BUF,10,,,-7.38,4.915,1509,0,13,1522,10,0,1,0,11,8,5,13,5,10.037,260.0,-0.0284,229.0,17.0,0.0,14.0,13.01,5.0,114.0,0.1141,34.7,42.3,-0.265,,,0.0,,,0.4385,0.1192,,0.3125,0.0
2005,00-0023541,K.Orton,CHI,15,,,-113.97,3.201,1869,0,0,1869,9,0,0,0,9,13,7,20,11,8.966,404.0,-0.2821,368.0,30.0,0.0,6.0,-20.06,0.0,67.0,-0.2994,43.9,40.9,-3.747,,,0.0,,,0.354,0.1238,,0.6875,0.0
2005,00-0017200,K.Warner,ARI,10,,,28.42,5.97,2713,0,1,2714,11,0,0,0,11,9,5,14,5,10.032,401.0,0.0709,374.0,23.0,0.0,4.0,4.15,2.0,55.0,0.0755,47.4,42.3,0.513,,,0.0,,,0.4539,0.0923,,0.3125,0.0
2005,00-0002110,M.Brunell,WAS,16,,,13.73,5.907,3050,0,6,3056,23,0,0,0,23,10,7,17,10,11.581,495.0,0.0277,455.0,27.0,0.0,13.0,-7.54,7.0,89.0,-0.0847,56.4,54.8,-0.575,,,0.0,,,0.4242,0.0949,,0.625,0.0
2005,00-0019599,M.Bulger,LA,8,,,35.13,6.326,2297,0,2,2299,14,0,0,0,14,9,4,13,0,0.0,316.0,0.1112,287.0,26.0,0.0,3.0,0.0,0.0,0.0,0.0,39.6,37.8,0.403,,,0.0,,,0.5032,0.1234,,0.0,0.0
2005,00-0007091,M.Hasselbeck,SEA,16,,,99.28,7.049,3455,0,67,3522,24,0,1,0,25,10,3,13,13,15.586,484.0,0.2051,450.0,23.0,0.0,11.0,46.53,9.0,87.0,0.5348,58.4,46.3,2.115,,,0.0,,,0.5331,0.0744,,0.8125,1.0
2005,00-0020308,M.McMahon,PHI,9,,,-65.01,3.518,1158,0,16,1174,5,0,2,0,7,8,4,12,6,10.0,237.0,-0.2743,205.0,21.0,0.0,11.0,-36.87,5.0,145.0,-0.2543,22.7,18.4,-2.526,,,0.0,,,0.3376,0.1435,,0.375,0.0
2005,00-0020245,M.Vick,ATL,15,,,-11.72,4.553,2412,0,302,2714,15,0,4,0,19,13,7,20,8,13.0,466.0,-0.0252,387.0,34.0,1.0,44.0,-7.64,4.0,125.0,-0.0611,53.1,50.0,-0.156,,,0.0,,,0.4163,0.1202,,0.5,0.0
2005,00-0010346,P.Manning,IND,16,,,174.25,8.017,3747,0,5,3752,28,0,0,0,28,10,3,13,14,17.56,475.0,0.3668,454.0,17.0,0.0,4.0,20.07,3.0,104.0,0.193,64.1,57.1,3.447,,,0.0,,,0.5537,0.0653,,0.875,0.0
2005,00-0023682,R.Fitzpatrick,LA,4,,,-22.76,3.111,777,0,13,790,4,0,1,0,5,8,3,11,0,0.0,149.0,-0.1528,135.0,9.0,0.0,5.0,-28.86,2.0,74.0,-0.39,13.6,13.5,-0.204,,,0.0,,,0.4027,0.1409,,0.0,0.0
2005,00-0011024,S.McNair,TEN,14,,,-15.86,5.809,3161,0,56,3217,16,0,1,0,17,11,6,17,4,9.967,505.0,-0.0314,471.0,20.0,0.0,14.0,0.71,2.0,84.0,0.0084,62.1,50.0,-0.844,,,0.0,,,0.4594,0.0733,,0.25,0.0
2005,00-0001545,T.Bouman,NO,5,,,-42.56,2.985,722,0,6,728,2,0,0,0,2,7,3,10,3,8.103,134.0,-0.3176,122.0,8.0,0.0,4.0,-21.35,2.0,118.0,-0.181,14.4,6.9,-0.51,,,0.0,,,0.3955,0.1343,,0.1875,0.0
2005,00-0019596,T.Brady,NE,16,,,114.41,6.844,4110,0,58,4168,26,0,1,0,27,14,5,19,10,14.037,575.0,0.199,531.0,26.0,0.0,18.0,42.07,9.0,121.0,0.3477,71.9,58.7,2.574,,,0.0,,,0.4957,0.0783,,0.625,0.0
2005,00-0004293,T.Dilfer,CLE,11,,,-43.45,5.245,2321,0,22,2343,11,0,0,0,11,12,8,20,6,8.286,364.0,-0.1194,332.0,23.0,0.0,9.0,0.0,0.0,0.0,0.0,49.3,55.0,-1.255,,,0.0,,,0.4286,0.1181,,0.375,0.0
2005,00-0006355,T.Green,KC,16,,,65.71,6.877,4014,0,23,4037,17,0,0,0,17,10,7,17,10,15.5,547.0,0.1201,506.0,32.0,0.0,9.0,30.31,4.0,132.0,0.2296,63.7,38.6,1.605,,,0.0,,,0.4717,0.0914,,0.625,0.5
2005,00-0019623,T.Rattay,SF,4,,,-20.68,4.094,667,0,2,669,5,0,0,0,5,6,4,10,4,8.241,108.0,-0.1915,96.0,10.0,0.0,2.0,0.0,0.0,0.0,0.0,17.9,27.8,-0.712,,,0.0,,,0.4167,0.1852,,0.25,0.0
2005,00-0016193,V.Testaverde,NYJ,6,,,-36.99,3.602,777,0,2,779,1,0,2,0,3,6,6,12,4,8.571,123.0,-0.3007,106.0,12.0,0.0,5.0,6.34,1.0,7.0,0.9059,18.7,13.0,-0.634,,,0.0,,,0.3984,0.1951,,0.25,0.0
2006,00-0001823,A.Brooks,LV,8,,,-66.28,2.921,1105,87,38,1230,3,0,0,0,3,8,7,15,0,0.0,237.0,-0.2797,190.0,26.0,11.0,10.0,-32.7,1.0,97.0,-0.3371,29.1,21.4,-1.869,,,0.0,,,0.3966,0.173,-2.024,0.0,0.0
2006,00-0023436,A.Smith,SF,16,,,-39.46,4.91,2901,75,90,3066,16,1,1,0,18,15,7,22,7,10.643,506.0,-0.078,439.0,37.0,15.0,15.0,-11.36,5.0,133.0,-0.0854,61.1,60.0,-0.74,,,0.0,,,0.3992,0.1166,-0.8338,0.4375,0.0
2006,00-0023504,A.Walter,LV,12,,,-125.98,2.791,1677,29,2,1708,3,0,0,0,3,13,11,24,0,0.0,334.0,-0.3772,275.0,46.0,4.0,9.0,-24.36,0.0,61.0,-0.3993,40.4,21.4,-2.441,,,0.0,,,0.3533,0.2096,-6.1658,0.0,0.0
2006,00-0005106,B.Favre,GB,16,,,-17.3,5.215,3885,14,24,3923,18,0,1,0,19,18,7,25,8,11.148,642.0,-0.027,611.0,21.0,1.0,9.0,-5.04,3.0,168.0,-0.03,69.9,65.5,-0.183,,,0.0,,,0.4221,0.0763,-5.3562,0.5,0.0
2006,00-0024408,B.Gradkowski,TB,13,,,-93.29,3.675,1661,145,20,1826,9,0,0,0,9,9,7,16,4,6.806,388.0,-0.2404,326.0,25.0,29.0,8.0,-17.78,0.0,40.0,-0.4445,41.8,39.1,-1.283,,,0.0,,,0.3686,0.1057,-6.0094,0.25,0.0
2006,00-0008442,B.Johnson,MIN,15,,,-84.26,4.41,2750,78,11,2839,9,0,1,0,10,15,6,21,6,9.724,489.0,-0.1723,438.0,28.0,17.0,6.0,-9.39,2.0,48.0,-0.1956,55.7,31.2,-2.707,,,0.0,,,0.4049,0.1002,0.9891,0.375,0.0
2006,00-0022177,B.Leftwich,JAX,6,,,0.36,5.311,1158,41,8,1207,7,1,1,0,9,5,1,6,8,14.269,210.0,0.0017,184.0,9.0,10.0,7.0,0.0,0.0,0.0,0.0,22.6,20.9,0.092,,,0.0,,,0.4095,0.0762,-1.2312,0.5,0.0
2006,00-0022924,B.Roethlisberger,PIT,15,,,-4.22,5.035,3528,78,28,3634,18,1,1,0,20,23,5,28,8,13.074,535.0,-0.0079,465.0,46.0,14.0,10.0,28.37,6.0,119.0,0.2384,61.3,46.5,0.691,,,0.0,,,0.4542,0.1383,1.547,0.5,0.0
2006,00-0023502,C.Frye,CLE,13,,,-79.48,3.746,2449,111,110,2670,10,0,3,0,13,17,8,25,4,8.207,473.0,-0.168,389.0,44.0,15.0,25.0,-13.42,0.0,40.0,-0.3354,59.7,48.1,-3.018,,,0.0,,,0.4271,0.148,4.9269,0.25,0.0
2006,00-0021429,C.Palmer,CIN,16,,,59.81,6.848,4036,38,7,4081,28,0,0,0,28,13,8,21,8,13.815,568.0,0.1053,516.0,36.0,6.0,10.0,9.59,6.0,141.0,0.068,71.9,65.1,1.155,,,0.0,,,0.493,0.1021,5.4532,0.5,1.0
2006,00-0019559,C.Pennington,NYJ,16,,,28.31,5.512,3352,94,27,3473,17,0,0,0,17,16,6,22,10,12.154,534.0,0.053,479.0,29.0,17.0,9.0,-0.57,4.0,149.0,-0.0038,69.4,51.5,1.195,,,0.0,,,0.4644,0.0955,2.8658,0.625,0.0
2006,00-0022005,C.Simms,TB,3,,,-41.5,2.367,585,8,0,593,1,1,0,0,2,7,0,7,4,6.806,112.0,-0.3705,105.0,4.0,3.0,0.0,0.0,0.0,0.0,0.0,13.6,8.7,-0.625,,,0.0,,,0.3661,0.0982,-6.8547,0.25,0.0
2006,00-0020434,C.Weinke,CAR,3,,,-26.91,4.057,625,13,0,638,2,0,0,0,2,4,0,4,8,9.31,108.0,-0.2492,96.0,10.0,1.0,1.0,-26.91,2.0,108.0,-0.2492,12.5,7.7,-0.523,,,0.0,,,0.3981,0.1296,-4.9556,0.5,0.5
2006,00-0023645,D.Anderson,CLE,4,,,-23.74,3.766,793,4,44,841,5,0,0,0,5,8,1,9,4,8.207,127.0,-0.1869,116.0,8.0,1.0,2.0,-33.2,3.0,103.0,-0.3223,18.8,18.5,-0.687,,,0.0,,,0.4331,0.1339,-2.2456,0.25,0.0
2006,00-0001361,D.Bledsoe,DAL,6,,,-3.91,4.524,1164,26,3,1193,7,1,1,0,9,8,1,9,9,14.655,192.0,-0.0204,169.0,16.0,4.0,3.0,0.0,0.0,0.0,0.0,20.3,18.4,-0.552,,,0.0,,,0.4219,0.1302,-3.6852,0.5625,0.0
2006,00-0020531,D.Brees,NO,16,,,109.63,7.581,4424,62,-2,4484,26,0,0,0,26,11,6,17,10,14.241,589.0,0.1861,555.0,18.0,12.0,4.0,23.6,6.0,120.0,0.1967,70.6,51.0,2.817,,,0.0,,,0.489,0.0611,1.6749,0.625,0.0
2006,00-0020608,D.Carr,HOU,16,,,-51.41,4.59,2765,163,38,2966,11,1,1,0,13,12,9,21,6,9.536,527.0,-0.0976,441.0,40.0,25.0,21.0,-26.62,1.0,102.0,-0.261,65.1,44.8,-0.918,,,0.0,,,0.4402,0.1233,3.6349,0.375,0.0
2006,00-0003739,D.Culpepper,MIA,4,,,-17.76,4.442,929,20,3,952,2,1,0,0,3,3,0,3,6,9.63,162.0,-0.1096,134.0,20.0,5.0,3.0,0.0,0.0,0.0,0.0,18.3,12.0,-0.836,,,0.0,,,0.4136,0.142,-0.7762,0.375,0.0
2006,00-0021231,D.Garrard,JAX,10,,,-15.41,5.406,1735,220,40,1995,10,0,0,0,10,9,4,13,8,14.269,299.0,-0.0516,241.0,20.0,26.0,12.0,-29.15,3.0,110.0,-0.265,37.3,23.3,-0.791,,,0.0,,,0.4515,0.1104,1.736,0.5,0.0
2006,00-0007835,D.Huard,KC,10,,,20.53,7.46,1878,12,0,1890,11,0,0,0,11,1,5,6,9,12.731,267.0,0.0769,245.0,16.0,2.0,4.0,2.66,0.0,3.0,0.8867,35.4,29.7,0.466,,,0.0,,,0.4232,0.0824,-3.2746,0.5625,0.5
2006,00-0011022,D.McNabb,PHI,10,,,38.42,7.588,2612,195,21,2828,17,1,2,0,20,6,5,11,10,13.267,363.0,0.1058,314.0,21.0,19.0,9.0,0.0,0.0,0.0,0.0,47.3,40.8,1.04,,,0.0,,,0.4518,0.0964,-2.4699,0.625,0.0
2006,00-0022803,E.Manning,NYG,16,,,-24.53,5.006,3244,34,2,3280,24,0,0,0,24,18,5,23,8,11.833,556.0,-0.0441,520.0,25.0,5.0,6.0,-23.88,5.0,131.0,-0.1823,61.0,60.0,-0.148,,,0.0,,,0.4586,0.0881,-3.9664,0.5,0.0
2006,00-0023460,J.Campbell,WAS,7,,,3.4,5.453,1297,97,22,1416,10,0,0,0,10,6,1,7,5,10.964,231.0,0.0147,206.0,8.0,12.0,5.0,12.26,5.0,126.0,0.0973,26.8,29.4,-0.418,,,0.0,,,0.4199,0.0649,-5.0398,0.3125,0.0
2006,00-0024226,J.Cutler,DEN,5,,,-24.23,5.807,1001,9,11,1021,9,0,0,0,9,5,4,9,9,10.29,160.0,-0.1514,137.0,13.0,2.0,8.0,-1.2,7.0,132.0,-0.0091,20.1,25.7,-0.259,,,0.0,,,0.4,0.1437,0.1451,0.5625,0.0
2006,00-0004161,J.Delhomme,CAR,13,,,-4.97,5.481,2805,26,0,2831,17,0,0,0,17,11,5,16,8,9.31,457.0,-0.0109,431.0,22.0,4.0,0.0,11.44,2.0,27.0,0.4237,55.3,65.4,-0.707,,,0.0,,,0.4376,0.0832,1.265,0.5,0.5
2006,00-0005755,J.Garcia,PHI,8,,,19.03,7.072,1309,92,2,1403,10,0,0,0,10,2,2,4,10,13.267,212.0,0.0898,189.0,6.0,13.0,4.0,13.49,4.0,92.0,0.1466,23.5,20.4,0.891,,,0.0,,,0.4528,0.0472,0.6109,0.625,0.0
2006,00-0021141,J.Harrington,MIA,11,,,-41.49,4.219,2236,20,4,2260,12,0,0,0,12,15,0,15,6,9.63,413.0,-0.1005,387.0,14.0,4.0,8.0,-32.63,1.0,69.0,-0.4729,43.4,48.0,-1.938,,,0.0,,,0.4407,0.0726,-2.7181,0.375,0.0
2006,00-0009311,J.Kitna,DET,16,,,-51.79,4.939,4208,95,68,4371,21,0,2,0,23,22,13,35,3,11.296,686.0,-0.0755,595.0,63.0,14.0,14.0,-24.43,8.0,181.0,-0.135,83.4,69.7,-2.277,,,0.0,,,0.4563,0.1443,-0.0512,0.1875,0.0
2006,00-0022912,J.Losman,BUF,16,,,-28.72,5.196,3050,111,32,3193,19,0,1,0,20,14,11,25,7,11.111,510.0,-0.0563,428.0,47.0,15.0,20.0,5.16,7.0,117.0,0.0441,71.1,64.5,0.22,,,0.0,,,0.449,0.1471,3.3405,0.4375,0.0
2006,00-0013042,J.Plummer,DEN,12,,,-20.36,4.545,1994,69,56,2119,11,0,1,0,12,13,3,16,9,10.29,357.0,-0.057,316.0,18.0,11.0,12.0,-7.33,0.0,4.0,-1.8328,41.7,34.3,-0.648,,,0.0,,,0.4314,0.0952,-3.5628,0.5625,0.0
2006,00-0017200,K.Warner,ARI,6,,,2.6,6.418,1377,10,-2,1385,6,0,0,0,6,5,4,9,5,10.467,190.0,0.0137,168.0,14.0,2.0,6.0,15.75,1.0,48.0,0.3282,26.5,18.8,-0.782,,,0.0,,,0.4632,0.1263,1.602,0.3125,0.0
2006,00-0002110,M.Brunell,WAS,10,,,-5.24,6.12,1789,32,4,1825,8,0,0,0,8,4,3,7,5,10.964,285.0,-0.0184,262.0,12.0,5.0,6.0,-0.39,0.0,1.0,-0.3853,34.6,23.5,-0.356,,,0.0,,,0.4246,0.0667,-1.571,0.3125,0.0
2006,00-0019599,M.Bulger,LA,16,,,42.19,6.426,4301,47,6,4354,24,0,0,0,24,8,6,14,0,0.0,640.0,0.0659,582.0,49.0,3.0,6.0,37.6,8.0,152.0,0.2473,71.4,63.2,1.094,,,0.0,,,0.4672,0.1016,1.6351,0.0,0.0
2006,00-0007091,M.Hasselbeck,SEA,12,,,-3.96,4.71,2442,75,40,2557,18,0,0,0,18,15,3,18,9,11.167,417.0,-0.0095,369.0,34.0,9.0,5.0,4.15,5.0,149.0,0.0278,49.6,47.4,0.002,,,0.0,,,0.4317,0.1247,-2.4641,0.5625,0.0
2006,00-0024225,M.Leinart,ARI,12,,,-6.7,5.305,2542,39,12,2593,11,1,1,0,13,12,3,15,5,10.467,409.0,-0.0164,370.0,20.0,8.0,11.0,11.19,3.0,87.0,0.1286,49.7,40.6,0.246,,,0.0,,,0.4156,0.0905,-4.985,0.3125,0.0
2006,00-0020245,M.Vick,ATL,16,,,-18.41,4.576,2474,493,550,3517,20,0,2,0,22,13,4,17,7,10.815,553.0,-0.0333,389.0,45.0,48.0,71.0,-6.14,5.0,111.0,-0.0553,68.7,68.8,0.523,,,0.0,,,0.4304,0.1212,-4.085,0.4375,0.0
2006,00-0010346,P.Manning,IND,16,,,176.19,7.954,4397,47,2,4446,31,1,3,0,35,9,4,13,12,18.565,579.0,0.3043,555.0,14.0,6.0,4.0,56.27,11.0,156.0,0.3607,72.6,70.0,6.027,,,0.0,,,0.5613,0.0484,5.053,0.75,1.0
2006,00-0022942,P.Rivers,LAC,16,,,69.96,6.709,3387,48,10,3445,22,0,0,0,22,9,3,12,0,0.0,530.0,0.132,460.0,28.0,9.0,33.0,3.47,6.0,117.0,0.0296,57.9,38.6,1.596,,,0.0,,,0.4528,0.0981,1.8715,0.0,0.0
2006,00-0022121,R.Grossman,CHI,16,,,-44.81,5.23,3197,22,2,3221,23,0,0,0,23,20,8,28,13,12.939,508.0,-0.0882,479.0,21.0,1.0,7.0,-10.66,5.0,123.0,-0.0867,60.0,54.8,-1.543,,,0.0,,,0.4035,0.0984,-3.7685,0.8125,0.0
2006,00-0011024,S.McNair,BAL,16,,,37.62,5.757,3050,111,29,3190,16,0,1,0,17,12,4,16,13,11.767,501.0,0.0751,463.0,14.0,11.0,13.0,16.37,4.0,104.0,0.1574,63.2,53.1,1.292,,,0.0,,,0.4611,0.0619,3.1698,0.8125,0.0
2006,00-0022055,S.Wallace,SEA,6,,,-21.85,4.494,927,67,53,1047,8,0,0,0,8,7,6,13,9,11.167,166.0,-0.1316,141.0,13.0,6.0,6.0,0.0,0.0,0.0,0.0,20.3,21.1,-0.679,,,0.0,,,0.4277,0.1627,-0.2017,0.5625,0.0
2006,00-0019596,T.Brady,NE,16,,,57.6,6.062,3533,92,31,3656,24,0,0,0,24,12,9,21,12,13.75,570.0,0.1011,518.0,26.0,14.0,12.0,-3.46,4.0,126.0,-0.0274,66.5,52.2,1.326,,,0.0,,,0.4561,0.0825,0.9628,0.75,0.0
2006,00-0006355,T.Green,KC,8,,,-5.43,4.279,1342,53,12,1407,7,0,0,0,7,9,3,12,9,12.731,233.0,-0.0233,198.0,24.0,8.0,3.0,-17.02,3.0,133.0,-0.128,26.4,18.9,-0.813,,,0.0,,,0.4592,0.1545,0.7418,0.5625,0.5
2006,00-0019623,T.Rattay,TB,4,,,-4.22,6.857,748,4,0,752,4,0,0,0,4,2,3,5,4,6.806,108.0,-0.0391,101.0,4.0,1.0,2.0,-4.22,4.0,108.0,-0.0391,17.2,17.4,-0.468,,,0.0,,,0.4722,0.0833,-0.1498,0.25,0.0
2006,00-0021678,T.Romo,DAL,13,,,86.32,7.15,2903,103,14,3020,19,0,0,0,19,13,4,17,9,14.655,384.0,0.2248,339.0,21.0,16.0,8.0,2.38,6.0,146.0,0.0163,51.3,38.8,2.89,,,0.0,,,0.5339,0.099,7.9338,0.5625,0.0
2006,00-0024218,V.Young,TEN,15,,,-25.3,4.561,2199,443,117,2759,12,4,3,0,19,13,5,18,8,12.0,455.0,-0.0556,352.0,26.0,43.0,34.0,4.08,5.0,130.0,0.0314,60.9,63.3,0.403,,,0.0,,,0.3978,0.1121,-4.8653,0.5,0.0
2007,00-0020305,A.Feeley,PHI,3,,,-5.89,3.877,681,14,9,704,5,0,0,0,5,8,0,8,8,10.839,113.0,-0.0521,103.0,3.0,4.0,3.0,0.0,0.0,0.0,0.0,12.2,12.5,-0.519,,,0.0,,,0.4425,0.0973,-0.4135,0.5,0.5
2007,00-0023436,A.Smith,SF,7,,,-66.28,3.139,914,92,0,1006,2,0,0,0,2,4,5,9,5,7.3,217.0,-0.3054,191.0,17.0,9.0,0.0,0.0,0.0,0.0,0.0,24.9,7.4,-2.069,,,0.0,,,0.3226,0.1198,-10.8421,0.3125,0.0
2007,00-0024300,B.Croyle,KC,9,,,-36.56,4.096,1227,14,6,1247,6,0,0,0,6,6,4,10,4,7.793,244.0,-0.1498,223.0,16.0,4.0,1.0,-33.22,4.0,137.0,-0.2425,26.2,22.2,-0.626,,,0.0,,,0.3934,0.1066,-4.9027,0.25,0.0
2007,00-0005106,B.Favre,GB,16,,,83.74,7.219,4157,3,26,4186,28,0,0,0,28,15,7,22,13,15.0,558.0,0.1501,532.0,15.0,1.0,10.0,5.28,6.0,99.0,0.0534,69.2,63.6,2.163,,,0.0,,,0.4946,0.0681,4.4403,0.8125,0.0
2007,00-0006423,B.Griese,CHI,7,,,-2.15,4.941,1803,24,6,1833,10,0,0,0,10,12,1,13,7,10.438,284.0,-0.0076,258.0,15.0,4.0,7.0,2.81,1.0,49.0,0.0573,36.7,35.7,0.255,,,0.0,,,0.4472,0.0986,-1.3815,0.4375,0.0
2007,00-0022924,B.Roethlisberger,PIT,15,,,99.53,6.569,3158,198,8,3364,32,2,0,0,34,11,3,14,10,13.1,480.0,0.2073,403.0,47.0,22.0,8.0,9.98,7.0,105.0,0.095,62.3,77.3,1.805,,,0.0,,,0.4938,0.1271,6.6926,0.625,0.0
2007,00-0020565,C.Lemon,MIA,9,,,-8.72,4.473,1773,56,37,1866,6,1,3,0,10,6,3,9,1,9.536,362.0,-0.0241,307.0,23.0,11.0,21.0,-15.5,3.0,169.0,-0.0917,39.0,35.7,0.202,,,0.0,,,0.4061,0.0939,-3.5763,0.0625,0.0
2007,00-0021429,C.Palmer,CIN,16,,,45.95,6.154,4130,9,16,4155,26,0,0,0,26,20,4,24,7,13.103,598.0,0.0768,573.0,17.0,2.0,6.0,0.1,5.0,115.0,0.0009,73.0,66.7,0.627,,,0.0,,,0.4816,0.0686,5.3324,0.4375,0.0
2007,00-0019559,C.Pennington,NYJ,9,,,-3.01,4.853,1766,15,21,1802,10,0,1,0,11,9,2,11,4,9.926,301.0,-0.01,259.0,26.0,4.0,12.0,-8.18,1.0,83.0,-0.0986,36.5,42.3,-1.241,,,0.0,,,0.4718,0.1229,7.2049,0.25,0.0
2007,00-0019709,C.Redman,ATL,6,,,-15.17,6.348,1079,18,0,1097,10,0,0,0,10,5,1,6,4,8.931,164.0,-0.0925,149.0,9.0,6.0,0.0,-17.94,8.0,137.0,-0.1309,21.8,31.2,0.407,,,0.0,,,0.4207,0.0915,-3.1912,0.25,0.0
2007,00-0023645,D.Anderson,CLE,16,,,33.08,6.336,3786,63,26,3875,29,0,3,0,32,19,5,24,10,13.862,553.0,0.0598,521.0,15.0,10.0,7.0,-15.19,5.0,126.0,-0.1206,67.8,71.1,1.966,,,0.0,,,0.4684,0.0705,-1.2321,0.625,0.0
2007,00-0020531,D.Brees,NO,16,,,47.13,6.096,4428,23,37,4488,28,0,1,0,29,18,7,25,7,13.536,684.0,0.0689,654.0,15.0,4.0,11.0,15.57,8.0,182.0,0.0855,76.4,65.9,0.949,,,0.0,,,0.5132,0.0585,4.6717,0.4375,0.0
2007,00-0020608,D.Carr,CAR,6,,,-34.89,2.658,635,56,4,695,3,0,0,0,3,5,1,6,7,9.207,164.0,-0.2127,136.0,13.0,11.0,4.0,0.0,0.0,0.0,0.0,14.9,11.1,-0.744,,,0.0,,,0.3659,0.1159,-6.1819,0.4375,0.0
2007,00-0003739,D.Culpepper,LV,7,,,2.22,5.199,1332,34,14,1380,5,1,2,0,8,5,6,11,0,0.0,223.0,0.01,185.0,21.0,8.0,9.0,0.0,0.0,0.0,0.0,28.4,27.6,-0.569,,,0.0,,,0.4126,0.148,-2.3557,0.0,0.0
2007,00-0021231,D.Garrard,JAX,12,,,89.6,7.669,2509,116,80,2705,18,0,1,0,19,3,5,8,11,14.679,383.0,0.234,324.0,20.0,18.0,21.0,20.58,8.0,95.0,0.2166,47.1,40.4,1.866,,,0.0,,,0.5117,0.0757,4.4724,0.6875,0.0
2007,00-0007835,D.Huard,KC,11,,,-43.52,4.473,2257,3,-1,2259,11,0,0,0,11,13,5,18,4,7.793,375.0,-0.116,333.0,37.0,2.0,3.0,6.92,2.0,40.0,0.1731,47.4,40.7,-1.366,,,0.0,,,0.4107,0.152,2.169,0.25,0.0
2007,00-0011022,D.McNabb,PHI,14,,,37.66,6.116,3324,183,63,3570,19,0,0,0,19,7,7,14,8,10.839,555.0,0.0679,473.0,44.0,25.0,13.0,20.9,6.0,171.0,0.1222,61.6,47.5,0.299,,,0.0,,,0.4667,0.1045,-0.584,0.5,0.5
2007,00-0022803,E.Manning,NYG,16,,,-58.18,4.836,3336,80,4,3420,23,1,0,0,24,20,9,29,10,13.815,572.0,-0.1017,527.0,27.0,9.0,9.0,-21.98,6.0,145.0,-0.1516,62.6,57.1,-1.072,,,0.0,,,0.4213,0.0997,-5.0181,0.625,0.0
2007,00-0005589,G.Frerotte,LA,8,,,-50.07,3.118,1014,2,3,1019,7,0,0,0,7,12,1,13,0,0.0,182.0,-0.2751,167.0,11.0,1.0,3.0,-8.8,0.0,12.0,-0.7333,20.1,25.0,-1.523,,,0.0,,,0.4286,0.1319,-4.3083,0.0,0.0
2007,00-0025427,J.Beck,MIA,5,,,-46.72,3.233,559,11,2,572,1,0,1,0,2,3,5,8,1,9.536,124.0,-0.3768,106.0,10.0,2.0,6.0,-13.07,2.0,28.0,-0.4668,11.9,7.1,-1.185,,,0.0,,,0.379,0.1532,-5.3977,0.0625,0.0
2007,00-0023460,J.Campbell,WAS,13,,,11.75,5.356,2700,184,7,2891,12,0,1,0,13,11,9,20,9,11.929,468.0,0.0251,416.0,20.0,22.0,10.0,-0.4,0.0,18.0,-0.0222,54.4,37.1,-0.724,,,0.0,,,0.4594,0.0876,1.6494,0.5625,0.0
2007,00-0024226,J.Cutler,DEN,16,,,45.03,6.329,3497,129,86,3712,20,0,1,0,21,14,6,20,7,11.034,526.0,0.0856,465.0,27.0,12.0,22.0,10.0,7.0,151.0,0.0662,66.3,61.8,1.186,,,0.0,,,0.481,0.0894,2.0814,0.4375,0.0
2007,00-0005755,J.Garcia,TB,13,,,26.36,7.064,2440,124,1,2565,13,1,0,0,14,4,6,10,9,12.37,367.0,0.0718,323.0,19.0,20.0,5.0,2.81,2.0,49.0,0.0574,49.2,40.0,-0.2,,,0.0,,,0.4496,0.079,2.5183,0.5625,0.0
2007,00-0021141,J.Harrington,ATL,12,,,-54.04,4.745,2215,37,0,2252,7,0,0,0,7,8,2,10,4,8.931,389.0,-0.1389,348.0,32.0,8.0,1.0,0.0,0.0,0.0,0.0,44.7,21.9,-1.111,,,0.0,,,0.3882,0.108,-3.8666,0.25,0.0
2007,00-0009311,J.Kitna,DET,16,,,-39.01,5.184,4066,56,14,4136,18,0,0,0,18,21,7,28,7,12.357,631.0,-0.0618,562.0,48.0,14.0,7.0,-19.79,3.0,151.0,-0.1311,75.9,51.4,-0.664,,,0.0,,,0.4532,0.122,1.727,0.4375,0.0
2007,00-0022912,J.Losman,BUF,8,,,-29.24,4.846,1204,91,21,1316,4,0,0,0,4,6,3,9,7,9.0,206.0,-0.1419,174.0,14.0,10.0,8.0,0.0,0.0,0.0,0.0,29.2,17.4,0.574,,,0.0,,,0.4369,0.1165,1.5693,0.4375,0.0
2007,00-0021206,J.McCown,LV,9,,,-24.94,3.68,1151,86,63,1300,10,0,0,0,10,11,4,15,0,0.0,233.0,-0.107,191.0,15.0,13.0,14.0,-2.22,2.0,55.0,-0.0404,26.7,34.5,-1.191,,,0.0,,,0.4249,0.1288,-1.2072,0.0,0.0
2007,00-0022164,K.Boller,BAL,12,,,-33.77,4.454,1743,82,7,1832,9,0,0,0,9,10,5,15,5,9.483,314.0,-0.1075,271.0,24.0,12.0,7.0,-11.45,2.0,59.0,-0.194,37.0,33.3,-0.853,,,0.0,,,0.4204,0.1274,2.4607,0.3125,0.0
2007,00-0024264,K.Clemens,NYJ,10,,,-47.28,3.799,1529,85,27,1641,5,0,1,0,6,10,2,12,4,9.926,300.0,-0.1576,247.0,27.0,11.0,15.0,-17.15,2.0,83.0,-0.2066,33.2,23.1,-1.64,,,0.0,,,0.4167,0.1333,-6.3859,0.25,0.0
2007,00-0017200,K.Warner,ARI,14,,,4.86,6.504,3409,19,1,3429,27,0,1,0,28,17,11,28,8,14.429,479.0,0.0102,448.0,20.0,3.0,8.0,18.26,12.0,177.0,0.1031,61.1,60.9,0.895,,,0.0,,,0.4781,0.1002,2.8405,0.5,0.0
2007,00-0022864,L.McCown,TB,5,,,-6.9,5.613,1009,118,0,1127,5,0,0,0,5,3,3,6,9,12.37,166.0,-0.0416,140.0,15.0,10.0,1.0,-14.09,3.0,117.0,-0.1204,21.6,14.3,-0.392,,,0.0,,,0.4578,0.1265,3.3941,0.5625,0.0
2007,00-0019599,M.Bulger,LA,12,,,-55.49,4.029,2392,19,0,2411,11,0,0,0,11,15,4,19,0,0.0,418.0,-0.1328,377.0,37.0,2.0,2.0,-27.0,5.0,109.0,-0.2477,47.5,39.3,-0.727,,,0.0,,,0.3995,0.134,-1.3613,0.0,0.0
2007,00-0007091,M.Hasselbeck,SEA,16,,,50.88,6.378,3966,85,27,4078,28,0,0,0,28,12,7,19,10,12.281,617.0,0.0825,560.0,33.0,15.0,9.0,18.8,8.0,141.0,0.1334,71.3,70.0,-0.071,,,0.0,,,0.5008,0.0859,2.6099,0.625,0.0
2007,00-0024225,M.Leinart,ARI,5,,,-7.62,4.172,647,40,3,690,2,0,0,0,2,4,0,4,8,14.429,126.0,-0.0605,112.0,4.0,5.0,5.0,0.0,0.0,0.0,0.0,12.3,4.3,-0.073,,,0.0,,,0.4444,0.0714,-8.6609,0.5,0.0
2007,00-0025708,M.Moore,CAR,8,,,-1.67,4.487,730,5,0,735,3,0,0,0,3,5,0,5,7,9.207,119.0,-0.014,111.0,6.0,1.0,1.0,3.96,3.0,97.0,0.0408,15.8,11.1,0.458,,,0.0,,,0.4118,0.0924,-3.5399,0.4375,0.0
2007,00-0022787,M.Schaub,HOU,11,,,-20.47,6.279,2241,22,32,2295,9,0,0,0,9,9,10,19,8,13.069,316.0,-0.0648,285.0,16.0,7.0,8.0,0.0,0.0,0.0,0.0,42.1,23.1,-0.17,,,0.0,,,0.4873,0.1108,5.7863,0.5,0.0
2007,00-0010346,P.Manning,IND,16,,,138.16,7.287,4040,8,4,4052,31,0,3,0,34,14,5,19,13,18.75,542.0,0.2549,515.0,21.0,2.0,4.0,47.96,8.0,112.0,0.4283,68.8,65.4,2.85,,,0.0,,,0.5406,0.0738,4.1016,0.8125,1.0
2007,00-0022942,P.Rivers,LAC,16,,,11.92,5.672,3152,35,1,3188,21,0,1,0,22,15,6,21,0,0.0,508.0,0.0235,460.0,22.0,7.0,19.0,15.94,6.0,119.0,0.1339,61.5,48.9,-0.593,,,0.0,,,0.4469,0.1004,2.1663,0.0,0.0
2007,00-0020613,Q.Gray,JAX,7,,,31.88,5.799,986,45,20,1051,10,0,0,0,10,5,1,6,11,14.679,164.0,0.1944,144.0,10.0,6.0,4.0,29.21,6.0,55.0,0.5311,18.3,21.3,0.442,,,0.0,,,0.4634,0.0976,-3.2145,0.6875,0.0
2007,00-0022121,R.Grossman,CHI,8,,,-54.41,3.976,1411,25,5,1441,4,0,0,0,4,7,4,11,7,10.438,254.0,-0.2142,221.0,25.0,4.0,4.0,-3.11,0.0,6.0,-0.5178,28.9,14.3,-0.88,,,0.0,,,0.3937,0.1417,-4.7625,0.4375,0.0
2007,00-0011024,S.McNair,BAL,6,,,-47.83,4.13,1113,28,6,1147,2,0,0,0,2,4,8,12,5,9.483,223.0,-0.2145,204.0,11.0,4.0,4.0,0.0,0.0,0.0,0.0,23.2,7.4,-0.988,,,0.0,,,0.4619,0.1031,3.403,0.3125,0.0
2007,00-0020480,S.Rosenfels,HOU,9,,,35.1,5.675,1684,48,13,1745,15,1,0,0,16,12,3,15,8,13.069,257.0,0.1366,240.0,6.0,5.0,6.0,10.8,8.0,123.0,0.0878,32.0,41.0,0.841,,,0.0,,,0.5409,0.0817,1.0015,0.5,0.0
2007,00-0019596,T.Brady,NE,16,,,264.03,8.878,4806,93,19,4918,50,1,1,0,52,8,5,13,16,21.815,623.0,0.4238,578.0,21.0,15.0,9.0,39.5,9.0,161.0,0.2453,74.3,75.4,5.037,,,0.0,,,0.5843,0.0546,7.8124,1.0,1.5
2007,00-0003315,T.Collins,WAS,4,,,24.01,8.254,888,4,2,894,5,0,0,0,5,0,2,2,9,11.929,117.0,0.2052,107.0,7.0,1.0,2.0,24.01,5.0,117.0,0.2052,16.8,14.3,0.044,,,0.0,,,0.453,0.0769,4.1052,0.5625,0.0
2007,00-0004293,T.Dilfer,SF,7,,,-97.81,2.403,1166,26,0,1192,7,0,0,0,7,12,2,14,5,7.3,251.0,-0.3897,216.0,27.0,4.0,4.0,-20.02,0.0,22.0,-0.9101,29.5,25.9,-1.928,,,0.0,,,0.3705,0.1633,-6.6875,0.3125,0.0
2007,00-0025479,T.Edwards,BUF,10,,,-45.86,4.677,1630,49,3,1682,7,0,0,0,7,8,2,10,7,9.0,290.0,-0.1581,267.0,12.0,7.0,4.0,-28.49,6.0,120.0,-0.2374,37.3,30.4,-1.129,,,0.0,,,0.3966,0.0759,-3.6452,0.4375,0.0
2007,00-0006355,T.Green,MIA,5,,,-5.37,4.959,987,23,9,1019,5,0,0,0,5,7,1,8,1,9.536,151.0,-0.0356,138.0,7.0,1.0,5.0,0.0,0.0,0.0,0.0,21.3,17.9,-0.555,,,0.0,,,0.4437,0.0993,0.4983,0.0625,0.0
2007,00-0024279,T.Jackson,MIN,12,,,-6.99,4.84,1911,200,71,2182,9,2,1,0,12,12,6,18,8,13.036,350.0,-0.02,287.0,19.0,31.0,13.0,-8.64,6.0,153.0,-0.0565,40.7,35.3,-0.781,,,0.0,,,0.4743,0.1086,0.5131,0.5,0.0
2007,00-0021678,T.Romo,DAL,16,,,129.46,7.127,4190,130,4,4324,36,2,0,0,38,19,5,24,13,18.2,566.0,0.2287,519.0,25.0,17.0,5.0,0.7,3.0,151.0,0.0047,73.2,71.7,2.76,,,0.0,,,0.5283,0.0866,4.8948,0.8125,1.0
2007,00-0016193,V.Testaverde,CAR,6,,,-34.65,3.956,936,4,22,962,5,0,0,0,5,6,2,8,7,9.207,187.0,-0.1853,173.0,9.0,1.0,4.0,-19.43,0.0,30.0,-0.6476,20.7,18.5,-0.696,,,0.0,,,0.3743,0.0963,-8.9653,0.4375,0.0
2007,00-0024218,V.Young,TEN,15,,,-12.08,4.443,2546,304,107,2957,9,1,2,0,12,17,4,21,10,9.71,481.0,-0.0251,381.0,25.0,50.0,25.0,2.25,2.0,107.0,0.021,60.4,42.9,-0.389,,,0.0,,,0.4595,0.0977,1.9638,0.625,0.0
2008,00-0023459,A.Rodgers,GB,16,,,98.11,6.67,4038,147,65,4250,28,1,3,0,32,13,3,16,6,14.964,614.0,0.1598,533.0,34.0,22.0,25.0,31.09,8.0,148.0,0.2101,74.4,80.0,2.55,,,0.0,,,0.4772,0.0831,4.6072,0.375,0.5
2008,00-0005106,B.Favre,NYJ,16,,,8.99,4.899,3472,19,31,3522,22,0,1,0,23,22,4,26,9,15.0,567.0,0.0159,523.0,30.0,7.0,7.0,-17.21,3.0,141.0,-0.122,63.9,47.9,-0.25,,,0.0,,,0.485,0.0988,3.5823,0.5625,0.0
2008,00-0006423,B.Griese,TB,5,,,-26.38,4.109,1073,3,0,1076,5,0,0,0,5,7,2,9,9,12.893,193.0,-0.1367,183.0,9.0,1.0,0.0,-4.93,1.0,41.0,-0.1201,19.7,14.7,-0.796,,,0.0,,,0.4301,0.0933,-1.5056,0.5625,0.0
2008,00-0022924,B.Roethlisberger,PIT,16,,,-19.84,5.23,3314,99,10,3423,17,1,1,0,19,15,9,24,12,12.393,538.0,-0.0369,467.0,47.0,16.0,8.0,-24.95,4.0,146.0,-0.1709,65.7,51.4,0.124,,,0.0,,,0.4535,0.132,-0.0765,0.75,0.0
2008,00-0021429,C.Palmer,CIN,4,,,-14.09,3.921,736,36,2,774,3,0,0,0,3,4,0,4,4,6.581,145.0,-0.0971,129.0,11.0,4.0,1.0,0.0,0.0,0.0,0.0,20.0,15.8,0.311,,,0.0,,,0.4207,0.1034,-2.9501,0.25,0.0
2008,00-0019559,C.Pennington,MIA,16,,,93.91,7.231,3653,70,3,3726,19,1,0,0,20,7,2,9,11,14.375,513.0,0.1831,475.0,23.0,11.0,4.0,27.86,8.0,118.0,0.2361,66.7,50.0,2.671,,,0.0,,,0.5107,0.0643,5.0504,0.6875,0.0
2008,00-0023645,D.Anderson,CLE,10,,,-33.03,4.483,1615,47,14,1676,9,0,0,0,9,8,3,11,4,8.593,320.0,-0.1032,285.0,15.0,8.0,12.0,0.0,0.0,0.0,0.0,40.9,39.1,-1.267,,,0.0,,,0.4,0.0813,-10.1054,0.25,0.0
2008,00-0020531,D.Brees,NO,16,,,146.49,7.608,5069,24,-16,5077,34,0,0,0,34,17,4,21,8,17.808,655.0,0.2236,630.0,13.0,5.0,7.0,54.63,10.0,166.0,0.3291,76.4,59.6,2.539,,,0.0,,,0.5191,0.0534,2.7816,0.5,0.0
2008,00-0003739,D.Culpepper,DET,5,,,-56.62,3.945,786,8,17,811,4,0,1,0,5,6,4,10,0,9.241,139.0,-0.4073,113.0,14.0,2.0,10.0,-1.01,1.0,29.0,-0.0347,17.8,15.2,-1.235,,,0.0,,,0.3237,0.1799,-3.8103,0.0,0.0
2008,00-0021231,D.Garrard,JAX,16,,,35.49,5.29,3620,246,84,3950,15,0,2,0,17,13,7,20,5,10.786,640.0,0.0554,534.0,42.0,36.0,28.0,0.21,6.0,159.0,0.0013,76.6,50.0,0.484,,,0.0,,,0.4922,0.1,3.3828,0.3125,0.0
2008,00-0011022,D.McNabb,PHI,16,,,51.81,6.315,3914,148,8,4070,23,1,1,0,25,11,7,18,9,12.235,623.0,0.0832,566.0,24.0,24.0,9.0,32.11,6.0,143.0,0.2246,72.5,62.5,0.533,,,0.0,,,0.4671,0.069,-0.39,0.5625,0.0
2008,00-0023578,D.Orlovsky,DET,10,,,-25.26,4.893,1616,17,13,1646,8,0,0,0,8,8,3,11,0,9.241,276.0,-0.0915,256.0,14.0,2.0,4.0,0.77,3.0,102.0,0.0075,36.1,24.2,-0.905,,,0.0,,,0.3804,0.0906,-1.3479,0.0,0.0
2008,00-0022803,E.Manning,NYG,16,,,47.04,5.984,3238,21,5,3264,21,0,1,0,22,10,2,12,12,16.423,514.0,0.0915,480.0,27.0,3.0,4.0,-12.02,2.0,121.0,-0.0993,55.7,50.0,2.324,,,0.0,,,0.4767,0.0759,0.4716,0.75,0.0
2008,00-0005589,G.Frerotte,MIN,11,,,-39.21,4.736,2157,14,5,2176,12,0,1,0,13,15,3,18,10,12.633,338.0,-0.116,300.0,29.0,4.0,5.0,-7.15,0.0,11.0,-0.6498,40.2,33.3,-0.893,,,0.0,,,0.4112,0.1391,-3.8102,0.625,0.5
2008,00-0023460,J.Campbell,WAS,16,,,-0.98,5.468,3245,217,56,3518,13,0,1,0,14,6,5,11,8,10.192,574.0,-0.0017,505.0,38.0,24.0,7.0,-2.26,4.0,144.0,-0.0157,67.9,50.0,1.198,,,0.0,,,0.446,0.0871,-1.7461,0.5,0.0
2008,00-0024226,J.Cutler,DEN,16,,,107.7,6.644,4525,147,68,4740,25,0,2,0,27,18,6,24,8,14.231,667.0,0.1615,613.0,11.0,23.0,20.0,10.18,6.0,188.0,0.0542,75.5,64.3,2.828,,,0.0,,,0.4993,0.057,1.5544,0.5,0.0
2008,00-0004161,J.Delhomme,CAR,16,,,24.89,6.73,3284,24,10,3318,15,1,1,0,17,12,6,18,12,13.355,440.0,0.0566,413.0,20.0,3.0,4.0,29.1,3.0,87.0,0.3345,58.1,37.0,1.434,,,0.0,,,0.4477,0.0864,-1.1453,0.75,0.0
2008,00-0026158,J.Flacco,BAL,16,,,-9.51,5.28,2971,142,64,3177,14,1,1,0,16,12,6,18,11,12.833,494.0,-0.0193,428.0,33.0,13.0,20.0,-9.8,2.0,111.0,-0.0883,59.5,41.0,-0.379,,,0.0,,,0.413,0.1053,-1.0445,0.6875,0.0
2008,00-0005755,J.Garcia,TB,12,,,39.43,6.464,2712,149,7,2868,12,0,1,0,13,6,7,13,9,12.893,428.0,0.0921,375.0,24.0,26.0,3.0,12.41,5.0,124.0,0.1001,52.4,38.2,0.734,,,0.0,,,0.4883,0.0864,3.7141,0.5625,0.0
2008,00-0009311,J.Kitna,DET,4,,,-39.21,4.06,758,31,-5,784,5,0,0,0,5,5,1,6,0,9.241,140.0,-0.2801,119.0,15.0,4.0,2.0,0.0,0.0,0.0,0.0,17.2,15.2,-0.736,,,0.0,,,0.4071,0.1571,-7.9471,0.0,0.0
2008,00-0022912,J.Losman,BUF,4,,,-41.64,2.414,584,70,2,656,2,1,1,0,4,5,5,10,7,11.586,124.0,-0.3358,101.0,15.0,6.0,2.0,-25.43,2.0,76.0,-0.3347,13.1,12.5,-1.49,,,0.0,,,0.4113,0.2016,-1.9747,0.4375,0.0
2008,00-0021296,J.O'Sullivan,SF,9,,,-56.76,4.548,1678,152,0,1830,8,0,0,0,8,11,7,18,7,12.107,275.0,-0.2064,220.0,32.0,21.0,2.0,0.0,0.0,0.0,0.0,36.0,22.9,-1.322,,,0.0,,,0.4182,0.1818,-0.531,0.4375,0.0
2008,00-0025388,J.Russell,LV,15,,,-52.46,5.348,2423,82,47,2552,13,0,1,0,14,8,7,15,0,0.0,413.0,-0.127,367.0,30.0,8.0,8.0,-5.22,6.0,96.0,-0.0543,56.4,60.9,-1.455,,,0.0,,,0.3898,0.1114,-5.0862,0.0,0.0
2008,00-0003292,K.Collins,TEN,16,,,16.58,5.991,2681,48,13,2742,12,0,0,0,12,7,4,11,13,12.931,435.0,0.0381,417.0,8.0,5.0,5.0,-17.64,3.0,89.0,-0.1982,54.4,32.4,0.724,,,0.0,,,0.4368,0.0437,-2.3987,0.8125,0.0
2008,00-0023541,K.Orton,CHI,15,,,-44.29,5.364,2979,48,12,3039,18,1,2,0,21,12,8,20,9,11.719,508.0,-0.0872,465.0,27.0,8.0,8.0,-18.21,7.0,150.0,-0.1214,62.5,55.3,-0.633,,,0.0,,,0.4429,0.0925,-2.4026,0.5625,0.0
2008,00-0017200,K.Warner,ARI,16,,,79.72,6.992,4582,11,0,4593,30,0,0,0,30,14,11,25,9,16.423,630.0,0.1265,599.0,26.0,1.0,4.0,-8.28,6.0,133.0,-0.0622,75.9,65.2,2.484,,,0.0,,,0.5063,0.081,5.6297,0.5625,1.0
2008,00-0019599,M.Bulger,LA,15,,,-93.4,4.373,2727,45,5,2777,11,0,0,0,11,13,6,19,0,0.0,488.0,-0.1914,442.0,38.0,6.0,2.0,-13.64,4.0,146.0,-0.0934,57.0,42.3,-1.644,,,0.0,,,0.3668,0.1168,-5.7057,0.0,0.0
2008,00-0023662,M.Cassel,NE,16,,,95.16,6.059,3693,252,39,3984,21,1,1,0,23,11,6,17,11,15.185,616.0,0.1545,517.0,44.0,38.0,17.0,57.19,8.0,139.0,0.4114,68.2,54.8,2.853,,,0.0,,,0.4886,0.1006,1.3744,0.6875,0.0
2008,00-0007091,M.Hasselbeck,SEA,7,,,-33.68,3.262,1216,69,0,1285,5,0,0,0,5,10,2,12,4,10.889,240.0,-0.1404,210.0,19.0,11.0,0.0,0.0,0.0,0.0,0.0,29.0,17.2,-0.904,,,0.0,,,0.3833,0.1292,-6.917,0.25,0.0
2008,00-0026143,M.Ryan,ATL,16,,,63.24,7.024,3440,69,53,3562,16,1,0,0,17,11,4,15,11,14.481,486.0,0.1301,433.0,17.0,14.0,22.0,5.43,4.0,117.0,0.0464,61.1,41.5,2.42,,,0.0,,,0.4691,0.0761,1.1862,0.6875,1.0
2008,00-0022787,M.Schaub,HOU,11,,,30.54,6.877,3043,62,17,3122,15,1,1,0,17,10,7,17,8,14.077,422.0,0.0724,376.0,23.0,12.0,11.0,15.36,5.0,165.0,0.0931,50.0,43.6,2.053,,,0.0,,,0.4645,0.0948,4.9736,0.5,1.0
2008,00-0010346,P.Manning,IND,16,,,128.8,6.894,4002,28,3,4033,27,0,1,0,28,12,2,14,12,15.08,578.0,0.2228,554.0,14.0,4.0,6.0,74.2,8.0,115.0,0.6452,74.3,62.2,3.578,,,0.0,,,0.5156,0.0484,4.8766,0.75,0.0
2008,00-0022942,P.Rivers,LAC,16,,,130.06,7.949,4004,60,29,4093,34,0,0,0,34,11,6,17,0,0.0,534.0,0.2436,483.0,25.0,9.0,17.0,43.18,11.0,140.0,0.3084,72.1,69.4,1.708,,,0.0,,,0.515,0.088,5.0999,0.0,0.0
2008,00-0023682,R.Fitzpatrick,CIN,12,,,-62.58,3.587,1905,291,23,2219,8,0,2,0,10,9,7,16,4,6.581,457.0,-0.1369,371.0,38.0,37.0,11.0,-12.43,3.0,118.0,-0.1054,57.2,52.6,-1.453,,,0.0,,,0.4201,0.1182,-3.4079,0.25,0.0
2008,00-0020679,S.Hill,SF,9,,,29.31,5.838,2046,101,18,2165,13,0,2,0,15,8,2,10,7,12.107,327.0,0.0896,285.0,23.0,12.0,7.0,6.38,6.0,168.0,0.038,42.6,42.9,0.723,,,0.0,,,0.4648,0.1009,3.3456,0.4375,0.0
2008,00-0020480,S.Rosenfels,HOU,6,,,-1.99,5.762,1431,29,9,1469,6,0,0,0,6,10,2,12,8,14.077,191.0,-0.0104,172.0,9.0,5.0,5.0,0.0,0.0,0.0,0.0,23.5,15.4,-0.241,,,0.0,,,0.5288,0.1099,2.1707,0.5,1.0
2008,00-0022055,S.Wallace,SEA,9,,,9.27,6.043,1532,77,4,1613,11,0,0,0,11,3,4,7,4,10.889,268.0,0.0346,241.0,14.0,9.0,4.0,17.92,6.0,134.0,0.1337,36.4,37.9,0.015,,,0.0,,,0.4142,0.0784,-3.0047,0.25,0.0
2008,00-0025479,T.Edwards,BUF,14,,,11.81,5.874,2699,87,43,2829,11,0,3,0,14,10,7,17,7,11.586,422.0,0.028,373.0,23.0,15.0,11.0,2.19,1.0,58.0,0.0378,56.6,43.8,-0.073,,,0.0,,,0.4834,0.0948,2.4738,0.4375,0.0
2008,00-0024279,T.Jackson,MIN,7,,,6.97,6.429,1056,137,4,1197,9,0,0,0,9,2,4,6,10,12.633,184.0,0.0379,148.0,15.0,12.0,9.0,15.11,8.0,108.0,0.1399,22.1,23.1,0.154,,,0.0,,,0.4511,0.125,0.8801,0.625,0.5
2008,00-0021678,T.Romo,DAL,13,,,21.51,6.826,3448,56,-1,3503,26,0,0,0,26,14,7,21,9,13.407,485.0,0.0443,451.0,20.0,10.0,4.0,-49.66,5.0,171.0,-0.2904,61.8,57.8,0.59,,,0.0,,,0.4619,0.0866,4.5715,0.5625,1.0
2008,00-0025604,T.Thigpen,KC,14,,,-5.19,5.092,2608,280,112,3000,18,1,2,1,22,12,3,15,2,10.778,501.0,-0.0104,419.0,26.0,29.0,27.0,5.11,7.0,165.0,0.031,61.3,64.7,-0.133,,,0.0,,,0.4451,0.0858,-5.7937,0.125,0.0
2009,00-0023459,A.Rodgers,GB,16,,,134.27,7.475,4434,161,158,4753,30,2,3,0,35,7,7,14,11,16.464,637.0,0.2108,543.0,49.0,18.0,27.0,51.09,7.0,135.0,0.3785,76.4,68.6,2.325,,,0.0,,,0.4835,0.1005,3.9253,0.6875,0.0
2009,00-0023436,A.Smith,SF,11,,,-25.82,5.181,2350,48,13,2411,18,0,0,0,18,12,3,15,8,11.0,407.0,-0.0634,371.0,22.0,8.0,6.0,-26.64,5.0,143.0,-0.1863,50.2,50.0,-1.698,,,0.0,,,0.4005,0.0934,-1.5763,0.5,0.0
2009,00-0005106,B.Favre,MIN,16,,,126.16,7.638,4202,2,4,4208,33,0,0,0,33,7,4,11,12,18.077,565.0,0.2233,529.0,34.0,1.0,1.0,23.57,7.0,139.0,0.1696,66.4,58.9,2.222,,,0.0,,,0.508,0.0796,6.0361,0.75,0.5
2009,00-0024408,B.Gradkowski,LV,7,,,-1.77,5.81,1004,92,16,1112,6,0,0,0,6,3,3,6,0,0.0,174.0,-0.0102,147.0,11.0,10.0,6.0,-0.07,0.0,23.0,-0.0032,25.1,35.3,1.741,,,0.0,,,0.4195,0.0977,-2.2771,0.0,0.0
2009,00-0022177,B.Leftwich,TB,3,,,-13.99,4.9,594,5,2,601,4,0,0,0,4,3,0,3,3,8.133,115.0,-0.1217,108.0,2.0,2.0,3.0,0.0,0.0,0.0,0.0,13.5,16.0,-0.403,,,0.0,,,0.3217,0.0435,-1.9231,0.1875,0.0
2009,00-0025409,B.Quinn,CLE,10,,,-43.74,3.927,1339,40,61,1440,8,0,1,0,9,7,4,11,5,8.448,293.0,-0.1493,256.0,19.0,5.0,13.0,-7.7,0.0,41.0,-0.1878,33.4,36.0,-0.996,,,0.0,,,0.3618,0.1024,-7.2693,0.3125,0.0
2009,00-0022924,B.Roethlisberger,PIT,15,,,85.64,7.135,4328,75,21,4424,26,0,2,0,28,12,5,17,9,14.154,580.0,0.1476,505.0,50.0,10.0,15.0,22.93,7.0,165.0,0.139,71.0,68.3,1.997,,,0.0,,,0.5,0.119,5.3932,0.5625,0.0
2009,00-0026197,C.Henne,MIA,14,,,9.05,4.857,2878,17,22,2917,12,0,1,0,13,14,1,15,7,12.0,487.0,0.0186,450.0,26.0,3.0,8.0,12.21,4.0,165.0,0.074,52.1,32.5,0.231,,,0.0,,,0.4538,0.0862,-0.0909,0.4375,0.0
2009,00-0021429,C.Palmer,CIN,16,,,33.99,5.543,3094,89,15,3198,21,1,2,0,24,13,7,20,10,10.893,519.0,0.0655,464.0,26.0,15.0,14.0,-3.24,5.0,112.0,-0.029,62.6,75.0,1.358,,,0.0,,,0.474,0.0886,0.2366,0.625,0.0
2009,00-0019709,C.Redman,ATL,4,,,3.0,5.536,781,0,7,788,4,0,0,0,4,3,0,3,9,14.52,127.0,0.0237,117.0,8.0,0.0,2.0,10.62,1.0,36.0,0.2949,14.2,9.3,0.31,,,0.0,,,0.4488,0.0866,-5.3786,0.5625,0.0
2009,00-0023645,D.Anderson,CLE,8,,,-82.51,2.203,888,0,10,898,3,0,2,0,5,10,6,16,5,8.448,200.0,-0.4125,181.0,11.0,0.0,8.0,5.86,1.0,31.0,0.1891,20.8,20.0,-1.614,,,0.0,,,0.31,0.135,-14.1394,0.3125,0.0
2009,00-0020531,D.Brees,NO,15,,,156.02,8.311,4388,36,9,4433,34,0,2,0,36,11,9,20,13,17.586,544.0,0.2868,514.0,20.0,5.0,5.0,18.44,5.0,128.0,0.1441,67.3,62.1,4.122,,,0.0,,,0.5423,0.0754,7.5257,0.8125,0.0
2009,00-0003739,D.Culpepper,DET,8,,,-31.59,3.673,945,75,17,1037,3,0,0,0,3,6,1,7,2,9.357,188.0,-0.168,157.0,14.0,10.0,7.0,-24.24,2.0,109.0,-0.2224,21.2,10.7,-0.101,,,0.0,,,0.383,0.1117,-4.1549,0.125,0.0
2009,00-0021231,D.Garrard,JAX,16,,,-7.83,5.795,3597,249,90,3936,15,3,0,0,18,10,11,21,7,11.6,618.0,-0.0127,513.0,42.0,35.0,28.0,3.65,6.0,154.0,0.0237,73.0,50.0,-1.041,,,0.0,,,0.445,0.1052,1.8395,0.4375,0.0
2009,00-0011022,D.McNabb,PHI,14,,,45.01,6.843,3553,126,29,3708,22,1,1,0,24,10,4,14,11,15.321,503.0,0.0895,443.0,36.0,12.0,12.0,3.35,7.0,151.0,0.0222,62.9,57.1,0.93,,,0.0,,,0.4473,0.0994,0.0285,0.6875,0.0
2009,00-0022803,E.Manning,NYG,16,,,90.32,6.918,4021,67,5,4093,27,0,0,0,27,14,9,23,8,15.462,548.0,0.1648,507.0,30.0,7.0,4.0,23.66,7.0,145.0,0.1632,68.3,62.8,2.224,,,0.0,,,0.4672,0.0967,2.2707,0.5,0.0
2009,00-0023460,J.Campbell,WAS,16,,,8.74,5.609,3618,238,10,3866,20,0,1,0,21,15,5,20,4,9.852,584.0,0.015,505.0,42.0,27.0,10.0,-4.33,5.0,160.0,-0.027,76.1,63.6,-0.77,,,0.0,,,0.4555,0.1062,1.4414,0.25,0.0
2009,00-0024226,J.Cutler,CHI,16,,,-42.89,4.834,3666,154,27,3847,27,1,0,0,28,26,2,28,7,11.679,618.0,-0.0694,552.0,34.0,18.0,14.0,-3.45,10.0,149.0,-0.0231,76.6,84.8,0.162,,,0.0,,,0.4223,0.1019,0.5614,0.4375,0.0
2009,00-0004161,J.Delhomme,CAR,11,,,-56.39,3.465,2015,45,20,2080,8,0,0,0,8,18,3,21,8,11.25,352.0,-0.1602,317.0,23.0,6.0,6.0,0.0,0.0,0.0,0.0,37.6,20.5,-1.642,,,0.0,,,0.4261,0.1278,-4.6311,0.5,0.0
2009,00-0026158,J.Flacco,BAL,16,,,47.18,6.09,3610,50,18,3678,20,0,0,0,20,12,4,16,9,14.481,563.0,0.0838,496.0,37.0,14.0,16.0,13.37,7.0,107.0,0.1249,63.5,46.5,0.411,,,0.0,,,0.4618,0.0995,2.7304,0.5625,0.0
2009,00-0026993,J.Freeman,TB,10,,,-55.09,3.706,1857,162,4,2023,10,0,0,0,10,18,3,21,3,8.133,337.0,-0.1635,290.0,19.0,21.0,7.0,-26.57,3.0,139.0,-0.1911,45.4,40.0,-1.101,,,0.0,,,0.4095,0.1187,-4.1644,0.1875,0.0
2009,00-0026300,J.Johnson,TB,5,,,-31.35,2.544,685,147,2,834,4,0,0,0,4,8,1,9,3,8.133,157.0,-0.1997,125.0,11.0,18.0,3.0,0.0,0.0,0.0,0.0,18.7,16.0,-1.1,,,0.0,,,0.3949,0.1274,-9.076,0.1875,0.0
2009,00-0025388,J.Russell,LV,12,,,-117.56,2.331,1290,44,9,1343,3,0,0,0,3,11,7,18,0,0.0,291.0,-0.404,246.0,32.0,8.0,5.0,-17.46,1.0,52.0,-0.3357,30.3,17.6,-2.231,,,0.0,,,0.323,0.1718,-12.0079,0.0,0.0
2009,00-0022164,K.Boller,LA,7,,,-79.84,2.979,899,68,8,975,3,0,0,0,3,6,4,10,0,0.0,205.0,-0.3894,175.0,17.0,7.0,6.0,-12.19,0.0,16.0,-0.7619,20.9,13.6,-1.463,,,0.0,,,0.3805,0.1366,-8.4403,0.0,0.0
2009,00-0003292,K.Collins,TEN,7,,,-33.26,4.27,1225,13,5,1243,6,1,0,0,7,8,4,12,8,12.207,231.0,-0.144,217.0,5.0,2.0,7.0,8.42,1.0,19.0,0.443,22.6,20.0,-1.322,,,0.0,,,0.4069,0.0736,-4.6718,0.5,1.0
2009,00-0025423,K.Kolb,PHI,3,,,-2.29,6.53,741,5,1,747,4,0,1,0,5,3,1,4,11,15.321,103.0,-0.0222,96.0,4.0,1.0,2.0,0.0,0.0,0.0,0.0,12.7,11.9,0.158,,,0.0,,,0.4563,0.0777,1.5924,0.6875,0.0
2009,00-0027131,K.Null,LA,4,,,-58.45,1.0,558,6,0,564,3,0,0,0,3,9,1,10,0,0.0,136.0,-0.4298,118.0,13.0,3.0,2.0,-58.45,3.0,136.0,-0.4298,12.1,13.6,-1.151,,,0.0,,,0.3529,0.1691,-3.76,0.0,0.0
2009,00-0023541,K.Orton,DEN,16,,,25.03,6.181,3802,65,11,3878,21,0,0,0,21,12,4,16,8,11.643,590.0,0.0424,541.0,29.0,9.0,11.0,-5.1,7.0,192.0,-0.0265,69.2,63.6,1.157,,,0.0,,,0.4373,0.078,-1.1252,0.5,0.0
2009,00-0017200,K.Warner,ARI,15,,,31.56,6.584,3758,25,-5,3778,27,0,0,0,27,14,9,23,10,12.5,540.0,0.0584,507.0,24.0,5.0,4.0,-18.23,4.0,119.0,-0.1532,66.5,58.7,0.991,,,0.0,,,0.5074,0.0889,4.0374,0.625,0.0
2009,00-0019599,M.Bulger,LA,9,,,-48.78,4.651,1469,19,7,1495,5,0,0,0,5,6,2,8,0,0.0,267.0,-0.1827,247.0,14.0,5.0,1.0,0.0,0.0,0.0,0.0,32.0,22.7,-1.041,,,0.0,,,0.4007,0.0824,-5.695,0.0,0.0
2009,00-0023662,M.Cassel,KC,15,,,-100.12,4.266,2924,162,34,3120,16,0,0,0,16,16,3,19,4,9.484,579.0,-0.1729,491.0,42.0,25.0,21.0,-16.33,3.0,153.0,-0.1068,63.1,57.1,-2.34,,,0.0,,,0.3661,0.1088,-4.9918,0.25,0.0
2009,00-0007091,M.Hasselbeck,SEA,14,,,-74.99,4.597,3029,81,40,3150,17,0,0,0,17,17,6,23,5,9.655,544.0,-0.1378,489.0,32.0,14.0,9.0,-53.24,4.0,163.0,-0.3266,60.0,60.7,-1.523,,,0.0,,,0.4081,0.1011,-2.3949,0.3125,0.0
2009,00-0025708,M.Moore,CAR,7,,,17.12,7.061,1053,6,0,1059,8,0,0,0,8,2,0,2,8,11.25,151.0,0.1134,139.0,9.0,2.0,1.0,20.21,8.0,117.0,0.1727,19.1,20.5,0.199,,,0.0,,,0.4371,0.0728,0.7621,0.5,0.0
2009,00-0026143,M.Ryan,ATL,14,,,49.03,5.652,2916,47,14,2977,22,0,1,0,23,14,4,18,9,14.52,485.0,0.1011,447.0,19.0,11.0,8.0,11.68,6.0,108.0,0.1082,53.7,53.5,1.216,,,0.0,,,0.468,0.0763,-0.6694,0.5625,0.0
2009,00-0026898,M.Sanchez,NYJ,15,,,-64.64,4.054,2444,96,23,2563,12,1,2,0,15,20,5,25,9,11.226,420.0,-0.1539,366.0,26.0,16.0,12.0,-5.91,1.0,78.0,-0.0758,48.6,39.5,-1.349,,,0.0,,,0.419,0.1214,-5.5309,0.5625,0.0
2009,00-0022787,M.Schaub,HOU,16,,,105.87,7.462,4770,78,5,4853,29,0,0,0,29,15,6,21,9,12.933,634.0,0.167,580.0,26.0,17.0,11.0,26.12,7.0,154.0,0.1696,78.0,64.4,2.813,,,0.0,,,0.5189,0.0773,5.0244,0.5625,1.0
2009,00-0026498,M.Stafford,DET,10,,,-73.6,3.691,2267,110,0,2377,13,1,1,0,15,20,2,22,2,9.357,414.0,-0.1778,372.0,23.0,13.0,6.0,0.0,0.0,0.0,0.0,48.6,53.6,-0.455,,,0.0,,,0.3986,0.1111,-7.6632,0.125,0.0
2009,00-0010346,P.Manning,IND,16,,,166.44,7.502,4500,5,-1,4504,33,0,0,0,33,16,1,17,14,15.407,586.0,0.284,572.0,10.0,2.0,2.0,34.17,8.0,111.0,0.3079,76.4,64.7,5.248,,,0.0,,,0.5427,0.0478,6.4634,0.875,2.0
2009,00-0022942,P.Rivers,LAC,16,,,167.22,8.334,4254,46,10,4310,28,0,1,0,29,9,4,13,0,0.0,529.0,0.3161,484.0,25.0,9.0,11.0,50.15,7.0,118.0,0.425,73.1,63.0,4.045,,,0.0,,,0.5104,0.0794,6.5705,0.0,0.0
2009,00-0023682,R.Fitzpatrick,BUF,10,,,-39.28,4.093,1422,102,44,1568,9,1,0,0,10,10,3,13,6,9.214,274.0,-0.1434,226.0,22.0,15.0,11.0,-9.78,5.0,81.0,-0.1208,35.2,37.0,-0.917,,,0.0,,,0.3686,0.1277,-3.033,0.375,0.0
2009,00-0020679,S.Hill,SF,6,,,-15.78,4.89,943,55,17,1015,5,0,0,0,5,2,1,3,8,11.0,179.0,-0.0882,155.0,18.0,5.0,1.0,0.0,0.0,0.0,0.0,21.1,13.9,-0.177,,,0.0,,,0.3352,0.1173,-4.6492,0.5,0.0
2009,00-0022055,S.Wallace,SEA,10,,,-14.36,4.736,700,11,-4,707,3,1,0,0,4,2,3,5,5,9.655,140.0,-0.1026,120.0,9.0,4.0,7.0,-4.94,0.0,4.0,-1.234,13.5,14.3,-0.267,,,0.0,,,0.4286,0.1143,1.6547,0.3125,0.0
2009,00-0019596,T.Brady,NE,16,,,137.03,7.341,4398,35,20,4453,28,0,1,0,29,13,4,17,10,15.25,602.0,0.2276,568.0,16.0,6.0,12.0,22.26,6.0,111.0,0.2005,69.4,58.0,1.422,,,0.0,,,0.5199,0.0548,3.7827,0.625,0.5
2009,00-0025479,T.Edwards,BUF,8,,,-24.58,4.122,1169,102,4,1275,6,0,0,0,6,7,1,8,6,9.214,219.0,-0.1122,183.0,22.0,11.0,3.0,-3.06,0.0,3.0,-1.0217,28.6,22.2,-1.129,,,0.0,,,0.3653,0.137,0.1901,0.375,0.0
2009,00-0021678,T.Romo,DAL,16,,,104.16,7.564,4483,92,29,4604,26,0,1,0,27,9,6,15,11,13.885,600.0,0.1736,548.0,34.0,12.0,6.0,46.08,6.0,145.0,0.3178,70.7,65.9,2.777,,,0.0,,,0.485,0.0817,0.7207,0.6875,0.0
2009,00-0024218,V.Young,TEN,12,,,32.53,6.472,1879,182,107,2168,10,0,2,0,12,7,4,11,8,12.207,314.0,0.1036,258.0,9.0,27.0,20.0,11.76,5.0,95.0,0.1238,39.3,34.3,1.957,,,0.0,,,0.4522,0.0701,-0.918,0.5,1.0
2010,00-0023459,A.Rodgers,GB,15,,,111.66,7.528,3922,317,51,4290,28,1,3,0,32,11,6,17,10,13.857,556.0,0.2008,473.0,31.0,37.0,15.0,2.05,5.0,92.0,0.0223,76.2,74.4,1.91,,,0.0,,,0.5108,0.0881,5.9004,0.625,0.0
2010,00-0023436,A.Smith,SF,11,,,-15.41,5.651,2367,40,26,2433,14,0,0,0,14,10,3,13,6,10.893,375.0,-0.0411,339.0,25.0,6.0,5.0,1.45,5.0,113.0,0.0128,47.5,45.2,-0.368,,,0.0,,,0.4027,0.1013,-2.1584,0.375,0.0
2010,00-0005106,B.Favre,MIN,13,,,-67.21,4.554,2509,14,2,2525,11,0,0,0,11,19,7,26,6,10.036,389.0,-0.1728,359.0,22.0,3.0,5.0,-5.48,1.0,9.0,-0.6093,49.6,32.4,-1.869,,,0.0,,,0.4242,0.1234,-1.4843,0.375,0.0
2010,00-0024408,B.Gradkowski,LV,6,,,-21.88,4.565,1059,32,14,1105,5,0,0,0,5,7,1,8,0,0.0,177.0,-0.1236,158.0,10.0,5.0,4.0,0.0,0.0,0.0,0.0,19.3,13.5,-0.275,,,0.0,,,0.4011,0.1017,-7.3995,0.0,0.0
2010,00-0022924,B.Roethlisberger,PIT,12,,,82.21,7.533,3195,161,22,3378,17,1,1,0,19,5,5,10,12,13.889,435.0,0.189,380.0,31.0,14.0,10.0,34.63,5.0,149.0,0.2324,60.2,50.0,1.295,,,0.0,,,0.4805,0.0943,3.6382,0.75,0.5
2010,00-0026197,C.Henne,MIA,15,,,-14.66,5.029,3298,70,-2,3366,15,0,0,0,15,18,4,22,7,9.1,543.0,-0.027,489.0,30.0,19.0,5.0,-22.76,3.0,141.0,-0.1614,63.4,55.6,-1.426,,,0.0,,,0.4438,0.0976,-0.3813,0.4375,0.0
2010,00-0027688,C.McCoy,CLE,8,,,1.33,4.75,1576,134,8,1718,6,1,0,0,7,9,2,11,5,10.037,266.0,0.005,221.0,23.0,16.0,6.0,-6.84,3.0,111.0,-0.0616,36.4,24.1,-0.581,,,0.0,,,0.4586,0.1316,1.9652,0.3125,0.0
2010,00-0021429,C.Palmer,CIN,16,,,13.38,5.509,3936,47,14,3997,26,0,0,0,26,20,6,26,4,11.5,629.0,0.0213,583.0,26.0,9.0,11.0,8.65,6.0,127.0,0.0681,73.0,65.0,-1.874,,,0.0,,,0.4817,0.0827,0.7752,0.25,0.0
2010,00-0024296,C.Whitehurst,SEA,5,,,-24.26,3.764,507,39,11,557,2,1,0,0,3,3,1,4,7,11.071,119.0,-0.2038,101.0,5.0,9.0,4.0,-8.96,2.0,87.0,-0.1029,11.4,10.3,-0.598,,,0.0,,,0.3529,0.0756,-5.6802,0.4375,0.0
2010,00-0023645,D.Anderson,ARI,12,,,-63.18,4.473,2065,25,0,2090,7,0,0,0,7,10,4,14,5,9.323,358.0,-0.1765,328.0,25.0,3.0,2.0,0.0,0.0,0.0,0.0,45.7,28.0,-1.799,,,0.0,,,0.3911,0.1089,-8.1657,0.3125,0.0
2010,00-0020531,D.Brees,NO,16,,,77.93,6.013,4620,9,0,4629,33,0,0,0,33,22,3,25,11,15.36,685.0,0.1138,655.0,26.0,2.0,2.0,6.05,8.0,182.0,0.0333,75.2,70.2,2.738,,,0.0,,,0.4949,0.0759,5.9919,0.6875,0.0
2010,00-0021231,D.Garrard,JAX,14,,,32.85,5.713,2734,124,154,3012,23,1,4,0,28,15,5,20,8,12.607,455.0,0.0722,365.0,32.0,23.0,35.0,1.27,7.0,118.0,0.0108,53.9,66.7,1.75,,,0.0,,,0.4769,0.1209,4.417,0.5,0.0
2010,00-0011022,D.McNabb,WAS,13,,,-31.5,5.337,3377,144,14,3535,14,0,0,0,14,15,5,20,6,9.152,530.0,-0.0594,471.0,37.0,14.0,8.0,8.03,2.0,37.0,0.217,63.3,42.4,0.008,,,0.0,,,0.4189,0.1094,-3.2843,0.375,0.0
2010,00-0025430,D.Stanton,DET,6,,,5.09,5.553,780,67,49,896,4,0,1,0,5,3,2,5,6,11.677,138.0,0.0369,117.0,6.0,7.0,8.0,4.59,2.0,66.0,0.0695,16.5,12.8,0.146,,,0.0,,,0.4348,0.0797,-4.9761,0.375,0.0
2010,00-0022803,E.Manning,NYG,16,,,32.21,6.101,4002,84,3,4089,31,0,0,0,31,25,8,33,10,12.71,567.0,0.0568,538.0,16.0,10.0,3.0,15.67,8.0,143.0,0.1096,66.6,62.0,0.979,,,0.0,,,0.4691,0.0864,2.5469,0.625,0.0
2010,00-0023460,J.Campbell,LV,13,,,15.86,5.775,2387,212,17,2616,13,0,1,0,14,8,3,11,0,0.0,396.0,0.0401,327.0,33.0,25.0,11.0,14.29,5.0,138.0,0.1035,45.7,37.8,0.796,,,0.0,,,0.4141,0.1162,-0.1387,0.0,0.0
2010,00-0027659,J.Clausen,CAR,13,,,-113.24,2.991,1558,59,0,1617,3,0,0,0,3,9,2,11,2,6.759,352.0,-0.3217,298.0,33.0,12.0,9.0,-41.12,2.0,116.0,-0.3545,36.7,14.3,-2.204,,,0.0,,,0.3153,0.125,-8.8565,0.125,0.0
2010,00-0024226,J.Cutler,CHI,15,,,-19.36,5.416,3239,248,3,3490,23,1,0,0,24,16,10,26,11,11.133,517.0,-0.0375,433.0,52.0,28.0,4.0,-28.83,7.0,131.0,-0.2201,72.9,66.7,-0.648,,,0.0,,,0.4429,0.1528,1.5514,0.6875,0.0
2010,00-0004161,J.Delhomme,CLE,5,,,-52.28,3.558,872,0,3,875,2,0,0,0,2,7,2,9,5,10.037,158.0,-0.3309,148.0,6.0,0.0,4.0,-12.0,0.0,21.0,-0.5712,18.5,6.9,-1.332,,,0.0,,,0.3734,0.0949,2.1229,0.3125,0.0
2010,00-0026158,J.Flacco,BAL,16,,,35.07,6.383,3608,79,23,3710,25,0,1,0,26,10,5,15,12,13.222,553.0,0.0634,487.0,40.0,13.0,13.0,1.22,6.0,108.0,0.0113,68.7,72.2,0.75,,,0.0,,,0.4304,0.0995,2.8019,0.75,0.0
2010,00-0026993,J.Freeman,TB,16,,,90.65,7.034,3451,330,43,3824,25,0,0,0,25,5,5,10,10,13.115,560.0,0.1619,474.0,28.0,39.0,19.0,44.05,9.0,133.0,0.3312,73.2,67.6,2.719,,,0.0,,,0.4768,0.0696,1.7863,0.625,0.0
2010,00-0009311,J.Kitna,DAL,10,,,24.62,6.015,2365,120,34,2519,16,0,1,0,17,12,3,15,6,14.593,363.0,0.0678,319.0,21.0,16.0,7.0,1.09,5.0,107.0,0.0102,43.6,39.5,0.393,,,0.0,,,0.4711,0.1047,2.1379,0.375,0.0
2010,00-0027754,J.Skelton,ARI,5,,,-41.09,4.082,662,49,0,711,2,0,0,0,2,2,1,3,5,9.323,142.0,-0.2894,125.0,9.0,7.0,1.0,-39.2,2.0,135.0,-0.2904,15.5,8.0,-0.689,,,0.0,,,0.331,0.0845,-12.7421,0.3125,0.0
2010,00-0027796,J.Webb,MIN,4,,,-18.37,3.031,477,107,13,597,0,2,0,0,2,3,2,5,6,10.036,115.0,-0.1598,89.0,8.0,14.0,4.0,-18.37,2.0,115.0,-0.1598,11.7,5.9,0.019,,,0.0,,,0.4348,0.1217,-4.2151,0.375,0.0
2010,00-0003292,K.Collins,TEN,10,,,11.26,5.697,1823,4,1,1828,14,0,0,0,14,8,5,13,6,12.714,295.0,0.0382,277.0,13.0,1.0,4.0,21.75,9.0,148.0,0.147,37.3,36.8,-0.35,,,0.0,,,0.4441,0.0915,-0.8489,0.375,0.0
2010,00-0025423,K.Kolb,PHI,6,,,-15.28,4.592,1197,69,1,1267,7,0,0,0,7,7,3,10,10,15.138,213.0,-0.0717,187.0,14.0,7.0,5.0,-18.4,1.0,45.0,-0.4089,21.3,14.3,-1.214,,,0.0,,,0.4225,0.1221,0.575,0.625,0.0
2010,00-0023541,K.Orton,DEN,13,,,24.09,6.404,3641,99,5,3745,20,0,0,0,20,9,5,14,4,11.097,547.0,0.044,496.0,34.0,13.0,4.0,-35.36,0.0,43.0,-0.8224,66.0,50.0,-0.297,,,0.0,,,0.4333,0.0878,-1.8891,0.25,1.0
2010,00-0023662,M.Cassel,KC,15,,,61.68,6.679,3116,118,16,3250,27,0,0,0,27,7,2,9,10,12.2,497.0,0.1241,447.0,26.0,19.0,5.0,-6.45,4.0,111.0,-0.0581,57.0,64.3,1.06,,,0.0,,,0.4648,0.0704,-0.8021,0.625,0.5
2010,00-0007091,M.Hasselbeck,SEA,14,,,-30.9,4.768,2935,50,20,3005,12,3,0,0,15,17,7,24,7,11.071,482.0,-0.0641,440.0,29.0,8.0,5.0,-25.54,3.0,67.0,-0.3811,61.5,51.7,-0.525,,,0.0,,,0.4523,0.11,-0.8803,0.4375,0.0
2010,00-0025708,M.Moore,CAR,6,,,-40.28,2.69,857,23,2,882,5,0,0,0,5,10,4,14,2,6.759,160.0,-0.2517,142.0,13.0,4.0,1.0,0.0,0.0,0.0,0.0,20.0,23.8,-0.666,,,0.0,,,0.3937,0.1688,-3.3891,0.125,0.0
2010,00-0026143,M.Ryan,ATL,16,,,95.6,6.387,3456,131,10,3597,28,0,0,0,28,8,5,13,13,16.56,579.0,0.1651,529.0,21.0,22.0,7.0,19.6,7.0,144.0,0.1361,65.3,65.1,2.825,,,0.0,,,0.4732,0.0587,0.6748,0.8125,0.0
2010,00-0026898,M.Sanchez,NYJ,15,,,-6.28,5.425,3291,101,14,3406,17,1,2,0,20,13,2,15,11,12.233,553.0,-0.0114,503.0,27.0,12.0,11.0,0.42,2.0,121.0,0.0035,59.8,57.1,1.838,,,0.0,,,0.4159,0.0759,-5.3718,0.6875,0.0
2010,00-0022787,M.Schaub,HOU,16,,,74.31,6.782,4369,28,8,4405,24,0,0,0,24,12,4,16,6,15.0,615.0,0.1208,570.0,32.0,5.0,8.0,33.57,7.0,180.0,0.1865,68.9,52.2,1.126,,,0.0,,,0.4748,0.078,0.5747,0.375,1.0
2010,00-0026498,M.Stafford,DET,3,,,-3.36,5.683,535,10,1,546,6,0,1,0,7,1,2,3,6,11.677,105.0,-0.032,97.0,4.0,2.0,2.0,0.0,0.0,0.0,0.0,10.0,17.9,0.308,,,0.0,,,0.381,0.0667,-4.6915,0.375,0.0
2010,00-0020245,M.Vick,PHI,12,,,97.18,7.301,3018,525,160,3703,21,2,7,0,30,6,6,12,10,15.138,495.0,0.1963,370.0,35.0,54.0,36.0,-5.44,9.0,136.0,-0.04,62.1,61.2,1.696,,,0.0,,,0.4909,0.099,5.987,0.625,0.0
2010,00-0010346,P.Manning,IND,16,,,117.88,6.481,4700,6,27,4733,33,0,0,0,33,17,4,21,10,15.0,698.0,0.1689,679.0,16.0,1.0,2.0,33.73,9.0,149.0,0.2264,76.4,66.0,1.674,,,0.0,,,0.5086,0.053,4.13,0.625,1.0
2010,00-0022942,P.Rivers,LAC,16,,,141.13,7.782,4710,62,0,4772,30,0,0,0,30,13,8,21,0,0.0,600.0,0.2352,540.0,38.0,12.0,10.0,37.63,6.0,139.0,0.2707,73.4,60.0,1.172,,,0.0,,,0.495,0.1067,6.0711,0.0,0.0
2010,00-0023682,R.Fitzpatrick,BUF,13,,,-8.93,5.66,2992,178,93,3263,23,0,0,0,23,15,9,24,4,10.481,503.0,-0.0178,441.0,24.0,25.0,13.0,-17.52,3.0,101.0,-0.1735,66.7,71.9,-0.239,,,0.0,,,0.4294,0.0954,-1.1836,0.25,0.0
2010,00-0022121,R.Grossman,WAS,4,,,-17.71,5.364,884,2,5,891,7,0,0,0,7,4,5,9,6,9.152,145.0,-0.1221,134.0,9.0,1.0,1.0,-8.86,7.0,137.0,-0.0647,16.0,21.2,-0.841,,,0.0,,,0.4276,0.1241,-6.5443,0.375,0.0
2010,00-0027854,S.Bradford,LA,16,,,-53.75,4.711,3475,71,1,3547,18,0,1,0,19,15,3,18,0,0.0,637.0,-0.0844,585.0,34.0,16.0,2.0,-35.58,2.0,161.0,-0.221,70.5,65.5,-1.591,,,0.0,,,0.4066,0.0816,-4.4203,0.0,0.0
2010,00-0020679,S.Hill,DET,11,,,20.87,5.447,2686,101,20,2807,16,0,0,0,16,12,2,14,6,11.677,452.0,0.0462,415.0,17.0,12.0,8.0,5.79,3.0,71.0,0.0816,51.6,41.0,-0.751,,,0.0,,,0.4602,0.0708,-2.0362,0.375,0.0
2010,00-0022055,S.Wallace,CLE,5,,,1.07,6.028,694,12,0,706,4,0,0,0,4,2,0,2,5,10.037,112.0,0.0096,102.0,6.0,3.0,1.0,-1.34,0.0,2.0,-0.6697,15.0,13.8,-0.079,,,0.0,,,0.4196,0.0714,1.5902,0.3125,0.0
2010,00-0019596,T.Brady,NE,16,,,146.53,8.234,3900,20,22,3942,36,0,1,0,37,4,3,7,14,19.923,536.0,0.2734,493.0,25.0,4.0,14.0,32.5,9.0,117.0,0.2778,65.8,66.1,3.038,,,0.0,,,0.5,0.0634,3.1804,0.875,0.0
2010,00-0025479,T.Edwards,BUF,4,,,-40.01,2.152,521,39,19,579,2,0,0,0,2,5,2,7,4,10.481,126.0,-0.3175,101.0,11.0,7.0,7.0,-7.14,1.0,31.0,-0.2302,11.8,6.2,-0.825,,,0.0,,,0.3571,0.1429,-6.8217,0.25,0.0
2010,00-0021678,T.Romo,DAL,6,,,19.4,6.677,1605,35,5,1645,11,0,0,0,11,7,2,9,6,14.593,224.0,0.0866,213.0,7.0,3.0,1.0,0.0,0.0,0.0,0.0,28.5,25.6,0.91,,,0.0,,,0.4955,0.0714,6.1023,0.375,0.0
2010,00-0025561,T.Smith,SF,6,,,-4.8,5.84,1138,113,9,1260,5,0,1,0,6,4,1,5,6,10.893,184.0,-0.0261,144.0,18.0,16.0,6.0,-2.45,1.0,25.0,-0.0979,24.6,19.4,0.845,,,0.0,,,0.375,0.1359,-8.9845,0.375,0.0
2010,00-0024218,V.Young,TEN,9,,,20.08,7.294,1255,105,26,1386,10,0,0,0,10,3,4,7,6,12.714,188.0,0.1068,157.0,13.0,12.0,6.0,0.0,0.0,0.0,0.0,28.3,26.3,0.14,,,0.0,,,0.4468,0.117,1.6695,0.375,0.0
2011,00-0027973,A.Dalton,CIN,16,,,-2.51,5.643,3398,136,24,3558,20,0,1,0,21,13,3,16,9,11.862,570.0,-0.0044,517.0,24.0,24.0,5.0,-9.58,3.0,143.0,-0.067,69.0,65.6,-1.08,,,0.0,,,0.4246,0.0702,-1.4935,0.5625,0.0
2011,00-0020305,A.Feeley,LA,4,,,-28.92,3.794,548,6,0,554,1,0,0,0,1,2,3,5,0,0.0,108.0,-0.2678,97.0,10.0,1.0,0.0,0.0,0.0,0.0,0.0,11.4,5.0,-0.282,,,0.0,,,0.3611,0.1389,-8.8933,0.0,0.0
2011,00-0023459,A.Rodgers,GB,15,,,222.93,9.304,4424,260,8,4692,43,3,0,0,46,6,0,6,15,19.31,565.0,0.3946,481.0,35.0,42.0,7.0,20.38,7.0,86.0,0.237,72.5,73.0,4.609,,,0.0,,,0.5345,0.0761,8.811,0.9375,0.0
2011,00-0023436,A.Smith,SF,16,,,30.56,6.154,3144,163,32,3339,17,1,1,0,19,5,3,8,13,12.667,522.0,0.0585,445.0,43.0,25.0,9.0,4.83,3.0,141.0,0.0343,65.6,59.4,0.149,,,0.0,,,0.4349,0.0996,-0.7351,0.8125,0.0
2011,00-0027948,B.Gabbert,JAX,15,,,-116.94,3.686,2214,102,10,2326,12,0,0,0,12,11,5,16,5,8.379,486.0,-0.2406,412.0,40.0,21.0,13.0,-38.26,4.0,129.0,-0.2966,53.2,52.2,-3.026,,,0.0,,,0.3333,0.1152,-10.9005,0.3125,0.5
2011,00-0022924,B.Roethlisberger,PIT,15,,,70.42,6.53,4077,75,6,4158,21,0,0,0,21,14,9,23,12,13.0,569.0,0.1238,511.0,40.0,13.0,5.0,-0.04,2.0,112.0,-0.0004,67.5,60.0,1.718,,,0.0,,,0.471,0.1125,2.9447,0.75,0.0
2011,00-0025970,C.Hanie,CHI,4,,,-60.39,1.144,613,97,1,711,3,0,0,0,3,9,1,10,8,11.767,131.0,-0.461,99.0,19.0,12.0,1.0,-29.23,1.0,56.0,-0.5219,13.8,9.1,-1.711,,,0.0,,,0.374,0.2214,-7.2106,0.5,0.0
2011,00-0026197,C.Henne,MIA,4,,,17.13,5.699,868,103,10,981,4,0,1,0,5,4,0,4,6,10.281,137.0,0.125,112.0,11.0,11.0,3.0,0.0,0.0,0.0,0.0,18.7,15.6,-0.131,,,0.0,,,0.4599,0.1095,1.1564,0.375,0.0
2011,00-0027688,C.McCoy,CLE,13,,,-31.67,4.644,2682,204,16,2902,14,0,0,0,14,11,2,13,4,8.385,546.0,-0.058,462.0,32.0,38.0,14.0,-6.33,0.0,44.0,-0.1439,63.6,66.7,-1.261,,,0.0,,,0.4176,0.0842,-3.7007,0.25,0.0
2011,00-0027939,C.Newton,CAR,16,,,78.4,6.254,4051,364,349,4764,21,1,13,0,35,17,6,23,6,15.615,670.0,0.117,516.0,35.0,47.0,72.0,12.44,9.0,135.0,0.0921,77.6,72.9,0.816,,,0.0,,,0.4627,0.0925,-0.3575,0.375,0.0
2011,00-0027134,C.Painter,IND,9,,,-58.01,4.431,1541,106,3,1650,6,0,0,0,6,9,5,14,2,9.0,275.0,-0.2109,244.0,16.0,9.0,6.0,0.0,0.0,0.0,0.0,35.0,24.0,-1.734,,,0.0,,,0.3964,0.1091,-7.9609,0.125,0.0
2011,00-0021429,C.Palmer,LV,10,,,34.57,6.707,2689,23,-2,2710,13,0,1,0,14,14,3,17,0,0.0,342.0,0.1011,311.0,17.0,5.0,9.0,26.52,5.0,142.0,0.1868,44.3,35.0,1.176,,,0.0,,,0.4912,0.1082,2.7707,0.0,0.0
2011,00-0027950,C.Ponder,MIN,11,,,-45.93,4.225,1841,204,18,2063,13,0,0,0,13,13,4,17,3,11.724,345.0,-0.1331,290.0,30.0,21.0,4.0,-32.21,4.0,92.0,-0.3501,39.8,31.0,-1.101,,,0.0,,,0.3884,0.1362,-6.9174,0.1875,0.0
2011,00-0020531,D.Brees,NO,16,,,212.91,8.309,5535,82,8,5625,46,1,0,0,47,14,3,17,13,21.038,699.0,0.3046,658.0,24.0,12.0,5.0,74.33,16.0,169.0,0.4398,73.7,74.6,4.74,,,0.0,,,0.5479,0.0601,7.2989,0.8125,0.0
2011,00-0011022,D.McNabb,MIN,6,,,-15.46,5.25,1026,65,-4,1087,4,1,0,0,5,2,2,4,3,11.724,184.0,-0.084,156.0,16.0,8.0,4.0,0.0,0.0,0.0,0.0,21.0,11.9,-1.002,,,0.0,,,0.3967,0.1196,-3.1374,0.1875,0.0
2011,00-0023578,D.Orlovsky,IND,8,,,2.52,5.181,1201,9,0,1210,6,0,0,0,6,4,4,8,2,9.0,206.0,0.0122,190.0,14.0,2.0,0.0,-12.25,4.0,144.0,-0.0851,25.7,24.0,-0.038,,,0.0,,,0.4757,0.1068,2.7126,0.125,0.0
2011,00-0022803,E.Manning,NYG,16,,,78.72,7.446,4926,43,-9,4960,29,1,0,0,30,16,6,22,9,12.71,629.0,0.1252,588.0,28.0,10.0,3.0,16.68,6.0,157.0,0.1062,78.3,61.2,2.324,,,0.0,,,0.469,0.0811,1.4393,0.5625,0.5
2011,00-0025427,J.Beck,WAS,4,,,-27.52,4.255,858,42,2,902,2,1,1,0,4,4,4,8,5,10.286,158.0,-0.1742,133.0,16.0,8.0,1.0,0.0,0.0,0.0,0.0,16.1,14.3,-0.959,,,0.0,,,0.4177,0.1519,-2.0425,0.3125,0.0
2011,00-0023460,J.Campbell,LV,6,,,13.03,6.38,1170,62,3,1235,6,0,2,0,8,4,2,6,0,0.0,186.0,0.07,166.0,5.0,8.0,7.0,0.0,0.0,0.0,0.0,20.2,20.0,0.585,,,0.0,,,0.4624,0.0645,2.7263,0.0,0.0
2011,00-0024226,J.Cutler,CHI,10,,,-9.36,6.246,2319,47,2,2368,13,0,1,0,14,7,4,11,8,11.767,350.0,-0.0267,314.0,23.0,7.0,6.0,0.0,0.0,0.0,0.0,46.0,42.4,0.374,,,0.0,,,0.4257,0.1,-1.1358,0.5,0.0
2011,00-0026158,J.Flacco,BAL,16,,,41.85,5.702,3610,91,18,3719,20,0,1,0,21,12,6,18,12,12.194,592.0,0.0707,542.0,31.0,9.0,10.0,13.67,7.0,120.0,0.1139,66.9,56.8,1.15,,,0.0,,,0.4307,0.0828,-1.8753,0.75,0.0
2011,00-0026993,J.Freeman,TB,15,,,-44.77,4.841,3587,212,35,3834,16,1,3,0,20,21,10,31,4,11.038,623.0,-0.0719,549.0,29.0,27.0,18.0,-36.23,6.0,167.0,-0.217,75.8,69.0,-0.798,,,0.0,,,0.4639,0.0963,-1.0074,0.25,0.0
2011,00-0027754,J.Skelton,ARI,8,,,-50.94,4.515,1913,128,7,2048,11,0,0,0,11,14,2,16,8,10.759,319.0,-0.1597,274.0,23.0,17.0,5.0,-21.18,7.0,183.0,-0.1158,38.0,32.4,-0.391,,,0.0,,,0.4138,0.1223,-5.864,0.5,0.0
2011,00-0024264,K.Clemens,LA,3,,,-13.5,4.73,546,37,0,583,2,1,0,0,3,1,0,1,0,0.0,105.0,-0.1285,91.0,9.0,5.0,0.0,-13.5,3.0,105.0,-0.1285,12.0,15.0,-0.507,,,0.0,,,0.4286,0.0952,-9.8102,0.0,0.0
2011,00-0003292,K.Collins,IND,3,,,-29.7,4.317,481,0,0,481,2,0,0,0,2,1,3,4,2,9.0,102.0,-0.2912,96.0,5.0,0.0,1.0,0.0,0.0,0.0,0.0,10.2,8.0,-0.919,,,0.0,,,0.3824,0.0882,-10.8268,0.125,0.0
2011,00-0025423,K.Kolb,ARI,9,,,-13.34,5.498,1955,58,10,2023,9,0,0,0,9,8,4,12,8,10.759,296.0,-0.0451,253.0,30.0,8.0,5.0,-2.56,0.0,2.0,-1.2811,37.5,26.5,-1.379,,,0.0,,,0.4122,0.1419,-4.9468,0.5,0.0
2011,00-0023541,K.Orton,DEN,9,,,8.83,5.667,1758,23,0,1781,9,0,0,0,9,9,4,13,8,10.3,264.0,0.0334,251.0,10.0,3.0,0.0,15.43,1.0,98.0,0.1575,35.1,25.0,-0.17,,,0.0,,,0.4659,0.0871,-1.8654,0.5,0.0
2011,00-0023662,M.Cassel,KC,9,,,-20.99,4.786,1713,103,1,1817,10,0,0,0,10,9,3,12,7,7.31,310.0,-0.0677,268.0,22.0,18.0,2.0,0.0,0.0,0.0,0.0,35.9,55.6,0.516,,,0.0,,,0.4032,0.1097,-1.0548,0.4375,0.0
2011,00-0007091,M.Hasselbeck,TEN,16,,,-8.0,5.818,3518,44,20,3582,18,0,0,0,18,14,5,19,9,11.607,541.0,-0.0148,513.0,19.0,7.0,2.0,-16.52,3.0,128.0,-0.1291,65.7,54.5,0.089,,,0.0,,,0.4288,0.0721,-1.0235,0.5625,0.0
2011,00-0025708,M.Moore,MIA,13,,,-19.5,5.685,2497,69,5,2571,16,0,2,0,18,9,9,18,6,10.281,406.0,-0.048,348.0,36.0,11.0,11.0,-15.24,7.0,119.0,-0.128,49.0,56.2,-0.732,,,0.0,,,0.3966,0.1404,2.8532,0.375,0.0
2011,00-0026143,M.Ryan,ATL,16,,,85.48,6.901,4177,101,6,4284,29,0,2,0,31,12,4,16,10,14.889,608.0,0.1406,560.0,26.0,15.0,7.0,42.66,10.0,131.0,0.3257,69.9,66.0,1.651,,,0.0,,,0.4737,0.0707,1.9866,0.625,0.0
2011,00-0026898,M.Sanchez,NYJ,16,,,-72.79,5.079,3474,93,17,3584,26,0,6,0,32,18,10,28,8,12.567,608.0,-0.1197,540.0,39.0,16.0,13.0,-44.44,10.0,162.0,-0.2743,69.6,66.7,-2.051,,,0.0,,,0.4046,0.1102,-3.8988,0.5,0.0
2011,00-0022787,M.Schaub,HOU,10,,,65.63,7.879,2479,13,3,2495,15,1,1,0,17,6,1,7,10,12.29,314.0,0.209,290.0,16.0,5.0,3.0,0.0,0.0,0.0,0.0,40.9,42.5,1.167,,,0.0,,,0.4904,0.0732,-0.1225,0.625,0.0
2011,00-0026498,M.Stafford,DET,16,,,85.41,6.912,5100,71,12,5183,41,0,0,0,41,16,5,21,10,15.29,731.0,0.1168,676.0,38.0,11.0,6.0,60.04,14.0,194.0,0.3095,78.5,74.5,2.52,,,0.0,,,0.4884,0.0807,1.2825,0.625,1.0
2011,00-0020245,M.Vick,PHI,13,,,60.11,6.592,3303,531,65,3899,18,1,0,0,19,14,7,21,8,12.774,508.0,0.1183,418.0,23.0,51.0,16.0,26.06,8.0,138.0,0.1889,65.5,43.2,1.55,,,0.0,,,0.5098,0.0886,1.0852,0.5,1.0
2011,00-0022942,P.Rivers,LAC,16,,,96.61,6.666,4624,49,-8,4665,27,1,0,0,28,20,5,25,0,0.0,631.0,0.1531,580.0,30.0,9.0,12.0,50.62,8.0,136.0,0.3722,72.4,58.3,1.335,,,0.0,,,0.4976,0.1014,3.86,0.0,0.0
2011,00-0023682,R.Fitzpatrick,BUF,16,,,-8.46,5.308,3808,178,45,4031,24,0,0,0,24,23,3,26,6,12.4,633.0,-0.0134,563.0,22.0,26.0,22.0,-28.46,4.0,175.0,-0.1626,72.0,61.5,-0.261,,,0.0,,,0.4534,0.0806,1.1319,0.375,0.0
2011,00-0022121,R.Grossman,WAS,13,,,-17.57,4.917,3151,16,6,3173,16,0,1,0,17,20,6,26,5,10.286,491.0,-0.0358,457.0,25.0,4.0,5.0,0.3,6.0,149.0,0.002,56.6,60.7,-0.308,,,0.0,,,0.4318,0.1039,-1.215,0.3125,0.0
2011,00-0027854,S.Bradford,LA,10,,,-111.67,4.462,2147,41,-8,2180,6,0,0,0,6,6,9,15,0,0.0,404.0,-0.2764,356.0,36.0,4.0,8.0,-7.29,0.0,33.0,-0.221,45.0,30.0,-2.787,,,0.0,,,0.3663,0.1287,-8.007,0.0,0.0
2011,00-0022055,S.Wallace,CLE,5,,,-14.49,4.387,567,74,-3,638,2,0,0,0,2,2,1,3,4,8.385,117.0,-0.1239,105.0,6.0,5.0,1.0,-13.69,2.0,116.0,-0.118,14.0,9.5,-0.803,,,0.0,,,0.359,0.0855,-10.287,0.25,0.0
2011,00-0019596,T.Brady,NE,16,,,202.47,8.158,5162,73,46,5281,39,0,3,0,42,12,3,15,13,19.731,675.0,0.3,609.0,32.0,13.0,21.0,53.22,12.0,177.0,0.3007,75.9,72.4,5.015,,,0.0,,,0.557,0.0696,3.9087,0.8125,2.0
2011,00-0024279,T.Jackson,SEA,15,,,-19.37,5.092,3091,102,13,3206,14,1,0,0,15,13,5,18,7,10.7,521.0,-0.0372,449.0,41.0,20.0,11.0,-12.6,4.0,145.0,-0.0869,63.0,46.9,-1.407,,,0.0,,,0.4242,0.1171,1.438,0.4375,0.0
2011,00-0024812,T.Palko,KC,6,,,-31.19,3.063,796,20,-5,811,2,0,0,0,2,7,1,8,7,7.31,148.0,-0.2108,132.0,11.0,2.0,3.0,-8.92,1.0,38.0,-0.2347,16.0,11.1,-0.636,,,0.0,,,0.3851,0.1351,-2.5643,0.4375,0.0
2011,00-0021678,T.Romo,DAL,16,,,83.26,7.449,4184,51,2,4237,31,0,1,0,32,10,6,16,8,13.667,565.0,0.1474,518.0,36.0,7.0,4.0,24.84,10.0,112.0,0.2218,68.4,78.0,2.816,,,0.0,,,0.4867,0.092,4.4282,0.5,0.0
2011,00-0027876,T.Tebow,DEN,13,,,-50.85,4.881,1729,248,415,2392,12,0,6,0,18,6,7,13,8,10.3,423.0,-0.1202,269.0,33.0,32.0,89.0,-36.5,5.0,165.0,-0.2212,47.1,50.0,-0.492,,,0.0,,,0.3783,0.1395,-8.0983,0.5,0.0
2011,00-0028090,T.Yates,HOU,6,,,-2.08,5.479,949,48,17,1014,3,0,0,0,3,3,4,7,10,12.29,155.0,-0.0134,131.0,15.0,6.0,3.0,2.32,2.0,110.0,0.0211,16.6,7.5,0.404,,,0.0,,,0.4452,0.1419,-1.7048,0.625,0.0
2011,00-0024218,V.Young,PHI,5,,,-4.66,4.156,866,79,4,949,4,0,0,0,4,9,0,9,8,12.774,137.0,-0.034,114.0,8.0,13.0,2.0,-3.46,0.0,3.0,-1.153,15.9,9.1,-0.025,,,0.0,,,0.438,0.1241,-1.8211,0.5,1.0
2012,00-0027973,A.Dalton,CIN,16,,,3.86,5.709,3669,113,22,3804,27,1,3,0,31,16,8,24,10,13.033,602.0,0.0064,525.0,46.0,19.0,12.0,-27.04,4.0,141.0,-0.1918,69.7,72.1,-0.046,,,0.0,,,0.4535,0.1196,1.4555,0.625,1.0
2012,00-0029668,A.Luck,IND,16,,,47.6,5.716,4374,241,29,4644,23,2,3,0,28,18,6,24,11,12.75,704.0,0.0676,620.0,41.0,34.0,9.0,-1.03,6.0,145.0,-0.0071,79.8,75.7,3.206,,,0.0,,,0.4616,0.0923,-4.3137,0.6875,0.0
2012,00-0023459,A.Rodgers,GB,16,,,127.75,7.333,4295,255,21,4571,39,1,1,0,41,8,5,13,11,14.931,644.0,0.1984,552.0,51.0,35.0,6.0,42.1,12.0,159.0,0.2648,78.7,83.7,2.827,,,0.0,,,0.514,0.0994,5.836,0.6875,0.0
2012,00-0023436,A.Smith,SF,10,,,38.64,6.756,1737,103,39,1879,13,0,0,0,13,5,1,6,11,13.69,264.0,0.1464,218.0,24.0,13.0,9.0,-0.57,0.0,1.0,-0.566,32.7,31.0,0.905,,,0.0,,,0.5038,0.1136,5.2337,0.6875,0.0
2012,00-0027948,B.Gabbert,JAX,10,,,-45.0,4.651,1662,50,8,1720,9,0,0,0,9,6,4,10,2,8.793,320.0,-0.1406,282.0,22.0,9.0,7.0,0.0,0.0,0.0,0.0,34.3,30.0,-0.346,,,0.0,,,0.4094,0.1,-5.2153,0.125,0.0
2012,00-0025409,B.Quinn,KC,10,,,-78.55,3.202,1141,66,3,1210,2,0,0,0,2,8,0,8,2,7.536,233.0,-0.3371,197.0,21.0,12.0,3.0,-57.88,0.0,111.0,-0.5214,23.6,9.1,-1.217,,,0.0,,,0.3519,0.1245,-4.2067,0.125,0.0
2012,00-0022924,B.Roethlisberger,PIT,13,,,62.94,6.827,3265,90,13,3368,26,0,0,0,26,8,5,13,8,11.2,492.0,0.1279,445.0,30.0,12.0,5.0,-1.34,9.0,151.0,-0.0089,61.9,66.7,2.039,,,0.0,,,0.5,0.0874,2.4679,0.5,0.0
2012,00-0029677,B.Weeden,CLE,15,,,-25.4,4.989,3385,103,13,3501,14,0,0,0,14,17,2,19,5,9.438,566.0,-0.0449,516.0,28.0,14.0,8.0,-8.74,1.0,95.0,-0.092,68.0,46.7,-1.954,,,0.0,,,0.417,0.083,-4.6545,0.3125,0.0
2012,00-0026197,C.Henne,JAX,10,,,-52.78,4.91,2084,57,10,2151,11,0,1,0,12,11,3,14,2,8.793,350.0,-0.1508,306.0,28.0,11.0,5.0,-33.26,3.0,188.0,-0.1769,42.9,40.0,-0.581,,,0.0,,,0.4,0.12,-4.9404,0.125,0.0
2012,00-0027974,C.Kaepernick,SF,13,,,49.83,7.551,1814,204,220,2238,10,0,5,0,15,3,4,7,11,13.69,291.0,0.1712,218.0,16.0,24.0,33.0,18.07,8.0,139.0,0.13,38.9,35.7,1.239,,,0.0,,,0.4811,0.0928,4.4803,0.6875,0.0
2012,00-0027939,C.Newton,CAR,16,,,101.1,6.676,3869,291,462,4622,19,1,7,0,27,12,3,15,7,12.75,636.0,0.159,483.0,36.0,35.0,82.0,47.54,7.0,162.0,0.2935,80.9,61.4,1.278,,,0.0,,,0.4654,0.0943,-1.6395,0.4375,0.0
2012,00-0021429,C.Palmer,LV,15,,,12.24,6.151,4018,25,14,4057,22,0,1,0,23,14,7,21,0,0.0,604.0,0.0203,564.0,26.0,4.0,10.0,3.58,2.0,66.0,0.0542,71.8,76.7,-0.243,,,0.0,,,0.4536,0.0795,-0.4272,0.0,0.0
2012,00-0027950,C.Ponder,MIN,16,,,-9.21,4.973,2935,264,7,3206,18,2,0,0,20,12,6,18,10,14.037,561.0,-0.0164,485.0,32.0,38.0,6.0,17.1,5.0,113.0,0.1513,60.2,57.1,0.467,,,0.0,,,0.426,0.0927,-2.3841,0.625,1.0
2012,00-0020531,D.Brees,NO,16,,,99.23,7.203,5177,15,1,5193,43,0,1,0,44,19,4,23,7,16.464,697.0,0.1424,667.0,26.0,3.0,1.0,46.28,12.0,182.0,0.2543,76.8,78.6,2.157,,,0.0,,,0.5036,0.0703,0.9945,0.4375,0.0
2012,00-0022803,E.Manning,NYG,16,,,56.58,6.589,3948,41,0,3989,26,0,0,0,26,15,1,16,9,14.793,565.0,0.1001,536.0,19.0,9.0,1.0,2.14,10.0,115.0,0.0186,68.8,56.5,1.848,,,0.0,,,0.4814,0.0619,0.7349,0.5625,0.0
2012,00-0024226,J.Cutler,CHI,15,,,-8.15,5.355,3033,248,0,3281,19,0,0,0,19,14,5,19,10,12.931,498.0,-0.0164,435.0,38.0,24.0,1.0,-21.5,4.0,137.0,-0.157,65.5,55.9,-0.65,,,0.0,,,0.4197,0.1145,-1.0629,0.625,0.5
2012,00-0026158,J.Flacco,BAL,16,,,10.85,6.314,3817,24,10,3851,22,0,3,0,25,10,4,14,10,13.724,588.0,0.0184,532.0,35.0,3.0,18.0,-8.29,8.0,118.0,-0.0703,66.1,59.5,0.049,,,0.0,,,0.4235,0.0918,0.0191,0.625,0.0
2012,00-0026993,J.Freeman,TB,16,,,26.28,6.278,4065,147,16,4228,27,0,0,0,27,17,2,19,7,13.893,616.0,0.0427,560.0,26.0,19.0,11.0,-35.13,4.0,188.0,-0.1868,72.2,62.8,0.925,,,0.0,,,0.4237,0.0731,-4.16,0.4375,0.0
2012,00-0027946,J.Locker,TEN,11,,,-18.48,5.103,2176,269,23,2468,10,0,1,0,11,11,5,16,6,11.379,379.0,-0.0488,314.0,25.0,30.0,10.0,-23.43,3.0,135.0,-0.1735,49.8,34.4,-0.207,,,0.0,,,0.3799,0.1135,-3.7366,0.375,0.0
2012,00-0027754,J.Skelton,ARI,7,,,-69.57,3.112,1132,3,2,1137,2,0,0,0,2,9,2,11,5,8.333,219.0,-0.3177,200.0,15.0,2.0,2.0,-28.23,0.0,25.0,-1.1294,25.4,7.1,-1.566,,,0.0,,,0.3699,0.1187,-9.578,0.3125,0.0
2012,00-0025423,K.Kolb,ARI,6,,,-13.82,4.929,1169,89,14,1272,8,0,1,0,9,3,2,5,5,8.333,222.0,-0.0623,183.0,27.0,7.0,5.0,0.0,0.0,0.0,0.0,28.4,32.1,-0.23,,,0.0,,,0.4324,0.1486,-4.6563,0.3125,0.0
2012,00-0023662,M.Cassel,KC,9,,,-51.18,4.412,1796,136,11,1943,6,0,1,0,7,12,9,21,2,7.536,314.0,-0.163,270.0,19.0,16.0,9.0,0.0,0.0,0.0,0.0,37.8,31.8,-1.36,,,0.0,,,0.4363,0.1306,-1.9136,0.125,0.0
2012,00-0007091,M.Hasselbeck,TEN,8,,,-28.83,4.996,1367,45,0,1412,7,0,0,0,7,5,4,9,6,11.379,243.0,-0.1186,222.0,14.0,6.0,1.0,0.0,0.0,0.0,0.0,28.5,21.9,0.17,,,0.0,,,0.428,0.0947,-1.0785,0.375,0.0
2012,00-0026143,M.Ryan,ATL,16,,,142.5,7.017,4719,148,4,4871,32,1,0,0,33,14,3,17,13,14.964,667.0,0.2136,616.0,28.0,20.0,3.0,51.16,10.0,164.0,0.312,81.4,73.3,3.433,,,0.0,,,0.5247,0.0675,5.6589,0.8125,0.0
2012,00-0026898,M.Sanchez,NYJ,15,,,-98.09,4.37,2883,30,3,2916,13,0,0,0,13,18,11,29,6,10.036,503.0,-0.195,452.0,34.0,8.0,9.0,-40.83,1.0,94.0,-0.4343,58.2,44.8,-3.47,,,0.0,,,0.4115,0.1272,-6.1546,0.375,0.0
2012,00-0022787,M.Schaub,HOU,16,,,83.7,6.466,4008,10,0,4018,22,0,0,0,22,12,0,12,12,13.419,576.0,0.1453,544.0,27.0,2.0,3.0,-0.72,1.0,144.0,-0.005,65.0,53.7,2.924,,,0.0,,,0.4774,0.0677,0.3659,0.75,0.0
2012,00-0026498,M.Stafford,DET,16,,,12.8,5.83,4967,102,28,5097,20,0,4,0,24,17,9,26,4,11.273,784.0,0.0163,724.0,29.0,19.0,12.0,-28.45,5.0,201.0,-0.1416,76.6,53.3,-0.269,,,0.0,,,0.4732,0.0702,-2.5444,0.25,1.0
2012,00-0020245,M.Vick,PHI,10,,,-9.79,5.302,2362,309,30,2701,12,0,1,0,13,10,6,16,4,9.032,432.0,-0.0227,349.0,28.0,39.0,16.0,-0.66,1.0,41.0,-0.016,48.2,37.1,-0.767,,,0.0,,,0.4329,0.1065,0.2107,0.25,0.0
2012,00-0029567,N.Foles,PHI,7,,,-31.73,5.115,1699,39,3,1741,6,1,0,0,7,5,5,10,4,9.032,297.0,-0.1068,266.0,20.0,7.0,4.0,-15.12,5.0,153.0,-0.0988,31.0,20.0,-0.535,,,0.0,,,0.3939,0.101,0.2268,0.25,0.0
2012,00-0010346,P.Manning,DEN,16,,,153.1,7.919,4659,28,-2,4685,37,0,0,0,37,11,6,17,13,16.033,609.0,0.2514,581.0,21.0,5.0,2.0,59.18,8.0,140.0,0.4227,72.0,72.5,3.149,,,0.0,,,0.5287,0.0657,7.3683,0.8125,0.0
2012,00-0022942,P.Rivers,LAC,16,,,-14.05,5.47,3606,53,-4,3655,26,0,0,0,26,15,8,23,0,0.0,593.0,-0.0237,525.0,49.0,10.0,9.0,1.12,8.0,124.0,0.009,72.8,78.8,-1.292,,,0.0,,,0.4401,0.1332,2.8971,0.0,0.0
2012,00-0023682,R.Fitzpatrick,BUF,16,,,-5.41,5.627,3400,185,19,3604,24,0,1,0,25,16,11,27,6,11.467,572.0,-0.0095,503.0,30.0,31.0,8.0,-22.84,4.0,151.0,-0.1512,65.9,65.8,-0.761,,,0.0,,,0.4213,0.1014,-1.5371,0.375,0.0
2012,00-0029665,R.Griffin III,WAS,15,,,124.34,7.501,3200,308,517,4025,20,0,7,0,27,5,3,8,10,16.148,532.0,0.2337,391.0,30.0,38.0,73.0,13.14,4.0,87.0,0.151,66.5,56.2,2.958,,,0.0,,,0.5038,0.0865,4.0952,0.625,0.0
2012,00-0029531,R.Lindley,ARI,6,,,-90.56,1.891,752,8,-1,759,0,0,0,0,0,7,2,9,5,8.333,187.0,-0.4843,171.0,12.0,1.0,3.0,-30.26,0.0,76.0,-0.3982,16.9,0.0,-2.397,,,0.0,,,0.3155,0.1176,-12.2209,0.3125,0.0
2012,00-0029701,R.Tannehill,MIA,16,,,-26.44,5.231,3294,134,90,3518,12,0,2,0,14,13,6,19,7,9.931,552.0,-0.0479,484.0,35.0,12.0,21.0,0.56,5.0,148.0,0.0038,68.9,46.7,-0.624,,,0.0,,,0.442,0.1033,-3.4488,0.4375,0.0
2012,00-0029263,R.Wilson,SEA,16,,,106.08,7.007,3118,328,173,3619,26,2,2,0,30,10,4,14,11,15.846,509.0,0.2084,393.0,33.0,50.0,33.0,53.49,11.0,111.0,0.4819,65.8,66.7,2.593,,,0.0,,,0.4931,0.1002,5.1525,0.6875,0.5
2012,00-0027854,S.Bradford,LA,16,,,6.09,5.658,3702,133,2,3837,21,0,1,0,22,13,3,16,0,0.0,605.0,0.0101,549.0,35.0,17.0,4.0,12.27,7.0,175.0,0.0701,71.4,73.3,0.998,,,0.0,,,0.4562,0.086,-2.1072,0.0,0.0
2012,00-0019596,T.Brady,NE,16,,,188.75,7.5,4827,22,16,4865,34,1,3,0,38,8,3,11,12,17.406,679.0,0.278,635.0,27.0,4.0,13.0,36.0,10.0,187.0,0.1925,69.4,63.3,3.488,,,0.0,,,0.5376,0.0604,1.787,0.75,1.0
2012,00-0021678,T.Romo,DAL,16,,,77.56,6.362,4903,65,6,4974,28,0,1,0,29,19,5,24,8,13.429,700.0,0.1108,647.0,36.0,9.0,8.0,29.94,9.0,175.0,0.1711,80.0,72.5,1.643,,,0.0,,,0.5071,0.0871,2.7152,0.5,0.0
2013,00-0027973,A.Dalton,CIN,16,,,60.91,6.294,4293,135,61,4489,33,1,1,0,35,20,7,27,11,13.03,658.0,0.0926,586.0,29.0,25.0,18.0,41.65,13.0,168.0,0.2479,75.5,70.0,0.775,,,0.0,,,0.4681,0.0881,1.0326,0.6875,0.0
2013,00-0029668,A.Luck,IND,16,,,53.98,6.003,3822,377,13,4212,23,3,1,0,27,9,2,11,11,12.613,656.0,0.0823,576.0,32.0,43.0,5.0,33.61,8.0,166.0,0.2025,79.0,67.5,0.635,,,0.0,,,0.4619,0.0655,-1.476,0.6875,0.0
2013,00-0023459,A.Rodgers,GB,9,,,100.0,8.003,2536,116,14,2666,17,0,0,0,17,6,1,7,8,15.444,332.0,0.3012,290.0,21.0,17.0,4.0,16.15,2.0,44.0,0.3669,41.3,36.2,1.961,,,0.0,,,0.5241,0.0843,5.8723,0.5,0.0
2013,00-0023436,A.Smith,KC,15,,,37.18,5.982,3313,328,112,3753,23,0,1,0,24,7,6,13,11,14.828,606.0,0.0614,504.0,39.0,43.0,20.0,12.48,7.0,86.0,0.1451,71.5,58.5,0.184,,,0.0,,,0.4472,0.0875,-2.5042,0.6875,0.5
2013,00-0027948,B.Gabbert,JAX,3,,,-67.75,1.214,481,29,3,513,1,0,0,0,1,7,1,8,4,8.517,107.0,-0.6331,86.0,12.0,7.0,2.0,0.0,0.0,0.0,0.0,10.4,3.7,-1.149,,,0.0,,,0.2991,0.1963,-14.525,0.25,0.0
2013,00-0026625,B.Hoyer,CLE,3,,,-0.7,5.216,615,19,-2,632,5,0,0,0,5,3,0,3,4,9.625,105.0,-0.0067,96.0,6.0,2.0,1.0,0.0,0.0,0.0,0.0,11.3,15.2,0.274,,,0.0,,,0.419,0.0952,-2.525,0.25,1.0
2013,00-0022924,B.Roethlisberger,PIT,16,,,50.0,6.295,4261,109,2,4372,28,1,0,0,29,14,8,22,8,13.069,638.0,0.0784,579.0,42.0,14.0,3.0,9.06,8.0,133.0,0.0681,78.2,74.4,0.285,,,0.0,,,0.4734,0.1003,3.0391,0.5,0.5
2013,00-0029677,B.Weeden,CLE,8,,,-37.67,4.51,1731,42,4,1777,9,0,0,0,9,9,2,11,4,9.625,303.0,-0.1243,267.0,27.0,7.0,2.0,0.0,0.0,0.0,0.0,31.8,27.3,-0.908,,,0.0,,,0.3795,0.1254,-4.0503,0.25,1.0
2013,00-0026197,C.Henne,JAX,15,,,-51.72,4.849,3241,61,19,3321,13,0,0,0,13,14,2,16,4,8.517,565.0,-0.0915,504.0,38.0,11.0,12.0,-14.31,7.0,169.0,-0.0847,67.4,48.1,-0.864,,,0.0,,,0.423,0.0991,-2.3543,0.25,0.0
2013,00-0027974,C.Kaepernick,SF,16,,,75.04,6.651,3197,404,129,3730,21,0,4,0,25,8,6,14,12,14.0,537.0,0.1397,416.0,39.0,47.0,35.0,30.16,7.0,144.0,0.2095,74.3,64.1,1.768,,,0.0,,,0.4469,0.1117,-1.4885,0.75,0.0
2013,00-0028986,C.Keenum,HOU,8,,,-30.51,5.461,1760,57,16,1833,9,0,1,0,10,6,3,9,2,8.625,282.0,-0.1082,250.0,19.0,5.0,8.0,-22.81,1.0,70.0,-0.3259,31.4,31.2,-1.412,,,0.0,,,0.4113,0.1028,-5.7019,0.125,0.0
2013,00-0027939,C.Newton,CAR,16,,,74.46,5.727,3379,361,239,3979,24,2,4,0,30,13,2,15,12,14.077,613.0,0.1215,470.0,43.0,39.0,62.0,-0.55,5.0,144.0,-0.0038,78.6,78.9,1.703,,,0.0,,,0.4666,0.1093,0.8516,0.75,0.0
2013,00-0021429,C.Palmer,ARI,16,,,-1.3,5.66,4274,25,-2,4297,24,0,0,0,24,22,5,27,10,13.069,620.0,-0.0021,573.0,41.0,5.0,1.0,16.94,5.0,142.0,0.1193,73.8,64.9,-0.256,,,0.0,,,0.4468,0.1113,3.732,0.625,0.0
2013,00-0027950,C.Ponder,MIN,9,,,-19.33,4.752,1648,160,-6,1802,7,3,1,0,11,9,5,14,5,12.613,297.0,-0.0651,239.0,27.0,25.0,6.0,0.0,0.0,0.0,0.0,32.7,24.4,-0.257,,,0.0,,,0.4276,0.1481,1.1317,0.3125,0.0
2013,00-0020531,D.Brees,NO,16,,,154.06,7.519,5162,88,-17,5233,39,2,1,0,42,12,2,14,11,15.333,702.0,0.2195,649.0,37.0,12.0,4.0,43.25,12.0,191.0,0.2265,79.6,82.4,3.14,,,0.0,,,0.5071,0.0769,5.4181,0.6875,1.0
2013,00-0022803,E.Manning,NYG,16,,,-65.99,4.546,3818,46,-2,3862,18,0,0,0,18,27,5,32,7,9.188,600.0,-0.11,551.0,39.0,6.0,4.0,-19.67,3.0,139.0,-0.1415,74.7,51.4,-1.35,,,0.0,,,0.425,0.12,-2.848,0.4375,0.0
2013,00-0030526,E.Manuel,BUF,10,,,-39.94,4.86,1972,155,57,2184,11,0,2,0,13,9,6,15,6,10.273,376.0,-0.1062,307.0,28.0,25.0,16.0,-20.85,3.0,80.0,-0.2607,39.6,38.2,-0.601,,,0.0,,,0.4309,0.1223,-2.4845,0.375,0.0
2013,00-0030565,G.Smith,NYJ,16,,,-42.55,4.177,3046,254,118,3418,12,2,4,0,18,21,5,26,8,9.667,547.0,-0.0778,442.0,43.0,31.0,31.0,38.89,7.0,146.0,0.2664,66.5,58.1,-0.396,,,0.0,,,0.4132,0.1335,-4.1597,0.5,0.0
2013,00-0023460,J.Campbell,CLE,9,,,-21.79,5.355,2015,108,0,2123,11,0,0,0,11,8,3,11,4,9.625,345.0,-0.0632,316.0,16.0,12.0,1.0,-1.65,5.0,176.0,-0.0094,38.0,33.3,-0.437,,,0.0,,,0.4029,0.0783,-4.2511,0.25,1.0
2013,00-0024226,J.Cutler,CHI,11,,,14.09,6.244,2621,112,12,2745,19,0,0,0,19,12,5,17,8,15.893,388.0,0.0363,354.0,19.0,13.0,2.0,3.01,6.0,100.0,0.0301,45.0,36.5,0.672,,,0.0,,,0.4768,0.0928,4.8034,0.5,0.0
2013,00-0026158,J.Flacco,BAL,16,,,-11.55,4.492,3912,132,6,4050,19,0,1,0,20,22,3,25,8,9.697,682.0,-0.0169,615.0,48.0,15.0,4.0,-34.56,5.0,190.0,-0.1819,79.8,64.5,0.617,,,0.0,,,0.4032,0.107,-1.1361,0.5,0.0
2013,00-0026993,J.Freeman,TB,4,,,-36.34,3.613,761,17,3,781,2,0,0,0,2,4,1,5,4,10.667,160.0,-0.2272,147.0,8.0,2.0,3.0,0.0,0.0,0.0,0.0,16.5,6.9,-0.644,,,0.0,,,0.325,0.0813,-13.7351,0.25,0.0
2013,00-0027946,J.Locker,TEN,7,,,17.12,5.712,1256,141,19,1416,8,1,1,0,10,4,1,5,7,12.483,219.0,0.0782,182.0,16.0,14.0,7.0,0.0,0.0,0.0,0.0,26.9,25.0,0.82,,,0.0,,,0.4384,0.1005,1.3929,0.4375,0.0
2013,00-0021206,J.McCown,CHI,8,,,84.6,8.504,1829,75,-3,1901,13,1,0,0,14,1,2,3,8,15.893,245.0,0.3453,225.0,11.0,8.0,1.0,34.35,5.0,45.0,0.7633,31.2,26.9,2.487,,,0.0,,,0.5388,0.0612,4.8726,0.5,0.0
2013,00-0024264,K.Clemens,LA,10,,,-24.36,5.227,1673,60,10,1743,8,0,0,0,8,7,4,11,0,0.0,280.0,-0.087,243.0,21.0,9.0,7.0,-17.78,3.0,113.0,-0.1573,34.7,21.6,-0.945,,,0.0,,,0.4107,0.1214,-3.794,0.0,0.0
2013,00-0029604,K.Cousins,WAS,5,,,-42.65,3.669,854,9,5,868,4,0,0,0,4,7,4,11,3,10.774,164.0,-0.26,155.0,5.0,2.0,2.0,-30.68,4.0,154.0,-0.1992,14.6,11.1,-0.932,,,0.0,,,0.3537,0.0976,-11.2957,0.1875,0.0
2013,00-0023662,M.Cassel,MIN,9,,,-13.03,5.672,1807,56,6,1869,11,0,1,0,12,9,1,10,5,12.613,284.0,-0.0459,255.0,16.0,11.0,2.0,-16.22,7.0,153.0,-0.106,33.9,26.7,0.472,,,0.0,,,0.419,0.0915,-2.1436,0.3125,0.0
2013,00-0026349,M.Flynn,GB,7,,,-37.3,5.251,1392,68,2,1462,8,0,0,0,8,5,6,11,8,15.444,242.0,-0.1541,203.0,24.0,12.0,3.0,-10.64,6.0,129.0,-0.0825,22.6,17.0,-1.17,,,0.0,,,0.4008,0.1446,0.1516,0.5,0.0
2013,00-0030520,M.Glennon,TB,13,,,-39.43,4.976,2608,67,3,2678,19,0,0,0,19,9,4,13,4,10.667,473.0,-0.0834,416.0,40.0,11.0,6.0,-28.36,6.0,142.0,-0.1997,56.5,65.5,-1.161,,,0.0,,,0.3996,0.1121,-0.1332,0.25,0.0
2013,00-0030419,M.McGloin,LV,7,,,1.24,5.963,1547,32,-1,1578,8,0,0,0,8,8,2,10,0,0.0,223.0,0.0056,211.0,6.0,3.0,3.0,-7.28,4.0,110.0,-0.0662,29.8,22.2,0.14,,,0.0,,,0.417,0.0762,-4.6898,0.0,0.0
2013,00-0026143,M.Ryan,ATL,16,,,22.18,5.723,4515,71,0,4586,26,0,0,0,26,17,9,26,4,11.767,703.0,0.0315,650.0,44.0,8.0,1.0,-6.21,7.0,175.0,-0.0355,79.9,63.4,-0.819,,,0.0,,,0.4637,0.0996,2.8341,0.25,0.0
2013,00-0022787,M.Schaub,HOU,10,,,-49.05,4.533,2310,24,0,2334,10,0,0,0,10,14,3,17,2,8.625,384.0,-0.1277,358.0,21.0,4.0,1.0,-15.81,2.0,110.0,-0.1438,39.9,31.2,-2.247,,,0.0,,,0.4141,0.099,-1.7288,0.125,0.0
2013,00-0026498,M.Stafford,DET,16,,,38.48,6.384,4650,65,17,4732,29,0,2,0,31,19,7,26,7,13.621,686.0,0.0561,636.0,23.0,11.0,16.0,-18.99,2.0,153.0,-0.1241,74.0,64.6,0.903,,,0.0,,,0.4606,0.0729,-3.322,0.4375,0.0
2013,00-0020245,M.Vick,PHI,6,,,12.29,6.929,1215,159,151,1525,5,0,2,0,7,3,3,6,10,15.241,186.0,0.0661,141.0,15.0,16.0,14.0,0.0,0.0,0.0,0.0,22.9,13.2,0.343,,,0.0,,,0.4462,0.1237,-2.0932,0.625,1.0
2013,00-0029567,N.Foles,PHI,13,,,109.11,9.051,2891,159,84,3134,27,0,3,0,30,2,3,5,10,15.241,392.0,0.2783,322.0,28.0,18.0,24.0,23.11,9.0,150.0,0.1541,47.0,56.6,1.409,,,0.0,,,0.4796,0.0867,5.2928,0.625,1.0
2013,00-0010346,P.Manning,DEN,16,,,235.26,8.873,5477,0,-9,5468,55,0,1,0,56,10,8,18,13,17.824,687.0,0.3424,659.0,18.0,0.0,10.0,70.29,14.0,181.0,0.3884,73.2,76.7,4.537,,,0.0,,,0.5459,0.0568,6.3854,0.8125,1.0
2013,00-0022942,P.Rivers,LAC,16,,,151.37,7.806,4478,80,-5,4553,32,0,0,0,32,11,6,17,0,0.0,598.0,0.2531,543.0,30.0,14.0,11.0,33.0,9.0,126.0,0.2619,71.5,72.7,3.509,,,0.0,,,0.5201,0.0886,7.9863,0.0,0.0
2013,00-0023682,R.Fitzpatrick,TEN,11,,,47.95,5.666,2454,210,22,2686,14,1,2,0,17,12,3,15,7,12.483,404.0,0.1187,347.0,21.0,29.0,7.0,15.61,6.0,143.0,0.1092,51.0,42.5,0.816,,,0.0,,,0.448,0.0891,1.039,0.4375,0.0
2013,00-0029665,R.Griffin III,WAS,13,,,2.23,5.473,3203,280,212,3695,16,0,0,0,16,12,6,18,3,10.774,579.0,0.0039,457.0,38.0,36.0,48.0,-6.25,1.0,34.0,-0.1838,62.3,44.4,-0.454,,,0.0,,,0.4387,0.1019,-1.3538,0.1875,0.0
2013,00-0029701,R.Tannehill,MIA,16,,,5.86,5.022,3913,140,105,4158,24,0,1,0,25,17,5,22,8,11.321,673.0,0.0087,585.0,58.0,14.0,16.0,-2.81,7.0,153.0,-0.0183,78.9,73.5,-0.735,,,0.0,,,0.4413,0.1189,0.1182,0.5,0.0
2013,00-0029263,R.Wilson,SEA,16,,,80.27,7.111,3357,434,123,3914,26,0,1,0,27,9,6,15,13,14.893,531.0,0.1512,406.0,44.0,51.0,30.0,-1.25,4.0,129.0,-0.0097,74.1,64.3,1.767,,,0.0,,,0.4783,0.1186,5.7166,0.8125,0.0
2013,00-0027854,S.Bradford,LA,7,,,-20.37,6.101,1687,39,0,1726,14,0,0,0,14,4,4,8,0,0.0,286.0,-0.0712,262.0,15.0,7.0,2.0,0.0,0.0,0.0,0.0,34.3,37.8,-0.205,,,0.0,,,0.451,0.0804,-3.519,0.0,0.0
2013,00-0019596,T.Brady,NE,16,,,62.89,6.144,4343,24,13,4380,25,0,0,0,25,11,4,15,12,14.323,681.0,0.0923,626.0,40.0,3.0,12.0,15.48,6.0,167.0,0.0927,68.4,53.2,0.411,,,0.0,,,0.467,0.0837,-1.3511,0.75,0.0
2013,00-0027253,T.Lewis,BUF,5,,,-9.32,5.354,1092,29,28,1149,4,0,1,0,5,3,3,6,6,10.273,193.0,-0.0483,157.0,18.0,9.0,9.0,3.58,1.0,65.0,0.055,20.8,14.7,-0.056,,,0.0,,,0.3938,0.1295,-1.3922,0.375,0.0
2013,00-0028825,T.Pryor,LV,11,,,-29.91,4.106,1798,304,276,2378,7,0,2,0,9,11,3,14,0,0.0,381.0,-0.0785,271.0,31.0,34.0,45.0,-5.95,2.0,64.0,-0.093,44.9,25.0,-0.576,,,0.0,,,0.4199,0.1444,-3.5722,0.0,0.0
2013,00-0021678,T.Romo,DAL,15,,,41.61,6.507,3811,47,0,3858,31,0,0,0,31,10,5,15,8,16.259,582.0,0.0715,535.0,35.0,9.0,3.0,10.92,7.0,102.0,0.1071,67.9,68.9,0.54,,,0.0,,,0.4691,0.0859,0.0802,0.5,0.0
2014,00-0027973,A.Dalton,CIN,16,,,-2.61,5.744,3398,76,104,3578,19,0,4,1,24,17,5,22,10,13.036,549.0,-0.0048,482.0,21.0,17.0,29.0,-3.66,7.0,135.0,-0.0271,63.5,58.5,1.369,,,0.0,,,0.4627,0.082,1.064,0.625,0.0
2014,00-0028957,A.Davis,LA,9,,,-33.01,5.328,2001,44,-1,2044,12,0,0,0,12,9,3,12,0,0.0,319.0,-0.1035,282.0,29.0,6.0,2.0,0.0,0.0,0.0,0.0,38.7,30.8,-0.48,,,0.0,,,0.4671,0.1317,-0.9997,0.0,0.0
2014,00-0029668,A.Luck,IND,16,,,70.42,7.256,4761,283,2,5046,40,3,0,0,43,16,9,25,11,14.774,694.0,0.1015,618.0,27.0,37.0,12.0,-38.27,7.0,143.0,-0.2676,78.7,76.8,0.471,,,0.0,,,0.4741,0.0778,1.0681,0.6875,0.0
2014,00-0023459,A.Rodgers,GB,16,,,188.22,8.638,4381,245,38,4664,38,1,1,0,40,5,3,8,12,18.692,582.0,0.3234,521.0,28.0,27.0,6.0,42.7,7.0,152.0,0.2809,75.9,75.5,4.28,,,0.0,,,0.5378,0.0619,3.1405,0.75,1.0
2014,00-0023436,A.Smith,KC,15,,,52.03,6.117,3265,246,8,3519,18,0,1,0,19,6,6,12,9,12.172,553.0,0.0941,466.0,45.0,35.0,7.0,5.32,3.0,134.0,0.0397,69.1,51.4,0.567,,,0.0,,,0.4575,0.1085,-1.3205,0.5625,0.0
2014,00-0031407,B.Bortles,JAX,14,,,-96.44,3.786,2908,225,195,3328,11,0,0,0,11,17,2,19,3,8.032,585.0,-0.1649,478.0,55.0,19.0,33.0,-32.32,2.0,167.0,-0.1935,68.7,37.9,-2.984,,,0.0,,,0.4051,0.1265,-6.7722,0.1875,0.0
2014,00-0026625,B.Hoyer,CLE,14,,,-11.89,6.106,3326,44,-4,3366,12,0,0,0,12,13,2,15,7,9.645,481.0,-0.0247,438.0,24.0,9.0,10.0,-10.08,1.0,50.0,-0.2016,63.2,40.0,-0.279,,,0.0,,,0.4158,0.0873,-6.2852,0.4375,0.0
2014,00-0022924,B.Roethlisberger,PIT,16,,,125.77,7.91,4952,33,8,4993,32,0,0,0,32,9,9,18,11,16.148,651.0,0.1932,601.0,33.0,7.0,10.0,46.98,6.0,141.0,0.3332,74.2,74.4,2.6,,,0.0,,,0.5131,0.0799,5.4659,0.6875,1.5
2014,00-0027974,C.Kaepernick,SF,16,,,2.82,5.575,3369,509,146,4024,19,1,0,0,20,10,6,16,8,10.929,619.0,0.0045,478.0,52.0,48.0,41.0,0.22,5.0,139.0,0.0016,79.1,62.5,-0.24,,,0.0,,,0.4297,0.1228,-2.0571,0.5,0.0
2014,00-0027688,C.McCoy,WAS,5,,,1.21,6.103,1057,24,44,1125,4,0,1,0,5,3,1,4,4,11.148,159.0,0.0076,128.0,17.0,5.0,9.0,-9.6,0.0,49.0,-0.1958,18.7,13.5,0.846,,,0.0,,,0.434,0.1384,4.3704,0.25,0.0
2014,00-0027939,C.Newton,CAR,14,,,18.33,5.458,3127,190,348,3665,18,1,4,0,23,12,6,18,7,11.69,580.0,0.0316,447.0,38.0,30.0,65.0,36.43,8.0,109.0,0.3342,64.8,67.6,1.013,,,0.0,,,0.4776,0.1034,-3.0232,0.4375,0.0
2014,00-0021429,C.Palmer,ARI,6,,,30.53,7.06,1626,31,-3,1654,11,0,0,0,11,3,1,4,11,11.071,239.0,0.1278,225.0,9.0,4.0,1.0,0.0,0.0,0.0,0.0,31.8,39.3,1.331,,,0.0,,,0.4268,0.0586,0.3295,0.6875,0.0
2014,00-0024296,C.Whitehurst,TEN,7,,,-7.49,6.365,1326,93,1,1420,7,0,0,0,7,2,1,3,2,8.759,215.0,-0.0349,182.0,18.0,13.0,2.0,-10.81,2.0,99.0,-0.1092,28.7,25.0,-1.093,,,0.0,,,0.3814,0.0977,-3.5625,0.125,0.0
2014,00-0023645,D.Anderson,CAR,5,,,25.69,7.762,701,20,5,726,5,0,0,0,5,0,0,0,7,11.69,108.0,0.2379,97.0,4.0,3.0,4.0,7.17,1.0,47.0,0.1525,12.8,14.7,0.546,,,0.0,,,0.5185,0.037,8.0045,0.4375,0.0
2014,00-0020531,D.Brees,NO,16,,,77.58,6.824,4952,74,3,5029,33,0,1,0,34,17,9,26,7,14.321,701.0,0.1107,654.0,29.0,14.0,4.0,-11.86,6.0,184.0,-0.0645,75.0,64.2,1.37,,,0.0,,,0.5036,0.0785,3.4443,0.4375,0.0
2014,00-0031280,D.Carr,LV,16,,,-84.5,4.864,3270,56,41,3367,21,0,0,0,21,12,7,19,0,0.0,641.0,-0.1318,593.0,24.0,12.0,12.0,-25.82,7.0,170.0,-0.1519,72.5,70.0,-1.0,,,0.0,,,0.3978,0.0686,-6.2126,0.0,0.0
2014,00-0025430,D.Stanton,ARI,9,,,-0.27,6.19,1711,79,-1,1789,7,0,0,0,7,5,2,7,11,11.071,265.0,-0.001,241.0,11.0,11.0,2.0,0.57,1.0,58.0,0.0098,34.4,25.0,0.291,,,0.0,,,0.3925,0.0717,-4.7432,0.6875,0.0
2014,00-0022803,E.Manning,NYG,16,,,43.96,6.677,4410,38,0,4448,30,1,0,0,31,14,10,24,6,13.103,634.0,0.0693,600.0,28.0,6.0,0.0,43.54,8.0,163.0,0.2671,73.6,67.4,2.114,,,0.0,,,0.4543,0.082,0.8332,0.375,0.5
2014,00-0030526,E.Manuel,BUF,4,,,-18.44,5.581,838,51,7,896,5,0,1,0,6,3,0,3,9,11.828,149.0,-0.1238,130.0,6.0,10.0,3.0,0.0,0.0,0.0,0.0,17.0,18.8,0.215,,,0.0,,,0.4094,0.0604,-4.6407,0.5625,0.0
2014,00-0030565,G.Smith,NYJ,14,,,-21.81,5.101,2525,188,53,2766,13,1,0,0,14,13,3,16,4,10.481,453.0,-0.0481,369.0,28.0,31.0,25.0,23.45,6.0,137.0,0.1711,53.9,46.7,-0.987,,,0.0,,,0.4106,0.1038,-2.4621,0.25,0.0
2014,00-0024226,J.Cutler,CHI,15,,,-31.22,5.537,3812,192,12,4016,28,2,0,0,30,18,9,27,5,11.393,629.0,-0.0496,565.0,38.0,19.0,7.0,-8.38,5.0,128.0,-0.0654,75.9,75.0,0.183,,,0.0,,,0.4595,0.1049,0.2906,0.3125,0.0
2014,00-0026158,J.Flacco,BAL,16,,,66.62,6.559,3906,54,31,3991,26,0,2,0,28,12,3,15,10,14.103,593.0,0.1123,548.0,19.0,10.0,16.0,0.58,8.0,161.0,0.0036,66.9,65.1,0.883,,,0.0,,,0.484,0.0573,-0.8655,0.625,0.0
2014,00-0027946,J.Locker,TEN,7,,,-20.3,4.331,993,146,0,1139,5,1,0,0,6,7,1,8,2,8.759,178.0,-0.114,146.0,14.0,17.0,1.0,-4.4,0.0,28.0,-0.1573,23.0,21.4,0.067,,,0.0,,,0.4438,0.1236,-1.9631,0.125,0.0
2014,00-0021206,J.McCown,TB,11,,,-42.1,4.348,2206,123,4,2333,11,2,1,0,14,14,8,22,2,9.552,382.0,-0.1102,323.0,36.0,19.0,4.0,-29.63,5.0,142.0,-0.2086,48.3,46.7,-1.846,,,0.0,,,0.4188,0.1518,-2.2652,0.125,0.0
2014,00-0029604,K.Cousins,WAS,6,,,4.37,6.769,1710,4,18,1732,10,0,0,0,10,9,4,13,4,11.148,217.0,0.0201,204.0,8.0,1.0,4.0,0.0,0.0,0.0,0.0,28.8,27.0,-0.014,,,0.0,,,0.4562,0.0968,-3.2122,0.25,0.0
2014,00-0023541,K.Orton,BUF,12,,,-4.75,5.699,3018,23,1,3042,18,0,1,0,19,10,7,17,9,11.828,485.0,-0.0098,446.0,33.0,5.0,1.0,-6.15,6.0,168.0,-0.0366,57.6,59.4,-0.434,,,0.0,,,0.4412,0.1031,-0.955,0.5625,0.0
2014,00-0030520,M.Glennon,TB,6,,,-5.43,5.761,1417,47,2,1466,10,0,0,0,10,6,1,7,2,9.552,226.0,-0.024,202.0,16.0,6.0,2.0,0.0,0.0,0.0,0.0,30.4,33.3,-0.174,,,0.0,,,0.4204,0.1018,-0.4062,0.125,0.0
2014,00-0026143,M.Ryan,ATL,16,,,56.64,6.747,4694,149,0,4843,28,0,0,0,28,14,7,21,6,14.654,680.0,0.0833,624.0,31.0,24.0,1.0,15.01,7.0,178.0,0.0843,79.3,63.6,1.749,,,0.0,,,0.4941,0.0765,1.4361,0.375,0.0
2014,00-0026898,M.Sanchez,PHI,9,,,18.27,6.181,2418,58,38,2514,14,0,1,0,15,11,4,15,10,15.29,355.0,0.0515,309.0,23.0,13.0,10.0,9.04,6.0,158.0,0.0572,38.8,32.6,1.056,,,0.0,,,0.4845,0.107,0.3455,0.625,0.0
2014,00-0026498,M.Stafford,DET,16,,,33.34,6.042,4257,101,10,4368,22,2,0,0,24,12,4,16,11,11.889,670.0,0.0498,601.0,45.0,17.0,7.0,7.55,7.0,158.0,0.0478,77.7,72.7,1.736,,,0.0,,,0.4493,0.0925,-4.6936,0.6875,0.0
2014,00-0020245,M.Vick,NYJ,9,,,-50.06,3.518,604,132,24,760,3,0,0,0,3,2,2,4,4,10.481,162.0,-0.309,120.0,19.0,14.0,9.0,0.0,0.0,0.0,0.0,14.8,10.0,-0.476,,,0.0,,,0.358,0.1543,-4.685,0.25,0.0
2014,00-0029567,N.Foles,PHI,8,,,-4.02,5.953,2163,51,20,2234,13,0,0,0,13,10,7,17,10,15.29,332.0,-0.0121,310.0,9.0,7.0,6.0,0.0,0.0,0.0,0.0,34.5,28.3,0.447,,,0.0,,,0.4247,0.0783,-2.0155,0.625,0.0
2014,00-0010346,P.Manning,DEN,16,,,104.98,7.678,4727,4,-13,4718,39,0,0,0,39,15,3,18,12,15.548,622.0,0.1688,597.0,17.0,1.0,7.0,-6.72,3.0,129.0,-0.0521,71.8,68.4,3.111,,,0.0,,,0.5016,0.0643,3.3167,0.75,0.0
2014,00-0022942,P.Rivers,LAC,16,,,66.46,6.458,4286,115,-10,4391,31,0,0,0,31,18,4,22,0,0.0,639.0,0.104,569.0,36.0,20.0,14.0,-16.52,6.0,180.0,-0.0918,79.1,79.5,2.375,,,0.0,,,0.4804,0.1033,4.8592,0.0,0.0
2014,00-0023682,R.Fitzpatrick,HOU,12,,,29.05,7.169,2483,192,3,2678,17,1,1,0,19,8,6,14,9,12.0,371.0,0.0783,311.0,21.0,30.0,9.0,-1.19,1.0,35.0,-0.034,49.4,52.8,0.085,,,0.0,,,0.4717,0.0997,0.3449,0.5625,0.0
2014,00-0029665,R.Griffin III,WAS,9,,,-53.86,5.17,1694,114,64,1872,4,1,0,0,5,6,7,13,4,11.148,284.0,-0.1896,214.0,33.0,18.0,19.0,-16.44,3.0,123.0,-0.1337,31.1,13.5,-1.082,,,0.0,,,0.4014,0.1725,3.0048,0.25,0.0
2014,00-0029701,R.Tannehill,MIA,16,,,29.96,5.839,4045,29,295,4369,27,0,1,0,28,12,4,16,8,14.37,678.0,0.0442,589.0,46.0,7.0,36.0,1.0,7.0,190.0,0.0052,73.8,71.8,0.862,,,0.0,,,0.4971,0.0988,2.2295,0.5,0.0
2014,00-0029263,R.Wilson,SEA,16,,,90.2,6.717,3475,500,369,4344,20,0,6,0,26,7,2,9,12,14.071,592.0,0.1524,452.0,42.0,51.0,47.0,17.68,7.0,147.0,0.1202,75.2,65.0,2.449,,,0.0,,,0.451,0.0929,3.8078,0.75,0.0
2014,00-0020679,S.Hill,LA,8,,,-30.44,5.611,1657,11,2,1670,8,0,1,0,9,7,2,9,0,0.0,252.0,-0.1208,229.0,18.0,2.0,3.0,-15.88,4.0,145.0,-0.1095,31.6,23.1,-0.688,,,0.0,,,0.4524,0.1071,-2.4026,0.0,0.0
2014,00-0019596,T.Brady,NE,16,,,105.26,7.003,4109,55,20,4184,33,0,0,0,33,9,4,13,12,17.333,627.0,0.1679,583.0,21.0,9.0,14.0,2.2,5.0,147.0,0.015,70.0,67.3,1.775,,,0.0,,,0.4785,0.0574,1.5923,0.75,1.0
2014,00-0031237,T.Bridgewater,MIN,13,,,14.24,5.515,2919,199,21,3139,14,1,0,0,15,12,0,12,7,12.037,477.0,0.0298,398.0,39.0,33.0,7.0,22.81,6.0,144.0,0.1584,61.0,48.4,0.84,,,0.0,,,0.4486,0.1069,0.015,0.4375,0.0
2014,00-0021678,T.Romo,DAL,15,,,128.1,8.132,3705,76,0,3781,34,0,0,0,34,9,7,16,12,18.68,475.0,0.2697,434.0,29.0,9.0,3.0,64.3,12.0,121.0,0.5314,60.0,61.8,3.457,,,0.0,,,0.5221,0.0947,6.7268,0.75,1.0
2014,00-0031266,Z.Mettenberger,TEN,7,,,-30.01,5.68,1412,8,0,1420,8,0,0,0,8,7,3,10,2,8.759,198.0,-0.1516,179.0,18.0,1.0,0.0,-20.27,0.0,29.0,-0.6989,28.7,28.6,-0.543,,,0.0,,,0.4091,0.1414,-2.2541,0.125,0.0
2015,00-0027973,A.Dalton,CIN,13,,,113.26,8.17,3250,113,41,3404,25,1,2,0,28,7,3,10,12,14.964,450.0,0.2517,386.0,20.0,27.0,17.0,1.3,0.0,5.0,0.2603,58.9,53.8,2.182,,,0.0,,,0.5156,0.0711,3.9546,0.75,0.0
2015,00-0028957,A.Davis,CLE,3,,,-38.78,3.2,547,36,-3,580,1,0,0,0,1,3,2,5,3,9.586,112.0,-0.3463,94.0,11.0,4.0,3.0,-23.95,0.0,56.0,-0.4276,10.8,3.7,-0.618,,,0.0,,,0.3839,0.1518,-1.0644,0.1875,0.0
2015,00-0029668,A.Luck,IND,7,,,2.92,5.042,1881,201,1,2083,15,0,0,0,15,12,1,13,8,10.406,334.0,0.0088,293.0,15.0,25.0,1.0,0.0,0.0,0.0,0.0,40.5,45.5,0.108,,,0.0,,,0.4222,0.0838,-4.2354,0.5,0.0
2015,00-0031288,A.McCarron,CIN,6,,,8.26,6.267,854,37,0,891,6,0,0,0,6,2,1,3,12,14.964,140.0,0.059,119.0,12.0,8.0,1.0,11.29,6.0,136.0,0.083,15.4,11.5,-0.218,,,0.0,,,0.4643,0.1071,6.9049,0.75,0.0
2015,00-0023459,A.Rodgers,GB,16,,,9.38,6.066,3821,353,3,4177,31,1,0,0,32,8,5,13,10,12.267,667.0,0.0141,575.0,46.0,42.0,4.0,-35.61,5.0,171.0,-0.2083,78.3,74.4,0.89,,,0.0,,,0.4273,0.0885,-1.1024,0.625,0.0
2015,00-0023436,A.Smith,KC,16,,,43.34,6.44,3486,430,80,3996,20,2,0,0,22,7,4,11,11,14.464,590.0,0.0735,473.0,45.0,54.0,18.0,14.73,6.0,124.0,0.1188,78.0,53.7,1.755,,,0.0,,,0.4576,0.0949,-0.218,0.6875,0.0
2015,00-0031407,B.Bortles,JAX,16,,,6.75,6.067,4428,259,57,4744,35,0,2,0,37,18,6,24,5,13.926,704.0,0.0096,608.0,51.0,27.0,18.0,-18.56,10.0,165.0,-0.1125,84.0,78.7,-0.432,,,0.0,,,0.4503,0.108,-2.9583,0.3125,0.0
2015,00-0027948,B.Gabbert,SF,8,,,-28.99,5.707,2031,191,0,2222,10,1,0,0,11,7,2,9,5,7.933,332.0,-0.0873,282.0,25.0,23.0,2.0,-42.26,5.0,181.0,-0.2335,45.9,44.0,-0.274,,,0.0,,,0.4066,0.1024,-1.766,0.3125,0.0
2015,00-0026625,B.Hoyer,HOU,11,,,11.52,6.294,2606,49,4,2659,19,0,0,0,19,7,3,10,9,12.107,401.0,0.0287,370.0,25.0,4.0,2.0,-18.81,1.0,69.0,-0.2726,46.3,48.7,0.357,,,0.0,,,0.4663,0.0873,-1.714,0.5625,0.0
2015,00-0029682,B.Osweiler,DEN,8,,,-2.97,5.859,1967,55,8,2030,10,1,0,0,11,6,3,9,12,11.452,318.0,-0.0093,275.0,23.0,12.0,8.0,-6.91,6.0,178.0,-0.0388,34.5,31.4,0.344,,,0.0,,,0.456,0.1038,-1.1523,0.75,0.0
2015,00-0022924,B.Roethlisberger,PIT,12,,,93.67,7.036,3938,34,4,3976,21,0,0,0,21,16,3,19,10,14.586,503.0,0.1862,477.0,20.0,4.0,2.0,11.88,6.0,173.0,0.0687,61.9,50.0,1.494,,,0.0,,,0.5169,0.0775,6.5209,0.625,1.0
2015,00-0029677,B.Weeden,DAL,6,,,10.1,6.55,1043,55,0,1098,5,1,0,0,6,2,3,5,4,11.458,158.0,0.0639,139.0,10.0,9.0,0.0,13.36,4.0,47.0,0.2843,20.2,20.7,0.168,,,0.0,,,0.4937,0.0949,4.3688,0.25,0.0
2015,00-0027974,C.Kaepernick,SF,9,,,-17.76,4.905,1615,168,92,1875,6,0,1,0,7,5,1,6,5,7.933,315.0,-0.0564,246.0,28.0,24.0,17.0,0.0,0.0,0.0,0.0,38.7,28.0,-0.294,,,0.0,,,0.4,0.1143,-5.2159,0.3125,0.0
2015,00-0028986,C.Keenum,LA,5,,,3.38,6.473,828,9,2,839,4,0,0,0,4,1,2,3,0,0.0,135.0,0.025,125.0,4.0,3.0,3.0,15.2,3.0,106.0,0.1434,17.2,13.3,-0.173,,,0.0,,,0.4667,0.0519,-4.4615,0.0,0.0
2015,00-0027939,C.Newton,CAR,16,,,101.66,7.23,3837,199,449,4485,35,0,10,0,45,10,7,17,15,15.625,644.0,0.1579,493.0,33.0,27.0,91.0,34.84,13.0,155.0,0.2248,75.1,80.4,3.344,,,0.0,,,0.5,0.0854,0.1362,0.9375,0.0
2015,00-0021429,C.Palmer,ARI,16,,,147.5,8.498,4671,40,0,4711,35,1,0,0,36,11,5,16,13,18.111,564.0,0.2615,531.0,25.0,7.0,1.0,30.72,6.0,126.0,0.2438,70.5,69.2,3.763,,,0.0,,,0.5106,0.0727,5.2834,0.8125,0.5
2015,00-0020531,D.Brees,NO,15,,,92.86,7.275,4870,26,4,4900,32,0,1,0,33,11,5,16,7,13.6,665.0,0.1396,626.0,31.0,3.0,5.0,72.93,9.0,177.0,0.412,73.3,66.0,3.758,,,0.0,,,0.4677,0.0722,2.0487,0.4375,0.0
2015,00-0031280,D.Carr,LV,16,,,-8.57,6.301,3987,122,28,4137,32,0,0,0,32,13,4,17,0,0.0,626.0,-0.0137,574.0,31.0,17.0,4.0,-38.16,6.0,173.0,-0.2206,75.5,72.7,-0.338,,,0.0,,,0.4329,0.0767,-2.7759,0.0,0.0
2015,00-0022803,E.Manning,NYG,16,,,44.75,6.747,4432,70,0,4502,35,0,0,0,35,14,6,20,6,14.0,655.0,0.0683,617.0,27.0,8.0,3.0,-11.54,11.0,157.0,-0.0735,74.4,79.5,2.126,,,0.0,,,0.4565,0.0718,-1.2532,0.375,0.0
2015,00-0027659,J.Clausen,BAL,4,,,-38.1,4.25,739,43,-5,777,2,0,0,0,2,4,0,4,5,10.933,141.0,-0.2702,125.0,7.0,8.0,1.0,-16.11,2.0,93.0,-0.1733,13.2,5.9,-0.257,,,0.0,,,0.3191,0.0851,-4.2811,0.3125,0.0
2015,00-0024226,J.Cutler,CHI,15,,,40.18,6.681,3659,124,83,3866,21,1,0,0,22,11,5,16,6,12.407,544.0,0.0739,485.0,29.0,14.0,16.0,-2.54,7.0,136.0,-0.0187,69.5,57.9,1.652,,,0.0,,,0.4743,0.0846,2.276,0.375,0.0
2015,00-0026158,J.Flacco,BAL,10,,,-2.36,5.623,2785,16,8,2809,14,0,3,0,17,12,3,15,5,10.933,440.0,-0.0054,411.0,16.0,2.0,11.0,0.0,0.0,0.0,0.0,47.8,50.0,-0.66,,,0.0,,,0.4682,0.0705,-0.2301,0.3125,0.0
2015,00-0031409,J.Manziel,CLE,9,,,-11.72,5.286,1500,184,50,1734,7,0,0,0,7,5,4,9,3,9.586,272.0,-0.0431,222.0,19.0,25.0,6.0,3.28,2.0,114.0,0.0287,32.2,25.9,0.033,,,0.0,,,0.4044,0.1029,-2.5569,0.1875,0.0
2015,00-0021206,J.McCown,CLE,8,,,3.3,6.37,2109,92,7,2208,12,1,0,0,13,4,8,12,3,9.586,338.0,0.0097,296.0,23.0,12.0,7.0,0.0,0.0,0.0,0.0,41.0,48.1,0.075,,,0.0,,,0.4467,0.1036,0.7404,0.1875,0.0
2015,00-0031503,J.Winston,TB,16,,,50.85,6.425,4042,221,10,4273,22,2,4,0,28,15,5,20,6,13.154,604.0,0.0842,536.0,27.0,34.0,7.0,9.54,6.0,170.0,0.0561,71.2,75.7,0.303,,,0.0,,,0.4685,0.0778,-0.0207,0.375,0.5
2015,00-0029604,K.Cousins,WAS,16,,,96.76,7.107,4166,29,28,4223,29,1,4,0,34,11,5,16,9,14.37,587.0,0.1648,546.0,26.0,4.0,11.0,73.34,14.0,132.0,0.5556,72.3,82.9,2.542,,,0.0,,,0.4923,0.0716,5.7217,0.5625,0.0
2015,00-0029234,K.Moore,DAL,3,,,-6.45,5.193,779,0,0,779,4,0,0,0,4,6,1,7,4,11.458,110.0,-0.0586,104.0,5.0,0.0,1.0,-6.45,4.0,110.0,-0.0586,14.3,13.8,-0.59,,,0.0,,,0.4727,0.1091,-3.1812,0.25,0.0
2015,00-0023662,M.Cassel,DAL,8,,,-38.13,4.493,1276,80,-1,1355,5,0,0,0,5,7,1,8,4,11.458,231.0,-0.1651,203.0,14.0,11.0,3.0,-31.05,0.0,43.0,-0.722,24.9,17.2,-1.164,,,0.0,,,0.4199,0.0996,-4.5557,0.25,0.0
2015,00-0007091,M.Hasselbeck,IND,8,,,-6.05,5.676,1690,21,4,1715,9,0,0,0,9,5,3,8,8,10.406,279.0,-0.0217,256.0,16.0,6.0,1.0,-18.13,1.0,88.0,-0.206,33.3,27.3,0.053,,,0.0,,,0.4552,0.086,-2.263,0.5,0.0
2015,00-0032268,M.Mariota,TEN,12,,,2.11,6.118,2818,173,80,3071,19,1,1,1,22,10,8,18,3,11.074,440.0,0.0048,369.0,38.0,14.0,19.0,-22.42,0.0,56.0,-0.4004,59.0,55.0,-0.204,,,0.0,,,0.4523,0.1409,0.7848,0.1875,0.0
2015,00-0026143,M.Ryan,ATL,16,,,58.58,6.324,4591,78,0,4669,21,0,0,0,21,16,7,23,8,13.038,665.0,0.0881,616.0,30.0,13.0,6.0,18.89,4.0,146.0,0.1294,76.0,58.3,1.409,,,0.0,,,0.5008,0.0812,0.1643,0.5,1.0
2015,00-0026898,M.Sanchez,PHI,3,,,-11.45,4.62,616,9,14,639,4,0,0,0,4,4,1,5,7,13.0,105.0,-0.109,91.0,9.0,2.0,3.0,0.0,0.0,0.0,0.0,10.6,9.8,-0.315,,,0.0,,,0.419,0.1333,-3.7985,0.4375,0.0
2015,00-0026498,M.Stafford,DET,16,,,17.44,6.383,4262,171,4,4437,32,0,1,0,33,13,5,18,7,14.32,669.0,0.0261,593.0,44.0,26.0,6.0,20.7,10.0,169.0,0.1225,78.6,80.5,1.779,,,0.0,,,0.4843,0.0957,0.5553,0.4375,0.0
2015,00-0029567,N.Foles,LA,11,,,-102.93,4.697,2052,21,7,2080,7,1,0,0,8,10,4,14,0,0.0,359.0,-0.2867,336.0,14.0,4.0,5.0,0.0,0.0,0.0,0.0,42.7,26.7,-2.047,,,0.0,,,0.3482,0.078,-6.9111,0.0,0.0
2015,00-0010346,P.Manning,DEN,10,,,-34.29,4.535,2249,0,0,2249,9,0,0,0,9,17,1,18,12,11.452,346.0,-0.0991,330.0,16.0,0.0,0.0,0.1,0.0,10.0,0.0098,38.2,25.7,-0.696,,,0.0,,,0.3988,0.0983,-2.3888,0.75,0.0
2015,00-0022942,P.Rivers,LAC,16,,,46.52,6.434,4792,37,-1,4828,29,0,0,0,29,13,6,19,0,0.0,715.0,0.0651,663.0,40.0,9.0,3.0,9.12,6.0,176.0,0.0518,78.1,74.4,-0.09,,,0.0,,,0.4741,0.0839,2.7373,0.0,0.0
2015,00-0023682,R.Fitzpatrick,NYJ,16,,,75.88,6.465,3905,237,44,4186,31,1,1,0,33,15,6,21,10,13.345,628.0,0.1208,562.0,19.0,31.0,16.0,20.01,9.0,169.0,0.1184,72.4,73.3,1.89,,,0.0,,,0.4522,0.0653,-1.5266,0.625,0.0
2015,00-0028012,R.Mallett,HOU,7,,,-18.01,4.554,1336,16,0,1352,5,1,0,0,6,6,1,7,9,12.107,253.0,-0.0712,243.0,6.0,3.0,1.0,-0.21,2.0,98.0,-0.0021,23.5,15.4,-0.379,,,0.0,,,0.4071,0.0514,-7.211,0.5625,0.0
2015,00-0029701,R.Tannehill,MIA,16,,,-2.93,5.908,4208,69,80,4357,24,0,1,0,25,12,4,16,6,11.481,656.0,-0.0045,586.0,45.0,6.0,19.0,20.19,4.0,170.0,0.1188,76.9,67.6,-0.879,,,0.0,,,0.4192,0.0945,0.9179,0.375,0.0
2015,00-0029263,R.Wilson,SEA,16,,,146.32,7.711,4024,403,166,4593,34,1,0,0,35,8,4,12,10,16.269,614.0,0.2383,484.0,45.0,56.0,29.0,72.07,13.0,153.0,0.471,77.2,76.1,2.383,,,0.0,,,0.5195,0.0993,7.9252,0.625,0.0
2015,00-0027854,S.Bradford,PHI,14,,,-18.27,5.859,3725,50,0,3775,19,0,0,0,19,14,6,20,7,13.0,573.0,-0.0319,531.0,28.0,10.0,4.0,-1.07,6.0,186.0,-0.0058,62.5,46.3,-0.361,,,0.0,,,0.438,0.0838,-0.2633,0.4375,0.0
2015,00-0019596,T.Brady,NE,16,,,126.19,7.5,4770,51,18,4839,36,0,3,0,39,7,4,11,12,16.034,680.0,0.1856,622.0,38.0,7.0,13.0,19.37,5.0,127.0,0.1525,78.2,75.0,2.099,,,0.0,,,0.4721,0.0721,-0.0933,0.75,1.0
2015,00-0031237,T.Bridgewater,MIN,16,,,14.99,5.701,3231,192,13,3436,14,2,1,0,17,9,4,13,11,12.586,527.0,0.0284,447.0,44.0,28.0,8.0,20.79,7.0,119.0,0.1747,65.0,53.1,0.748,,,0.0,,,0.4137,0.1082,3.2641,0.6875,1.0
2015,00-0021678,T.Romo,DAL,4,,,-18.79,4.992,884,15,0,899,5,0,0,0,5,7,2,9,4,11.458,129.0,-0.1457,121.0,6.0,2.0,0.0,0.0,0.0,0.0,0.0,16.5,17.2,0.027,,,0.0,,,0.4884,0.1163,2.9095,0.25,0.0
2015,00-0028118,T.Taylor,BUF,14,,,68.86,7.065,3035,398,188,3621,20,1,3,0,24,6,3,9,8,13.069,507.0,0.1358,382.0,36.0,48.0,41.0,19.49,4.0,157.0,0.1241,64.3,54.5,1.014,,,0.0,,,0.4379,0.0986,3.0225,0.5,0.0
2015,00-0031266,Z.Mettenberger,TEN,6,,,-62.55,3.363,935,9,5,949,4,0,1,0,5,7,2,9,3,11.074,184.0,-0.34,166.0,13.0,2.0,3.0,-24.38,4.0,100.0,-0.2438,18.2,12.5,-1.566,,,0.0,,,0.4076,0.1196,-2.4435,0.1875,0.0
2016,00-0027973,A.Dalton,CIN,16,,,53.16,6.548,4206,169,23,4398,18,0,4,0,22,8,7,15,6,12.5,639.0,0.0832,561.0,41.0,22.0,15.0,0.14,5.0,137.0,0.001,75.6,62.9,1.574,,,0.0,,,0.4851,0.0892,2.8122,0.375,0.0
2016,00-0029668,A.Luck,IND,15,,,66.87,6.838,4240,312,44,4596,31,2,0,0,33,13,6,19,8,16.44,635.0,0.1053,545.0,41.0,41.0,8.0,19.3,9.0,154.0,0.1253,79.0,68.8,1.408,,,0.0,,,0.4945,0.0945,1.2222,0.5,0.0
2016,00-0023459,A.Rodgers,GB,16,,,145.19,7.236,4428,374,12,4814,40,4,0,0,44,7,7,14,10,16.0,697.0,0.2083,610.0,35.0,43.0,9.0,44.44,12.0,155.0,0.2867,83.1,84.6,3.322,,,0.0,,,0.4921,0.0746,3.5057,0.625,1.0
2016,00-0023436,A.Smith,KC,15,,,50.28,6.375,3502,129,21,3652,15,2,3,0,20,8,5,13,12,13.893,550.0,0.0914,490.0,28.0,21.0,11.0,15.24,7.0,135.0,0.1129,65.8,57.1,1.983,,,0.0,,,0.4673,0.0764,1.95,0.75,1.0
2016,00-0031407,B.Bortles,JAX,16,,,-28.65,5.224,3905,298,66,4269,23,2,1,1,27,16,6,22,3,10.966,714.0,-0.0401,626.0,34.0,35.0,19.0,-1.73,4.0,162.0,-0.0107,81.1,77.1,-1.738,,,0.0,,,0.4314,0.0826,-4.475,0.1875,0.0
2016,00-0027948,B.Gabbert,SF,6,,,-24.69,4.135,925,108,67,1100,5,0,2,0,7,6,1,7,2,10.3,209.0,-0.1181,160.0,11.0,17.0,21.0,0.0,0.0,0.0,0.0,23.1,18.9,-0.371,,,0.0,,,0.3923,0.1053,-6.6801,0.125,0.0
2016,00-0026625,B.Hoyer,CHI,6,,,24.25,7.658,1445,3,-1,1447,6,0,0,0,6,0,3,3,3,11.625,205.0,0.1183,198.0,4.0,1.0,2.0,0.0,0.0,0.0,0.0,24.7,19.4,0.349,,,0.0,,,0.4927,0.039,3.3986,0.1875,0.0
2016,00-0029682,B.Osweiler,HOU,15,,,-36.83,4.365,2957,143,-1,3099,15,1,1,0,17,16,2,18,9,9.964,554.0,-0.0665,507.0,27.0,16.0,4.0,-10.02,2.0,79.0,-0.1268,60.4,70.8,0.178,,,0.0,,,0.4549,0.083,-3.698,0.5625,0.0
2016,00-0031568,B.Petty,NYJ,6,,,-33.84,3.253,809,15,4,828,3,0,0,0,3,7,1,8,5,10.577,151.0,-0.2241,133.0,13.0,3.0,2.0,-19.4,1.0,90.0,-0.2155,15.6,10.0,-0.957,,,0.0,,,0.3709,0.1391,-6.5406,0.3125,0.0
2016,00-0022924,B.Roethlisberger,PIT,14,,,88.32,6.904,3819,25,1,3845,29,1,0,0,30,13,2,15,11,13.759,538.0,0.1642,515.0,17.0,3.0,3.0,11.05,4.0,100.0,0.1105,62.7,65.2,2.51,,,0.0,,,0.4833,0.0595,1.946,0.6875,0.0
2016,00-0027974,C.Kaepernick,SF,11,,,-0.62,5.94,2241,333,143,2717,16,1,1,0,18,4,6,10,2,10.3,430.0,-0.0014,330.0,36.0,35.0,29.0,-4.37,7.0,145.0,-0.0302,57.2,48.6,-0.616,,,0.0,,,0.4302,0.114,-4.7465,0.125,0.0
2016,00-0028986,C.Keenum,LA,10,,,-41.5,5.061,2201,45,13,2259,9,1,0,0,10,11,2,13,4,7.724,359.0,-0.1156,322.0,23.0,8.0,6.0,-7.03,0.0,9.0,-0.781,50.0,34.5,-0.691,,,0.0,,,0.3928,0.1031,-3.7006,0.25,0.0
2016,00-0033104,C.Kessler,CLE,9,,,18.17,5.853,1380,12,7,1399,6,0,0,0,6,2,1,3,1,9.778,227.0,0.0801,196.0,21.0,3.0,7.0,-2.77,0.0,5.0,-0.5531,26.8,20.0,-0.009,,,0.0,,,0.4185,0.1101,4.7008,0.0625,0.0
2016,00-0027939,C.Newton,CAR,15,,,-22.34,5.452,3509,57,307,3873,19,0,5,0,24,14,4,18,6,12.724,632.0,-0.0353,511.0,36.0,11.0,74.0,-24.77,5.0,169.0,-0.1466,67.7,58.5,-0.514,,,0.0,,,0.4256,0.0934,-5.5116,0.375,0.0
2016,00-0021429,C.Palmer,ARI,15,,,13.42,6.013,4233,41,1,4275,26,0,0,0,26,14,7,21,7,14.414,649.0,0.0207,599.0,40.0,4.0,6.0,10.67,8.0,146.0,0.0731,69.8,51.0,1.706,,,0.0,,,0.47,0.094,0.3938,0.4375,0.0
2016,00-0032950,C.Wentz,PHI,16,,,10.66,5.084,3782,143,21,3946,16,2,0,0,18,14,3,17,7,13.107,677.0,0.0157,608.0,33.0,19.0,17.0,2.56,5.0,172.0,0.0149,72.0,56.2,-0.648,,,0.0,,,0.4461,0.0783,-0.8624,0.4375,0.0
2016,00-0020531,D.Brees,NO,16,,,107.08,7.322,5208,15,17,5240,37,0,2,0,39,15,6,21,7,16.75,706.0,0.1517,668.0,27.0,3.0,8.0,24.16,7.0,183.0,0.132,74.9,66.1,3.253,,,0.0,,,0.5142,0.068,4.1957,0.4375,0.0
2016,00-0031280,D.Carr,LV,15,,,71.98,7.164,3937,97,1,4035,28,0,0,0,28,6,3,9,0,0.0,602.0,0.1196,563.0,16.0,17.0,6.0,-1.51,4.0,111.0,-0.0136,67.3,60.9,3.801,,,0.0,,,0.4535,0.0432,-0.0306,0.0,0.0
2016,00-0033077,D.Prescott,DAL,16,,,131.02,7.86,3667,226,76,3969,23,1,5,0,29,4,7,11,13,15.593,528.0,0.2481,459.0,25.0,27.0,17.0,-2.69,5.0,117.0,-0.023,66.2,59.2,3.066,,,0.0,,,0.5265,0.072,4.2491,0.8125,0.5
2016,00-0022803,E.Manning,NYG,16,,,-23.14,5.953,4027,11,0,4038,26,0,0,0,26,16,8,24,11,11.071,623.0,-0.0371,598.0,21.0,3.0,1.0,-11.76,4.0,153.0,-0.0769,74.1,78.8,-0.017,,,0.0,,,0.4414,0.0722,-1.6218,0.6875,1.0
2016,00-0024226,J.Cutler,CHI,5,,,-30.53,5.26,1059,21,3,1083,4,0,0,0,4,5,2,7,3,11.625,159.0,-0.192,137.0,17.0,3.0,2.0,0.0,0.0,0.0,0.0,18.5,12.9,-0.686,,,0.0,,,0.3899,0.1509,-2.3839,0.1875,0.0
2016,00-0026158,J.Flacco,BAL,16,,,-26.96,5.412,4317,57,8,4382,20,1,1,0,22,15,4,19,8,11.828,716.0,-0.0377,669.0,33.0,9.0,5.0,-9.51,5.0,186.0,-0.0511,76.0,73.3,-1.321,,,0.0,,,0.4344,0.0726,-0.1876,0.5,0.0
2016,00-0033106,J.Goff,LA,7,,,-95.34,2.835,1089,11,8,1108,5,0,1,0,6,7,4,11,4,7.724,235.0,-0.4057,204.0,26.0,3.0,2.0,-56.08,2.0,130.0,-0.4314,24.5,20.7,-2.117,,,0.0,,,0.3106,0.1574,-10.9447,0.25,0.0
2016,00-0021206,J.McCown,CLE,5,,,-28.94,4.503,1100,21,0,1121,6,0,0,0,6,6,4,10,1,9.778,190.0,-0.1523,165.0,18.0,4.0,3.0,0.0,0.0,0.0,0.0,21.5,20.0,-0.682,,,0.0,,,0.3789,0.1474,-6.2452,0.0625,0.0
2016,00-0031503,J.Winston,TB,16,,,55.9,5.932,4090,186,-1,4275,28,1,0,0,29,18,6,24,9,13.111,644.0,0.0868,572.0,35.0,28.0,9.0,-1.37,5.0,151.0,-0.0091,76.1,74.4,1.617,,,0.0,,,0.4829,0.0963,1.6573,0.5625,0.5
2016,00-0029604,K.Cousins,WAS,16,,,110.6,7.463,4917,80,29,5026,25,0,4,0,29,12,6,18,8,14.667,650.0,0.1702,605.0,23.0,9.0,13.0,-2.3,6.0,147.0,-0.0156,76.4,64.4,4.063,,,0.0,,,0.5262,0.0677,4.9747,0.5,0.0
2016,00-0030533,M.Barkley,CHI,7,,,-4.67,4.946,1611,5,0,1616,8,0,0,1,9,14,2,16,3,11.625,225.0,-0.0208,216.0,6.0,1.0,2.0,-5.65,5.0,133.0,-0.0425,27.6,29.0,-0.272,,,0.0,,,0.5022,0.0978,-0.8718,0.1875,0.0
2016,00-0032268,M.Mariota,TEN,15,,,52.21,7.126,3426,177,184,3787,26,0,2,0,28,9,6,15,9,14.654,525.0,0.0995,452.0,23.0,23.0,27.0,-16.62,1.0,84.0,-0.1979,66.0,54.9,0.346,,,0.0,,,0.4762,0.0762,1.3749,0.5625,0.0
2016,00-0026143,M.Ryan,ATL,16,,,179.06,8.963,4944,117,11,5072,38,0,0,0,38,7,3,10,11,21.6,600.0,0.2984,538.0,37.0,16.0,9.0,66.14,11.0,131.0,0.5049,74.8,63.3,3.762,,,0.0,,,0.5383,0.0783,6.9171,0.6875,0.0
2016,00-0026498,M.Stafford,DET,16,,,99.49,6.573,4327,211,3,4541,24,1,1,0,26,10,2,12,9,14.417,658.0,0.1512,593.0,37.0,25.0,3.0,7.07,5.0,177.0,0.0399,83.6,76.5,3.716,,,0.0,,,0.4909,0.0745,0.1185,0.5625,0.0
2016,00-0022942,P.Rivers,LAC,16,,,38.59,6.363,4386,31,10,4427,33,0,0,0,33,21,9,30,0,0.0,624.0,0.0618,579.0,36.0,6.0,3.0,4.94,8.0,163.0,0.0303,75.4,70.2,0.041,,,0.0,,,0.4535,0.1058,0.2148,0.0,0.0
2016,00-0023682,R.Fitzpatrick,NYJ,14,,,-28.85,4.986,2710,101,33,2844,12,0,0,0,12,17,4,21,5,10.577,449.0,-0.0642,403.0,19.0,18.0,9.0,-11.69,2.0,66.0,-0.1772,53.5,40.0,0.042,,,0.0,,,0.4298,0.0891,-4.1038,0.3125,0.0
2016,00-0029665,R.Griffin III,CLE,5,,,-15.63,3.864,886,123,67,1076,2,1,1,0,4,3,1,4,1,9.778,199.0,-0.0785,147.0,22.0,13.0,17.0,-5.09,4.0,166.0,-0.0306,20.6,13.3,1.041,,,0.0,,,0.3719,0.1407,-2.6712,0.0625,0.0
2016,00-0029701,R.Tannehill,MIA,13,,,1.09,6.266,2995,106,62,3163,19,0,1,0,20,12,4,16,10,12.517,453.0,0.0024,389.0,29.0,14.0,21.0,0.91,3.0,26.0,0.0349,58.2,47.6,0.45,,,0.0,,,0.457,0.1082,5.3111,0.625,0.0
2016,00-0029263,R.Wilson,SEA,16,,,34.89,6.56,4219,202,72,4493,21,0,1,1,23,11,5,16,10,12.643,646.0,0.054,546.0,41.0,34.0,25.0,-1.76,9.0,174.0,-0.0101,77.1,63.9,2.217,,,0.0,,,0.4799,0.0975,4.4978,0.625,0.0
2016,00-0027854,S.Bradford,MIN,15,,,37.7,6.4,3877,66,0,3943,20,0,0,0,20,5,5,10,8,12.577,598.0,0.0631,553.0,37.0,7.0,1.0,27.35,7.0,172.0,0.159,74.9,69.0,0.638,,,0.0,,,0.4749,0.0786,4.5222,0.5,0.0
2016,00-0019596,T.Brady,NE,12,,,139.9,8.808,3554,64,10,3628,28,0,0,0,28,2,2,4,14,16.333,466.0,0.3002,432.0,15.0,12.0,7.0,41.89,9.0,135.0,0.3103,58.2,54.9,2.993,,,0.0,,,0.5,0.0408,3.6513,0.875,0.0
2016,00-0032156,T.Siemian,DEN,14,,,-8.46,6.031,3401,65,6,3472,18,0,0,0,18,10,9,19,9,11.1,536.0,-0.0158,487.0,31.0,14.0,5.0,-24.56,3.0,169.0,-0.1453,65.2,56.2,0.6,,,0.0,,,0.4403,0.0933,-0.5171,0.5625,0.0
2016,00-0028118,T.Taylor,BUF,15,,,57.58,6.013,2990,356,230,3576,17,1,5,0,23,6,2,8,7,14.778,568.0,0.1014,435.0,42.0,50.0,41.0,29.5,6.0,117.0,0.2521,64.7,50.0,0.728,,,0.0,,,0.4454,0.1021,2.1045,0.4375,1.0
2017,00-0027973,A.Dalton,CIN,16,,,-47.96,5.665,3320,87,30,3437,25,0,0,0,25,12,7,19,7,10.357,554.0,-0.0866,495.0,39.0,11.0,9.0,-33.86,5.0,145.0,-0.2335,73.4,78.1,-0.245,,,0.0,,,0.4116,0.1065,-1.6825,0.4375,0.0
2017,00-0023459,A.Rodgers,GB,7,,,28.39,5.966,1675,126,5,1806,16,0,0,0,16,6,2,8,7,12.8,279.0,0.1017,239.0,22.0,16.0,2.0,1.06,3.0,53.0,0.0201,36.6,40.0,1.237,,,0.0,,,0.4946,0.1111,0.8471,0.4375,0.0
2017,00-0023436,A.Smith,KC,15,,,104.38,7.648,4042,288,46,4376,26,0,1,0,27,5,1,6,10,14.821,591.0,0.1766,505.0,35.0,33.0,18.0,25.67,3.0,118.0,0.2175,74.0,69.2,2.978,,,0.0,,,0.4822,0.0711,4.9927,0.625,1.0
2017,00-0031407,B.Bortles,JAX,16,,,51.24,6.18,3687,173,160,4020,21,0,2,0,23,13,4,17,10,13.031,596.0,0.086,526.0,24.0,24.0,22.0,16.53,7.0,153.0,0.108,69.1,57.5,-0.898,,,0.0,,,0.4698,0.0705,-2.8849,0.625,0.0
2017,00-0027948,B.Gabbert,ARI,5,,,-53.16,4.057,1086,82,3,1171,6,0,0,0,6,6,2,8,8,9.833,213.0,-0.2496,171.0,23.0,14.0,5.0,-29.03,0.0,87.0,-0.3336,22.1,19.4,-1.297,,,0.0,,,0.3803,0.1455,-7.3974,0.5,0.0
2017,00-0026625,B.Hoyer,SF,8,,,-30.14,4.715,1287,9,-2,1294,4,1,0,0,5,4,1,5,6,12.259,233.0,-0.1293,212.0,16.0,1.0,4.0,-2.65,0.0,3.0,-0.8848,22.3,16.1,-1.394,,,0.0,,,0.382,0.0944,-6.3027,0.375,0.0
2017,00-0031589,B.Hundley,GB,11,,,-59.54,3.697,1836,210,63,2109,9,1,1,0,11,12,2,14,7,12.8,379.0,-0.1571,317.0,29.0,21.0,12.0,-26.98,4.0,131.0,-0.206,42.8,27.5,-0.28,,,0.0,,,0.4169,0.1187,-3.0333,0.4375,0.0
2017,00-0029682,B.Osweiler,DEN,6,,,-19.17,4.94,1088,72,-2,1158,5,1,0,0,6,5,2,7,5,9.633,193.0,-0.0993,172.0,10.0,10.0,1.0,-3.08,3.0,67.0,-0.0459,21.8,19.4,-0.277,,,0.0,,,0.3834,0.0933,-6.1923,0.3125,0.0
2017,00-0031568,B.Petty,NYJ,4,,,-30.65,3.091,544,56,0,600,1,0,0,0,1,3,1,4,5,10.276,127.0,-0.2413,113.0,8.0,6.0,0.0,-30.65,1.0,127.0,-0.2413,11.9,2.9,-0.503,,,0.0,,,0.3622,0.0945,-14.3534,0.3125,0.0
2017,00-0022924,B.Roethlisberger,PIT,15,,,89.53,6.959,4259,62,4,4325,28,0,0,0,28,14,1,15,13,16.24,595.0,0.1505,561.0,21.0,10.0,3.0,42.42,6.0,132.0,0.3214,70.0,65.1,2.719,,,0.0,,,0.4992,0.0605,2.9129,0.8125,1.5
2017,00-0033936,C.Beathard,SF,6,,,-44.69,4.541,1430,83,56,1569,4,0,3,0,7,6,4,10,6,12.259,265.0,-0.1686,223.0,19.0,12.0,11.0,0.0,0.0,0.0,0.0,27.1,22.6,-0.891,,,0.0,,,0.4,0.1132,-7.129,0.375,0.0
2017,00-0028986,C.Keenum,MIN,15,,,69.12,7.016,3547,167,13,3727,22,0,1,0,23,7,3,10,13,14.692,526.0,0.1314,482.0,22.0,19.0,3.0,-3.04,6.0,143.0,-0.0213,64.9,57.5,2.364,,,0.0,,,0.4772,0.0608,3.5839,0.8125,0.0
2017,00-0027939,C.Newton,CAR,16,,,17.28,5.275,3302,230,547,4079,22,1,5,0,28,16,1,17,11,13.962,651.0,0.0265,492.0,35.0,31.0,93.0,-9.4,7.0,164.0,-0.0573,78.2,71.8,1.287,,,0.0,,,0.4409,0.0891,-2.321,0.6875,0.0
2017,00-0021429,C.Palmer,ARI,7,,,-15.44,5.838,1978,2,16,1996,9,0,0,0,9,7,2,9,8,9.833,298.0,-0.0518,268.0,22.0,1.0,7.0,0.0,0.0,0.0,0.0,37.7,29.0,0.218,,,0.0,,,0.4396,0.104,-0.035,0.5,0.0
2017,00-0032950,C.Wentz,PHI,13,,,113.17,7.386,3296,218,92,3606,33,0,0,0,33,7,4,11,13,15.759,523.0,0.2164,443.0,28.0,30.0,22.0,18.47,4.0,45.0,0.4104,61.5,66.0,2.481,,,0.0,,,0.4914,0.0746,0.4146,0.8125,0.0
2017,00-0020531,D.Brees,NO,16,,,90.27,7.756,4334,20,12,4366,23,1,1,0,25,8,5,13,11,14.933,568.0,0.1589,533.0,20.0,5.0,10.0,6.31,6.0,137.0,0.046,68.2,53.2,2.101,,,0.0,,,0.4982,0.0581,4.6814,0.6875,0.0
2017,00-0031280,D.Carr,LV,15,,,-3.89,6.052,3496,76,0,3572,22,0,0,0,22,13,10,23,0,0.0,549.0,-0.0071,517.0,20.0,9.0,3.0,-34.07,5.0,151.0,-0.2256,68.2,56.4,0.407,,,0.0,,,0.4335,0.0801,-0.3161,0.0,0.0
2017,00-0033899,D.Kizer,CLE,15,,,-114.19,3.7,2894,316,105,3315,11,0,5,0,16,22,10,32,0,8.069,587.0,-0.1945,475.0,38.0,45.0,29.0,-29.14,5.0,159.0,-0.1833,67.6,53.3,-2.632,,,0.0,,,0.368,0.121,-6.3284,0.0,0.0
2017,00-0033077,D.Prescott,DAL,16,,,-3.8,5.725,3324,242,121,3687,22,3,3,0,28,13,5,18,9,14.16,574.0,-0.0066,491.0,32.0,32.0,19.0,4.26,5.0,142.0,0.03,70.1,62.2,0.439,,,0.0,,,0.4425,0.0871,-0.241,0.5625,0.0
2017,00-0025430,D.Stanton,ARI,5,,,-20.51,4.512,894,1,11,906,6,0,0,0,6,5,0,5,8,9.833,170.0,-0.1206,159.0,7.0,1.0,3.0,-12.2,3.0,72.0,-0.1694,17.1,19.4,0.042,,,0.0,,,0.3706,0.0706,-8.3103,0.5,0.0
2017,00-0033537,D.Watson,HOU,7,,,43.31,7.188,1699,188,82,1969,19,1,1,0,21,8,1,9,4,12.519,259.0,0.1672,204.0,19.0,19.0,17.0,0.0,0.0,0.0,0.0,37.5,53.8,1.501,,,0.0,,,0.4826,0.1081,2.2591,0.25,1.0
2017,00-0022803,E.Manning,NYG,15,,,-62.67,5.073,3468,35,0,3503,19,1,0,0,20,13,5,18,3,8.483,612.0,-0.1024,574.0,32.0,5.0,1.0,-32.71,5.0,184.0,-0.1778,67.5,74.1,-0.89,,,0.0,,,0.433,0.0817,-3.6361,0.1875,0.0
2017,00-0033119,J.Brissett,IND,16,,,-54.42,5.276,3098,248,22,3368,13,2,2,0,17,7,5,12,4,9.393,572.0,-0.0951,467.0,52.0,40.0,13.0,1.39,4.0,126.0,0.011,72.5,56.7,-2.123,,,0.0,,,0.3969,0.1154,-4.4544,0.25,0.0
2017,00-0024226,J.Cutler,MIA,14,,,-44.17,5.038,2666,32,7,2705,19,0,0,0,19,14,4,18,6,9.69,459.0,-0.0962,429.0,20.0,6.0,4.0,-12.61,4.0,136.0,-0.0927,52.6,61.3,-0.982,,,0.0,,,0.4205,0.0828,-0.3911,0.375,0.0
2017,00-0026158,J.Flacco,BAL,16,,,-50.66,4.723,3141,36,30,3207,18,0,1,0,19,13,1,14,9,12.742,584.0,-0.0867,547.0,27.0,6.0,4.0,5.7,8.0,168.0,0.0339,63.2,51.4,-2.026,,,0.0,,,0.4195,0.0702,-1.2153,0.5625,0.0
2017,00-0031345,J.Garoppolo,SF,6,,,59.67,7.707,1560,19,-1,1578,7,0,1,0,8,5,0,5,6,12.259,192.0,0.3108,176.0,8.0,4.0,4.0,44.42,7.0,147.0,0.3022,27.2,25.8,1.84,,,0.0,,,0.5365,0.0729,6.0059,0.375,0.0
2017,00-0033106,J.Goff,LA,15,,,74.6,7.754,3804,59,6,3869,28,0,1,0,29,7,6,13,11,17.071,514.0,0.1451,475.0,25.0,10.0,4.0,4.02,8.0,93.0,0.0433,65.1,61.7,0.595,,,0.0,,,0.4494,0.0759,-0.9075,0.6875,1.0
2017,00-0021206,J.McCown,NYJ,13,,,14.25,6.058,2926,125,13,3064,18,1,4,0,23,9,7,16,5,10.276,455.0,0.0313,393.0,39.0,14.0,9.0,-13.53,0.0,17.0,-0.7957,60.8,67.6,-0.162,,,0.0,,,0.4549,0.1209,5.5341,0.3125,0.0
2017,00-0031503,J.Winston,TB,13,,,33.55,6.713,3504,132,5,3641,19,1,0,0,20,11,10,21,5,13.4,502.0,0.0668,441.0,33.0,23.0,5.0,28.5,8.0,175.0,0.1629,62.1,57.1,1.502,,,0.0,,,0.504,0.1076,4.9259,0.3125,0.0
2017,00-0029604,K.Cousins,WAS,16,,,-1.06,6.379,4093,140,49,4282,27,0,4,0,31,13,8,21,7,12.214,621.0,-0.0017,540.0,41.0,23.0,17.0,-22.86,7.0,140.0,-0.1633,79.1,75.6,1.292,,,0.0,,,0.4477,0.1014,0.8388,0.4375,0.0
2017,00-0030520,M.Glennon,CHI,4,,,-33.41,4.122,833,2,2,837,4,0,0,0,4,5,3,8,5,9.429,152.0,-0.2198,140.0,8.0,1.0,3.0,0.0,0.0,0.0,0.0,17.9,14.3,-0.955,,,0.0,,,0.3882,0.1053,1.7492,0.3125,0.0
2017,00-0032268,M.Mariota,TEN,15,,,-3.78,5.52,3232,146,179,3557,13,2,3,0,18,15,4,19,9,11.929,526.0,-0.0072,452.0,27.0,22.0,25.0,-15.29,3.0,148.0,-0.1033,69.8,50.0,0.472,,,0.0,,,0.4506,0.0894,0.692,0.5625,0.0
2017,00-0025708,M.Moore,MIA,4,,,-21.2,4.5,861,9,0,870,4,0,0,0,4,5,0,5,6,9.69,141.0,-0.1504,126.0,12.0,2.0,1.0,0.0,0.0,0.0,0.0,16.9,12.9,0.304,,,0.0,,,0.4043,0.1206,-0.0989,0.375,0.0
2017,00-0026143,M.Ryan,ATL,16,,,74.79,6.907,4095,150,3,4248,20,0,0,0,20,12,3,15,10,14.12,573.0,0.1305,526.0,24.0,17.0,6.0,17.62,4.0,153.0,0.1152,72.6,55.6,1.659,,,0.0,,,0.4939,0.0681,2.9681,0.625,0.0
2017,00-0026498,M.Stafford,DET,16,,,26.93,6.974,4446,107,0,4553,29,0,0,0,29,10,9,19,9,13.226,635.0,0.0424,568.0,47.0,17.0,3.0,17.01,7.0,151.0,0.1126,81.4,65.9,1.067,,,0.0,,,0.4535,0.1039,0.6306,0.5625,0.0
2017,00-0033869,M.Trubisky,CHI,12,,,-47.27,5.047,2193,214,40,2447,7,0,2,0,9,7,5,12,5,9.429,397.0,-0.1191,330.0,31.0,20.0,16.0,-3.75,4.0,157.0,-0.0239,52.5,32.1,-1.177,,,0.0,,,0.3955,0.1108,-5.3866,0.3125,0.0
2017,00-0029567,N.Foles,PHI,6,,,-22.79,4.745,537,0,10,547,5,0,0,0,5,2,2,4,13,15.759,112.0,-0.2035,101.0,5.0,0.0,6.0,-17.31,5.0,106.0,-0.1633,9.3,10.0,-0.573,,,0.0,,,0.375,0.0804,-3.2101,0.8125,0.0
2017,00-0022942,P.Rivers,LAC,16,,,108.05,7.61,4515,13,0,4528,28,0,0,0,28,10,3,13,9,12.241,597.0,0.181,574.0,18.0,2.0,3.0,26.72,7.0,151.0,0.1769,73.6,70.0,2.568,,,0.0,,,0.4791,0.0519,1.0183,0.5625,0.0
2017,00-0023682,R.Fitzpatrick,TB,6,,,6.07,6.244,1103,65,16,1184,7,0,0,0,7,3,1,4,5,13.4,185.0,0.0328,165.0,7.0,10.0,3.0,0.0,0.0,0.0,0.0,20.2,20.0,0.049,,,0.0,,,0.4541,0.0595,-1.6116,0.3125,0.0
2017,00-0029263,R.Wilson,SEA,16,,,50.85,6.442,3983,445,157,4585,34,1,2,0,37,11,4,15,9,12.621,679.0,0.0749,554.0,43.0,53.0,29.0,-19.68,8.0,147.0,-0.1339,88.8,94.9,1.787,,,0.0,,,0.4624,0.0869,4.6189,0.5625,0.0
2017,00-0019596,T.Brady,NE,16,,,132.08,7.534,4577,25,14,4616,32,0,0,0,32,8,3,11,13,16.963,632.0,0.209,583.0,35.0,6.0,8.0,2.42,6.0,154.0,0.0157,71.0,62.7,3.832,,,0.0,,,0.5063,0.0728,3.7357,0.8125,0.5
2017,00-0031064,T.Savage,HOU,8,,,-49.36,4.457,1412,4,0,1416,5,0,0,0,5,6,7,13,4,12.519,245.0,-0.2015,222.0,21.0,2.0,0.0,-6.31,0.0,14.0,-0.4507,27.0,12.8,-1.255,,,0.0,,,0.3878,0.1388,-4.18,0.25,1.0
2017,00-0032156,T.Siemian,DEN,11,,,-55.1,4.362,2285,133,0,2418,12,1,0,0,13,14,4,18,5,9.633,408.0,-0.1351,351.0,33.0,24.0,0.0,1.13,1.0,46.0,0.0245,45.6,41.9,-0.993,,,0.0,,,0.3995,0.125,-1.5084,0.3125,0.0
2017,00-0028118,T.Taylor,BUF,15,,,24.15,5.672,2799,313,130,3242,14,0,4,0,18,4,4,8,9,11.615,535.0,0.0451,420.0,46.0,40.0,29.0,15.68,3.0,118.0,0.1329,68.1,60.0,0.879,,,0.0,,,0.4243,0.1047,1.2595,0.5625,0.0
2017,00-0028090,T.Yates,HOU,4,,,-26.12,3.573,523,51,0,574,4,0,0,0,4,3,2,5,4,12.519,115.0,-0.2271,97.0,13.0,5.0,0.0,-26.12,4.0,115.0,-0.2271,10.9,10.3,-0.469,,,0.0,,,0.3565,0.1565,-10.3715,0.25,1.0
2018,00-0027973,A.Dalton,CIN,11,,,25.03,6.078,2566,99,2,2667,21,0,0,0,21,11,1,12,6,14.154,397.0,0.0631,363.0,21.0,12.0,1.0,0.0,0.0,0.0,0.0,52.5,51.2,1.733,,,0.0,,,0.4736,0.0831,-3.0416,0.375,0.0
2018,00-0029668,A.Luck,IND,16,,,94.26,6.936,4593,160,4,4757,39,0,0,0,39,15,5,20,10,15.464,686.0,0.1374,640.0,18.0,21.0,7.0,39.32,7.0,163.0,0.2413,77.0,69.6,2.945,,,0.0,,,0.5073,0.0569,0.8464,0.625,0.0
2018,00-0023459,A.Rodgers,GB,16,,,76.77,6.954,4442,278,-4,4716,25,1,1,0,27,2,4,6,6,14.462,686.0,0.1119,598.0,49.0,33.0,6.0,25.21,6.0,160.0,0.1576,78.8,67.5,2.151,,,0.0,,,0.4665,0.0845,-0.5936,0.375,0.0
2018,00-0023436,A.Smith,WAS,10,,,-0.45,5.828,2180,131,42,2353,10,0,1,0,11,5,3,8,7,10.808,385.0,-0.0012,327.0,22.0,21.0,15.0,0.0,0.0,0.0,0.0,49.1,35.5,-0.041,,,0.0,,,0.4571,0.0805,-1.7018,0.4375,0.0
2018,00-0031407,B.Bortles,JAX,13,,,-25.28,5.298,2718,261,109,3088,13,1,0,0,14,11,10,21,5,8.75,488.0,-0.0518,405.0,31.0,39.0,13.0,-10.99,0.0,44.0,-0.2497,64.6,60.9,-1.029,,,0.0,,,0.4324,0.1066,-6.9319,0.3125,0.0
2018,00-0027948,B.Gabbert,TEN,6,,,-21.27,4.613,626,0,2,628,4,0,0,0,4,4,0,4,9,11.923,108.0,-0.197,101.0,5.0,0.0,2.0,-12.58,2.0,41.0,-0.3067,12.5,12.5,-0.119,,,0.0,,,0.4167,0.0833,-8.0403,0.5625,0.0
2018,00-0034855,B.Mayfield,CLE,14,,,19.38,6.722,3725,142,1,3868,27,0,0,0,27,14,6,20,7,9.972,541.0,0.0358,490.0,25.0,17.0,9.0,20.74,9.0,143.0,0.145,65.3,58.7,-0.161,,,0.0,,,0.4547,0.0869,1.3214,0.4375,0.0
2018,00-0029682,B.Osweiler,MIA,7,,,-13.5,5.421,1247,21,2,1270,6,0,0,0,6,4,1,5,7,12.269,201.0,-0.0672,178.0,17.0,4.0,2.0,-0.27,0.0,1.0,-0.2663,25.6,16.7,0.294,,,0.0,,,0.408,0.1095,0.2503,0.4375,0.0
2018,00-0022924,B.Roethlisberger,PIT,16,,,137.89,7.023,5129,99,12,5240,34,1,2,0,37,16,7,23,9,12.97,720.0,0.1915,677.0,24.0,12.0,7.0,36.31,8.0,167.0,0.2174,80.3,71.2,5.39,,,0.0,,,0.5028,0.0653,1.6825,0.5625,0.0
2018,00-0033936,C.Beathard,SF,5,,,-30.96,4.979,1252,61,8,1321,8,0,1,0,9,7,4,11,4,13.68,208.0,-0.1488,171.0,18.0,11.0,8.0,0.0,0.0,0.0,0.0,21.8,24.3,-1.165,,,0.0,,,0.4471,0.1394,-7.1108,0.25,0.0
2018,00-0028986,C.Keenum,DEN,16,,,-22.37,5.387,3890,92,9,3991,18,1,1,0,20,15,5,20,6,12.185,638.0,-0.0351,586.0,34.0,12.0,6.0,-17.31,5.0,191.0,-0.0906,69.4,52.6,-0.454,,,0.0,,,0.4357,0.0846,-1.252,0.375,0.0
2018,00-0033104,C.Kessler,JAX,5,,,-28.66,3.333,709,120,4,833,2,0,0,0,2,2,3,5,5,8.75,171.0,-0.1676,131.0,22.0,15.0,3.0,-23.29,1.0,103.0,-0.2261,17.4,8.7,-0.66,,,0.0,,,0.4444,0.1579,2.6719,0.3125,0.0
2018,00-0027939,C.Newton,CAR,14,,,42.19,6.142,3395,194,308,3897,24,0,4,0,28,13,1,14,7,15.667,590.0,0.0715,472.0,29.0,26.0,63.0,-11.1,0.0,85.0,-0.1306,65.1,60.9,0.494,,,0.0,,,0.4983,0.078,3.0427,0.4375,0.0
2018,00-0032950,C.Wentz,PHI,11,,,40.04,6.907,3074,93,8,3175,21,0,0,0,21,7,6,13,9,14.68,456.0,0.0878,400.0,31.0,16.0,9.0,-0.08,3.0,38.0,-0.002,52.9,50.0,1.01,,,0.0,,,0.4978,0.1031,5.0962,0.5625,0.5
2018,00-0020531,D.Brees,NO,15,,,155.45,8.437,3992,27,13,4032,32,1,3,0,36,5,5,10,13,20.16,521.0,0.2984,491.0,17.0,4.0,9.0,5.62,3.0,112.0,0.0502,65.3,60.0,3.854,,,0.0,,,0.5662,0.0518,6.4946,0.8125,0.0
2018,00-0031280,D.Carr,LV,16,,,-2.39,6.154,4049,51,6,4106,19,0,1,0,20,10,8,18,0,0.0,612.0,-0.0039,547.0,51.0,8.0,6.0,-5.07,3.0,143.0,-0.0354,72.7,64.5,1.878,,,0.0,,,0.4771,0.1144,3.7973,0.0,0.0
2018,00-0033077,D.Prescott,DAL,16,,,35.06,6.216,3885,194,127,4206,22,2,4,0,28,8,8,16,10,13.56,642.0,0.0546,526.0,56.0,29.0,31.0,19.91,9.0,179.0,0.1112,74.2,77.8,2.944,,,0.0,,,0.4579,0.1184,1.1092,0.625,0.0
2018,00-0033537,D.Watson,HOU,16,,,66.9,6.932,4165,416,144,4725,26,1,4,0,31,9,6,15,11,13.862,652.0,0.1026,500.0,62.0,58.0,32.0,25.64,8.0,190.0,0.135,81.7,81.6,2.744,,,0.0,,,0.4877,0.1227,4.6085,0.6875,1.0
2018,00-0022803,E.Manning,NYG,16,,,29.7,6.166,4299,16,8,4323,21,0,1,0,22,11,5,16,5,12.724,638.0,0.0465,580.0,47.0,4.0,7.0,21.41,7.0,149.0,0.1437,71.5,59.5,-0.286,,,0.0,,,0.431,0.0987,0.4645,0.3125,0.5
2018,00-0034857,J.Allen,BUF,12,,,-4.14,4.284,2044,508,129,2681,10,5,3,0,18,12,3,15,6,9.963,431.0,-0.0096,320.0,28.0,47.0,36.0,4.17,9.0,162.0,0.0258,59.7,52.9,-0.3,,,0.0,,,0.4269,0.109,-6.881,0.375,0.0
2018,00-0032436,J.Driskel,CIN,8,,,-6.42,4.672,1003,81,53,1137,6,0,2,0,8,2,1,3,6,14.154,216.0,-0.0297,179.0,16.0,12.0,10.0,-8.64,4.0,130.0,-0.0664,22.4,19.5,-1.248,,,0.0,,,0.3935,0.0926,-4.5228,0.375,0.0
2018,00-0026158,J.Flacco,BAL,9,,,19.31,5.98,2465,28,24,2517,12,0,0,0,12,6,2,8,10,13.414,407.0,0.0475,378.0,16.0,5.0,9.0,0.0,0.0,0.0,0.0,41.8,31.6,0.431,,,0.0,,,0.457,0.059,-2.6123,0.625,0.0
2018,00-0031345,J.Garoppolo,SF,3,,,1.81,5.689,718,33,1,752,5,0,0,0,5,3,0,3,4,13.68,110.0,0.0164,90.0,13.0,5.0,2.0,0.0,0.0,0.0,0.0,12.4,13.5,0.005,,,0.0,,,0.5,0.1455,-6.8766,0.25,0.0
2018,00-0033106,J.Goff,LA,16,,,113.29,7.672,4688,122,1,4811,32,1,1,0,34,12,6,18,13,18.821,622.0,0.1821,562.0,33.0,20.0,7.0,-5.27,6.0,158.0,-0.0334,70.1,60.7,3.46,,,0.0,,,0.508,0.0836,1.5231,0.8125,1.0
2018,00-0026300,J.Johnson,WAS,4,,,-7.33,3.951,590,84,38,712,3,1,0,0,4,4,0,4,7,10.808,124.0,-0.0591,93.0,9.0,13.0,9.0,-7.33,4.0,124.0,-0.0591,14.9,12.9,-0.041,,,0.0,,,0.4435,0.121,-4.8734,0.4375,0.0
2018,00-0021206,J.McCown,NYJ,4,,,-29.6,2.966,539,32,0,571,1,0,0,0,1,4,0,4,4,11.1,121.0,-0.2446,109.0,7.0,5.0,0.0,-0.8,0.0,1.0,-0.8017,11.7,3.1,-0.46,,,0.0,,,0.3719,0.0909,-9.5385,0.25,0.0
2018,00-0034343,J.Rosen,ARI,14,,,-148.72,3.534,2278,145,0,2423,11,0,0,0,11,14,6,20,3,8.036,454.0,-0.3276,393.0,45.0,15.0,2.0,-68.68,1.0,147.0,-0.4672,59.4,39.3,-2.525,,,0.0,,,0.3612,0.1432,-8.2452,0.1875,0.0
2018,00-0031503,J.Winston,TB,11,,,52.6,6.351,2992,255,30,3277,19,1,0,0,20,14,4,18,5,14.143,452.0,0.1164,380.0,27.0,36.0,9.0,3.3,7.0,169.0,0.0195,50.5,38.5,0.821,,,0.0,,,0.4978,0.1018,2.2004,0.3125,0.0
2018,00-0029604,K.Cousins,MIN,16,,,-31.65,6.46,4298,96,33,4427,30,0,1,0,31,10,8,18,8,11.613,681.0,-0.0465,608.0,40.0,17.0,16.0,-24.17,7.0,132.0,-0.1831,77.7,70.5,1.21,,,0.0,,,0.4743,0.0852,2.6106,0.5,0.0
2018,00-0034796,L.Jackson,BAL,15,,,5.16,5.995,1201,115,595,1911,6,0,5,0,11,3,4,7,10,13.414,319.0,0.0162,170.0,16.0,17.0,116.0,10.58,6.0,160.0,0.0661,31.7,28.9,0.314,,,0.0,,,0.4765,0.1003,-6.0179,0.625,0.0
2018,00-0032268,M.Mariota,TEN,14,,,14.57,5.735,2528,253,111,2892,11,2,0,0,13,8,4,12,9,11.923,433.0,0.0336,332.0,42.0,34.0,25.0,5.56,0.0,66.0,0.0843,57.4,40.6,1.504,,,0.0,,,0.4758,0.1316,3.4468,0.5625,0.0
2018,00-0026143,M.Ryan,ATL,16,,,118.44,7.653,4924,120,15,5059,35,1,2,1,39,7,9,16,7,15.923,680.0,0.1742,613.0,42.0,17.0,8.0,32.76,11.0,159.0,0.206,78.9,78.0,2.711,,,0.0,,,0.5132,0.0853,4.3499,0.4375,0.0
2018,00-0026498,M.Stafford,DET,16,,,2.02,5.774,3777,73,7,3857,21,0,0,0,21,11,6,17,6,12.96,614.0,0.0033,557.0,40.0,13.0,4.0,-2.22,3.0,121.0,-0.0184,71.1,58.3,0.418,,,0.0,,,0.4332,0.0928,-2.11,0.375,0.0
2018,00-0033869,M.Trubisky,CHI,14,,,80.63,6.551,3223,320,113,3656,24,1,2,0,27,12,5,17,12,15.593,518.0,0.1557,437.0,24.0,36.0,21.0,8.96,4.0,130.0,0.0689,68.0,60.0,1.808,,,0.0,,,0.5019,0.083,1.9969,0.75,0.0
2018,00-0029567,N.Foles,PHI,5,,,24.78,6.532,1413,6,12,1431,7,0,0,0,7,4,3,7,9,14.68,211.0,0.1174,194.0,9.0,2.0,6.0,35.99,6.0,122.0,0.295,23.8,16.7,0.936,,,0.0,,,0.4597,0.0758,5.7201,0.5625,0.5
2018,00-0033319,N.Mullens,SF,8,,,26.68,6.806,2277,1,-3,2275,13,0,0,0,13,10,0,10,4,13.68,295.0,0.0905,271.0,17.0,1.0,6.0,15.09,6.0,145.0,0.1041,37.5,35.1,0.212,,,0.0,,,0.461,0.0983,1.9368,0.25,0.0
2018,00-0033873,P.Mahomes,KC,16,,,233.73,8.888,5097,215,69,5381,50,2,0,0,52,12,5,17,12,20.926,655.0,0.3568,580.0,26.0,28.0,21.0,47.19,9.0,166.0,0.2843,79.4,76.5,4.946,,,0.0,,,0.5282,0.0687,4.4722,0.75,2.0
2018,00-0022942,P.Rivers,LAC,16,,,124.71,7.686,4308,17,-3,4322,32,0,0,0,32,12,4,16,12,17.12,557.0,0.2239,515.0,32.0,5.0,5.0,-8.88,4.0,143.0,-0.0621,70.0,64.0,2.345,,,0.0,,,0.5081,0.0898,3.6086,0.75,0.0
2018,00-0023682,R.Fitzpatrick,TB,8,,,48.02,8.008,2366,149,8,2523,17,0,2,0,19,12,4,16,5,14.143,290.0,0.1656,247.0,14.0,23.0,6.0,0.0,0.0,0.0,0.0,38.9,36.5,1.08,,,0.0,,,0.5069,0.1034,5.2484,0.3125,0.0
2018,00-0029701,R.Tannehill,MIA,11,,,-57.08,5.308,1979,71,83,2133,17,0,0,1,18,9,5,14,7,12.269,330.0,-0.173,273.0,35.0,7.0,15.0,-39.75,4.0,123.0,-0.3232,43.0,50.0,-0.565,,,0.0,,,0.4152,0.1576,-0.9351,0.4375,0.0
2018,00-0029263,R.Wilson,SEA,16,,,88.14,7.384,3448,288,107,3843,35,0,0,0,35,7,2,9,10,15.852,522.0,0.1688,420.0,51.0,29.0,22.0,6.63,6.0,131.0,0.0506,67.0,67.3,2.383,,,0.0,,,0.4789,0.1149,7.4647,0.625,0.0
2018,00-0034869,S.Darnold,NYJ,13,,,-26.71,5.239,2865,115,33,3013,17,0,1,0,18,15,5,20,4,11.1,475.0,-0.0562,414.0,30.0,15.0,16.0,28.13,6.0,145.0,0.194,61.6,56.2,-0.54,,,0.0,,,0.4232,0.1053,-4.6344,0.25,0.0
2018,00-0019596,T.Brady,NE,16,,,90.7,7.276,4355,33,10,4398,29,1,1,0,31,11,4,15,11,15.571,603.0,0.1504,569.0,21.0,5.0,8.0,18.0,9.0,142.0,0.1268,68.4,66.0,2.863,,,0.0,,,0.5141,0.0614,1.0274,0.6875,0.0
2018,00-0028118,T.Taylor,CLE,4,,,-19.84,3.526,473,103,22,598,2,1,0,0,3,2,0,2,7,9.972,113.0,-0.1755,84.0,13.0,10.0,6.0,0.0,0.0,0.0,0.0,10.1,6.5,-0.847,,,0.0,,,0.3451,0.1416,-12.1381,0.4375,0.0
2019,00-0027973,A.Dalton,CIN,13,,,-21.77,5.241,3494,57,28,3579,16,2,2,0,20,14,7,21,2,9.964,585.0,-0.0372,523.0,37.0,10.0,15.0,1.85,7.0,169.0,0.011,66.3,62.5,-0.11,,,0.0,,,0.4308,0.0991,-3.272,0.125,0.0
2019,00-0023459,A.Rodgers,GB,16,,,57.82,6.696,4002,203,-1,4204,26,1,0,0,27,4,7,11,13,12.966,635.0,0.0911,570.0,36.0,26.0,3.0,-14.96,4.0,172.0,-0.087,74.6,61.4,2.252,,,0.0,,,0.4441,0.0756,0.6599,0.8125,0.0
2019,00-0034855,B.Mayfield,CLE,16,,,-11.46,5.291,3827,134,10,3971,22,2,1,0,25,21,4,25,6,11.964,599.0,-0.0191,534.0,40.0,17.0,8.0,8.12,8.0,144.0,0.0564,70.7,64.1,-0.394,,,0.0,,,0.4274,0.1102,-2.9552,0.375,0.0
2019,00-0028986,C.Keenum,WAS,9,,,-13.8,5.943,1707,15,0,1722,11,1,0,0,12,5,4,9,3,9.5,268.0,-0.0515,247.0,15.0,3.0,3.0,-20.04,3.0,63.0,-0.318,36.8,40.0,-0.207,,,0.0,,,0.459,0.0933,-1.0946,0.1875,0.0
2019,00-0032950,C.Wentz,PHI,16,,,14.96,6.254,4039,176,77,4292,27,0,1,0,28,7,11,18,9,14.259,702.0,0.0213,608.0,37.0,28.0,29.0,25.46,7.0,197.0,0.1293,73.5,65.1,0.666,,,0.0,,,0.4744,0.0783,-0.6361,0.5625,0.0
2019,00-0035040,D.Blough,DET,5,,,-46.8,3.67,984,32,0,1016,4,0,0,1,5,6,1,7,3,11.759,195.0,-0.24,174.0,14.0,6.0,1.0,-50.61,2.0,154.0,-0.3286,18.0,13.5,-0.78,,,0.0,,,0.3538,0.1077,-13.5942,0.1875,0.0
2019,00-0020531,D.Brees,NO,11,,,97.12,8.42,2979,0,3,2982,27,0,1,0,28,4,0,4,13,16.357,388.0,0.2503,374.0,12.0,0.0,2.0,68.24,16.0,143.0,0.4772,48.6,58.3,2.903,,,0.0,,,0.5412,0.0412,6.0577,0.8125,1.0
2019,00-0031280,D.Carr,LV,16,,,71.12,7.264,4054,77,12,4143,21,2,0,0,23,8,6,14,0,0.0,561.0,0.1268,512.0,29.0,14.0,6.0,24.5,6.0,162.0,0.1512,69.8,60.5,2.926,,,0.0,,,0.492,0.0766,5.6902,0.0,0.0
2019,00-0035232,D.Haskins,WAS,9,,,-50.63,4.214,1365,80,23,1468,7,0,0,0,7,7,2,9,3,9.5,253.0,-0.2001,205.0,29.0,12.0,7.0,8.58,5.0,81.0,0.106,31.3,23.3,-0.861,,,0.0,,,0.3953,0.1542,-4.6543,0.1875,0.0
2019,00-0035577,D.Hodges,PIT,8,,,-31.41,4.006,1063,72,6,1141,5,0,0,0,5,8,2,10,8,9.966,188.0,-0.1671,160.0,15.0,8.0,5.0,-31.25,2.0,116.0,-0.2694,25.1,18.5,-0.889,,,0.0,,,0.3936,0.1436,2.1311,0.5,0.0
2019,00-0035710,D.Jones,NYG,13,,,-26.93,5.344,3027,228,55,3310,24,1,1,0,26,12,13,25,4,12.63,541.0,-0.0498,462.0,38.0,27.0,14.0,13.71,6.0,100.0,0.1371,59.9,57.8,-0.014,,,0.0,,,0.427,0.1183,-1.9408,0.25,0.0
2019,00-0035704,D.Lock,DEN,5,,,9.91,6.205,1020,74,3,1097,7,0,0,0,7,3,1,4,7,10.444,175.0,0.0567,156.0,5.0,11.0,3.0,13.15,5.0,144.0,0.0913,22.2,25.0,0.317,,,0.0,,,0.4286,0.0514,-0.8257,0.4375,0.0
2019,00-0033077,D.Prescott,DAL,16,,,132.67,7.832,4902,146,141,5189,30,2,1,0,33,11,4,15,8,16.692,662.0,0.2004,597.0,23.0,20.0,22.0,15.98,7.0,167.0,0.0957,75.0,68.8,2.092,,,0.0,,,0.5257,0.0604,0.9662,0.5,0.0
2019,00-0033537,D.Watson,HOU,15,,,94.78,6.645,3852,302,122,4276,26,4,3,1,34,12,4,16,10,15.12,609.0,0.1556,494.0,44.0,43.0,28.0,-5.09,5.0,136.0,-0.0374,74.2,75.6,3.071,,,0.0,,,0.4926,0.1002,1.9919,0.625,1.0
2019,00-0022803,E.Manning,NYG,4,,,-7.74,5.875,1042,6,2,1050,6,0,0,0,6,5,1,6,4,12.63,155.0,-0.05,147.0,5.0,1.0,2.0,-1.38,4.0,62.0,-0.0222,19.0,13.3,-0.374,,,0.0,,,0.4323,0.071,-2.6077,0.25,0.0
2019,00-0035289,G.Minshew II,JAX,14,,,-11.67,6.385,3271,350,6,3627,21,0,0,0,21,6,8,14,6,11.111,562.0,-0.0208,474.0,33.0,50.0,5.0,-1.41,7.0,167.0,-0.0085,67.3,72.4,1.025,,,0.0,,,0.4253,0.0836,-3.8396,0.375,0.0
2019,00-0034857,J.Allen,BUF,16,,,18.03,5.717,3089,313,210,3612,20,3,6,0,29,9,4,13,10,11.63,595.0,0.0303,460.0,38.0,44.0,53.0,-22.57,5.0,122.0,-0.185,69.1,82.9,0.933,,,0.0,,,0.4471,0.0924,-1.6203,0.625,0.0
2019,00-0033119,J.Brissett,IND,15,,,14.9,6.087,2942,201,36,3179,18,2,2,0,22,6,8,14,7,14.44,519.0,0.0287,445.0,27.0,32.0,15.0,-18.06,3.0,143.0,-0.1263,60.6,52.4,0.661,,,0.0,,,0.4586,0.0809,-3.2636,0.4375,0.0
2019,00-0032436,J.Driskel,DET,3,,,0.73,4.687,685,107,45,837,4,0,1,0,5,4,0,4,3,11.759,136.0,0.0054,104.0,11.0,12.0,9.0,0.0,0.0,0.0,0.0,14.8,13.5,-0.413,,,0.0,,,0.4338,0.1176,-2.7766,0.1875,0.0
2019,00-0026158,J.Flacco,DEN,8,,,-23.99,5.288,1822,21,3,1846,6,0,0,0,6,5,4,9,7,10.444,295.0,-0.0813,262.0,26.0,5.0,2.0,0.0,0.0,0.0,0.0,37.3,21.4,0.057,,,0.0,,,0.4271,0.1186,-0.2114,0.4375,0.0
2019,00-0031345,J.Garoppolo,SF,16,,,78.1,7.191,3978,56,22,4056,27,0,1,0,28,13,6,19,13,15.452,542.0,0.1441,478.0,36.0,12.0,16.0,27.57,6.0,137.0,0.2013,64.4,52.8,2.846,,,0.0,,,0.5037,0.1015,2.3877,0.8125,0.0
2019,00-0033106,J.Goff,LA,16,,,55.56,6.453,4638,38,15,4691,22,0,2,0,24,16,5,21,9,14.071,670.0,0.0829,627.0,22.0,10.0,11.0,19.43,9.0,185.0,0.105,76.4,52.2,1.416,,,0.0,,,0.4627,0.0642,-1.7886,0.5625,0.0
2019,00-0034343,J.Rosen,MIA,5,,,-50.51,2.152,567,13,0,580,1,0,0,0,1,5,0,5,5,10.929,128.0,-0.3946,109.0,16.0,3.0,0.0,0.0,0.0,0.0,0.0,11.6,2.9,-0.389,,,0.0,,,0.3203,0.1641,-12.6972,0.3125,0.0
2019,00-0031503,J.Winston,TB,16,,,50.75,6.138,5109,248,14,5371,33,0,1,0,34,30,8,38,7,15.267,721.0,0.0704,627.0,47.0,33.0,14.0,26.16,12.0,176.0,0.1486,83.8,61.8,0.14,,,0.0,,,0.4854,0.1193,0.6668,0.4375,0.0
2019,00-0034577,K.Allen,CAR,13,,,-30.07,4.748,3322,100,11,3433,17,1,1,0,19,16,7,23,5,10.968,563.0,-0.0534,490.0,46.0,19.0,8.0,-4.62,3.0,142.0,-0.0325,58.9,50.0,-0.306,,,0.0,,,0.4689,0.1243,-0.9704,0.3125,1.0
2019,00-0029604,K.Cousins,MIN,15,,,76.86,7.678,3603,50,21,3674,26,0,1,0,27,6,6,12,10,14.536,497.0,0.1547,447.0,28.0,9.0,13.0,-11.13,3.0,95.0,-0.1171,63.1,60.0,1.966,,,0.0,,,0.4688,0.0825,4.3801,0.625,0.5
2019,00-0035228,K.Murray,ARI,16,,,-2.58,5.557,3722,194,364,4280,20,0,4,0,24,12,6,18,5,12.448,673.0,-0.0038,541.0,48.0,28.0,56.0,-2.77,6.0,142.0,-0.0195,76.6,58.5,1.354,,,0.0,,,0.4398,0.11,-1.5166,0.3125,0.0
2019,00-0034796,L.Jackson,BAL,15,,,201.61,8.206,3127,380,854,4361,36,1,6,0,43,6,3,9,14,20.423,583.0,0.3458,400.0,23.0,37.0,123.0,37.09,11.0,114.0,0.3254,69.6,74.1,3.175,,,0.0,,,0.518,0.0703,3.8127,0.875,0.5
2019,00-0032268,M.Mariota,TEN,7,,,-2.77,5.962,1203,88,42,1333,7,0,0,0,7,2,0,2,9,14.889,206.0,-0.0135,158.0,25.0,14.0,9.0,1.73,0.0,1.0,1.7301,22.4,14.0,-0.446,,,0.0,,,0.3932,0.1311,-3.5526,0.5625,0.0
2019,00-0034771,M.Rudolph,PIT,10,,,-31.7,5.003,1765,50,-1,1814,13,0,0,0,13,9,3,12,8,9.966,312.0,-0.1016,284.0,15.0,10.0,3.0,2.44,1.0,23.0,0.1063,39.9,48.1,-0.726,,,0.0,,,0.3942,0.0897,-1.2345,0.5,0.0
2019,00-0026143,M.Ryan,ATL,15,,,30.61,6.048,4466,150,6,4622,26,0,1,0,27,14,5,19,7,15.24,694.0,0.0441,620.0,48.0,22.0,4.0,16.73,6.0,187.0,0.0895,73.7,64.3,1.393,,,0.0,,,0.4683,0.0965,1.8014,0.4375,0.5
2019,00-0026498,M.Stafford,DET,8,,,61.4,8.172,2499,54,19,2572,19,0,0,0,19,5,4,9,3,11.759,322.0,0.1907,290.0,18.0,9.0,5.0,0.0,0.0,0.0,0.0,45.5,51.4,2.887,,,0.0,,,0.4876,0.0839,2.0878,0.1875,0.0
2019,00-0033869,M.Trubisky,CHI,15,,,-34.91,5.062,3138,121,78,3337,17,0,2,0,19,10,3,13,8,10.37,594.0,-0.0588,514.0,38.0,22.0,20.0,-13.19,5.0,186.0,-0.0709,67.9,67.9,-0.881,,,0.0,,,0.4343,0.0892,-2.3254,0.5,0.0
2019,00-0029567,N.Foles,JAX,4,,,-14.9,5.047,736,7,16,759,3,0,0,0,3,2,2,4,6,11.111,132.0,-0.1129,120.0,8.0,2.0,2.0,0.0,0.0,0.0,0.0,14.1,10.3,-0.399,,,0.0,,,0.3636,0.0909,1.4681,0.375,0.0
2019,00-0033873,P.Mahomes,KC,14,,,150.15,8.365,4031,213,17,4261,26,2,0,0,28,5,5,10,12,20.5,532.0,0.2822,485.0,17.0,23.0,7.0,27.83,7.0,150.0,0.1855,70.3,59.6,4.529,,,0.0,,,0.5038,0.0526,2.461,0.75,1.0
2019,00-0022942,P.Rivers,LAC,16,,,46.96,6.345,4615,33,-3,4645,23,0,0,0,23,20,6,26,5,14.652,633.0,0.0742,589.0,34.0,6.0,4.0,19.65,6.0,156.0,0.126,76.5,59.0,0.268,,,0.0,,,0.4961,0.0964,3.7151,0.3125,0.0
2019,00-0035652,R.Finley,CIN,3,,,-57.01,3.378,474,69,8,551,2,0,0,0,2,2,5,7,2,9.964,107.0,-0.5328,87.0,11.0,6.0,3.0,0.0,0.0,0.0,0.0,10.2,6.2,-1.243,,,0.0,,,0.3271,0.1682,-15.9558,0.125,0.0
2019,00-0023682,R.Fitzpatrick,MIA,15,,,10.7,5.773,3529,267,-4,3792,20,4,0,0,24,13,6,19,5,10.929,588.0,0.0182,503.0,40.0,35.0,10.0,35.58,8.0,198.0,0.1797,76.0,70.6,1.726,,,0.0,,,0.466,0.1054,-0.5458,0.3125,0.0
2019,00-0029701,R.Tannehill,TEN,11,,,76.01,8.571,2742,165,36,2943,22,2,2,0,26,6,4,10,9,14.889,342.0,0.2223,284.0,31.0,15.0,12.0,47.06,11.0,124.0,0.3795,49.5,52.0,1.823,,,0.0,,,0.5556,0.1228,7.7397,0.5625,0.0
2019,00-0029263,R.Wilson,SEA,16,,,58.67,7.435,4110,335,22,4467,31,2,1,0,34,5,9,14,11,13.966,623.0,0.0942,515.0,48.0,45.0,15.0,9.19,5.0,161.0,0.0571,74.6,66.7,2.662,,,0.0,,,0.488,0.1043,6.9756,0.6875,0.0
2019,00-0034869,S.Darnold,NYJ,13,,,-13.17,5.488,3024,65,12,3101,19,0,2,0,21,13,4,17,7,10.615,493.0,-0.0267,442.0,33.0,9.0,9.0,-5.79,6.0,143.0,-0.0405,66.7,77.8,-0.453,,,0.0,,,0.4239,0.1014,1.0426,0.4375,0.0
2019,00-0019596,T.Brady,NE,16,,,22.03,6.218,4057,33,13,4103,24,0,3,0,27,8,4,12,12,15.0,653.0,0.0337,615.0,27.0,3.0,8.0,-12.57,6.0,138.0,-0.0911,70.3,58.7,-0.225,,,0.0,,,0.4257,0.0597,-2.0979,0.75,0.0
2019,00-0031237,T.Bridgewater,NO,7,,,19.88,6.659,1384,40,4,1428,9,0,0,0,9,2,0,2,13,16.357,224.0,0.0888,196.0,12.0,12.0,4.0,0.84,0.0,2.0,0.422,23.3,18.8,0.754,,,0.0,,,0.4554,0.0625,0.4077,0.8125,1.0
2020,00-0027973,A.Dalton,DAL,11,,,-9.32,5.339,2170,86,32,2288,14,0,0,0,14,8,2,10,6,14.107,381.0,-0.0245,333.0,24.0,15.0,9.0,17.18,7.0,158.0,0.1088,37.4,33.3,-0.06,,,0.0,,,0.4724,0.0919,-0.4075,0.375,0.0
2020,00-0023459,A.Rodgers,GB,16,,,187.29,8.936,4299,149,8,4456,48,3,0,0,51,5,4,9,13,21.208,572.0,0.3274,523.0,20.0,24.0,5.0,48.56,14.0,130.0,0.3735,70.9,78.5,4.239,,,0.0,,,0.5437,0.0507,7.1856,0.8125,1.0
2020,00-0023436,A.Smith,WAS,8,,,-38.68,4.391,1582,9,0,1591,6,0,0,0,6,8,1,9,7,11.964,278.0,-0.1391,252.0,22.0,3.0,1.0,-20.97,2.0,56.0,-0.3745,29.9,17.1,-1.639,,,0.0,,,0.4137,0.1115,-0.8452,0.4375,0.0
2020,00-0032434,B.Allen,CIN,5,,,-12.17,5.329,925,14,15,954,5,0,0,0,5,4,2,6,4,11.107,160.0,-0.0761,142.0,7.0,5.0,6.0,10.55,3.0,100.0,0.1055,17.8,14.7,-0.065,,,0.0,,,0.4813,0.0813,-3.6499,0.25,0.0
2020,00-0034855,B.Mayfield,CLE,16,,,85.89,7.01,3563,152,28,3743,26,1,0,0,27,8,6,14,11,15.692,547.0,0.157,482.0,26.0,25.0,14.0,33.87,6.0,183.0,0.1851,63.1,55.1,3.416,,,0.0,,,0.5119,0.075,2.7965,0.6875,0.0
2020,00-0022924,B.Roethlisberger,PIT,15,,,39.04,6.232,3803,21,6,3830,33,0,0,0,33,10,4,14,12,14.857,634.0,0.0616,612.0,13.0,3.0,6.0,-27.63,6.0,129.0,-0.2142,69.9,68.8,1.121,,,0.0,,,0.4637,0.0426,-1.0606,0.75,0.0
2020,00-0033936,C.Beathard,SF,6,,,8.37,7.398,787,7,22,816,6,0,0,0,6,0,3,3,6,13.926,118.0,0.0709,104.0,9.0,1.0,4.0,14.27,5.0,77.0,0.1854,13.2,12.5,-0.229,,,0.0,,,0.4746,0.1102,-0.908,0.375,0.0
2020,00-0027939,C.Newton,NE,15,,,2.16,5.457,2657,185,417,3259,8,1,11,1,21,10,4,14,7,14.818,525.0,0.0041,367.0,31.0,20.0,107.0,-18.19,4.0,124.0,-0.1467,61.7,61.8,0.141,,,0.0,,,0.4762,0.1029,-1.0236,0.4375,0.0
2020,00-0032950,C.Wentz,PHI,12,,,-70.77,3.941,2620,185,93,2898,16,1,4,0,21,15,4,19,4,11.517,544.0,-0.1301,442.0,50.0,22.0,30.0,0.0,0.0,0.0,0.0,53.7,52.5,-2.206,,,0.0,,,0.4044,0.1268,-3.4938,0.25,0.0
2020,00-0020531,D.Brees,NO,12,,,64.87,7.619,2942,3,7,2952,24,0,2,0,26,6,3,9,12,17.852,408.0,0.159,389.0,13.0,2.0,4.0,11.76,6.0,96.0,0.1225,48.7,44.8,2.709,,,0.0,,,0.5,0.0539,1.598,0.75,0.0
2020,00-0031280,D.Carr,LV,16,,,54.72,7.57,4103,124,26,4253,27,2,1,0,30,9,12,21,8,16.074,571.0,0.0958,514.0,26.0,23.0,8.0,7.3,7.0,134.0,0.0545,69.1,58.8,3.874,,,0.0,,,0.4974,0.0823,2.5728,0.5,0.5
2020,00-0035232,D.Haskins,WAS,7,,,-40.91,4.134,1439,58,6,1503,5,0,1,0,6,7,5,12,7,11.964,276.0,-0.1482,242.0,20.0,7.0,7.0,-19.02,1.0,105.0,-0.1812,28.3,17.1,-1.462,,,0.0,,,0.3841,0.1196,-5.4902,0.4375,0.0
2020,00-0035710,D.Jones,NYG,14,,,-27.38,4.913,2943,174,264,3381,11,0,1,0,12,10,8,18,6,11.2,545.0,-0.0502,449.0,45.0,22.0,29.0,-24.44,3.0,108.0,-0.2263,68.5,46.2,-0.99,,,0.0,,,0.4385,0.1229,-2.2433,0.375,0.0
2020,00-0035704,D.Lock,DEN,13,,,-41.82,5.291,2933,130,42,3105,16,1,2,0,19,15,6,21,5,11.963,500.0,-0.0836,445.0,19.0,21.0,15.0,2.6,8.0,171.0,0.0152,56.9,51.4,-0.546,,,0.0,,,0.412,0.08,-5.5433,0.3125,0.0
2020,00-0033077,D.Prescott,DAL,5,,,35.89,7.682,1856,64,30,1950,9,0,3,1,13,4,4,8,6,14.107,251.0,0.143,223.0,10.0,8.0,10.0,0.0,0.0,0.0,0.0,31.9,31.0,0.77,,,0.0,,,0.5498,0.0757,0.3036,0.375,0.0
2020,00-0033537,D.Watson,HOU,16,,,132.39,8.193,4823,395,59,5277,33,1,2,0,36,7,6,13,4,16.696,675.0,0.1961,546.0,49.0,62.0,18.0,29.1,9.0,180.0,0.1617,89.1,81.8,2.975,,,0.0,,,0.5259,0.0948,6.5225,0.25,0.0
2020,00-0035289,G.Minshew II,JAX,9,,,25.6,6.182,2259,158,-1,2416,16,1,0,0,17,5,4,9,1,11.333,384.0,0.0667,330.0,27.0,24.0,3.0,5.75,3.0,69.0,0.0834,45.6,50.0,0.646,,,0.0,,,0.4635,0.0964,4.2744,0.0625,0.0
2020,00-0034857,J.Allen,BUF,16,,,176.57,7.805,4544,230,211,4985,37,2,6,1,46,10,8,18,13,19.269,679.0,0.26,573.0,26.0,29.0,51.0,62.17,13.0,158.0,0.3935,79.1,82.1,4.551,,,0.0,,,0.5582,0.0751,6.593,0.8125,0.5
2020,00-0036442,J.Burrow,CIN,10,,,34.9,5.755,2688,83,63,2834,13,0,3,0,16,5,6,11,4,11.107,466.0,0.0749,401.0,32.0,16.0,17.0,0.0,0.0,0.0,0.0,53.0,47.1,1.452,,,0.0,,,0.4764,0.0944,2.1007,0.25,0.0
2020,00-0026158,J.Flacco,NYJ,5,,,-9.4,5.532,864,22,0,886,6,0,0,0,6,3,0,3,2,9.0,147.0,-0.0639,134.0,7.0,5.0,1.0,0.0,0.0,0.0,0.0,19.4,21.4,-0.259,,,0.0,,,0.381,0.068,-2.3137,0.125,0.0
2020,00-0031345,J.Garoppolo,SF,6,,,26.77,6.185,1096,21,7,1124,7,0,0,0,7,5,0,5,6,13.926,158.0,0.1694,140.0,11.0,4.0,3.0,0.0,0.0,0.0,0.0,18.2,14.6,0.291,,,0.0,,,0.4873,0.1013,0.245,0.375,0.0
2020,00-0033106,J.Goff,LA,15,,,18.21,6.282,3952,98,18,4068,20,1,3,0,24,13,7,20,10,12.0,608.0,0.0299,551.0,23.0,22.0,12.0,-16.48,4.0,120.0,-0.1373,66.7,57.1,0.977,,,0.0,,,0.4786,0.0724,0.9244,0.625,0.0
2020,00-0036355,J.Herbert,LAC,15,,,89.59,6.85,4336,139,103,4578,31,2,3,0,36,10,3,13,7,14.769,672.0,0.1333,594.0,32.0,25.0,21.0,49.57,10.0,159.0,0.3118,73.9,83.7,3.456,,,0.0,,,0.4762,0.0685,0.0118,0.4375,0.0
2020,00-0036389,J.Hurts,PHI,14,,,-1.27,5.851,1061,165,193,1419,6,3,0,0,9,4,2,6,4,11.517,223.0,-0.0057,148.0,13.0,25.0,38.0,-1.61,8.0,186.0,-0.0086,26.3,22.5,-0.174,,,0.0,,,0.4081,0.0987,-8.3333,0.25,0.0
2020,00-0036312,J.Luton,JAX,3,,,-33.82,2.898,624,13,0,637,2,1,0,0,3,6,0,6,1,11.333,119.0,-0.2842,111.0,7.0,1.0,0.0,0.0,0.0,0.0,0.0,12.0,8.8,-1.047,,,0.0,,,0.3697,0.1092,-10.4601,0.0625,0.0
2020,00-0034577,K.Allen,WAS,4,,,3.27,6.26,610,28,0,638,4,1,0,0,5,1,2,3,7,11.964,101.0,0.0324,89.0,7.0,4.0,1.0,0.0,0.0,0.0,0.0,12.0,14.3,-0.351,,,0.0,,,0.4554,0.099,8.0166,0.4375,0.0
2020,00-0029604,K.Cousins,MIN,16,,,91.16,7.391,4265,138,26,4429,35,0,1,0,36,13,7,20,7,15.357,583.0,0.1564,519.0,39.0,17.0,8.0,37.72,10.0,178.0,0.2119,69.0,62.1,2.23,,,0.0,,,0.518,0.1012,4.5845,0.4375,1.0
2020,00-0035228,K.Murray,ARI,16,,,64.26,6.52,3971,421,417,4809,26,1,10,0,37,12,7,19,8,16.4,704.0,0.0913,552.0,27.0,50.0,75.0,-3.15,5.0,167.0,-0.0189,81.0,71.2,2.557,,,0.0,,,0.4915,0.081,2.2247,0.5,0.0
2020,00-0034796,L.Jackson,BAL,15,,,106.3,6.73,2757,355,657,3769,26,1,6,0,33,9,4,13,11,18.72,554.0,0.1919,374.0,29.0,49.0,102.0,58.05,12.0,128.0,0.4535,66.8,62.3,2.083,,,0.0,,,0.4838,0.0848,1.0267,0.6875,0.0
2020,00-0030520,M.Glennon,JAX,5,,,-27.88,4.942,1072,13,4,1089,7,0,0,0,7,5,3,8,1,11.333,195.0,-0.143,180.0,9.0,4.0,2.0,-24.45,4.0,110.0,-0.2222,20.6,20.6,-0.542,,,0.0,,,0.4359,0.0872,-3.6848,0.0625,0.0
2020,00-0026143,M.Ryan,ATL,16,,,62.87,6.501,4581,104,-4,4681,26,1,1,0,28,11,5,16,4,14.667,690.0,0.0911,628.0,41.0,16.0,5.0,12.19,9.0,175.0,0.0697,77.2,70.0,0.064,,,0.0,,,0.4696,0.0855,1.2328,0.25,0.0
2020,00-0026498,M.Stafford,DET,16,,,70.13,6.927,4084,117,2,4203,26,0,0,0,26,10,1,11,5,15.708,585.0,0.1199,525.0,38.0,16.0,6.0,31.11,5.0,110.0,0.2828,73.1,55.3,1.842,,,0.0,,,0.4872,0.0855,-1.0241,0.3125,0.0
2020,00-0033869,M.Trubisky,CHI,10,,,33.49,5.981,2055,166,29,2250,16,1,0,0,17,8,3,11,8,14.308,349.0,0.096,298.0,18.0,17.0,16.0,27.64,7.0,155.0,0.1783,41.6,42.5,0.88,,,0.0,,,0.5301,0.0888,1.099,0.5,0.0
2020,00-0029567,N.Foles,CHI,9,,,-44.11,4.688,1852,11,1,1864,10,0,1,0,11,8,2,10,8,14.308,335.0,-0.1317,312.0,18.0,3.0,2.0,-0.79,0.0,1.0,-0.7855,34.5,27.5,-1.149,,,0.0,,,0.4,0.0836,1.6632,0.5,0.0
2020,00-0033319,N.Mullens,SF,10,,,0.58,5.758,2437,10,3,2450,12,0,0,0,12,12,4,16,6,13.926,351.0,0.0016,328.0,19.0,2.0,2.0,-22.95,3.0,89.0,-0.2578,39.6,25.0,-0.955,,,0.0,,,0.4729,0.0997,-2.6039,0.375,0.0
2020,00-0033873,P.Mahomes,KC,15,,,194.01,8.306,4740,292,33,5065,38,1,2,0,41,6,7,13,14,18.92,660.0,0.2939,590.0,22.0,40.0,8.0,10.03,8.0,143.0,0.0702,77.7,77.4,6.799,,,0.0,,,0.5424,0.053,2.8344,0.875,2.0
2020,00-0022942,P.Rivers,IND,16,,,93.12,7.194,4169,3,3,4175,24,0,0,0,24,11,3,14,11,17.346,563.0,0.1654,542.0,19.0,1.0,1.0,20.6,6.0,124.0,0.1661,67.4,52.2,2.774,,,0.0,,,0.4938,0.0586,0.7446,0.6875,0.0
2020,00-0023682,R.Fitzpatrick,MIA,9,,,64.36,6.83,2091,120,34,2245,13,0,2,0,15,8,0,8,10,13.931,306.0,0.2103,268.0,14.0,15.0,9.0,11.62,1.0,13.0,0.894,41.4,37.5,2.006,,,0.0,,,0.549,0.0719,3.4095,0.625,0.0
2020,00-0029701,R.Tannehill,TEN,16,,,151.26,7.872,3819,148,125,4092,33,2,5,0,40,7,3,10,11,18.885,544.0,0.2781,483.0,24.0,20.0,17.0,43.97,12.0,120.0,0.3664,64.1,66.7,4.109,,,0.0,,,0.5404,0.0625,2.6561,0.6875,0.5
2020,00-0029263,R.Wilson,SEA,16,,,81.17,6.809,4212,459,70,4741,40,1,1,0,42,13,5,18,12,17.654,671.0,0.121,559.0,47.0,53.0,12.0,19.35,9.0,137.0,0.1412,82.1,75.0,2.682,,,0.0,,,0.5007,0.0999,6.846,0.75,0.0
2020,00-0034869,S.Darnold,NYJ,12,,,-71.97,4.168,2208,209,15,2432,9,1,1,0,11,11,4,15,2,9.0,428.0,-0.1682,363.0,35.0,26.0,4.0,-0.78,4.0,141.0,-0.0055,53.2,39.3,-1.393,,,0.0,,,0.4182,0.1168,-1.9278,0.125,0.0
2020,00-0019596,T.Brady,TB,16,,,117.15,7.552,4633,8,10,4651,40,0,3,0,43,12,4,16,11,18.923,642.0,0.1825,608.0,21.0,4.0,9.0,71.99,12.0,141.0,0.5105,74.0,71.7,3.083,,,0.0,,,0.4907,0.0576,3.5639,0.6875,0.0
2020,00-0031237,T.Bridgewater,CAR,15,,,43.13,6.373,3733,272,14,4019,15,3,2,0,20,11,4,15,5,15.217,568.0,0.0759,492.0,31.0,37.0,8.0,-15.66,3.0,150.0,-0.1044,72.1,57.1,1.03,,,0.0,,,0.4824,0.0827,4.0386,0.3125,0.0
2020,00-0033357,T.Hill,NO,16,,,16.72,6.156,928,159,298,1385,4,1,7,1,13,2,5,7,12,17.852,222.0,0.0753,121.0,14.0,17.0,70.0,12.92,5.0,64.0,0.2019,22.8,22.4,0.596,,,0.0,,,0.5,0.1081,6.8119,0.75,0.0
2020,00-0036212,T.Tagovailoa,MIA,10,,,-7.76,5.397,1814,93,27,1934,11,1,2,0,14,5,2,7,10,13.931,337.0,-0.023,290.0,20.0,16.0,11.0,-15.01,7.0,182.0,-0.0825,35.7,35.0,0.26,,,0.0,,,0.4629,0.0801,-1.2081,0.625,0.0
2021,00-0027973,A.Dalton,CHI,8,,,-28.11,4.402,1515,82,0,1597,8,0,0,0,8,9,1,10,6,12.958,269.0,-0.1045,238.0,18.0,12.0,1.0,-25.69,2.0,96.0,-0.2676,30.7,25.0,0.182,,,0.0,,,0.4312,0.1041,-4.1952,0.3529,0.0
2021,00-0023459,A.Rodgers,GB,16,,,141.49,8.027,4115,111,3,4229,37,2,1,0,40,4,0,4,13,18.0,580.0,0.244,529.0,30.0,17.0,4.0,55.79,14.0,173.0,0.3225,67.1,76.9,4.668,,,0.0,,,0.5121,0.0586,5.7724,0.7647,1.0
2021,00-0034855,B.Mayfield,CLE,14,,,-5.96,5.403,3010,131,11,3152,17,1,0,0,18,13,5,18,8,13.423,491.0,-0.0121,419.0,43.0,25.0,4.0,-13.61,6.0,128.0,-0.1063,53.2,42.9,-1.173,,,0.0,,,0.4358,0.1242,-2.7187,0.4706,0.0
2021,00-0022924,B.Roethlisberger,PIT,16,,,-45.82,5.404,3740,18,-1,3757,22,0,1,0,23,10,6,16,9,11.828,653.0,-0.0702,608.0,38.0,3.0,4.0,-40.95,7.0,207.0,-0.1978,67.8,67.6,0.035,,,0.0,,,0.3951,0.0842,-2.3932,0.5294,0.5
2021,00-0027688,C.McCoy,ARI,4,,,12.86,6.81,740,13,33,786,3,0,0,0,3,1,1,2,11,18.708,116.0,0.1109,99.0,6.0,3.0,8.0,-2.04,0.0,10.0,-0.2044,12.1,5.9,0.423,,,0.0,,,0.5,0.0776,3.5182,0.6471,0.0
2021,00-0027939,C.Newton,CAR,7,,,-35.81,3.328,684,36,195,915,4,0,5,0,9,5,1,6,5,10.133,183.0,-0.1957,127.0,10.0,5.0,41.0,-28.93,3.0,115.0,-0.2516,17.6,27.3,-0.733,,,0.0,,,0.4153,0.1038,-12.6353,0.2941,0.0
2021,00-0032950,C.Wentz,IND,17,,,24.2,6.451,3563,185,43,3791,27,0,1,0,28,7,6,13,9,17.346,598.0,0.0405,520.0,32.0,26.0,20.0,-6.42,5.0,120.0,-0.0535,63.6,56.0,0.127,,,0.0,,,0.4565,0.0753,-2.1208,0.5294,1.0
2021,00-0031280,D.Carr,LV,17,,,25.22,6.596,4804,107,11,4922,23,0,0,0,23,14,8,22,10,13.852,696.0,0.0362,626.0,40.0,17.0,13.0,-16.72,6.0,194.0,-0.0862,77.8,57.5,3.144,,,0.0,,,0.4641,0.0891,2.1973,0.5882,0.0
2021,00-0035710,D.Jones,NYG,11,,,-6.52,5.621,2428,149,158,2735,10,0,2,0,12,7,5,12,4,10.32,438.0,-0.0149,361.0,22.0,23.0,32.0,0.0,0.0,0.0,0.0,55.6,46.2,0.75,,,0.0,,,0.4361,0.0822,-0.8439,0.2353,0.0
2021,00-0035704,D.Lock,DEN,6,,,-9.07,5.756,787,48,5,840,2,2,0,0,4,2,1,3,7,13.958,129.0,-0.0703,110.0,9.0,7.0,3.0,5.55,4.0,98.0,0.0566,14.6,10.3,-0.269,,,0.0,,,0.4031,0.1008,-3.3091,0.4118,0.0
2021,00-0036898,D.Mills,HOU,13,,,-54.51,5.491,2664,42,5,2711,16,0,0,0,16,10,3,13,4,10.769,440.0,-0.1239,393.0,31.0,10.0,6.0,8.38,9.0,187.0,0.0448,55.7,55.2,-0.659,,,0.0,,,0.4295,0.1023,-0.2197,0.2353,0.0
2021,00-0033077,D.Prescott,DAL,16,,,94.35,7.282,4449,128,14,4591,37,1,0,0,38,10,6,16,12,18.929,666.0,0.1417,601.0,30.0,20.0,15.0,43.84,14.0,206.0,0.2128,66.0,66.7,2.643,,,0.0,,,0.4955,0.0706,2.3142,0.7059,0.0
2021,00-0030565,G.Smith,SEA,4,,,1.99,5.981,702,37,7,746,5,0,1,0,6,1,1,2,7,15.192,114.0,0.0174,94.0,13.0,4.0,3.0,0.0,0.0,0.0,0.0,13.1,12.2,-0.424,,,0.0,,,0.4386,0.1316,6.505,0.4118,0.0
2021,00-0034857,J.Allen,BUF,17,,,132.5,6.353,4407,440,334,5181,36,1,5,0,42,15,4,19,11,17.889,787.0,0.1684,649.0,26.0,46.0,66.0,45.5,13.0,255.0,0.1784,83.3,75.0,1.394,,,0.0,,,0.5159,0.061,2.0976,0.6471,0.0
2021,00-0033119,J.Brissett,MIA,10,,,-23.36,4.389,1283,65,6,1354,5,1,0,0,6,4,4,8,9,13.115,262.0,-0.0891,225.0,19.0,13.0,5.0,-0.32,0.0,2.0,-0.1621,25.4,17.6,0.431,,,0.0,,,0.4275,0.1031,-2.2146,0.5294,0.0
2021,00-0036442,J.Burrow,CIN,16,,,101.26,7.515,4611,106,20,4737,34,2,0,0,36,14,4,18,10,17.037,604.0,0.1677,520.0,51.0,20.0,13.0,67.24,11.0,168.0,0.4002,73.4,65.5,4.615,,,0.0,,,0.4868,0.1142,6.6403,0.5882,0.0
2021,00-0036945,J.Fields,CHI,12,,,-54.66,4.263,1870,367,59,2296,7,1,1,0,9,10,5,15,6,12.958,369.0,-0.1481,268.0,36.0,45.0,20.0,-11.2,3.0,92.0,-0.1218,44.1,28.1,-0.275,,,0.0,,,0.4228,0.1409,-1.9522,0.3529,0.0
2021,00-0031345,J.Garoppolo,SF,15,,,82.25,7.397,3810,22,37,3869,20,0,3,0,23,12,7,19,10,15.815,494.0,0.1665,440.0,29.0,6.0,19.0,25.74,5.0,146.0,0.1763,59.6,47.9,3.673,,,0.0,,,0.496,0.0972,2.6226,0.5882,0.5
2021,00-0033106,J.Goff,DET,14,,,-47.22,5.643,3245,67,20,3332,19,0,0,0,19,8,7,15,3,12.037,546.0,-0.0865,494.0,35.0,11.0,6.0,16.07,6.0,102.0,0.1576,58.6,51.4,0.433,,,0.0,,,0.4524,0.0934,0.553,0.1765,0.0
2021,00-0036355,J.Herbert,LAC,17,,,134.94,6.89,5014,279,36,5329,38,3,0,0,41,15,4,19,9,18.231,759.0,0.1778,678.0,31.0,36.0,14.0,55.78,12.0,225.0,0.2479,80.9,69.5,4.948,,,0.0,,,0.5072,0.0672,-0.6155,0.5294,0.0
2021,00-0036389,J.Hurts,PHI,15,,,60.13,6.338,3144,416,379,3939,16,2,8,0,26,9,3,12,9,16.444,586.0,0.1026,433.0,26.0,50.0,77.0,21.51,5.0,102.0,0.2109,67.0,56.5,0.997,,,0.0,,,0.4795,0.0751,0.1154,0.5294,0.0
2021,00-0031503,J.Winston,NO,7,,,38.66,7.244,1170,162,12,1344,14,1,0,0,15,3,2,5,9,13.0,196.0,0.1973,161.0,11.0,17.0,7.0,0.0,0.0,0.0,0.0,26.2,34.1,0.997,,,0.0,,,0.4898,0.0816,-3.1375,0.5294,0.0
2021,00-0029604,K.Cousins,MIN,16,,,66.66,7.443,4221,124,6,4351,33,0,1,0,34,7,3,10,8,15.179,607.0,0.1098,559.0,28.0,15.0,5.0,-3.34,8.0,131.0,-0.0255,69.5,77.3,3.106,,,0.0,,,0.453,0.0626,1.3503,0.4706,0.0
2021,00-0035228,K.Murray,ARI,14,,,70.89,6.87,3787,215,219,4221,24,2,3,0,29,10,1,11,11,18.708,594.0,0.1193,483.0,31.0,29.0,51.0,-7.32,5.0,249.0,-0.0294,65.1,56.9,1.827,,,0.0,,,0.4933,0.0825,4.2137,0.6471,0.0
2021,00-0034796,L.Jackson,BAL,12,,,29.65,5.765,2882,388,384,3654,16,0,2,0,18,13,4,17,8,13.345,549.0,0.054,383.0,38.0,49.0,79.0,-4.05,0.0,7.0,-0.5781,59.3,41.9,1.516,,,0.0,,,0.4918,0.1075,0.6795,0.4706,0.5
2021,00-0030520,M.Glennon,NYG,6,,,-84.62,2.023,790,31,0,821,4,1,0,0,5,10,3,13,4,10.32,180.0,-0.4701,165.0,9.0,4.0,2.0,-67.04,4.0,109.0,-0.615,16.7,19.2,-1.239,,,0.0,,,0.35,0.1222,-7.878,0.2353,0.0
2021,00-0036972,M.Jones,NE,17,,,36.56,6.209,3801,106,41,3948,22,0,0,0,22,13,7,20,10,19.25,586.0,0.0624,522.0,28.0,15.0,21.0,5.06,6.0,153.0,0.0331,64.0,42.3,0.851,,,0.0,,,0.4898,0.0819,2.3822,0.5882,0.0
2021,00-0026143,M.Ryan,ATL,17,,,-26.67,5.913,3968,79,21,4068,20,1,0,0,21,12,9,21,7,12.52,633.0,-0.0421,561.0,40.0,17.0,15.0,-23.48,4.0,168.0,-0.1397,75.8,61.8,0.86,,,0.0,,,0.4581,0.0979,1.7592,0.4118,0.0
2021,00-0026498,M.Stafford,LA,17,,,124.58,7.41,4886,49,11,4946,41,0,0,0,41,17,2,19,12,17.692,649.0,0.192,604.0,30.0,8.0,7.0,24.12,11.0,179.0,0.1347,75.6,73.2,3.238,,,0.0,,,0.5039,0.077,-0.1168,0.7059,1.0
2021,00-0034401,M.White,NYJ,4,,,-7.98,4.927,953,0,3,956,5,0,0,0,5,8,3,11,4,11.481,139.0,-0.0574,133.0,4.0,0.0,2.0,0.0,0.0,0.0,0.0,17.6,14.7,0.209,,,0.0,,,0.4964,0.1079,-2.0921,0.2353,0.0
2021,00-0033873,P.Mahomes,KC,17,,,152.66,7.057,4839,401,-5,5235,37,2,0,0,39,13,6,19,12,20.0,738.0,0.2069,659.0,28.0,46.0,5.0,76.35,12.0,201.0,0.3798,80.5,72.2,4.592,,,0.0,,,0.5285,0.065,2.6736,0.7059,1.0
2021,00-0029701,R.Tannehill,TEN,17,,,53.15,5.531,3734,188,91,4013,21,3,4,0,28,14,8,22,12,16.115,623.0,0.0853,531.0,47.0,19.0,26.0,19.54,9.0,172.0,0.1136,67.2,60.9,1.728,,,0.0,,,0.5104,0.1124,2.3622,0.7059,0.0
2021,00-0029263,R.Wilson,SEA,14,,,12.44,7.074,3113,167,21,3301,25,2,0,0,27,6,4,10,7,15.192,472.0,0.0264,402.0,33.0,23.0,14.0,30.05,12.0,160.0,0.1878,58.0,55.1,0.257,,,0.0,,,0.4428,0.0975,3.1963,0.4118,0.0
2021,00-0034869,S.Darnold,CAR,12,,,-74.35,4.339,2527,187,46,2760,9,0,5,0,14,13,5,18,5,10.133,482.0,-0.1542,407.0,35.0,23.0,17.0,-41.99,2.0,123.0,-0.3414,53.2,42.4,-0.459,,,0.0,,,0.4212,0.11,-4.8874,0.2941,0.0
2021,00-0019596,T.Brady,TB,17,,,147.63,7.422,5316,76,14,5406,43,0,2,0,45,12,5,17,13,18.926,757.0,0.195,718.0,22.0,10.0,7.0,44.81,10.0,225.0,0.1991,77.3,71.4,4.017,,,0.0,,,0.5165,0.0515,1.6914,0.7647,0.0
2021,00-0031237,T.Bridgewater,DEN,14,,,64.69,6.274,3052,99,13,3164,18,1,1,0,20,7,2,9,7,13.958,484.0,0.1337,429.0,31.0,15.0,9.0,-0.11,2.0,53.0,-0.002,55.1,51.3,0.917,,,0.0,,,0.4876,0.0826,3.9106,0.4118,0.0
2021,00-0031800,T.Heinicke,WAS,16,,,-32.78,5.387,3419,277,44,3740,20,1,0,0,21,15,5,20,7,12.885,583.0,-0.0562,494.0,38.0,40.0,11.0,-62.97,2.0,122.0,-0.5161,67.5,58.3,0.362,,,0.0,,,0.446,0.1012,0.2986,0.4118,0.0
2021,00-0033357,T.Hill,NO,11,,,6.4,5.454,978,118,259,1355,4,0,5,0,9,5,0,5,9,13.0,209.0,0.0306,132.0,9.0,16.0,52.0,14.34,4.0,127.0,0.1129,26.4,20.5,0.618,,,0.0,,,0.4737,0.0861,-7.096,0.5294,0.0
2021,00-0035993,T.Huntley,BAL,7,,,-9.0,4.166,1081,203,94,1378,3,2,0,0,5,4,3,7,8,13.345,248.0,-0.0363,187.0,18.0,25.0,18.0,0.77,5.0,187.0,0.0041,22.4,11.6,-1.112,,,0.0,,,0.4355,0.1048,-1.0532,0.4706,0.5
2021,00-0036971,T.Lawrence,JAX,17,,,-57.43,4.525,3641,234,109,3984,12,0,2,0,14,17,7,24,3,9.731,702.0,-0.0818,604.0,32.0,32.0,34.0,-16.74,3.0,205.0,-0.0817,76.6,50.0,-1.405,,,0.0,,,0.4473,0.0855,-4.8001,0.1765,0.0
2021,00-0032156,T.Siemian,NO,6,,,-10.59,5.846,1154,22,2,1178,11,1,0,0,12,3,1,4,9,13.0,206.0,-0.0514,192.0,9.0,3.0,2.0,0.53,2.0,17.0,0.0311,22.9,27.3,-0.419,,,0.0,,,0.4126,0.0631,-4.7217,0.5294,0.0
2021,00-0036212,T.Tagovailoa,MIA,13,,,26.14,5.797,2653,125,13,2791,16,0,3,0,19,10,1,11,9,13.115,437.0,0.0598,389.0,20.0,18.0,10.0,-16.37,4.0,133.0,-0.1231,52.4,55.9,2.167,,,0.0,,,0.4897,0.0709,1.9254,0.5294,0.0
2021,00-0028118,T.Taylor,HOU,6,,,-9.54,4.457,966,148,4,1118,5,3,0,0,8,5,2,7,4,10.769,180.0,-0.053,149.0,13.0,15.0,3.0,0.0,0.0,0.0,0.0,23.0,27.6,-0.409,,,0.0,,,0.4222,0.1111,-3.626,0.2353,0.0
2021,00-0037013,Z.Wilson,NYJ,13,,,-88.03,3.844,2334,182,7,2523,9,1,3,0,13,11,2,13,4,11.481,455.0,-0.1935,385.0,44.0,16.0,10.0,-31.35,5.0,175.0,-0.1792,46.4,38.2,-1.165,,,0.0,,,0.3736,0.1275,-9.6394,0.2353,0.0
2022,00-0027973,A.Dalton,NO,14,,,4.75,6.527,2871,53,12,2936,18,0,0,0,18,9,4,13,7,12.692,422.0,0.0113,379.0,25.0,11.0,7.0,-11.41,3.0,90.0,-0.1268,49.8,45.0,-0.096,,,0.0,,,0.4953,0.09,0.618,0.4118,0.0
2022,00-0023459,A.Rodgers,GB,17,,,-11.18,5.943,3695,102,8,3805,26,1,0,0,27,12,7,19,8,14.8,594.0,-0.0188,543.0,32.0,13.0,6.0,4.83,5.0,134.0,0.036,64.3,67.5,-0.53,,,0.0,,,0.4512,0.0859,0.547,0.4706,0.0
2022,00-0034855,B.Mayfield,CAR,12,,,-65.75,4.814,2163,82,12,2257,10,1,0,0,11,8,4,12,7,12.852,396.0,-0.166,335.0,36.0,15.0,10.0,-13.29,4.0,157.0,-0.0846,42.5,31.4,-1.71,,,0.0,,,0.3561,0.1263,-7.0153,0.4118,0.0
2022,00-0037834,B.Purdy,SF,8,,,37.09,7.569,1374,25,0,1399,13,1,0,0,14,4,0,4,13,17.308,192.0,0.1932,170.0,11.0,6.0,5.0,34.6,12.0,140.0,0.2471,21.9,27.5,1.303,,,0.0,,,0.4896,0.0833,-0.7158,0.7647,0.0
2022,00-0027688,C.McCoy,ARI,4,,,-36.74,3.917,780,34,3,817,1,0,0,0,1,3,1,4,4,12.143,158.0,-0.2326,132.0,13.0,8.0,5.0,-37.01,0.0,76.0,-0.487,14.7,2.9,-0.597,,,0.0,,,0.3861,0.1139,-0.2532,0.2353,0.0
2022,00-0033662,C.Rush,DAL,8,,,-16.38,5.756,1051,8,3,1062,5,0,0,0,5,3,1,4,12,16.679,172.0,-0.0952,161.0,7.0,2.0,2.0,-1.34,0.0,1.0,-1.3351,17.3,9.1,0.341,,,0.0,,,0.3895,0.064,-6.8499,0.7059,0.0
2022,00-0032950,C.Wentz,WAS,8,,,-33.85,4.566,1755,81,8,1844,11,0,1,0,12,9,1,10,8,11.464,327.0,-0.1035,283.0,26.0,12.0,6.0,-0.04,2.0,51.0,-0.0009,32.1,34.3,-0.966,,,0.0,,,0.3976,0.1101,-3.7504,0.4706,0.0
2022,00-0031280,D.Carr,LV,15,,,17.75,5.979,3522,96,10,3628,24,0,0,0,24,14,2,16,6,15.192,551.0,0.0322,505.0,27.0,14.0,5.0,-9.02,4.0,101.0,-0.0893,59.8,55.8,0.342,,,0.0,,,0.4174,0.078,-2.8706,0.3529,1.0
2022,00-0035710,D.Jones,NYG,16,,,52.04,5.909,3205,404,319,3928,15,2,5,0,22,5,6,11,9,14.038,621.0,0.0838,470.0,44.0,54.0,53.0,14.37,7.0,159.0,0.0904,71.6,57.9,1.564,,,0.0,,,0.496,0.0902,2.3301,0.5294,0.0
2022,00-0036898,D.Mills,HOU,15,,,-72.01,4.969,3118,106,11,3235,17,2,0,0,19,15,3,18,3,11.115,535.0,-0.1346,480.0,31.0,17.0,7.0,-9.4,7.0,167.0,-0.0563,64.7,54.3,-1.67,,,0.0,,,0.372,0.0916,-3.7768,0.1765,0.0
2022,00-0033077,D.Prescott,DAL,12,,,44.89,6.085,2860,75,116,3051,23,0,1,0,24,15,2,17,12,16.679,450.0,0.0997,394.0,20.0,15.0,21.0,1.38,10.0,217.0,0.0064,49.7,43.6,1.258,,,0.0,,,0.5111,0.0822,0.0204,0.7059,0.0
2022,00-0038122,D.Ridder,ATL,4,,,-16.0,5.766,708,61,4,773,2,0,0,0,2,0,4,4,7,14.038,139.0,-0.1151,115.0,9.0,11.0,4.0,-16.0,2.0,139.0,-0.1151,14.3,5.9,-0.522,,,0.0,,,0.3957,0.0935,-1.3212,0.4118,0.0
2022,00-0033537,D.Watson,CLE,6,,,-17.24,4.846,1102,97,83,1282,7,0,1,0,8,5,1,6,7,13.37,215.0,-0.0802,168.0,20.0,12.0,15.0,-6.07,8.0,188.0,-0.0323,21.7,21.1,-0.685,,,0.0,,,0.4279,0.1209,-3.3267,0.4118,0.5
2022,00-0030565,G.Smith,SEA,17,,,15.94,6.525,4282,306,72,4660,30,0,1,0,31,11,8,19,9,15.074,675.0,0.0236,573.0,46.0,33.0,23.0,-29.95,8.0,210.0,-0.1426,77.3,70.5,0.735,,,0.0,,,0.4904,0.1022,5.6222,0.5294,0.0
2022,00-0034857,J.Allen,BUF,16,,,146.93,6.985,4283,506,281,5070,35,2,5,0,42,14,7,21,13,18.2,708.0,0.2075,567.0,33.0,51.0,57.0,23.23,12.0,164.0,0.1417,83.9,82.4,3.41,,,0.0,,,0.5282,0.0847,1.0026,0.8125,1.0
2022,00-0033119,J.Brissett,CLE,14,,,37.44,6.184,2608,199,48,2855,12,2,0,0,14,6,6,12,7,13.37,435.0,0.0861,367.0,24.0,23.0,21.0,0.25,0.0,3.0,0.0845,48.3,36.8,0.715,,,0.0,,,0.4713,0.0828,2.8882,0.4118,0.5
2022,00-0036442,J.Burrow,CIN,16,,,104.4,6.722,4475,203,75,4753,35,1,4,0,40,12,5,17,12,14.414,704.0,0.1483,610.0,41.0,27.0,26.0,3.32,10.0,184.0,0.018,81.0,78.4,2.829,,,0.0,,,0.5043,0.0838,2.7299,0.75,0.0
2022,00-0036945,J.Fields,CHI,15,,,-11.18,4.584,2242,642,510,3394,17,2,6,0,25,11,6,17,3,13.583,528.0,-0.0212,322.0,55.0,66.0,85.0,-31.11,4.0,110.0,-0.2828,68.3,64.1,-0.431,,,0.0,,,0.4318,0.1515,-2.4807,0.1765,0.0
2022,00-0026158,J.Flacco,NYJ,5,,,-29.95,4.726,1051,7,0,1058,5,0,0,0,5,3,5,8,7,11.84,203.0,-0.1475,191.0,10.0,1.0,1.0,-7.15,0.0,37.0,-0.1934,18.9,17.9,-0.505,,,0.0,,,0.3941,0.0887,-4.0901,0.4118,0.0
2022,00-0031345,J.Garoppolo,SF,11,,,63.8,7.598,2437,11,28,2476,16,0,2,0,18,4,5,9,13,17.308,344.0,0.1855,308.0,18.0,3.0,15.0,0.0,0.0,0.0,0.0,38.8,35.3,0.979,,,0.0,,,0.5058,0.0785,-1.0455,0.7647,0.0
2022,00-0033106,J.Goff,DET,17,,,92.68,7.454,4438,79,4,4521,29,0,0,0,29,7,5,12,9,18.12,630.0,0.1471,587.0,23.0,15.0,5.0,50.81,10.0,193.0,0.2632,68.9,52.7,2.504,,,0.0,,,0.4841,0.0556,-1.4849,0.5294,0.0
2022,00-0036355,J.Herbert,LAC,17,,,25.77,6.227,4739,143,22,4904,25,0,0,0,25,10,6,16,10,16.292,773.0,0.0333,698.0,38.0,22.0,15.0,14.49,5.0,206.0,0.0703,79.3,59.5,1.199,,,0.0,,,0.4644,0.0699,1.316,0.5882,0.0
2022,00-0036389,J.Hurts,PHI,15,,,106.87,7.295,3701,321,460,4482,22,2,11,0,35,6,8,14,14,19.08,645.0,0.1657,461.0,38.0,43.0,103.0,14.94,6.0,139.0,0.1075,68.2,58.3,3.309,,,0.0,,,0.4946,0.0899,2.7173,0.8235,0.0
2022,00-0035264,J.Stidham,LV,3,,,-0.31,6.156,656,79,5,740,4,0,0,0,4,3,1,4,6,15.192,104.0,-0.0029,83.0,7.0,11.0,3.0,1.59,4.0,90.0,0.0176,12.2,9.3,-0.184,,,0.0,,,0.5,0.1058,1.5499,0.3529,1.0
2022,00-0031503,J.Winston,NO,3,,,-15.52,5.112,858,11,5,874,4,0,0,0,4,5,2,7,7,12.692,130.0,-0.1194,114.0,11.0,3.0,2.0,0.0,0.0,0.0,0.0,14.8,10.0,0.002,,,0.0,,,0.4615,0.1385,2.746,0.4118,0.0
2022,00-0029604,K.Cousins,MIN,17,,,25.21,6.041,4547,109,1,4657,29,1,1,0,31,14,4,18,13,14.133,711.0,0.0355,644.0,46.0,12.0,9.0,28.65,11.0,216.0,0.1326,73.1,62.0,2.412,,,0.0,,,0.4796,0.0928,1.3007,0.7647,1.0
2022,00-0035228,K.Murray,ARI,11,,,4.61,5.122,2368,207,216,2791,14,2,1,0,17,7,2,9,4,12.143,479.0,0.0096,393.0,25.0,25.0,36.0,0.61,0.0,2.0,0.304,50.2,50.0,0.585,,,0.0,,,0.4384,0.0814,-0.8063,0.2353,0.0
2022,00-0038102,K.Pickett,PIT,13,,,8.17,4.693,2404,198,46,2648,7,1,2,0,10,9,1,10,9,11.407,467.0,0.0175,390.0,27.0,28.0,22.0,15.93,3.0,112.0,0.1423,47.9,34.5,1.231,,,0.0,,,0.4561,0.0835,0.8181,0.5294,0.0
2022,00-0034796,L.Jackson,BAL,12,,,47.71,6.116,2242,205,571,3018,17,0,3,0,20,7,3,10,10,12.963,451.0,0.1058,326.0,26.0,26.0,73.0,0.0,0.0,0.0,0.0,53.4,58.8,1.613,,,0.0,,,0.4922,0.0976,-0.6174,0.5882,0.5
2022,00-0036972,M.Jones,NE,14,,,-35.57,5.337,2997,115,17,3129,14,1,0,0,15,11,4,15,8,13.481,509.0,-0.0699,444.0,34.0,20.0,11.0,-14.15,7.0,192.0,-0.0737,56.2,45.5,-0.137,,,0.0,,,0.4028,0.0982,-0.441,0.4706,0.0
2022,00-0032268,M.Mariota,ATL,13,,,9.35,5.887,2219,200,247,2666,15,0,4,0,19,9,5,14,7,14.038,401.0,0.0233,298.0,28.0,27.0,48.0,0.0,0.0,0.0,0.0,49.4,55.9,0.414,,,0.0,,,0.4863,0.1247,-0.6461,0.4118,0.0
2022,00-0026143,M.Ryan,IND,12,,,-54.97,4.91,3057,80,-3,3134,14,0,1,0,15,13,8,21,4,9.031,523.0,-0.1051,464.0,38.0,10.0,11.0,-5.31,1.0,38.0,-0.1398,56.3,50.0,0.741,,,0.0,,,0.4359,0.1166,-0.0987,0.2353,0.0
2022,00-0026498,M.Stafford,LA,9,,,-29.21,5.178,2087,15,2,2104,10,1,0,0,11,8,4,12,5,11.808,339.0,-0.0862,303.0,29.0,5.0,2.0,0.0,0.0,0.0,0.0,41.5,32.4,-0.396,,,0.0,,,0.4661,0.1209,-0.0387,0.2941,0.0
2022,00-0033869,M.Trubisky,PIT,7,,,5.18,5.44,1252,18,25,1295,4,0,2,0,6,5,1,6,9,11.407,205.0,0.0252,180.0,11.0,4.0,10.0,19.19,2.0,59.0,0.3253,23.4,20.7,0.932,,,0.0,,,0.4585,0.0878,1.608,0.5294,0.0
2022,00-0034401,M.White,NYJ,4,,,-5.05,5.413,1192,4,6,1202,3,0,1,0,4,4,1,5,7,11.84,188.0,-0.0269,175.0,9.0,1.0,3.0,-17.04,0.0,97.0,-0.1757,21.5,14.3,-0.183,,,0.0,,,0.4309,0.0745,-6.1846,0.4118,0.0
2022,00-0033873,P.Mahomes,KC,17,,,210.67,7.891,5250,346,20,5616,41,4,0,0,45,12,4,16,14,18.37,730.0,0.2886,651.0,26.0,46.0,7.0,36.52,13.0,200.0,0.1826,81.5,76.3,6.042,,,0.0,,,0.5329,0.0575,3.5722,0.8235,1.0
2022,00-0033275,P.Walker,CAR,6,,,-18.5,5.398,731,26,14,771,3,0,0,0,3,3,0,3,7,12.852,118.0,-0.1568,106.0,7.0,2.0,3.0,0.0,0.0,0.0,0.0,14.5,8.6,0.314,,,0.0,,,0.3644,0.0847,-7.6131,0.4118,0.0
2022,00-0029701,R.Tannehill,TEN,12,,,22.98,6.391,2536,93,16,2645,13,0,2,0,15,6,3,9,7,11.462,381.0,0.0603,325.0,33.0,13.0,10.0,-12.3,3.0,73.0,-0.1684,50.8,42.9,1.031,,,0.0,,,0.4698,0.1129,0.5388,0.4118,0.0
2022,00-0029263,R.Wilson,DEN,15,,,-36.41,5.541,3524,218,66,3808,16,1,2,0,19,11,2,13,5,10.25,586.0,-0.0621,483.0,55.0,28.0,20.0,-12.78,10.0,161.0,-0.0794,66.5,59.4,-1.61,,,0.0,,,0.384,0.1195,-1.1704,0.2941,0.0
2022,00-0034869,S.Darnold,CAR,6,,,23.6,7.279,1143,81,28,1252,7,0,2,0,9,3,2,5,7,12.852,170.0,0.1388,137.0,10.0,9.0,14.0,17.57,7.0,149.0,0.1179,23.6,25.7,0.191,,,0.0,,,0.4706,0.1,4.8928,0.4118,0.0
2022,00-0036879,S.Ehlinger,IND,4,,,-35.0,3.574,573,71,17,661,3,0,0,0,3,3,1,4,4,9.031,131.0,-0.2672,101.0,14.0,11.0,5.0,-7.56,3.0,58.0,-0.1303,11.9,10.0,-1.126,,,0.0,,,0.3664,0.1374,-3.4685,0.2353,0.0
2022,00-0037327,S.Thompson,MIA,7,,,-38.61,3.414,534,20,1,555,1,0,0,0,1,3,2,5,9,15.269,118.0,-0.3272,105.0,6.0,5.0,2.0,-9.63,1.0,57.0,-0.1689,8.8,2.2,-0.802,,,0.0,,,0.3305,0.0932,-5.2477,0.5294,0.5
2022,00-0019596,T.Brady,TB,17,,,31.04,6.107,4694,4,8,4706,25,0,1,0,26,9,9,18,8,11.593,770.0,0.0403,736.0,22.0,4.0,8.0,-0.49,10.0,223.0,-0.0022,77.6,83.9,1.692,,,0.0,,,0.474,0.0519,0.5096,0.4706,0.0
2022,00-0031800,T.Heinicke,WAS,9,,,-16.18,6.116,1859,76,27,1962,12,0,1,0,13,6,5,11,8,11.464,299.0,-0.0541,257.0,19.0,13.0,10.0,-9.26,3.0,57.0,-0.1625,34.1,37.1,-0.309,,,0.0,,,0.4415,0.1104,1.7016,0.4706,0.0
2022,00-0035993,T.Huntley,BAL,5,,,-14.71,4.521,658,91,50,799,2,0,1,0,3,3,1,4,10,12.963,157.0,-0.0937,110.0,7.0,15.0,25.0,-18.86,2.0,114.0,-0.1654,14.1,8.8,0.042,,,0.0,,,0.4204,0.0828,3.1809,0.5882,0.5
2022,00-0036971,T.Lawrence,JAX,17,,,80.69,6.616,4113,219,81,4413,25,0,5,0,30,8,10,18,9,16.16,670.0,0.1204,588.0,27.0,24.0,31.0,31.91,10.0,189.0,0.1689,72.8,73.2,1.579,,,0.0,,,0.5104,0.0687,1.427,0.5294,0.0
2022,00-0036212,T.Tagovailoa,MIA,13,,,91.31,8.373,3548,76,1,3625,25,0,0,0,25,8,2,10,9,15.269,435.0,0.2099,400.0,21.0,10.0,4.0,-7.85,4.0,95.0,-0.0826,57.2,55.6,2.318,,,0.0,,,0.4897,0.0713,1.4326,0.5294,0.5
2022,00-0037013,Z.Wilson,NYJ,9,,,-31.09,4.974,1688,97,13,1798,6,1,0,1,8,7,1,8,7,11.84,285.0,-0.1091,242.0,23.0,13.0,7.0,-8.34,2.0,64.0,-0.1303,32.1,28.6,-0.629,,,0.0,,,0.386,0.1088,-5.5554,0.4118,0.0
2023,00-0038579,A.O'Connell,LV,11,,,-22.35,5.368,2218,0,17,2235,12,0,1,0,13,7,4,11,8,12.296,378.0,-0.0591,343.0,24.0,0.0,11.0,-5.09,8.0,180.0,-0.0283,43.1,40.6,-1.506,,,0.0,,,0.4153,0.0926,-3.9035,0.4706,0.0
2023,00-0039164,A.Richardson,IND,4,,,2.06,6.054,577,37,100,714,3,0,4,0,7,1,2,3,9,13.2,117.0,0.0176,86.0,7.0,7.0,17.0,0.0,0.0,0.0,0.0,12.3,18.4,0.197,,,0.0,,,0.4274,0.094,-7.6875,0.5294,0.0
2023,00-0034855,B.Mayfield,TB,17,,,46.82,6.44,4044,172,11,4227,28,0,1,0,29,10,7,17,9,13.92,649.0,0.0721,569.0,40.0,30.0,10.0,34.6,11.0,177.0,0.1955,78.2,80.6,1.587,,,0.0,,,0.4438,0.0894,0.2398,0.5294,0.5
2023,00-0037834,B.Purdy,SF,16,,,156.91,9.066,4280,138,17,4435,31,0,2,0,33,11,3,14,12,18.885,497.0,0.3157,441.0,28.0,17.0,11.0,22.33,8.0,119.0,0.1876,64.9,54.1,2.731,,,0.0,,,0.5513,0.0845,5.3839,0.7059,2.5
2023,00-0039150,B.Young,CAR,16,,,-139.97,3.684,2877,259,-2,3134,11,0,0,0,11,10,7,17,2,9.44,625.0,-0.224,527.0,62.0,31.0,5.0,-48.38,2.0,174.0,-0.2781,66.0,44.0,-2.999,,,0.0,,,0.3712,0.1296,-1.4098,0.1176,0.0
2023,00-0038108,B.Zappe,NE,10,,,-81.64,3.373,1272,76,8,1356,6,1,0,0,7,9,3,12,4,8.429,252.0,-0.324,211.0,25.0,10.0,6.0,-52.01,7.0,177.0,-0.2939,27.9,23.3,-1.937,,,0.0,,,0.3333,0.1468,-4.4277,0.2353,0.0
2023,00-0039163,C.Stroud,HOU,15,,,59.54,7.513,4108,147,14,4269,23,2,1,0,26,5,7,12,10,14.5,571.0,0.1043,496.0,38.0,23.0,14.0,0.76,3.0,92.0,0.0083,70.4,68.4,2.73,,,0.0,,,0.4711,0.0876,0.2103,0.5882,0.0
2023,00-0031280,D.Carr,NO,17,,,20.77,6.54,3878,51,10,3939,25,0,0,0,25,8,3,11,9,14.889,595.0,0.0349,550.0,31.0,9.0,5.0,26.19,14.0,164.0,0.1597,66.6,58.1,0.564,,,0.0,,,0.4588,0.0706,3.0328,0.5294,0.0
2023,00-0035710,D.Jones,NYG,6,,,-57.86,2.681,909,160,46,1115,2,0,1,0,3,6,2,8,6,8.312,230.0,-0.2516,161.0,30.0,20.0,19.0,0.0,0.0,0.0,0.0,23.2,11.1,-0.4,,,0.0,,,0.4,0.1696,0.2797,0.3529,0.0
2023,00-0033077,D.Prescott,DAL,17,,,132.79,7.252,4516,188,63,4767,36,1,1,0,38,9,4,13,12,19.577,675.0,0.1967,592.0,39.0,27.0,17.0,23.5,10.0,204.0,0.1152,74.3,74.5,3.415,,,0.0,,,0.5096,0.077,3.9347,0.7059,1.0
2023,00-0038122,D.Ridder,ATL,15,,,-45.57,5.569,2836,129,72,3037,12,0,5,0,17,12,8,20,7,11.889,464.0,-0.0982,389.0,31.0,19.0,25.0,-1.76,5.0,106.0,-0.0166,53.4,53.1,-0.169,,,0.0,,,0.4612,0.1185,-1.3355,0.4118,0.0
2023,00-0038583,D.Thompson-Robinson,CLE,7,,,-37.33,1.88,440,40,26,506,1,0,0,0,1,4,0,4,11,12.774,131.0,-0.2849,111.0,6.0,5.0,9.0,-1.78,0.0,7.0,-0.254,8.6,2.3,-0.592,,,0.0,,,0.374,0.084,-11.6548,0.6471,0.0
2023,00-0033537,D.Watson,CLE,6,,,-16.55,5.294,1115,105,38,1258,7,0,1,0,8,4,4,8,11,12.774,215.0,-0.077,170.0,17.0,17.0,11.0,0.0,0.0,0.0,0.0,21.5,18.2,-1.576,,,0.0,,,0.4186,0.1209,-0.3261,0.6471,0.0
2023,00-0035282,E.Stick,LAC,5,,,-24.06,5.465,1129,71,73,1273,3,0,1,0,4,1,4,5,5,12.815,214.0,-0.1124,173.0,14.0,9.0,18.0,-24.06,4.0,214.0,-0.1124,22.5,10.5,-1.002,,,0.0,,,0.4252,0.1028,-4.8077,0.2941,0.0
2023,00-0035289,G.Minshew II,IND,16,,,-1.92,5.717,3305,113,1,3419,15,3,0,0,18,9,5,14,9,13.2,550.0,-0.0035,493.0,34.0,21.0,2.0,1.17,5.0,174.0,0.0067,58.9,47.4,0.777,,,0.0,,,0.4218,0.0873,-3.2766,0.5294,0.0
2023,00-0030565,G.Smith,SEA,15,,,34.8,6.417,3624,157,7,3788,20,1,0,0,21,9,3,12,9,14.56,556.0,0.0626,497.0,31.0,20.0,8.0,25.32,5.0,109.0,0.2323,67.8,61.8,2.297,,,0.0,,,0.4802,0.0791,2.4441,0.5294,0.0
2023,00-0034857,J.Allen,BUF,17,,,130.02,6.497,4306,363,170,4839,29,5,10,0,44,18,8,26,11,16.704,706.0,0.1842,580.0,24.0,48.0,54.0,22.73,11.0,198.0,0.1148,78.3,86.3,3.995,,,0.0,,,0.5241,0.0722,5.0236,0.6471,0.0
2023,00-0035100,J.Browning,CIN,9,,,34.67,6.313,1936,123,9,2068,12,1,2,0,15,7,0,7,9,13.556,291.0,0.1192,244.0,24.0,16.0,7.0,17.76,11.0,196.0,0.0906,37.0,37.5,1.34,,,0.0,,,0.4811,0.1065,3.8663,0.5294,0.0
2023,00-0036442,J.Burrow,CIN,10,,,1.7,5.564,2309,91,8,2408,15,0,0,0,15,6,2,8,9,13.556,407.0,0.0042,364.0,24.0,14.0,5.0,0.0,0.0,0.0,0.0,43.1,37.5,0.717,,,0.0,,,0.4693,0.0811,1.2338,0.5294,0.0
2023,00-0033949,J.Dobbs,ARI,13,,,-62.14,4.571,2464,281,145,2890,13,4,2,0,19,10,7,17,4,12.222,523.0,-0.1188,420.0,30.0,34.0,39.0,-14.52,0.0,33.0,-0.4399,52.7,50.0,-1.901,,,0.0,,,0.413,0.0956,-1.7743,0.2353,0.0
2023,00-0036945,J.Fields,CHI,13,,,-16.53,5.269,2562,360,305,3227,16,3,1,0,20,9,6,15,7,12.857,533.0,-0.031,372.0,44.0,43.0,74.0,4.63,7.0,209.0,0.0222,60.0,51.3,-0.126,,,0.0,,,0.4071,0.1332,0.7928,0.4118,0.0
2023,00-0026158,J.Flacco,CLE,5,,,-9.62,6.85,1616,0,6,1622,13,0,0,0,13,8,3,11,11,12.774,218.0,-0.0441,205.0,8.0,0.0,5.0,-1.82,11.0,172.0,-0.0106,27.7,29.5,0.204,,,0.0,,,0.4312,0.0917,-2.8756,0.6471,0.0
2023,00-0031345,J.Garoppolo,LV,7,,,-17.93,4.585,1205,39,8,1252,7,0,0,0,7,9,0,9,8,12.296,197.0,-0.091,169.0,14.0,8.0,6.0,-2.14,0.0,2.0,-1.0676,24.2,21.9,0.277,,,0.0,,,0.4721,0.1168,-1.9459,0.4706,0.0
2023,00-0033106,J.Goff,DET,17,,,67.12,6.978,4575,31,8,4614,30,0,2,0,32,12,7,19,12,19.208,648.0,0.1036,606.0,30.0,7.0,5.0,29.49,10.0,184.0,0.1603,66.8,53.3,3.596,,,0.0,,,0.4923,0.0756,1.2739,0.7059,1.5
2023,00-0036355,J.Herbert,LAC,13,,,21.32,6.144,3134,240,4,3378,20,1,2,0,23,7,5,12,5,12.815,528.0,0.0404,457.0,29.0,31.0,11.0,-19.54,0.0,21.0,-0.9306,59.7,60.5,1.442,,,0.0,,,0.4583,0.0795,-0.3111,0.2941,0.0
2023,00-0036389,J.Hurts,PHI,17,,,70.35,5.95,3858,322,293,4473,23,1,14,0,38,15,9,24,11,16.037,722.0,0.0974,539.0,36.0,48.0,99.0,1.2,7.0,175.0,0.0069,75.5,79.2,2.069,,,0.0,,,0.4765,0.1039,3.7886,0.6471,0.0
2023,00-0036264,J.Love,GB,17,,,85.41,6.67,4159,203,56,4418,32,0,4,0,36,11,4,15,9,16.652,648.0,0.1318,579.0,30.0,24.0,15.0,37.56,12.0,185.0,0.203,74.6,85.7,1.969,,,0.0,,,0.4676,0.071,1.1351,0.5294,0.0
2023,00-0029604,K.Cousins,MIN,8,,,21.16,7.227,2331,21,11,2363,18,0,0,0,18,5,7,12,7,13.76,338.0,0.0626,309.0,17.0,3.0,9.0,0.0,0.0,0.0,0.0,39.0,47.4,0.196,,,0.0,,,0.4586,0.0858,4.2879,0.4118,0.0
2023,00-0035228,K.Murray,ARI,8,,,-5.99,5.727,1799,161,88,2048,10,0,3,0,13,5,0,5,4,12.222,330.0,-0.0182,271.0,18.0,16.0,25.0,9.48,7.0,167.0,0.0567,37.4,34.2,0.46,,,0.0,,,0.4212,0.0879,-2.2771,0.2353,0.0
2023,00-0038102,K.Pickett,PIT,12,,,-40.85,5.294,2070,71,6,2147,6,0,1,0,7,4,1,5,10,11.259,371.0,-0.1101,324.0,23.0,14.0,10.0,0.0,0.0,0.0,0.0,40.3,24.1,-0.536,,,0.0,,,0.4151,0.0782,-2.1204,0.5882,0.0
2023,00-0034796,L.Jackson,BAL,16,,,66.06,7.338,3678,440,390,4508,24,0,5,0,29,7,9,16,13,16.655,631.0,0.1047,457.0,37.0,66.0,71.0,51.59,11.0,164.0,0.3146,74.2,53.7,1.885,,,0.0,,,0.5024,0.0935,3.4752,0.7647,0.0
2023,00-0036972,M.Jones,NE,11,,,-73.99,4.492,2120,85,17,2222,10,0,0,0,10,12,5,17,4,8.429,391.0,-0.1892,346.0,22.0,12.0,11.0,0.0,0.0,0.0,0.0,45.7,33.3,-1.751,,,0.0,,,0.4322,0.0997,-2.8928,0.2353,0.0
2023,00-0026498,M.Stafford,LA,15,,,52.26,6.797,3965,73,2,4040,24,0,0,0,24,11,2,13,10,14.963,567.0,0.0922,521.0,30.0,14.0,2.0,20.42,8.0,154.0,0.1326,64.6,53.3,1.603,,,0.0,,,0.4586,0.0758,-2.5568,0.5882,0.5
2023,00-0033869,M.Trubisky,PIT,5,,,-18.89,3.904,632,50,6,688,4,0,2,0,6,5,1,6,10,11.259,128.0,-0.1476,107.0,7.0,8.0,6.0,-13.98,4.0,73.0,-0.1916,12.9,20.7,-0.979,,,0.0,,,0.4609,0.1016,-2.2354,0.5882,0.0
2023,00-0033319,N.Mullens,MIN,5,,,12.54,6.17,1306,20,5,1331,7,0,0,0,7,8,0,8,7,13.76,169.0,0.0742,147.0,12.0,5.0,5.0,12.54,7.0,169.0,0.0742,22.0,18.4,0.616,,,0.0,,,0.4379,0.1183,5.6518,0.4118,0.0
2023,00-0033873,P.Mahomes,KC,16,,,62.88,6.281,4183,408,5,4596,27,0,0,0,27,14,8,22,11,14.84,675.0,0.0932,595.0,27.0,50.0,3.0,-10.33,5.0,176.0,-0.0587,80.1,67.5,1.112,,,0.0,,,0.483,0.0741,2.7465,0.6471,0.0
2023,00-0033275,P.Walker,CLE,5,,,-38.17,3.132,674,17,17,708,1,0,0,0,1,5,2,7,11,12.774,130.0,-0.2936,110.0,11.0,4.0,5.0,0.0,0.0,0.0,0.0,12.1,2.3,-1.195,,,0.0,,,0.3385,0.1385,-12.9702,0.6471,0.0
2023,00-0029701,R.Tannehill,TEN,9,,,-18.87,4.427,1616,66,35,1717,4,0,1,0,5,7,0,7,6,10.517,273.0,-0.0691,228.0,32.0,8.0,5.0,-0.76,2.0,86.0,-0.0089,32.8,15.6,0.465,,,0.0,,,0.4029,0.1429,1.0427,0.3529,0.0
2023,00-0029263,R.Wilson,DEN,15,,,-10.85,6.053,3070,265,94,3429,26,0,3,0,29,8,10,18,8,13.222,557.0,-0.0195,446.0,45.0,36.0,30.0,-4.91,6.0,125.0,-0.0393,66.9,78.4,-0.202,,,0.0,,,0.4506,0.1131,4.853,0.4706,0.0
2023,00-0037077,S.Howell,WAS,17,,,-95.18,4.377,3946,239,31,4216,21,3,2,0,26,21,5,26,4,11.75,725.0,-0.1313,614.0,65.0,32.0,14.0,-54.33,3.0,117.0,-0.4644,76.5,59.1,-1.053,,,0.0,,,0.4166,0.1297,-0.4272,0.2353,0.0
2023,00-0038416,T.Bagent,CHI,5,,,-20.54,4.121,859,94,24,977,3,0,2,0,5,6,3,9,7,12.857,170.0,-0.1208,144.0,5.0,11.0,10.0,0.0,0.0,0.0,0.0,18.2,12.8,-0.238,,,0.0,,,0.4882,0.0824,-2.4326,0.4118,0.0
2023,00-0038476,T.DeVito,NYG,9,,,-52.55,4.326,1101,123,75,1299,8,0,1,0,9,3,1,4,6,8.312,248.0,-0.2119,178.0,37.0,22.0,11.0,-13.27,1.0,96.0,-0.1382,27.0,33.3,-1.019,,,0.0,,,0.3387,0.1774,-2.9027,0.3529,0.0
2023,00-0031800,T.Heinicke,ATL,5,,,8.67,5.373,890,125,0,1015,5,1,0,0,6,4,0,4,7,11.889,156.0,0.0555,134.0,8.0,13.0,1.0,6.31,3.0,70.0,0.0902,17.9,18.8,-0.103,,,0.0,,,0.4359,0.0769,-9.087,0.4118,0.0
2023,00-0036971,T.Lawrence,JAX,16,,,-10.67,5.95,4016,328,24,4368,21,1,3,0,25,14,12,26,9,12.567,660.0,-0.0162,567.0,35.0,41.0,17.0,-27.42,7.0,188.0,-0.1458,77.0,62.5,0.486,,,0.0,,,0.4682,0.0955,0.9033,0.5294,0.0
2023,00-0032156,T.Siemian,NYJ,5,,,-59.62,3.379,724,35,5,764,2,0,0,0,2,4,3,7,7,8.375,171.0,-0.3486,153.0,8.0,6.0,4.0,-52.47,2.0,154.0,-0.3407,16.0,10.0,-1.173,,,0.0,,,0.3509,0.0877,-8.9282,0.4118,0.0
2023,00-0036212,T.Tagovailoa,MIA,17,,,77.94,7.475,4624,87,-3,4708,29,0,0,0,29,14,7,21,11,19.077,614.0,0.1269,560.0,29.0,16.0,9.0,7.58,5.0,178.0,0.0426,67.9,47.5,2.16,,,0.0,,,0.4902,0.0831,4.4996,0.6471,1.0
2023,00-0028118,T.Taylor,NYG,10,,,1.17,6.312,1341,143,58,1542,5,0,0,0,5,3,0,3,6,8.312,227.0,0.0051,175.0,17.0,26.0,9.0,6.98,3.0,113.0,0.0618,32.1,18.5,-0.496,,,0.0,,,0.4405,0.0925,4.385,0.3529,0.0
2023,00-0039152,W.Levis,TEN,9,,,-16.41,5.684,1808,57,10,1875,8,0,1,0,9,4,4,8,6,10.517,297.0,-0.0553,254.0,28.0,9.0,6.0,-6.4,2.0,87.0,-0.0736,35.9,28.1,-0.643,,,0.0,,,0.4108,0.1212,-0.3826,0.3529,0.0
2023,00-0037013,Z.Wilson,NYJ,12,,,-120.33,4.3,2271,214,2,2487,8,0,0,0,8,7,8,15,7,8.375,445.0,-0.2704,367.0,46.0,25.0,7.0,-10.79,2.0,57.0,-0.1893,52.1,40.0,-2.562,,,0.0,,,0.373,0.1371,-3.1274,0.4118,0.0
2024,00-0027973,A.Dalton,CAR,6,,,-26.35,4.893,989,36,2,1027,7,0,0,0,7,6,2,8,5,12.63,175.0,-0.1506,161.0,7.0,6.0,1.0,0.0,0.0,0.0,0.0,20.5,17.1,-0.163,,,0.0,,,0.4114,0.0857,-1.142,0.2941,0.0
2024,00-0038579,A.O'Connell,LV,9,,,-1.72,5.945,1612,26,17,1655,8,0,1,0,9,4,2,6,4,12.36,268.0,-0.0064,244.0,10.0,3.0,11.0,-4.13,5.0,144.0,-0.0287,30.8,28.1,-0.371,,,0.0,,,0.4478,0.0597,-3.5798,0.2353,1.0
2024,00-0039164,A.Richardson,IND,11,,,-20.35,4.762,1814,184,324,2322,8,1,5,0,14,12,4,16,8,13.464,357.0,-0.057,263.0,14.0,21.0,59.0,-12.79,3.0,68.0,-0.1882,40.6,33.3,0.281,,,0.0,,,0.4062,0.098,-10.8596,0.4706,0.0
2024,00-0023459,A.Rodgers,NYJ,17,,,4.91,5.837,3897,103,8,4008,28,0,0,0,28,11,5,16,5,13.52,644.0,0.0076,587.0,40.0,16.0,1.0,17.91,9.0,184.0,0.0974,73.3,68.3,-0.099,,,0.0,,,0.4348,0.087,-2.584,0.2941,0.0
2024,00-0034855,B.Mayfield,TB,17,,,120.1,7.111,4500,368,22,4890,41,1,2,0,44,16,4,20,10,18.593,666.0,0.1803,572.0,40.0,42.0,12.0,62.08,16.0,191.0,0.325,73.1,77.2,2.57,,,0.0,,,0.518,0.0916,3.604,0.5882,0.0
2024,00-0039732,B.Nix,DEN,17,,,49.51,6.12,3775,361,87,4223,29,2,2,1,34,12,4,16,10,14.167,668.0,0.0741,567.0,24.0,50.0,27.0,38.87,12.0,160.0,0.2429,78.7,81.0,0.708,,,0.0,,,0.4461,0.0644,0.5609,0.5882,0.0
2024,00-0037834,B.Purdy,SF,15,,,104.21,7.402,3864,300,28,4192,20,2,3,0,25,12,3,15,6,16.208,543.0,0.1919,451.0,31.0,44.0,17.0,36.91,8.0,149.0,0.2478,66.8,62.5,2.061,,,0.0,,,0.512,0.0847,2.0626,0.3529,0.5
2024,00-0039150,B.Young,CAR,14,,,-13.37,5.101,2403,257,-2,2658,15,6,0,0,21,9,3,12,5,12.63,452.0,-0.0296,385.0,29.0,37.0,1.0,19.67,13.0,184.0,0.1069,53.1,51.2,0.44,,,0.0,,,0.4049,0.0929,0.6654,0.2941,0.0
2024,00-0033662,C.Rush,DAL,11,,,-44.91,5.495,1844,12,15,1871,12,0,0,0,12,5,6,11,7,12.963,339.0,-0.1325,308.0,13.0,4.0,14.0,-2.82,7.0,134.0,-0.021,32.6,38.7,-0.561,,,0.0,,,0.4071,0.0796,-8.0643,0.4118,0.5
2024,00-0039163,C.Stroud,HOU,17,,,-15.49,5.453,3727,253,-10,3970,20,0,0,0,20,12,4,16,10,13.286,623.0,-0.0249,531.0,52.0,37.0,3.0,-18.85,5.0,119.0,-0.1584,70.8,57.1,0.412,,,0.0,,,0.4205,0.1108,-1.6823,0.5882,0.0
2024,00-0039918,C.Williams,CHI,17,,,-41.69,5.039,3541,391,104,4036,20,0,0,0,20,6,7,13,5,11.923,711.0,-0.0586,568.0,68.0,50.0,25.0,-16.92,6.0,192.0,-0.0881,82.2,60.6,-1.56,,,0.0,,,0.4065,0.1139,-0.1022,0.2941,0.0
2024,00-0031280,D.Carr,NO,10,,,41.21,7.49,2145,50,23,2218,15,0,1,0,16,5,1,6,5,12.071,305.0,0.1351,282.0,8.0,8.0,7.0,4.4,1.0,34.0,0.1295,40.3,41.0,1.005,,,0.0,,,0.4393,0.0459,3.2764,0.2941,0.0
2024,00-0035710,D.Jones,NYG,10,,,-20.67,4.698,2070,80,194,2344,8,0,2,0,10,7,2,9,3,10.111,431.0,-0.048,342.0,29.0,15.0,45.0,0.0,0.0,0.0,0.0,46.2,30.3,-0.351,,,0.0,,,0.4524,0.0951,1.4571,0.1765,0.0
2024,00-0035704,D.Lock,NYG,7,,,-26.52,4.549,1071,134,4,1209,6,2,0,0,8,5,2,7,3,10.111,207.0,-0.1281,181.0,12.0,10.0,4.0,-5.37,7.0,154.0,-0.0349,23.8,24.2,-0.952,,,0.0,,,0.43,0.0918,-6.0963,0.1765,0.0
2024,00-0039851,D.Maye,NE,13,,,-10.07,5.072,2276,407,16,2699,15,2,0,0,17,10,7,17,4,11.115,426.0,-0.0236,340.0,34.0,45.0,7.0,-16.32,5.0,107.0,-0.1525,55.8,54.8,0.0,,,0.0,,,0.4765,0.1197,2.8359,0.2353,0.0
2024,00-0033077,D.Prescott,DAL,8,,,-14.77,5.622,1978,45,11,2034,11,0,1,0,12,8,3,11,7,12.963,318.0,-0.0464,286.0,21.0,6.0,5.0,0.0,0.0,0.0,0.0,35.4,38.7,1.233,,,0.0,,,0.4214,0.1006,-0.8513,0.4118,0.5
2024,00-0038122,D.Ridder,LV,5,,,-20.51,3.66,458,35,1,494,2,0,0,0,2,2,2,4,4,12.36,103.0,-0.1991,84.0,10.0,6.0,3.0,-4.2,1.0,69.0,-0.0608,9.2,6.2,-0.441,,,0.0,,,0.3883,0.1456,-3.1811,0.2353,1.0
2024,00-0038583,D.Thompson-Robinson,CLE,6,,,-65.15,0.976,440,39,85,564,0,0,0,0,0,6,1,7,3,9.214,146.0,-0.4462,118.0,8.0,6.0,14.0,-49.42,0.0,118.0,-0.4188,10.7,0.0,-1.058,,,0.0,,,0.3151,0.1233,-11.6683,0.1765,0.0
2024,00-0033537,D.Watson,CLE,7,,,-63.39,3.688,1148,132,17,1297,5,0,1,0,6,3,3,6,3,9.214,280.0,-0.2264,217.0,33.0,21.0,9.0,0.0,0.0,0.0,0.0,24.6,20.0,-1.199,,,0.0,,,0.3464,0.1429,-2.2257,0.1765,0.0
2024,00-0035289,G.Minshew II,LV,10,,,-53.24,4.742,2013,60,2,2075,9,0,0,0,9,10,4,14,4,12.36,348.0,-0.153,304.0,29.0,11.0,4.0,0.0,0.0,0.0,0.0,38.6,28.1,-1.364,,,0.0,,,0.4454,0.1236,0.5195,0.2353,1.0
2024,00-0030565,G.Smith,SEA,17,,,10.39,5.925,4320,256,35,4611,21,2,0,0,23,15,3,18,10,12.931,668.0,0.0156,579.0,50.0,24.0,15.0,7.3,8.0,159.0,0.0459,80.0,59.0,1.255,,,0.0,,,0.4701,0.1033,5.6395,0.5882,0.0
2024,00-0034857,J.Allen,BUF,16,,,188.71,7.964,3731,391,148,4270,28,3,9,0,40,6,2,8,13,21.875,591.0,0.3193,483.0,14.0,44.0,50.0,66.88,14.0,159.0,0.4206,73.8,64.5,4.21,,,0.0,,,0.5144,0.044,0.8436,0.7647,0.0
2024,00-0033119,J.Brissett,NE,7,,,-32.8,3.922,826,65,-1,890,2,0,0,0,2,1,1,2,4,11.115,191.0,-0.1718,161.0,18.0,9.0,3.0,-2.18,0.0,2.0,-1.0905,18.4,6.5,-0.769,,,0.0,,,0.4084,0.1099,-2.9146,0.2353,0.0
2024,00-0036442,J.Burrow,CIN,17,,,120.31,7.268,4918,205,7,5130,43,1,1,0,45,9,8,17,9,18.88,732.0,0.1644,653.0,48.0,22.0,9.0,40.13,14.0,228.0,0.176,81.4,78.9,4.881,,,0.0,,,0.5178,0.0888,6.7868,0.5294,1.0
2024,00-0039910,J.Daniels,WAS,17,,,123.98,6.487,3568,577,325,4470,25,1,5,0,31,9,2,11,12,16.724,666.0,0.1862,481.0,47.0,72.0,66.0,28.5,10.0,173.0,0.1647,75.0,57.4,3.499,,,0.0,,,0.494,0.1006,3.5468,0.7059,0.5
2024,00-0036945,J.Fields,PIT,10,,,12.6,5.859,1106,113,180,1399,5,3,2,0,10,1,3,4,10,14.615,235.0,0.0536,161.0,16.0,19.0,39.0,1.37,0.0,1.0,1.3654,25.3,27.0,0.549,,,0.0,,,0.4553,0.1064,2.3884,0.5882,0.0
2024,00-0026158,J.Flacco,IND,7,,,-2.78,5.854,1761,26,3,1790,12,0,0,0,12,7,4,11,8,13.464,273.0,-0.0102,249.0,18.0,3.0,3.0,3.14,3.0,85.0,0.0369,31.3,28.6,-0.528,,,0.0,,,0.4579,0.1062,1.0691,0.4706,0.0
2024,00-0033106,J.Goff,DET,17,,,165.78,8.09,4629,69,3,4701,37,0,0,1,38,12,2,14,15,20.889,588.0,0.2819,537.0,31.0,14.0,6.0,75.53,15.0,213.0,0.3546,65.7,55.1,3.101,,,0.0,,,0.5425,0.0782,5.7057,0.8824,1.0
2024,00-0036355,J.Herbert,LAC,17,,,81.83,7.25,3870,311,30,4211,23,1,1,0,25,3,3,6,11,14.889,593.0,0.138,504.0,41.0,31.0,17.0,57.58,10.0,194.0,0.2968,76.7,62.5,2.537,,,0.0,,,0.4637,0.0826,1.9456,0.6471,0.0
2024,00-0036389,J.Hurts,PHI,15,,,91.76,6.935,2903,365,284,3552,18,0,14,0,32,5,5,10,14,17.808,530.0,0.1731,361.0,38.0,39.0,92.0,23.03,6.0,86.0,0.2678,57.2,59.3,2.814,,,0.0,,,0.5038,0.1057,7.5215,0.8235,1.5
2024,00-0036264,J.Love,GB,15,,,63.38,7.464,3389,85,5,3479,25,0,1,0,26,11,2,13,11,17.037,460.0,0.1378,428.0,14.0,12.0,6.0,18.1,5.0,128.0,0.1414,55.4,49.1,1.26,,,0.0,,,0.4783,0.0587,0.6199,0.6471,0.0
2024,00-0031503,J.Winston,CLE,11,,,-13.42,5.248,2121,46,38,2205,13,1,0,0,14,12,3,15,3,9.214,350.0,-0.0383,302.0,24.0,8.0,16.0,-28.36,2.0,79.0,-0.359,41.8,46.7,-0.156,,,0.0,,,0.4429,0.1171,-1.775,0.1765,0.0
2024,00-0029604,K.Cousins,ATL,14,,,11.98,6.165,3508,16,9,3533,18,0,0,0,18,16,3,19,8,17.682,490.0,0.0244,450.0,28.0,3.0,9.0,-9.19,1.0,61.0,-0.1507,54.4,43.9,0.922,,,0.0,,,0.4755,0.098,0.9587,0.4706,0.0
2024,00-0035228,K.Murray,ARI,17,,,65.83,6.239,3851,357,224,4432,21,1,4,0,26,11,9,20,8,17.391,642.0,0.1025,540.0,30.0,41.0,31.0,23.79,9.0,215.0,0.1106,74.3,61.9,0.337,,,0.0,,,0.5047,0.0794,2.1179,0.4706,0.0
2024,00-0034796,L.Jackson,BAL,17,,,190.37,9.439,4172,405,522,5099,41,0,4,0,45,4,6,10,12,20.72,620.0,0.3071,471.0,23.0,45.0,81.0,55.89,13.0,123.0,0.4544,73.0,71.4,3.348,,,0.0,,,0.5274,0.0645,4.5519,0.7059,0.5
2024,00-0036972,M.Jones,JAX,10,,,-1.09,4.918,1672,83,14,1769,8,0,1,0,9,8,3,11,4,12.308,302.0,-0.0036,265.0,14.0,14.0,9.0,20.47,6.0,193.0,0.1061,33.6,28.1,0.113,,,0.0,,,0.4305,0.0828,-0.4917,0.2353,0.0
2024,00-0039917,M.Penix,ATL,5,,,15.14,6.294,775,14,0,789,3,1,0,0,4,3,0,3,8,17.682,114.0,0.1328,105.0,4.0,4.0,1.0,11.96,4.0,108.0,0.1107,12.1,9.8,0.273,,,0.0,,,0.4737,0.0614,-4.4384,0.4706,0.0
2024,00-0034771,M.Rudolph,TEN,8,,,-0.91,5.207,1530,93,14,1637,9,1,0,0,10,9,2,11,3,12.44,261.0,-0.0035,226.0,11.0,13.0,11.0,16.55,5.0,116.0,0.1427,31.2,26.3,0.292,,,0.0,,,0.4828,0.0843,0.2381,0.1765,0.0
2024,00-0026498,M.Stafford,LA,16,,,39.0,6.573,3762,38,21,3821,20,0,0,0,20,8,2,10,10,13.593,561.0,0.0695,518.0,28.0,3.0,12.0,26.79,3.0,117.0,0.229,65.5,54.1,1.596,,,0.0,,,0.4884,0.0677,-0.6664,0.5882,0.0
2024,00-0033873,P.Mahomes,KC,16,,,101.42,6.019,3928,333,4,4265,26,2,0,0,28,11,1,12,15,14.808,655.0,0.1548,581.0,36.0,37.0,1.0,33.41,8.0,167.0,0.2001,77.2,68.3,4.216,,,0.0,,,0.5053,0.0733,2.5634,0.8824,0.0
2024,00-0029263,R.Wilson,PIT,11,,,-2.98,6.408,2482,146,19,2647,16,1,1,0,18,5,5,10,10,14.615,400.0,-0.0075,335.0,33.0,20.0,12.0,-34.32,7.0,184.0,-0.1865,47.9,48.6,-0.396,,,0.0,,,0.425,0.1075,4.4718,0.5882,0.0
2024,00-0034869,S.Darnold,MIN,17,,,41.13,6.988,4319,222,11,4552,35,0,1,0,36,12,7,19,14,15.429,638.0,0.0645,545.0,48.0,28.0,17.0,22.24,12.0,206.0,0.108,75.5,80.0,2.936,,,0.0,,,0.4953,0.1082,3.8546,0.8235,1.0
2024,00-0039376,S.Rattler,NO,7,,,-71.21,4.144,1317,118,29,1464,4,0,0,0,4,5,4,9,5,12.071,267.0,-0.2667,228.0,22.0,14.0,3.0,-18.67,3.0,146.0,-0.1279,26.6,10.3,-0.956,,,0.0,,,0.382,0.1161,-9.0621,0.2941,0.0
2024,00-0035993,T.Huntley,MIA,5,,,-21.4,4.443,829,109,27,965,3,1,1,0,5,3,3,6,8,13.269,173.0,-0.1237,134.0,15.0,15.0,9.0,-0.54,3.0,83.0,-0.0065,17.1,13.9,-0.812,,,0.0,,,0.3931,0.1214,3.105,0.4706,0.0
2024,00-0036971,T.Lawrence,JAX,10,,,6.87,5.934,2045,105,17,2167,11,1,2,0,14,7,3,10,4,12.308,327.0,0.021,287.0,18.0,13.0,9.0,0.0,0.0,0.0,0.0,41.2,43.8,-0.214,,,0.0,,,0.4465,0.0856,-0.9684,0.2353,0.0
2024,00-0036212,T.Tagovailoa,MIA,11,,,88.47,6.599,2867,57,-3,2921,19,0,0,0,19,7,2,9,8,13.269,432.0,0.2048,400.0,21.0,7.0,4.0,16.67,4.0,126.0,0.1323,51.6,52.8,2.351,,,0.0,,,0.5301,0.0718,3.7809,0.4706,0.0
2024,00-0039152,W.Levis,TEN,12,,,-79.05,4.587,2091,139,46,2276,13,0,0,0,13,12,6,18,3,12.44,386.0,-0.2048,303.0,41.0,20.0,22.0,-33.21,1.0,73.0,-0.455,43.4,34.2,-3.176,,,0.0,,,0.3731,0.1606,-0.4323,0.1765,0.0
2025,00-0023459,A.Rodgers,PIT,16,,,17.16,6.275,3322,68,0,3390,24,1,0,0,25,7,4,11,10,17.261,539.0,0.0318,498.0,29.0,12.0,0.0,24.79,6.0,200.0,0.124,63.7,58.1,0.366,,,0.0,,,0.4304,0.0742,0.0417,0.5882,0.0
2025,00-0040398,B.Cook,NYJ,5,,,-71.62,1.96,739,44,5,788,2,0,0,0,2,7,1,8,3,12.5,185.0,-0.3871,154.0,19.0,7.0,5.0,-71.62,2.0,185.0,-0.3871,17.7,7.4,-0.612,,,0.0,,,0.3243,0.1459,-10.0291,0.1765,0.0
2025,00-0034855,B.Mayfield,TB,17,,,38.86,5.966,3693,373,18,4084,26,1,0,0,27,11,4,15,8,14.074,630.0,0.0617,548.0,36.0,42.0,4.0,16.75,7.0,186.0,0.09,76.6,67.5,1.193,,,0.0,,,0.4492,0.081,-2.1161,0.4706,0.0
2025,00-0039732,B.Nix,DEN,17,,,75.83,5.983,3931,307,66,4304,25,3,2,0,30,11,3,14,14,14.321,704.0,0.1077,616.0,22.0,36.0,30.0,30.08,8.0,215.0,0.1399,76.0,69.8,4.116,,,0.0,,,0.4517,0.0597,-1.1956,0.8235,0.0
2025,00-0037834,B.Purdy,SF,9,,,75.64,6.926,2167,131,20,2318,20,1,2,0,23,10,3,13,12,19.0,327.0,0.2313,287.0,11.0,18.0,11.0,48.26,13.0,148.0,0.3261,38.8,46.9,2.47,,,0.0,,,0.5443,0.0765,7.2285,0.7059,0.0
2025,00-0039150,B.Young,CAR,16,,,-12.92,5.482,3011,220,14,3245,23,2,0,0,25,11,6,17,8,13.522,545.0,-0.0237,479.0,27.0,33.0,6.0,0.39,6.0,136.0,0.0029,63.9,73.5,0.352,,,0.0,,,0.4367,0.0826,0.9989,0.4706,0.0
2025,00-0039163,C.Stroud,HOU,14,,,60.99,6.439,3041,194,20,3255,19,0,1,0,20,8,2,10,12,14.963,483.0,0.1263,423.0,23.0,25.0,12.0,16.94,9.0,159.0,0.1065,58.6,58.8,1.181,,,0.0,,,0.47,0.0683,0.3577,0.7059,0.0
2025,00-0040676,C.Ward,TEN,17,,,-101.23,4.635,3169,151,18,3338,15,0,2,0,17,7,9,16,3,9.793,625.0,-0.162,537.0,55.0,23.0,10.0,-4.13,9.0,144.0,-0.0287,71.2,58.6,-1.933,,,0.0,,,0.3824,0.1152,-2.9297,0.1765,0.0
2025,00-0032950,C.Wentz,MIN,5,,,6.89,5.245,1216,57,0,1273,6,0,0,0,6,5,0,5,9,13.76,198.0,0.0348,169.0,19.0,9.0,1.0,0.0,0.0,0.0,0.0,26.3,16.2,0.035,,,0.0,,,0.4798,0.1212,1.1112,0.5294,1.0
2025,00-0039918,C.Williams,CHI,17,,,53.85,6.737,3942,363,32,4337,27,2,1,1,31,7,2,9,11,16.333,660.0,0.0816,570.0,24.0,43.0,23.0,29.72,10.0,192.0,0.1548,71.3,64.6,2.246,,,0.0,,,0.4455,0.0545,-3.5054,0.6471,0.0
2025,00-0040704,D.Gabriel,CLE,10,,,-42.31,4.216,937,89,-2,1024,7,0,0,0,7,2,0,2,5,9.964,217.0,-0.195,185.0,19.0,11.0,2.0,-1.41,0.0,1.0,-1.4081,22.6,25.9,-1.044,,,0.0,,,0.3226,0.1014,-7.5071,0.2941,0.0
2025,00-0035710,D.Jones,IND,13,,,75.94,7.244,3101,148,22,3271,19,1,4,0,24,8,4,12,8,19.417,447.0,0.1699,387.0,22.0,22.0,16.0,-1.36,0.0,8.0,-0.1694,55.2,44.4,1.573,,,0.0,,,0.5123,0.0783,2.2971,0.4706,0.0
2025,00-0039851,D.Maye,NE,17,,,188.71,8.262,4394,429,48,4871,31,3,1,0,35,8,4,12,14,20.417,620.0,0.3044,492.0,47.0,62.0,19.0,63.56,10.0,132.0,0.4815,77.9,64.8,4.335,,,0.0,,,0.55,0.0952,10.7813,0.8235,0.0
2025,00-0036898,D.Mills,HOU,6,,,-14.57,5.385,915,58,5,978,5,1,0,0,6,1,0,1,12,14.963,180.0,-0.0809,161.0,8.0,7.0,4.0,-5.37,0.0,10.0,-0.537,17.6,17.6,-0.203,,,0.0,,,0.4,0.05,-6.6134,0.7059,0.0
2025,00-0033077,D.Prescott,DAL,17,,,106.21,7.133,4552,176,13,4741,30,1,1,0,32,10,5,15,7,18.115,667.0,0.1592,599.0,31.0,26.0,11.0,18.2,5.0,189.0,0.0963,70.9,65.3,4.63,,,0.0,,,0.4843,0.069,2.1646,0.4118,0.0
2025,00-0030565,G.Smith,LV,15,,,-73.25,4.443,3025,109,6,3140,19,0,0,0,19,17,1,18,3,8.31,538.0,-0.1362,448.0,55.0,18.0,17.0,-6.79,4.0,83.0,-0.0818,69.8,73.1,-2.02,,,0.0,,,0.4238,0.1413,0.7071,0.1765,0.0
2025,00-0034857,J.Allen,BUF,16,,,109.33,6.759,3668,426,173,4267,25,3,11,0,39,10,5,15,12,20.913,600.0,0.1822,466.0,40.0,48.0,46.0,23.22,9.0,149.0,0.1558,67.9,66.1,2.147,,,0.0,,,0.4983,0.0933,3.5149,0.7059,0.0
2025,00-0033119,J.Brissett,ARI,14,,,1.12,5.996,3366,149,20,3535,23,0,1,0,24,8,5,13,3,14.2,566.0,0.002,487.0,43.0,22.0,14.0,-9.32,10.0,212.0,-0.044,62.6,60.0,-0.783,,,0.0,,,0.4576,0.1025,1.6353,0.1765,0.5
2025,00-0035100,J.Browning,CIN,5,,,-46.1,3.515,771,31,9,811,6,0,1,0,7,8,2,10,6,17.25,142.0,-0.3247,125.0,9.0,4.0,4.0,0.0,0.0,0.0,0.0,14.0,12.5,-0.32,,,0.0,,,0.4085,0.1338,0.3757,0.3529,1.0
2025,00-0036442,J.Burrow,CIN,8,,,31.13,6.514,1809,26,16,1851,17,0,0,0,17,5,1,6,6,17.25,291.0,0.107,261.0,17.0,8.0,5.0,25.2,13.0,198.0,0.1273,32.0,30.4,0.294,,,0.0,,,0.4914,0.079,4.6543,0.3529,1.0
2025,00-0039910,J.Daniels,WAS,7,,,-1.84,5.922,1262,246,37,1545,8,0,2,0,10,3,2,5,5,15.478,258.0,-0.0071,186.0,18.0,38.0,16.0,-11.92,0.0,25.0,-0.4767,29.9,25.0,0.19,,,0.0,,,0.4574,0.1008,-2.7291,0.2941,0.0
2025,00-0040691,J.Dart,NYG,14,,,33.59,5.853,2272,290,202,2764,15,2,7,0,24,5,4,9,4,15.24,454.0,0.074,340.0,35.0,38.0,41.0,9.25,6.0,145.0,0.0638,50.1,54.5,0.149,,,0.0,,,0.4604,0.1035,-0.1931,0.2353,0.0
2025,00-0036945,J.Fields,NYJ,9,,,-9.88,4.987,1259,242,145,1646,7,1,3,0,11,1,3,4,3,12.5,301.0,-0.0328,206.0,27.0,28.0,40.0,0.0,0.0,0.0,0.0,36.9,40.7,-1.238,,,0.0,,,0.4585,0.113,-1.8688,0.1765,0.0
2025,00-0026158,J.Flacco,CIN,13,,,-41.59,5.118,2479,30,22,2531,15,0,1,0,16,10,4,14,6,17.25,444.0,-0.0937,414.0,18.0,4.0,8.0,0.25,0.0,8.0,0.0316,43.8,28.6,-1.103,,,0.0,,,0.4189,0.0721,-2.8235,0.3529,1.0
2025,00-0033106,J.Goff,DET,17,,,98.59,7.533,4564,48,5,4617,34,0,0,0,34,8,5,13,9,17.815,625.0,0.1577,576.0,38.0,5.0,6.0,30.42,9.0,215.0,0.1415,70.3,60.7,1.96,,,0.0,,,0.4864,0.0816,1.7766,0.5294,0.0
2025,00-0036355,J.Herbert,LAC,16,,,33.13,5.938,3727,439,71,4237,26,1,1,0,28,13,4,17,11,13.63,640.0,0.0518,512.0,54.0,49.0,25.0,5.06,6.0,156.0,0.0324,76.8,73.7,0.997,,,0.0,,,0.4766,0.1141,1.5749,0.6471,0.0
2025,00-0036389,J.Hurts,PHI,16,,,51.75,6.735,3224,266,170,3660,25,2,6,0,33,6,6,12,11,14.037,579.0,0.0894,454.0,32.0,40.0,53.0,8.05,6.0,136.0,0.0592,70.0,76.7,0.677,,,0.0,,,0.4525,0.0864,3.1833,0.6471,0.5
2025,00-0036264,J.Love,GB,15,,,130.92,7.38,3381,183,28,3592,23,0,0,0,23,6,2,8,9,17.0,495.0,0.2645,440.0,21.0,24.0,10.0,13.15,4.0,87.0,0.1512,63.8,52.3,4.915,,,0.0,,,0.5051,0.0586,5.533,0.5294,0.0
2025,00-0039923,J.McCarthy,MIN,10,,,-42.15,4.26,1632,156,35,1823,11,2,2,0,15,12,2,14,9,13.76,301.0,-0.14,246.0,27.0,17.0,11.0,30.25,7.0,100.0,0.3025,37.7,40.5,-0.221,,,0.0,,,0.4219,0.1395,-5.7239,0.5294,1.0
2025,00-0029604,K.Cousins,ATL,10,,,-7.51,5.754,1721,8,9,1738,10,0,1,0,11,5,2,7,8,14.708,289.0,-0.026,268.0,13.0,2.0,6.0,2.73,8.0,173.0,0.0158,30.1,28.9,0.351,,,0.0,,,0.4464,0.0692,-2.7993,0.4706,0.0
2025,00-0035228,K.Murray,ARI,5,,,9.81,4.723,962,142,33,1137,6,1,0,0,7,3,2,5,3,14.2,205.0,0.0479,161.0,16.0,16.0,12.0,0.0,0.0,0.0,0.0,20.1,17.5,0.57,,,0.0,,,0.439,0.1122,-0.5288,0.1765,0.5
2025,00-0034796,L.Jackson,BAL,13,,,30.31,7.145,2549,219,146,2914,21,1,1,0,23,7,5,12,8,16.96,397.0,0.0763,302.0,36.0,30.0,29.0,16.6,7.0,96.0,0.1729,51.5,48.9,1.539,,,0.0,,,0.4685,0.1234,1.7587,0.4706,1.0
2025,00-0036972,M.Jones,SF,9,,,45.89,6.688,2151,55,19,2225,13,0,0,0,13,6,3,9,12,19.0,326.0,0.1408,288.0,16.0,8.0,14.0,0.0,0.0,0.0,0.0,37.3,26.5,1.633,,,0.0,,,0.5276,0.0798,3.6786,0.7059,0.0
2025,00-0032268,M.Mariota,WAS,10,,,4.81,6.037,1695,163,140,1998,10,1,0,0,11,7,3,10,5,15.478,288.0,0.0167,228.0,16.0,18.0,26.0,-10.92,1.0,50.0,-0.2185,38.7,27.5,-0.321,,,0.0,,,0.4792,0.1042,3.1971,0.2941,0.0
2025,00-0039917,M.Penix,ATL,9,,,9.19,6.641,1982,77,0,2059,9,1,0,0,10,3,3,6,8,14.708,304.0,0.0302,277.0,13.0,13.0,1.0,0.0,0.0,0.0,0.0,35.7,26.3,0.834,,,0.0,,,0.4605,0.0625,-3.6197,0.4706,0.0
2025,00-0026498,M.Stafford,LA,17,,,125.11,8.293,4707,22,0,4729,46,0,0,0,46,8,5,13,12,20.72,629.0,0.1989,594.0,23.0,7.0,5.0,61.21,14.0,205.0,0.2986,68.9,70.8,4.38,,,0.0,,,0.5231,0.0572,1.5916,0.7059,0.0
2025,00-0033873,P.Mahomes,KC,14,,,101.5,6.218,3587,420,9,4016,22,3,2,0,27,11,0,11,6,13.923,592.0,0.1715,503.0,34.0,52.0,3.0,-19.31,1.0,76.0,-0.2541,75.5,69.2,1.92,,,0.0,,,0.5,0.0777,0.3364,0.3529,1.0
2025,00-0029263,R.Wilson,NYG,6,,,-16.96,5.349,831,91,15,937,3,0,0,0,3,3,0,3,4,15.24,147.0,-0.1154,119.0,10.0,12.0,6.0,0.0,0.0,0.0,0.0,17.0,6.8,0.359,,,0.0,,,0.381,0.0952,-1.48,0.2353,0.0
2025,00-0034869,S.Darnold,SEA,17,,,62.84,7.434,4048,89,19,4156,25,0,0,0,25,14,9,23,14,17.889,524.0,0.1199,475.0,27.0,14.0,8.0,3.58,6.0,178.0,0.0201,68.3,55.6,1.088,,,0.0,,,0.5267,0.0954,5.2382,0.8235,0.0
2025,00-0039376,S.Rattler,NO,9,,,-27.22,5.21,1586,114,54,1754,8,0,0,0,8,5,5,10,6,13.304,303.0,-0.0898,254.0,18.0,16.0,15.0,0.11,0.0,1.0,0.113,32.5,27.6,-1.142,,,0.0,,,0.4686,0.0957,2.3568,0.3529,0.0
2025,00-0040668,S.Sanders,CLE,8,,,-60.45,3.94,1400,167,4,1571,7,1,0,0,8,10,3,13,5,9.964,255.0,-0.2371,212.0,23.0,18.0,2.0,-38.33,6.0,184.0,-0.2083,34.6,29.6,-1.377,,,0.0,,,0.3686,0.1412,-4.9996,0.2941,0.0
2025,00-0036971,T.Lawrence,JAX,17,,,61.43,6.333,4007,310,59,4376,29,4,5,0,38,12,4,16,13,18.231,674.0,0.0911,559.0,41.0,43.0,31.0,69.45,17.0,199.0,0.349,76.9,71.7,1.644,,,0.0,,,0.4807,0.0905,-1.8818,0.7647,0.0
2025,00-0040743,T.Shough,NO,11,,,-2.0,5.952,2384,125,72,2581,10,2,1,0,13,6,4,10,6,13.304,395.0,-0.0051,325.0,31.0,20.0,19.0,27.34,8.0,198.0,0.1381,47.8,44.8,1.008,,,0.0,,,0.4481,0.1089,1.6082,0.3529,0.0
2025,00-0036212,T.Tagovailoa,MIA,14,,,0.49,5.277,2660,44,2,2706,20,0,0,0,20,15,2,17,7,13.88,431.0,0.0011,385.0,30.0,11.0,5.0,2.25,3.0,58.0,0.0388,51.0,52.6,-0.078,,,0.0,,,0.4385,0.109,2.0203,0.4118,0.0
2025,00-0028118,T.Taylor,NYJ,6,,,-7.77,3.891,779,141,4,924,5,1,0,0,6,5,1,6,3,12.5,172.0,-0.0452,133.0,14.0,22.0,3.0,-6.36,0.0,4.0,-1.5903,20.7,22.2,-0.329,,,0.0,,,0.4419,0.1163,-0.8776,0.1765,0.0
