season,player_id,player_name,team,rush_attempts,receptions,total_touches,rush_yards,rec_yards,total_yards,rush_tds,rec_tds,total_tds,rush_epa,rec_epa,total_epa,epa_per_touch,late_epa,late_tds,fumbles_lost,scrimmage_yards,yards_per_touch,pct_team_yards,pct_team_tds,position,targets,catch_rate,target_share
1999,00-0003378,A.Connell,WAS,1.0,61.0,62.0,8.0,1121.0,,0.0,7.0,7.0,0.6460000276565552,84.19100189208984,84.83699798583984,1.368,19.63599967956543,1.0,0.0,1129.0,18.21,18.7,14.3,WR,120.0,0.508,23.2
1999,00-0005562,A.Freeman,GB,1.0,74.0,75.0,-2.0,1074.0,,0.0,6.0,6.0,-0.7059999704360962,100.8239974975586,100.11699676513672,1.335,17.378999710083008,1.0,0.0,1072.0,14.293,19.6,16.7,WR,132.0,0.561,22.7
1999,00-0011869,A.Murrell,ARI,191.0,48.0,239.0,544.0,328.0,,0.0,0.0,0.0,-47.49599838256836,0.328000009059906,-47.16899871826172,-0.197,-6.809000015258789,0.0,1.0,872.0,3.649,21.2,0.0,RB,70.0,0.686,13.0
1999,00-0013499,A.Reed,,0.0,52.0,52.0,0.0,536.0,,0.0,1.0,1.0,0.0,36.15800094604492,36.15800094604492,0.695,4.945000171661377,0.0,0.0,536.0,10.308,53600.0,100.0,WR,93.0,0.559,9300.0
1999,00-0015091,A.Smith,BUF,159.0,2.0,161.0,577.0,32.0,,5.0,0.0,5.0,-20.61199951171875,3.069000005722046,-17.542999267578125,-0.109,1.6239999532699585,1.0,2.0,609.0,3.783,12.3,16.1,RB,2.0,1.0,0.4
1999,00-0016550,A.Toomer,NYG,1.0,79.0,80.0,4.0,1183.0,,0.0,6.0,6.0,0.0020000000949949026,103.11000061035156,103.11199951171875,1.289,28.871000289916992,1.0,0.0,1187.0,14.838,22.6,22.2,WR,135.0,0.585,23.0
1999,00-0000003,A.al-Jabbar,CLE,142.0,17.0,159.0,440.0,84.0,,1.0,1.0,2.0,-19.593000411987305,3.4630000591278076,-16.1299991607666,-0.101,-1.6239999532699585,1.0,0.0,524.0,3.296,13.8,7.7,RB,22.0,0.773,4.7
1999,00-0002970,B.Christian,ATL,38.0,40.0,78.0,174.0,354.0,,5.0,2.0,7.0,13.197999954223633,12.4399995803833,25.63800048828125,0.329,11.831999778747559,2.0,0.0,528.0,6.769,11.1,22.6,RB,62.0,0.645,12.9
1999,00-0004915,B.Engram,CHI,2.0,87.0,89.0,11.0,934.0,,0.0,4.0,4.0,1.8209999799728394,78.62100219726562,80.44300079345703,0.904,21.266000747680664,3.0,0.0,945.0,10.618,17.3,13.8,WR,146.0,0.596,21.9
1999,00-0006803,B.Hanspard,ATL,135.0,7.0,142.0,380.0,64.0,,1.0,0.0,1.0,-39.15299987792969,0.7170000076293945,-38.4370002746582,-0.271,-6.335999965667725,1.0,1.0,444.0,3.127,9.3,3.2,RB,15.0,0.467,3.1
1999,00-0011399,B.Mitchell,WAS,40.0,31.0,71.0,220.0,305.0,,1.0,0.0,1.0,-4.519999980926514,9.071999549865723,4.552000045776367,0.064,6.136000156402588,1.0,0.0,525.0,7.394,8.7,2.0,RB,40.0,0.775,7.7
1999,00-0011675,B.Morris,KC,120.0,7.0,127.0,414.0,37.0,,3.0,0.0,3.0,-19.033000946044922,-0.25699999928474426,-19.290000915527344,-0.152,-0.9110000133514404,1.0,1.0,451.0,3.551,8.3,8.3,RB,11.0,0.636,2.3
1999,00-0014489,B.Schroeder,,0.0,74.0,74.0,0.0,1051.0,,0.0,5.0,5.0,0.0,83.55999755859375,83.55999755859375,1.129,20.923999786376953,2.0,0.0,1051.0,14.203,105100.0,500.0,WR,123.0,0.602,12300.0
1999,00-0002721,C.Carter,,0.0,87.0,87.0,0.0,1192.0,,0.0,12.0,12.0,0.0,112.97599792480469,112.97599792480469,1.299,17.150999069213867,1.0,0.0,1192.0,13.701,119200.0,1200.0,WR,133.0,0.654,13300.0
1999,00-0003271,C.Collins,MIA,130.0,6.0,136.0,409.0,32.0,,2.0,0.0,2.0,-33.08399963378906,0.09600000083446503,-32.987998962402344,-0.243,0.0,0.0,1.0,441.0,3.243,8.8,7.1,RB,9.0,0.667,1.6
1999,00-0004304,C.Dillon,CIN,244.0,28.0,272.0,1072.0,260.0,,5.0,1.0,6.0,-18.111000061035156,16.836000442504883,-1.274999976158142,-0.005,5.797999858856201,3.0,2.0,1332.0,4.897,26.8,21.4,RB,46.0,0.609,8.7
1999,00-0004916,C.Enis,CHI,276.0,45.0,321.0,871.0,340.0,,3.0,2.0,5.0,-55.62300109863281,15.098999977111816,-40.52399826049805,-0.126,-5.385000228881836,0.0,3.0,1211.0,3.773,22.2,17.2,RB,68.0,0.662,10.2
1999,00-0004972,C.Evans,BAL,35.0,28.0,63.0,125.0,208.0,,0.0,1.0,1.0,-1.2920000553131104,9.907999992370605,8.616000175476074,0.137,1.6820000410079956,0.0,0.0,333.0,5.286,7.3,3.8,RB,42.0,0.667,8.6
1999,00-0005779,C.Garner,SF,234.0,55.0,289.0,1141.0,532.0,,4.0,2.0,6.0,-2.999000072479248,30.674999237060547,27.676000595092773,0.096,9.461000442504883,3.0,1.0,1673.0,5.789,32.1,22.2,RB,75.0,0.733,13.8
1999,00-0010442,C.Martin,NYJ,359.0,45.0,404.0,1414.0,259.0,,5.0,0.0,5.0,-25.711000442504883,6.078000068664551,-19.632999420166016,-0.049,3.302000045776367,2.0,0.0,1673.0,4.141,35.9,17.9,RB,61.0,0.738,13.3
1999,00-0012953,C.Pickens,,0.0,57.0,57.0,0.0,737.0,,0.0,6.0,6.0,0.0,53.209999084472656,53.209999084472656,0.934,9.184000015258789,0.0,0.0,737.0,12.93,73700.0,600.0,WR,108.0,0.528,10800.0
1999,00-0014450,C.Schlesinger,DET,40.0,21.0,61.0,117.0,151.0,,0.0,1.0,1.0,-19.270000457763672,10.411999702453613,-8.857000350952148,-0.145,-0.5860000252723694,0.0,1.0,268.0,4.393,5.3,3.4,RB,34.0,0.618,6.3
1999,00-0017209,C.Warren,DAL,98.0,34.0,132.0,399.0,224.0,,2.0,0.0,2.0,-17.66900062561035,7.357999801635742,-10.312000274658203,-0.078,-3.3429999351501465,1.0,3.0,623.0,4.72,11.9,5.6,RB,46.0,0.739,9.4
1999,00-0017337,C.Way,NYG,48.0,11.0,59.0,139.0,59.0,,2.0,0.0,2.0,-6.39300012588501,1.0190000534057617,-5.375,-0.091,0.0,0.0,0.0,198.0,3.356,3.8,7.4,RB,20.0,0.55,3.4
1999,00-0000145,D.Alexander,KC,2.0,54.0,56.0,82.0,832.0,,1.0,2.0,3.0,5.453999996185303,59.43600082397461,64.88899993896484,1.159,12.145000457763672,1.0,0.0,914.0,16.321,16.8,8.3,WR,103.0,0.524,21.8
1999,00-0001102,D.Bennett,KC,158.0,10.0,168.0,613.0,41.0,,8.0,0.0,8.0,-3.2130000591278076,-0.4230000078678131,-3.63700008392334,-0.022,1.7630000114440918,1.0,1.0,654.0,3.893,12.1,22.2,RB,12.0,0.833,2.5
1999,00-0009829,D.Levens,GB,276.0,69.0,345.0,1019.0,564.0,,9.0,1.0,10.0,-42.053001403808594,26.849000930786133,-15.204000473022461,-0.044,2.177000045776367,6.0,4.0,1583.0,4.588,29.0,27.8,RB,90.0,0.767,15.5
1999,00-0010107,D.Loville,DEN,39.0,11.0,50.0,201.0,50.0,,1.0,0.0,1.0,-1.50600004196167,-2.996999979019165,-4.502999782562256,-0.09,-7.3420000076293945,0.0,0.0,251.0,5.02,4.8,3.4,RB,16.0,0.688,3.0
1999,00-0010599,D.Mayes,,0.0,62.0,62.0,0.0,829.0,,0.0,10.0,10.0,0.0,86.0009994506836,86.0009994506836,1.387,19.56800079345703,3.0,0.0,829.0,13.371,82900.0,1000.0,WR,104.0,0.596,10400.0
1999,00-0014544,D.Scott,,0.0,67.0,67.0,0.0,1012.0,,0.0,6.0,6.0,0.0,89.16200256347656,89.16200256347656,1.331,16.347999572753906,1.0,0.0,1012.0,15.104,101200.0,600.0,WR,121.0,0.554,12100.0
1999,00-0015523,D.Staley,PHI,317.0,41.0,358.0,1230.0,294.0,,4.0,2.0,6.0,-42.426998138427734,17.652999877929688,-24.77400016784668,-0.069,-12.914999961853027,1.0,4.0,1524.0,4.257,40.9,26.1,RB,65.0,0.631,14.3
1999,00-0005883,E.George,TEN,309.0,46.0,355.0,1218.0,432.0,,9.0,4.0,13.0,-28.55500030517578,30.905000686645508,2.3499999046325684,0.007,9.0649995803833,2.0,4.0,1650.0,4.648,32.6,31.7,RB,63.0,0.73,12.3
1999,00-0008241,E.James,IND,360.0,61.0,421.0,1476.0,579.0,,13.0,4.0,17.0,-25.658000946044922,29.51300048828125,3.8550000190734863,0.009,5.311999797821045,6.0,3.0,2055.0,4.881,36.7,42.5,RB,85.0,0.718,15.9
1999,00-0009163,E.Kennison,NO,3.0,60.0,63.0,20.0,830.0,,0.0,4.0,4.0,0.06800000369548798,68.9020004272461,68.97000122070312,1.095,18.898000717163086,2.0,0.0,850.0,13.492,17.1,17.4,WR,126.0,0.476,23.6
1999,00-0010650,E.McCaffrey,,0.0,70.0,70.0,0.0,1001.0,,0.0,7.0,7.0,0.0,78.97899627685547,78.97899627685547,1.128,16.18600082397461,0.0,0.0,1001.0,14.3,100100.0,700.0,WR,122.0,0.574,12200.0
1999,00-0011770,E.Moulds,BUF,1.0,65.0,66.0,1.0,994.0,,0.0,7.0,7.0,-0.5799999833106995,85.61399841308594,85.03399658203125,1.288,23.420000076293945,1.0,0.0,995.0,15.076,20.2,22.6,WR,113.0,0.575,22.6
1999,00-0013622,E.Rhett,BAL,231.0,24.0,255.0,803.0,169.0,,5.0,2.0,7.0,-41.94599914550781,8.151000022888184,-33.79499816894531,-0.133,-12.800999641418457,1.0,0.0,972.0,3.812,21.2,26.9,RB,32.0,0.75,6.6
1999,00-0015165,E.Smith,DAL,326.0,27.0,353.0,1392.0,119.0,,11.0,2.0,13.0,-7.5980000495910645,-4.052999973297119,-11.651000022888184,-0.033,2.496999979019165,2.0,2.0,1511.0,4.28,28.8,36.1,RB,32.0,0.844,6.5
1999,00-0000942,F.Beasley,SF,57.0,32.0,89.0,258.0,282.0,,4.0,0.0,4.0,-2.559000015258789,18.0,15.440999984741211,0.173,14.630000114440918,3.0,2.0,540.0,6.067,10.4,14.8,RB,51.0,0.627,9.4
1999,00-0008749,F.Jones,,0.0,54.0,54.0,0.0,630.0,,0.0,2.0,2.0,0.0,48.176998138427734,48.176998138427734,0.892,6.232999801635742,0.0,0.0,630.0,11.667,63000.0,200.0,WR,89.0,0.607,8900.0
1999,00-0009599,F.Lane,CAR,109.0,22.0,131.0,429.0,160.0,,1.0,0.0,1.0,-21.31999969482422,6.276000022888184,-15.043999671936035,-0.115,-4.683000087738037,1.0,1.0,589.0,4.496,10.2,2.1,RB,29.0,0.759,5.2
1999,00-0014328,F.Sanders,,0.0,79.0,79.0,0.0,954.0,,0.0,1.0,1.0,0.0,76.33899688720703,76.33899688720703,0.966,23.908000946044922,1.0,0.0,954.0,12.076,95400.0,100.0,WR,153.0,0.516,15300.0
1999,00-0016098,F.Taylor,JAX,156.0,10.0,166.0,706.0,83.0,,6.0,0.0,6.0,-8.61400032043457,2.3369998931884766,-6.2769999504089355,-0.038,-4.861000061035156,5.0,0.0,789.0,4.753,14.3,17.1,RB,15.0,0.667,2.8
1999,00-0018343,F.Wycheck,TEN,1.0,68.0,69.0,0.0,637.0,,0.0,2.0,2.0,-0.9470000267028809,38.4109992980957,37.4640007019043,0.543,19.485000610351562,2.0,0.0,637.0,9.232,12.6,4.9,TE,107.0,0.636,20.9
1999,00-0001938,G.Brown,NYG,52.0,2.0,54.0,168.0,2.0,,0.0,0.0,0.0,-9.895000457763672,-0.9919999837875366,-10.88700008392334,-0.202,0.0,0.0,0.0,170.0,3.148,3.2,0.0,RB,2.0,1.0,0.3
1999,00-0003700,G.Crowell,DET,5.0,81.0,86.0,38.0,1333.0,,0.0,7.0,7.0,2.513000011444092,107.46199798583984,109.9749984741211,1.279,30.12700080871582,0.0,0.0,1371.0,15.942,26.9,24.1,WR,149.0,0.544,27.5
1999,00-0007436,G.Hill,DET,143.0,13.0,156.0,501.0,77.0,,2.0,0.0,2.0,-30.583999633789062,-2.5799999237060547,-33.16400146484375,-0.213,-8.37399959564209,1.0,1.0,578.0,3.705,11.3,6.9,RB,23.0,0.565,4.2
1999,00-0017162,H.Ward,PIT,2.0,60.0,62.0,-2.0,596.0,,0.0,7.0,7.0,-1.3079999685287476,51.801998138427734,50.49399948120117,0.814,17.183000564575195,3.0,0.0,594.0,9.581,12.4,21.9,TE,101.0,0.594,19.3
1999,00-0002099,I.Bruce,LA,4.0,68.0,72.0,28.0,1026.0,,0.0,11.0,11.0,3.243000030517578,94.08599853515625,97.3290023803711,1.352,18.94499969482422,1.0,0.0,1054.0,14.639,17.5,21.2,WR,108.0,0.63,22.8
1999,00-0007468,I.Hilliard,NYG,3.0,72.0,75.0,16.0,996.0,,0.0,3.0,3.0,-0.6489999890327454,76.19000244140625,75.54100036621094,1.007,13.928000450134277,1.0,0.0,1012.0,13.493,19.3,11.1,WR,121.0,0.595,20.6
1999,00-0001215,J.Bettis,PIT,290.0,21.0,311.0,1063.0,110.0,,7.0,0.0,7.0,-16.926000595092773,0.5320000052452087,-16.393999099731445,-0.053,-4.984000205993652,2.0,1.0,1173.0,3.772,24.6,21.9,RB,28.0,0.75,5.4
1999,00-0005110,J.Fazande,LAC,88.0,0.0,88.0,356.0,0.0,,2.0,0.0,2.0,-10.906000137329102,0.0,-10.906000137329102,-0.124,-5.078000068664551,1.0,2.0,356.0,4.045,7.7,9.1,RB,0.0,0.0,0.0
1999,00-0006210,J.Graham,,0.0,54.0,54.0,0.0,882.0,,0.0,2.0,2.0,0.0,78.9990005493164,78.9990005493164,1.463,30.450000762939453,1.0,0.0,882.0,16.333,88200.0,200.0,WR,111.0,0.486,11100.0
1999,00-0006331,J.Green,TB,3.0,56.0,59.0,8.0,791.0,,0.0,3.0,3.0,0.07900000363588333,62.472999572753906,62.551998138427734,1.06,15.406999588012695,0.0,0.0,799.0,13.542,18.6,12.0,WR,100.0,0.56,23.0
1999,00-0008529,J.Johnson,MIA,161.0,15.0,176.0,548.0,100.0,,4.0,0.0,4.0,-24.195999145507812,2.3550000190734863,-21.840999603271484,-0.124,2.003000020980835,1.0,1.0,648.0,3.682,13.0,14.3,RB,23.0,0.652,4.1
1999,00-0009960,J.Linton,BUF,200.0,28.0,228.0,669.0,223.0,,5.0,0.0,5.0,-37.702999114990234,7.808000087738037,-29.895000457763672,-0.131,-11.234000205993652,4.0,3.0,892.0,3.912,18.1,16.1,RB,38.0,0.737,7.6
1999,00-0011506,J.Montgomery,NYG,116.0,0.0,116.0,348.0,0.0,,3.0,0.0,3.0,-22.511999130249023,0.0,-22.511999130249023,-0.194,-5.064000129699707,1.0,2.0,348.0,3.0,6.6,11.1,RB,1.0,0.0,0.2
1999,00-0011727,J.Morton,,0.0,79.0,79.0,0.0,1084.0,,0.0,5.0,5.0,0.0,85.56900024414062,85.56900024414062,1.083,28.077999114990234,2.0,0.0,1084.0,13.722,108400.0,500.0,WR,131.0,0.603,13100.0
1999,00-0013639,J.Rice,SF,2.0,67.0,69.0,13.0,830.0,,0.0,5.0,5.0,0.026000000536441803,73.86599731445312,73.89199829101562,1.071,21.288999557495117,1.0,0.0,843.0,12.217,16.2,18.5,WR,124.0,0.54,22.8
1999,00-0013773,J.Ritchie,LV,5.0,45.0,50.0,12.0,408.0,,0.0,1.0,1.0,-0.5350000262260437,29.038999557495117,28.5049991607666,0.57,3.9679999351501465,0.0,0.0,420.0,8.4,7.5,2.4,TE,62.0,0.726,12.3
1999,00-0015218,J.Smith,,0.0,116.0,116.0,0.0,1636.0,,0.0,6.0,6.0,0.0,138.7570037841797,138.7570037841797,1.196,35.04499816894531,0.0,0.0,1636.0,14.103,163600.0,600.0,WR,177.0,0.655,17700.0
1999,00-0015698,J.Stewart,JAX,236.0,21.0,257.0,902.0,108.0,,13.0,0.0,13.0,-10.319999694824219,0.8669999837875366,-9.45300006866455,-0.037,-0.4189999997615814,2.0,3.0,1010.0,3.93,18.3,37.1,RB,27.0,0.778,5.1
1999,00-0002459,K.Bynum,LAC,91.0,16.0,107.0,284.0,209.0,,1.0,2.0,3.0,-20.283000946044922,12.871000289916992,-7.4120001792907715,-0.069,-5.434999942779541,0.0,1.0,493.0,4.607,10.7,13.6,RB,23.0,0.696,4.2
1999,00-0004694,K.Dyson,TEN,1.0,54.0,55.0,3.0,658.0,,0.0,4.0,4.0,0.03799999877810478,51.224998474121094,51.26300048828125,0.932,5.015999794006348,1.0,0.0,661.0,12.018,13.1,9.8,WR,103.0,0.524,20.1
1999,00-0005091,K.Faulk,NE,66.0,12.0,78.0,227.0,98.0,,1.0,1.0,2.0,-19.214000701904297,5.936999797821045,-13.276000022888184,-0.17,-0.7580000162124634,0.0,2.0,325.0,4.167,6.1,7.1,RB,19.0,0.632,3.7
1999,00-0008560,K.Johnson,CLE,1.0,65.0,66.0,-6.0,983.0,,0.0,8.0,8.0,-1.1050000190734863,84.71600341796875,83.61000061035156,1.267,13.527999877929688,0.0,0.0,977.0,14.803,25.7,30.8,WR,135.0,0.481,28.8
1999,00-0008561,K.Johnson,NYJ,5.0,88.0,93.0,6.0,1166.0,,0.0,8.0,8.0,-2.3580000400543213,115.1449966430664,112.78700256347656,1.213,27.507999420166016,3.0,0.0,1172.0,12.602,25.1,28.6,WR,148.0,0.595,32.2
1999,00-0010668,K.McCardell,,0.0,78.0,78.0,0.0,891.0,,0.0,5.0,5.0,0.0,80.45700073242188,80.45700073242188,1.032,17.691999435424805,1.0,0.0,891.0,11.423,89100.0,500.0,WR,148.0,0.527,14800.0
1999,00-0012480,K.Oxendine,ATL,138.0,17.0,155.0,442.0,172.0,,1.0,1.0,2.0,-31.893999099731445,11.961000442504883,-19.933000564575195,-0.129,-9.845999717712402,0.0,4.0,614.0,3.961,12.9,6.5,RB,22.0,0.773,4.6
1999,00-0002846,L.Centers,WAS,13.0,68.0,81.0,51.0,527.0,,0.0,3.0,3.0,-1.1200000047683716,34.03499984741211,32.91400146484375,0.406,14.979999542236328,2.0,0.0,578.0,7.136,9.6,6.1,TE,89.0,0.764,17.2
1999,00-0007520,L.Hoard,MIN,138.0,17.0,155.0,555.0,166.0,,10.0,0.0,10.0,-15.767999649047852,10.274999618530273,-5.49399995803833,-0.035,3.8320000171661377,4.0,3.0,721.0,4.652,12.2,22.7,RB,20.0,0.85,4.0
1999,00-0008570,L.Johnson,NYG,58.0,12.0,70.0,139.0,86.0,,2.0,1.0,3.0,-19.290000915527344,4.538000106811523,-14.751999855041504,-0.211,0.0,0.0,2.0,225.0,3.214,4.3,11.1,RB,15.0,0.8,2.6
1999,00-0015242,L.Smith,NO,60.0,20.0,80.0,205.0,151.0,,0.0,1.0,1.0,-12.37399959564209,3.9769999980926514,-8.395999908447266,-0.105,-0.1599999964237213,0.0,0.0,356.0,4.45,7.2,4.3,RB,30.0,0.667,5.6
1999,00-0017218,L.Warren,NE,34.0,29.0,63.0,115.0,262.0,,0.0,1.0,1.0,-4.230000019073486,13.984000205993652,9.755000114440918,0.155,5.01800012588501,0.0,0.0,377.0,5.984,7.1,3.6,RB,48.0,0.604,9.3
1999,00-0000251,M.Alstott,TB,234.0,27.0,261.0,940.0,239.0,,7.0,2.0,9.0,-34.46799850463867,14.229000091552734,-20.239999771118164,-0.078,-5.701000213623047,5.0,5.0,1179.0,4.517,27.5,36.0,RB,34.0,0.794,7.8
1999,00-0000856,M.Basnight,CIN,61.0,16.0,77.0,305.0,172.0,,0.0,0.0,0.0,-12.866999626159668,8.322999954223633,-4.544000148773193,-0.059,-0.7229999899864197,0.0,0.0,477.0,6.195,9.6,0.0,RB,19.0,0.842,3.6
1999,00-0000871,M.Bates,ARI,72.0,5.0,77.0,202.0,34.0,,9.0,0.0,9.0,2.7260000705718994,0.621999979019165,3.3480000495910645,0.043,5.381999969482422,5.0,0.0,236.0,3.065,5.7,37.5,RB,7.0,0.714,1.3
1999,00-0005092,M.Faulk,LA,224.0,80.0,304.0,1254.0,976.0,,7.0,5.0,12.0,15.956999778747559,67.2040023803711,83.16100311279297,0.274,30.481000900268555,5.0,2.0,2230.0,7.336,37.0,23.1,RB,94.0,0.851,19.8
1999,00-0007024,M.Harrison,IND,1.0,114.0,115.0,4.0,1635.0,,0.0,12.0,12.0,0.04800000041723251,136.41400146484375,136.46200561523438,1.187,27.388999938964844,0.0,0.0,1639.0,14.252,29.2,30.0,WR,194.0,0.588,36.3
1999,00-0011795,M.Muhammad,,0.0,95.0,95.0,0.0,1249.0,,0.0,8.0,8.0,0.0,95.38800048828125,95.38800048828125,1.004,12.37600040435791,4.0,0.0,1249.0,13.147,124900.0,800.0,WR,155.0,0.613,15500.0
1999,00-0013013,M.Pittman,ARI,63.0,16.0,79.0,287.0,196.0,,2.0,0.0,2.0,-11.369999885559082,11.22700023651123,-0.14300000667572021,-0.002,-1.2130000591278076,0.0,1.0,483.0,6.114,11.7,8.3,RB,27.0,0.593,5.0
1999,00-0013888,M.Robinson,,0.0,83.0,83.0,0.0,1389.0,,0.0,9.0,9.0,0.0,122.71399688720703,122.71399688720703,1.478,29.253000259399414,3.0,0.0,1389.0,16.735,138900.0,900.0,WR,148.0,0.561,14800.0
1999,00-0017470,M.Westbrook,WAS,6.0,65.0,71.0,26.0,1191.0,,0.0,9.0,9.0,-1.1950000524520874,97.85700225830078,96.66200256347656,1.361,21.121999740600586,2.0,0.0,1217.0,17.141,20.2,18.4,WR,115.0,0.565,22.2
1999,00-0009038,N.Kaufman,LV,137.0,18.0,155.0,715.0,181.0,,2.0,1.0,3.0,-1.7410000562667847,11.267999649047852,9.527000427246094,0.061,11.968000411987305,3.0,1.0,896.0,5.781,15.9,7.1,RB,25.0,0.72,4.9
1999,00-0011081,N.Means,LAC,111.0,9.0,120.0,273.0,51.0,,4.0,1.0,5.0,-21.62299919128418,3.0409998893737793,-18.582000732421875,-0.155,-2.8910000324249268,1.0,0.0,324.0,2.7,7.0,22.7,RB,13.0,0.692,2.4
1999,00-0005816,O.Gary,DEN,271.0,21.0,292.0,1110.0,159.0,,7.0,0.0,7.0,-13.97700023651123,7.485000133514404,-6.492000102996826,-0.022,-4.317999839782715,2.0,2.0,1269.0,4.346,24.2,24.1,RB,29.0,0.724,5.5
1999,00-0007661,P.Holmes,BAL,76.0,10.0,86.0,445.0,67.0,,1.0,0.0,1.0,9.795000076293945,1.7769999504089355,11.571000099182129,0.135,7.617000102996826,1.0,0.0,512.0,5.953,11.2,3.8,RB,13.0,0.769,2.7
1999,00-0008300,P.Jeffers,CAR,2.0,63.0,65.0,16.0,1082.0,,0.0,12.0,12.0,-0.22599999606609344,101.54199981689453,101.31600189208984,1.559,55.1349983215332,7.0,0.0,1098.0,16.892,19.0,25.5,WR,100.0,0.63,17.8
1999,00-0011425,P.Mitchell,,0.0,58.0,58.0,0.0,520.0,,0.0,3.0,3.0,0.0,50.41699981689453,50.41699981689453,0.869,9.529999732971191,1.0,0.0,520.0,8.966,52000.0,300.0,TE,90.0,0.644,9000.0
1999,00-0008059,Q.Ismail,BAL,1.0,64.0,65.0,4.0,1059.0,,0.0,6.0,6.0,0.7279999852180481,85.72699737548828,86.45500183105469,1.33,41.29399871826172,4.0,0.0,1063.0,16.354,23.2,23.1,WR,133.0,0.481,27.3
1999,00-0007579,R.Holcombe,LA,70.0,13.0,83.0,283.0,133.0,,4.0,1.0,5.0,-8.819000244140625,3.0250000953674316,-5.794000148773193,-0.07,-2.306999921798706,1.0,2.0,416.0,5.012,6.9,9.6,RB,24.0,0.542,5.1
1999,00-0007969,R.Huntley,PIT,90.0,26.0,116.0,565.0,235.0,,5.0,3.0,8.0,13.833999633789062,19.020999908447266,32.85599899291992,0.283,3.809999942779541,2.0,2.0,800.0,6.897,16.8,25.0,RB,38.0,0.684,7.3
1999,00-0008060,R.Ismail,DAL,13.0,79.0,92.0,110.0,1090.0,,1.0,6.0,7.0,4.1020002365112305,71.0790023803711,75.18099975585938,0.817,10.722000122070312,2.0,0.0,1200.0,13.043,22.8,19.4,WR,130.0,0.608,26.5
1999,00-0011754,R.Moss,MIN,4.0,79.0,83.0,43.0,1392.0,,0.0,11.0,11.0,2.759999990463257,109.05400085449219,111.81500244140625,1.347,34.917999267578125,4.0,0.0,1435.0,17.289,24.2,25.0,WR,135.0,0.585,26.9
1999,00-0013785,R.Rivers,DET,80.0,22.0,102.0,286.0,173.0,,0.0,1.0,1.0,-12.557000160217285,9.02400016784668,-3.5320000648498535,-0.035,-7.873000144958496,0.0,0.0,459.0,4.5,9.0,3.4,RB,24.0,0.917,4.4
1999,00-0014759,R.Shehee,KC,65.0,18.0,83.0,238.0,136.0,,1.0,0.0,1.0,-14.41100025177002,-2.4179999828338623,-16.829999923706055,-0.203,0.0,0.0,0.0,374.0,4.506,6.9,2.8,RB,21.0,0.857,4.4
1999,00-0015286,R.Smith,MIN,219.0,24.0,243.0,1007.0,166.0,,2.0,0.0,2.0,-9.076000213623047,3.4769999980926514,-5.598999977111816,-0.023,5.242000102996826,2.0,1.0,1173.0,4.827,19.8,4.5,RB,30.0,0.8,6.0
1999,00-0015290,R.Smith,,0.0,77.0,77.0,0.0,1004.0,,0.0,4.0,4.0,0.0,76.64800262451172,76.64800262451172,0.995,29.320999145507812,2.0,0.0,1004.0,13.039,100400.0,400.0,WR,134.0,0.575,13400.0
1999,00-0016321,R.Thomas,TEN,42.0,8.0,50.0,161.0,67.0,,1.0,0.0,1.0,-4.38700008392334,1.3919999599456787,-2.994999885559082,-0.06,2.3469998836517334,1.0,0.0,228.0,4.56,4.5,2.4,RB,10.0,0.8,1.9
1999,00-0017322,R.Watters,SEA,322.0,39.0,361.0,1198.0,380.0,,5.0,2.0,7.0,-53.58599853515625,21.249000549316406,-32.3380012512207,-0.09,-6.6020002365112305,1.0,3.0,1578.0,4.371,31.9,23.3,RB,61.0,0.639,12.2
1999,00-0017915,R.Williams,NO,247.0,28.0,275.0,861.0,172.0,,2.0,0.0,2.0,-57.26900100708008,3.9809999465942383,-53.28799819946289,-0.194,-17.679000854492188,0.0,3.0,1033.0,3.756,20.8,8.7,RB,40.0,0.7,7.5
1999,00-0004052,S.Davis,WAS,283.0,23.0,306.0,1358.0,128.0,,17.0,0.0,17.0,50.79399871826172,4.068999767303467,54.862998962402344,0.179,9.42300033569336,1.0,1.0,1486.0,4.856,24.6,34.7,RB,28.0,0.821,5.4
1999,00-0004077,S.Dawkins,,0.0,58.0,58.0,0.0,992.0,,0.0,7.0,7.0,0.0,79.3010025024414,79.3010025024414,1.367,22.6299991607666,1.0,0.0,992.0,17.103,99200.0,700.0,WR,115.0,0.504,11500.0
1999,00-0007389,S.Hicks,WAS,76.0,8.0,84.0,238.0,72.0,,3.0,0.0,3.0,-14.678999900817871,4.681000232696533,-9.998000144958496,-0.119,-9.79699993133545,2.0,0.0,310.0,3.69,5.1,6.1,RB,10.0,0.8,1.9
1999,00-0008046,S.Irvin,DET,36.0,24.0,60.0,133.0,227.0,,4.0,0.0,4.0,-4.822000026702881,13.845999717712402,9.02400016784668,0.15,2.2669999599456787,0.0,1.0,360.0,6.0,7.1,13.8,RB,31.0,0.774,5.7
1999,00-0013262,S.Pritchett,MIA,47.0,42.0,89.0,158.0,307.0,,1.0,4.0,5.0,-7.0370001792907715,20.517000198364258,13.479999542236328,0.151,3.0329999923706055,2.0,0.0,465.0,5.225,9.3,17.9,RB,57.0,0.737,10.2
1999,00-0000232,T.Allen,NE,250.0,14.0,264.0,887.0,125.0,,8.0,1.0,9.0,-45.85599899291992,5.353000164031982,-40.50299835205078,-0.153,-22.57699966430664,1.0,2.0,1012.0,3.833,19.1,32.1,RB,19.0,0.737,3.7
1999,00-0000745,T.Barber,NYG,57.0,66.0,123.0,241.0,609.0,,0.0,2.0,2.0,-1.8209999799728394,36.73400115966797,34.91299819946289,0.284,15.293999671936035,0.0,0.0,850.0,6.911,16.2,7.4,RB,91.0,0.725,15.5
1999,00-0001224,T.Biakabutuka,CAR,138.0,23.0,161.0,718.0,189.0,,6.0,0.0,6.0,-3.2880001068115234,8.347000122070312,5.059000015258789,0.031,-3.7980000972747803,0.0,1.0,907.0,5.634,15.7,12.8,RB,29.0,0.793,5.2
1999,00-0002058,T.Brown,LV,1.0,89.0,90.0,4.0,1335.0,,0.0,6.0,6.0,-0.1080000028014183,118.70600128173828,118.59700012207031,1.318,28.180999755859375,1.0,0.0,1339.0,14.878,23.8,14.3,WR,143.0,0.622,28.3
1999,00-0004054,T.Davis,DEN,67.0,3.0,70.0,211.0,26.0,,2.0,0.0,2.0,-14.25,3.063999891281128,-11.187000274658203,-0.16,0.0,0.0,1.0,237.0,3.386,4.5,6.9,RB,3.0,1.0,0.6
1999,00-0004780,T.Edwards,,0.0,61.0,61.0,0.0,714.0,,0.0,5.0,5.0,0.0,63.715999603271484,63.715999603271484,1.045,16.466999053955078,2.0,0.0,714.0,11.705,71400.0,500.0,WR,116.0,0.526,11600.0
1999,00-0005324,T.Fletcher,LAC,48.0,45.0,93.0,126.0,360.0,,0.0,0.0,0.0,-10.482999801635742,16.70800018310547,6.224999904632568,0.067,4.232999801635742,0.0,0.0,486.0,5.226,10.5,0.0,RB,65.0,0.692,11.8
1999,00-0006043,T.Glenn,,0.0,68.0,68.0,0.0,1135.0,,0.0,4.0,4.0,0.0,81.27100372314453,81.27100372314453,1.195,11.454999923706055,0.0,0.0,1135.0,16.691,113500.0,400.0,WR,114.0,0.596,11400.0
1999,00-0006101,T.Gonzalez,,0.0,76.0,76.0,0.0,849.0,,0.0,11.0,11.0,0.0,75.45700073242188,75.45700073242188,0.993,32.62300109863281,5.0,0.0,849.0,11.171,84900.0,1100.0,WR,108.0,0.704,10800.0
1999,00-0007681,T.Holt,LA,3.0,48.0,51.0,25.0,744.0,,0.0,5.0,5.0,2.263000011444092,56.69300079345703,58.95600128173828,1.156,24.687999725341797,2.0,0.0,769.0,15.078,12.8,9.6,WR,90.0,0.533,19.0
1999,00-0009288,T.Kirby,CLE,130.0,57.0,187.0,452.0,527.0,,6.0,3.0,9.0,-13.147000312805176,21.711999893188477,8.564000129699707,0.046,5.156000137329102,4.0,1.0,979.0,5.235,25.7,34.6,RB,76.0,0.75,16.2
1999,00-0010477,T.Martin,MIA,1.0,66.0,67.0,-6.0,1012.0,,0.0,5.0,5.0,-1.25,90.49400329589844,89.24299621582031,1.332,18.033000946044922,1.0,0.0,1006.0,15.015,20.1,17.9,WR,116.0,0.569,20.7
1999,00-0010539,T.Mathis,ATL,1.0,81.0,82.0,0.0,1016.0,,0.0,6.0,6.0,-0.42800000309944153,91.65299987792969,91.2249984741211,1.113,18.92300033569336,2.0,0.0,1016.0,12.39,21.3,19.4,WR,153.0,0.529,31.9
1999,00-0012478,T.Owens,,0.0,59.0,59.0,0.0,747.0,,0.0,4.0,4.0,0.0,52.935001373291016,52.935001373291016,0.897,8.527000427246094,1.0,0.0,747.0,12.661,74700.0,400.0,WR,95.0,0.621,9500.0
1999,00-0013694,T.Richardson,KC,83.0,23.0,106.0,382.0,112.0,,1.0,0.0,1.0,-5.257999897003174,-1.968999981880188,-7.2270002365112305,-0.068,-12.616999626159668,0.0,1.0,494.0,4.66,9.1,2.8,RB,28.0,0.821,5.9
1999,00-0017486,T.Wheatley,LV,235.0,21.0,256.0,922.0,196.0,,8.0,3.0,11.0,-17.60300064086914,16.40999984741211,-1.1929999589920044,-0.005,13.522000312805176,4.0,3.0,1118.0,4.367,19.8,26.2,RB,38.0,0.553,7.5
1999,00-0004640,W.Dunn,TB,190.0,63.0,253.0,592.0,521.0,,0.0,2.0,2.0,-49.560001373291016,31.892000198364258,-17.667999267578125,-0.07,-4.553999900817871,1.0,2.0,1113.0,4.399,25.9,8.0,RB,81.0,0.778,18.7
1999,00-0005361,W.Floyd,CAR,34.0,21.0,55.0,77.0,179.0,,3.0,0.0,3.0,-9.253999710083008,8.230999946594238,-1.0230000019073486,-0.019,4.920000076293945,1.0,1.0,256.0,4.655,4.4,6.4,RB,32.0,0.656,5.7
1999,00-0012832,W.Perry,NO,48.0,4.0,52.0,180.0,26.0,,0.0,0.0,0.0,-5.809999942779541,0.49799999594688416,-5.311999797821045,-0.102,-7.817999839782715,0.0,0.0,206.0,3.962,4.2,0.0,RB,9.0,0.444,1.7
1999,00-0017109,W.Walls,,0.0,63.0,63.0,0.0,822.0,,0.0,12.0,12.0,0.0,83.16500091552734,83.16500091552734,1.32,24.707000732421875,2.0,0.0,822.0,13.048,82200.0,1200.0,WR,109.0,0.578,10900.0
1999,00-0003663,Z.Crockett,LV,45.0,8.0,53.0,91.0,56.0,,4.0,1.0,5.0,-6.861999988555908,2.8959999084472656,-3.9649999141693115,-0.075,3.190000057220459,3.0,0.0,147.0,2.774,2.6,11.9,RB,12.0,0.667,2.4
2000,00-0005562,A.Freeman,GB,2.0,61.0,63.0,5.0,894.0,,0.0,9.0,9.0,0.48399999737739563,78.7699966430664,79.25499725341797,1.258,23.672000885009766,2.0,0.0,899.0,14.27,16.7,26.5,WR,120.0,0.508,20.2
2000,00-0006305,A.Green,GB,262.0,72.0,334.0,1170.0,542.0,,10.0,3.0,13.0,7.276000022888184,14.956000328063965,22.23200035095215,0.067,9.696999549865723,7.0,2.0,1712.0,5.126,31.9,38.2,RB,98.0,0.735,16.5
2000,00-0006627,A.Hakim,LA,5.0,53.0,58.0,19.0,731.0,,0.0,4.0,4.0,-6.290999889373779,52.98099899291992,46.689998626708984,0.805,-1.465000033378601,0.0,1.0,750.0,12.931,10.6,6.5,WR,82.0,0.646,14.1
2000,00-0015091,A.Smith,BUF,99.0,3.0,102.0,348.0,20.0,,4.0,0.0,4.0,-27.201000213623047,1.378999948501587,-25.822999954223633,-0.253,4.925000190734863,4.0,1.0,368.0,3.608,7.3,13.8,RB,5.0,0.6,1.0
2000,00-0016550,A.Toomer,NYG,5.0,77.0,82.0,91.0,1078.0,,1.0,7.0,8.0,7.142000198364258,106.41799926757812,113.55899810791016,1.385,43.27000045776367,3.0,0.0,1169.0,14.256,21.3,21.6,WR,123.0,0.626,24.2
2000,00-0001098,B.Bennett,CIN,89.0,19.0,108.0,322.0,168.0,,3.0,0.0,3.0,-19.243999481201172,5.60699987411499,-13.63700008392334,-0.126,-9.454999923706055,1.0,1.0,490.0,4.537,11.8,16.7,RB,29.0,0.655,6.7
2000,00-0002970,B.Christian,ATL,9.0,43.0,52.0,19.0,313.0,,0.0,0.0,0.0,-3.3420000076293945,7.834000110626221,4.492000102996826,0.086,0.03700000047683716,0.0,0.0,332.0,6.385,7.8,0.0,TE,62.0,0.694,12.6
2000,00-0019100,B.Hoover,CAR,88.0,14.0,102.0,287.0,108.0,,1.0,0.0,1.0,-9.487000465393066,0.38499999046325684,-9.10200023651123,-0.089,-15.315999984741211,0.0,0.0,395.0,3.873,8.1,3.8,RB,18.0,0.778,3.3
2000,00-0014489,B.Schroeder,GB,2.0,65.0,67.0,11.0,999.0,,0.0,4.0,4.0,-0.3070000112056732,88.92400360107422,88.61699676513672,1.323,29.165000915527344,1.0,0.0,1010.0,15.075,18.8,11.8,WR,118.0,0.551,19.9
2000,00-0002721,C.Carter,,0.0,96.0,96.0,0.0,1253.0,,0.0,9.0,9.0,0.0,109.42500305175781,109.42500305175781,1.14,18.722999572753906,3.0,0.0,1253.0,13.052,125300.0,900.0,WR,158.0,0.608,15800.0
2000,00-0003396,C.Conway,LAC,3.0,50.0,53.0,31.0,687.0,,0.0,5.0,5.0,3.3580000400543213,65.5469970703125,68.90499877929688,1.3,19.016000747680664,1.0,0.0,718.0,13.547,17.2,19.2,WR,96.0,0.521,18.3
2000,00-0004304,C.Dillon,CIN,302.0,18.0,320.0,1360.0,158.0,,7.0,0.0,7.0,-22.749000549316406,8.184000015258789,-14.564000129699707,-0.046,-13.642000198364258,1.0,3.0,1518.0,4.744,36.6,38.9,RB,26.0,0.692,6.0
2000,00-0005779,C.Garner,SF,251.0,67.0,318.0,1114.0,642.0,,7.0,3.0,10.0,-14.970000267028809,40.275001525878906,25.30500030517578,0.08,-15.397000312805176,1.0,3.0,1756.0,5.522,30.5,21.7,RB,92.0,0.728,16.3
2000,00-0008454,C.Johnson,PHI,5.0,54.0,59.0,18.0,608.0,,0.0,7.0,7.0,-0.5830000042915344,60.46099853515625,59.87799835205078,1.015,17.19700050354004,3.0,0.0,626.0,10.61,13.6,24.1,WR,99.0,0.545,17.5
2000,00-0009842,C.Lewis,,0.0,69.0,69.0,0.0,735.0,,0.0,3.0,3.0,0.0,54.74800109863281,54.74800109863281,0.793,16.71500015258789,0.0,0.0,735.0,10.652,73500.0,300.0,WR,110.0,0.627,11000.0
2000,00-0010442,C.Martin,NYJ,311.0,69.0,380.0,1146.0,512.0,,9.0,2.0,11.0,-35.22800064086914,22.200000762939453,-13.027999877929688,-0.034,-1.4730000495910645,2.0,2.0,1658.0,4.363,31.1,32.4,RB,96.0,0.719,15.5
2000,00-0019590,C.Morton,NO,32.0,27.0,59.0,105.0,202.0,,0.0,0.0,0.0,-3.634999990463257,3.259000062942505,-0.37599998712539673,-0.006,2.502000093460083,0.0,0.0,307.0,5.203,5.9,0.0,RB,34.0,0.794,7.1
2000,00-0017209,C.Warren,DAL,73.0,31.0,104.0,287.0,297.0,,2.0,1.0,3.0,-14.777999877929688,7.64900016784668,-7.129000186920166,-0.069,-12.642999649047852,0.0,2.0,584.0,5.615,12.9,10.3,RB,42.0,0.738,9.8
2000,00-0000145,D.Alexander,KC,3.0,72.0,75.0,45.0,1265.0,,0.0,9.0,9.0,1.5190000534057617,97.88200378417969,99.4010009765625,1.325,22.367000579833984,1.0,0.0,1310.0,17.467,24.7,27.3,WR,135.0,0.533,25.1
2000,00-0000534,D.Autry,PHI,110.0,24.0,134.0,324.0,275.0,,3.0,1.0,4.0,-17.163999557495117,16.65999984741211,-0.5040000081062317,-0.004,0.40299999713897705,1.0,1.0,599.0,4.47,13.0,13.8,RB,37.0,0.649,6.5
2000,00-0001532,D.Boston,ARI,3.0,69.0,72.0,9.0,1072.0,,0.0,6.0,6.0,-4.90500020980835,96.96800231933594,92.06300354003906,1.279,26.975000381469727,2.0,1.0,1081.0,15.014,24.2,28.6,WR,131.0,0.527,24.4
2000,00-0007144,D.Hayes,,0.0,64.0,64.0,0.0,909.0,,0.0,3.0,3.0,0.0,81.74700164794922,81.74700164794922,1.277,14.406999588012695,0.0,0.0,909.0,14.203,90900.0,300.0,WR,110.0,0.582,11000.0
2000,00-0019663,D.Jackson,SEA,1.0,53.0,54.0,-1.0,713.0,,0.0,6.0,6.0,-0.6230000257492065,56.53499984741211,55.91299819946289,1.035,23.832000732421875,3.0,0.0,712.0,13.185,15.2,19.4,WR,93.0,0.57,18.9
2000,00-0009829,D.Levens,GB,76.0,16.0,92.0,217.0,146.0,,3.0,0.0,3.0,-10.17300033569336,9.413999557495117,-0.7590000033378601,-0.008,0.0,0.0,0.0,363.0,3.946,6.8,8.8,RB,21.0,0.762,3.5
2000,00-0010500,D.Mason,TEN,1.0,62.0,63.0,1.0,861.0,,0.0,5.0,5.0,-0.6840000152587891,76.19999694824219,75.51599884033203,1.199,23.03700065612793,1.0,0.0,862.0,13.683,17.4,15.6,WR,87.0,0.713,19.5
2000,00-0015523,D.Staley,PHI,77.0,25.0,102.0,331.0,201.0,,1.0,0.0,1.0,-9.697999954223633,9.335000038146973,-0.3630000054836273,-0.004,0.0,0.0,1.0,532.0,5.216,11.5,3.4,RB,33.0,0.758,5.8
2000,00-0017160,D.Ward,NYJ,4.0,54.0,58.0,23.0,801.0,,0.0,3.0,3.0,-1.2799999713897705,70.68599700927734,69.40599822998047,1.197,20.56800079345703,2.0,0.0,824.0,14.207,15.5,8.8,WR,119.0,0.454,19.3
2000,00-0005883,E.George,TEN,394.0,48.0,442.0,1438.0,429.0,,14.0,2.0,16.0,-30.393999099731445,24.409000396728516,-5.985000133514404,-0.014,10.277999877929688,7.0,3.0,1867.0,4.224,37.6,50.0,RB,63.0,0.762,14.1
2000,00-0008241,E.James,IND,384.0,61.0,445.0,1690.0,581.0,,13.0,5.0,18.0,-7.97599983215332,37.694000244140625,29.718000411987305,0.067,-2.0160000324249268,4.0,5.0,2271.0,5.103,37.3,38.3,RB,85.0,0.718,15.3
2000,00-0009163,E.Kennison,CHI,3.0,55.0,58.0,72.0,549.0,,0.0,2.0,2.0,5.140999794006348,37.25600051879883,42.39799880981445,0.731,12.720999717712402,1.0,0.0,621.0,10.707,14.1,12.5,TE,94.0,0.585,18.1
2000,00-0010650,E.McCaffrey,,0.0,100.0,100.0,0.0,1313.0,,0.0,9.0,9.0,0.0,104.68399810791016,104.68399810791016,1.047,18.017000198364258,2.0,0.0,1313.0,13.13,131300.0,900.0,WR,149.0,0.671,14900.0
2000,00-0011770,E.Moulds,BUF,2.0,90.0,92.0,24.0,1275.0,,0.0,5.0,5.0,1.5850000381469727,92.96299743652344,94.5479965209961,1.028,18.454999923706055,0.0,0.0,1299.0,14.12,25.6,17.2,WR,156.0,0.577,31.6
2000,00-0013622,E.Rhett,CLE,71.0,14.0,85.0,258.0,78.0,,0.0,0.0,0.0,-17.37700080871582,-2.684000015258789,-20.06100082397461,-0.236,0.0,0.0,0.0,336.0,3.953,9.3,0.0,RB,19.0,0.737,4.1
2000,00-0015165,E.Smith,DAL,292.0,11.0,303.0,1197.0,79.0,,9.0,0.0,9.0,-20.55900001525879,4.145999908447266,-16.413999557495117,-0.054,-4.431000232696533,3.0,5.0,1276.0,4.211,28.1,31.0,RB,14.0,0.786,3.3
2000,00-0000942,F.Beasley,SF,48.0,31.0,79.0,141.0,233.0,,3.0,3.0,6.0,1.0770000219345093,9.73799991607666,10.8149995803833,0.137,2.11299991607666,1.0,0.0,374.0,4.734,6.5,13.0,RB,51.0,0.608,9.1
2000,00-0008749,F.Jones,,0.0,63.0,63.0,0.0,673.0,,0.0,5.0,5.0,0.0,44.18299865722656,44.18299865722656,0.701,1.065000057220459,0.0,0.0,673.0,10.683,67300.0,500.0,WR,120.0,0.525,12000.0
2000,00-0014328,F.Sanders,,0.0,54.0,54.0,0.0,749.0,,0.0,6.0,6.0,0.0,66.2239990234375,66.2239990234375,1.226,24.066999435424805,2.0,0.0,749.0,13.87,74900.0,600.0,WR,116.0,0.466,11600.0
2000,00-0016098,F.Taylor,JAX,286.0,36.0,322.0,1363.0,240.0,,12.0,2.0,14.0,10.416000366210938,8.34000015258789,18.756000518798828,0.058,9.527999877929688,7.0,1.0,1603.0,4.978,28.1,35.9,RB,53.0,0.679,9.9
2000,00-0018343,F.Wycheck,,0.0,68.0,68.0,0.0,610.0,,0.0,4.0,4.0,0.0,45.98400115966797,45.98400115966797,0.676,-1.0809999704360962,0.0,0.0,610.0,8.971,61000.0,400.0,TE,107.0,0.636,10700.0
2000,00-0017162,H.Ward,PIT,4.0,48.0,52.0,53.0,672.0,,0.0,4.0,4.0,3.9030001163482666,56.05799865722656,59.96099853515625,1.153,12.163000106811523,0.0,0.0,725.0,13.942,16.2,13.8,WR,83.0,0.578,19.5
2000,00-0002099,I.Bruce,LA,1.0,85.0,86.0,11.0,1434.0,,0.0,9.0,9.0,1.0180000066757202,117.44300079345703,118.46099853515625,1.377,17.468000411987305,0.0,0.0,1445.0,16.802,20.3,14.5,WR,133.0,0.639,22.9
2000,00-0007468,I.Hilliard,NYG,3.0,55.0,58.0,19.0,787.0,,0.0,8.0,8.0,0.5479999780654907,75.82599639892578,76.375,1.317,13.095999717712402,2.0,0.0,806.0,13.897,14.7,21.6,WR,105.0,0.524,20.7
2000,00-0000210,J.Allen,CHI,285.0,39.0,324.0,1096.0,291.0,,2.0,1.0,3.0,-40.89699935913086,11.291999816894531,-29.604999542236328,-0.091,-9.442999839782715,2.0,4.0,1387.0,4.281,31.5,18.8,RB,60.0,0.65,11.6
2000,00-0000316,J.Anderson,ATL,281.0,41.0,322.0,1013.0,375.0,,6.0,0.0,6.0,-46.415000915527344,14.994000434875488,-31.420000076293945,-0.098,-3.993000030517578,0.0,4.0,1388.0,4.311,32.7,30.0,RB,56.0,0.732,11.3
2000,00-0001215,J.Bettis,PIT,350.0,13.0,363.0,1292.0,97.0,,8.0,0.0,8.0,-8.67199993133545,4.74399995803833,-3.927000045776367,-0.011,-8.993000030517578,0.0,0.0,1389.0,3.826,31.0,27.6,RB,19.0,0.684,4.5
2000,00-0005110,J.Fazande,LAC,120.0,16.0,136.0,368.0,104.0,,2.0,0.0,2.0,-19.72100067138672,0.6940000057220459,-19.025999069213867,-0.14,-3.490999937057495,0.0,1.0,472.0,3.471,11.3,7.7,RB,18.0,0.889,3.4
2000,00-0006210,J.Graham,,0.0,55.0,55.0,0.0,907.0,,0.0,4.0,4.0,0.0,75.54100036621094,75.54100036621094,1.373,18.46500015258789,1.0,0.0,907.0,16.491,90700.0,400.0,WR,113.0,0.487,11300.0
2000,00-0006331,J.Green,TB,5.0,49.0,54.0,13.0,726.0,,0.0,1.0,1.0,-1.63100004196167,59.042999267578125,57.4119987487793,1.063,13.755000114440918,0.0,0.0,739.0,13.685,16.9,2.9,WR,101.0,0.485,24.1
2000,00-0007744,J.Horn,NO,4.0,94.0,98.0,14.0,1340.0,,0.0,8.0,8.0,-0.01600000075995922,115.94300079345703,115.927001953125,1.183,29.347999572753906,1.0,0.0,1354.0,13.816,26.2,22.9,WR,150.0,0.627,31.4
2000,00-0008529,J.Johnson,MIA,48.0,9.0,57.0,163.0,55.0,,1.0,0.0,1.0,-3.3380000591278076,-0.4790000021457672,-3.816999912261963,-0.067,-2.0380001068115234,0.0,0.0,218.0,3.825,5.3,3.3,RB,11.0,0.818,2.8
2000,00-0019693,J.Lewis,BAL,311.0,45.0,356.0,1376.0,448.0,,6.0,1.0,7.0,2.1110000610351562,20.48200035095215,22.591999053955078,0.063,-7.284999847412109,2.0,0.0,1824.0,5.124,35.9,24.1,RB,70.0,0.643,14.4
2000,00-0010974,J.McKnight,,0.0,50.0,50.0,0.0,888.0,,0.0,2.0,2.0,0.0,68.02100372314453,68.02100372314453,1.36,15.802000045776367,0.0,0.0,888.0,17.76,88800.0,200.0,WR,104.0,0.481,10400.0
2000,00-0011727,J.Morton,DET,4.0,60.0,64.0,25.0,765.0,,0.0,3.0,3.0,-0.8230000138282776,55.8380012512207,55.01499938964844,0.86,13.597999572753906,0.0,0.0,790.0,12.344,17.9,11.1,WR,115.0,0.522,23.7
2000,00-0012637,J.Pathon,IND,1.0,49.0,50.0,3.0,639.0,,0.0,3.0,3.0,-0.2029999941587448,54.63100051879883,54.428001403808594,1.089,14.618000030517578,0.0,0.0,642.0,12.84,10.5,6.4,WR,87.0,0.563,15.6
2000,00-0019722,J.Redmond,NE,124.0,20.0,144.0,406.0,126.0,,1.0,2.0,3.0,-18.874000549316406,5.669000148773193,-13.204999923706055,-0.092,-7.677999973297119,0.0,0.0,532.0,3.694,11.4,11.1,RB,29.0,0.69,5.3
2000,00-0013639,J.Rice,SF,1.0,74.0,75.0,-2.0,799.0,,0.0,7.0,7.0,-1.225000023841858,69.40399932861328,68.17900085449219,0.909,19.05500030517578,2.0,0.0,797.0,10.627,13.8,15.2,WR,121.0,0.612,21.5
2000,00-0015218,J.Smith,,0.0,91.0,91.0,0.0,1213.0,,0.0,8.0,8.0,0.0,110.70500183105469,110.70500183105469,1.217,26.86199951171875,2.0,0.0,1213.0,13.33,121300.0,800.0,WR,145.0,0.628,14500.0
2000,00-0015698,J.Stewart,DET,338.0,31.0,369.0,1172.0,290.0,,10.0,1.0,11.0,-34.138999938964844,16.62299919128418,-17.516000747680664,-0.047,-2.8010001182556152,2.0,2.0,1462.0,3.962,33.1,40.7,RB,46.0,0.674,9.5
2000,00-0016440,J.Thrash,WAS,10.0,50.0,60.0,82.0,653.0,,0.0,2.0,2.0,3.0239999294281006,47.981998443603516,51.00600051879883,0.85,7.809999942779541,0.0,0.0,735.0,12.25,13.4,6.2,WR,75.0,0.667,13.8
2000,00-0017303,J.Watson,LA,53.0,10.0,63.0,242.0,56.0,,4.0,0.0,4.0,2.4579999446868896,-2.177999973297119,0.2800000011920929,0.004,3.506999969482422,1.0,0.0,298.0,4.73,4.2,6.5,RB,11.0,0.909,1.9
2000,00-0019057,J.White,CLE,46.0,13.0,59.0,141.0,100.0,,0.0,0.0,0.0,-11.371999740600586,2.687999963760376,-8.684000015258789,-0.147,-2.75600004196167,0.0,0.0,241.0,4.085,6.6,0.0,RB,19.0,0.684,4.1
2000,00-0000279,K.Anders,KC,75.0,15.0,90.0,329.0,76.0,,2.0,0.0,2.0,-10.428000450134277,0.3089999854564667,-10.119000434875488,-0.112,-1.527999997138977,0.0,1.0,405.0,4.5,7.6,6.1,RB,19.0,0.789,3.5
2000,00-0001661,K.Brady,,0.0,64.0,64.0,0.0,729.0,,0.0,3.0,3.0,0.0,55.43899917602539,55.43899917602539,0.866,11.420999526977539,2.0,0.0,729.0,11.391,72900.0,300.0,WR,95.0,0.674,9500.0
2000,00-0019382,K.Coleman,DEN,53.0,1.0,54.0,182.0,5.0,,1.0,0.0,1.0,-0.20200000703334808,-0.22300000488758087,-0.42500001192092896,-0.008,-1.8910000324249268,1.0,1.0,187.0,3.463,2.9,2.1,RB,3.0,0.333,0.5
2000,00-0005091,K.Faulk,NE,166.0,51.0,217.0,570.0,465.0,,4.0,1.0,5.0,-28.71500015258789,13.335000038146973,-15.380000114440918,-0.071,-0.024000000208616257,3.0,2.0,1035.0,4.77,22.1,18.5,RB,68.0,0.75,12.4
2000,00-0008560,K.Johnson,,0.0,57.0,57.0,0.0,669.0,,0.0,0.0,0.0,0.0,34.31800079345703,34.31800079345703,0.602,1.902999997138977,0.0,0.0,669.0,11.737,66900.0,0.0,WR,98.0,0.582,9800.0
2000,00-0008561,K.Johnson,TB,2.0,69.0,71.0,5.0,842.0,,0.0,8.0,8.0,-1.3990000486373901,71.43000030517578,70.03099822998047,0.986,25.170000076293945,3.0,0.0,847.0,11.93,19.3,23.5,WR,121.0,0.57,28.9
2000,00-0010668,K.McCardell,,0.0,94.0,94.0,0.0,1207.0,,0.0,5.0,5.0,0.0,91.27999877929688,91.27999877929688,0.971,30.73900032043457,2.0,0.0,1207.0,12.84,120700.0,500.0,WR,140.0,0.671,14000.0
2000,00-0002846,L.Centers,WAS,19.0,81.0,100.0,103.0,600.0,,0.0,3.0,3.0,-3.619999885559082,20.457000732421875,16.83799934387207,0.168,0.9070000052452087,0.0,0.0,703.0,7.03,12.8,9.4,TE,94.0,0.862,17.3
2000,00-0015242,L.Smith,MIA,281.0,27.0,308.0,1063.0,180.0,,14.0,2.0,16.0,-26.295000076293945,12.319999694824219,-13.975000381469727,-0.045,-7.173999786376953,5.0,3.0,1243.0,4.036,30.4,53.3,RB,34.0,0.794,8.7
2000,00-0000251,M.Alstott,TB,130.0,12.0,142.0,450.0,92.0,,5.0,0.0,5.0,-16.552000045776367,3.990000009536743,-12.562000274658203,-0.088,-1.4830000400543213,0.0,2.0,542.0,3.817,12.4,14.7,RB,18.0,0.667,4.3
2000,00-0019594,M.Anderson,DEN,296.0,23.0,319.0,1489.0,169.0,,15.0,0.0,15.0,17.858999252319336,12.104000091552734,29.96299934387207,0.094,21.55500030517578,8.0,3.0,1658.0,5.197,25.5,31.2,RB,32.0,0.719,5.9
2000,00-0005092,M.Faulk,LA,253.0,79.0,332.0,1341.0,804.0,,18.0,8.0,26.0,44.040000915527344,60.80500030517578,104.84400177001953,0.316,33.97800064086914,11.0,0.0,2145.0,6.461,30.2,41.9,RB,111.0,0.712,19.1
2000,00-0007024,M.Harrison,,0.0,101.0,101.0,0.0,1408.0,,0.0,14.0,14.0,0.0,117.54000091552734,117.54000091552734,1.164,27.11400032043457,4.0,0.0,1408.0,13.941,140800.0,1400.0,WR,168.0,0.601,16800.0
2000,00-0011795,M.Muhammad,CAR,2.0,102.0,104.0,12.0,1183.0,,0.0,6.0,6.0,1.065999984741211,94.1760025024414,95.24199676513672,0.916,25.05699920654297,1.0,0.0,1195.0,11.49,24.5,23.1,WR,157.0,0.65,28.7
2000,00-0013013,M.Pittman,ARI,180.0,72.0,252.0,699.0,576.0,,4.0,2.0,6.0,-23.520999908447266,11.3149995803833,-12.206000328063965,-0.048,-21.733999252319336,0.0,1.0,1275.0,5.06,28.5,28.6,RB,90.0,0.8,16.8
2000,00-0013888,M.Robinson,CHI,1.0,54.0,55.0,9.0,732.0,,0.0,5.0,5.0,0.9610000252723694,52.6870002746582,53.64799880981445,0.975,0.0,0.0,0.0,741.0,13.473,16.8,31.2,WR,100.0,0.54,19.3
2000,00-0009038,N.Kaufman,LV,92.0,13.0,105.0,495.0,127.0,,0.0,1.0,1.0,0.6359999775886536,10.03499984741211,10.670999526977539,0.102,-1.125,0.0,1.0,622.0,5.924,11.7,2.0,RB,24.0,0.542,5.3
2000,00-0005668,O.Gadsden,,0.0,53.0,53.0,0.0,753.0,,0.0,6.0,6.0,0.0,71.6510009765625,71.6510009765625,1.352,16.448999404907227,1.0,0.0,753.0,14.208,75300.0,600.0,WR,88.0,0.602,8800.0
2000,00-0007661,P.Holmes,BAL,137.0,32.0,169.0,588.0,221.0,,2.0,0.0,2.0,-0.19300000369548798,10.755000114440918,10.560999870300293,0.062,-2.999000072479248,0.0,1.0,809.0,4.787,15.9,6.9,RB,46.0,0.696,9.4
2000,00-0013232,P.Price,BUF,2.0,49.0,51.0,32.0,690.0,,0.0,3.0,3.0,2.2869999408721924,37.176998138427734,39.4640007019043,0.774,17.979999542236328,2.0,0.0,722.0,14.157,14.3,10.3,WR,99.0,0.495,20.0
2000,00-0019455,P.Warrick,CIN,15.0,50.0,65.0,145.0,585.0,,2.0,4.0,6.0,7.706999778747559,52.98099899291992,60.6879997253418,0.934,14.034000396728516,1.0,0.0,730.0,11.231,17.6,33.3,RB,124.0,0.403,28.7
2000,00-0000339,R.Anderson,NYJ,27.0,87.0,114.0,63.0,831.0,,0.0,2.0,2.0,-6.784999847412109,43.05099868774414,36.266998291015625,0.318,13.980999946594238,1.0,0.0,894.0,7.842,16.8,5.9,RB,123.0,0.707,19.9
2000,00-0019643,R.Dayne,NYG,226.0,3.0,229.0,754.0,11.0,,5.0,0.0,5.0,-32.516998291015625,-1.7960000038146973,-34.3129997253418,-0.15,-14.008000373840332,0.0,1.0,765.0,3.341,13.9,13.5,RB,3.0,1.0,0.6
2000,00-0007969,R.Huntley,PIT,47.0,10.0,57.0,215.0,91.0,,3.0,0.0,3.0,-4.375,4.110000133514404,-0.26499998569488525,-0.005,4.183000087738037,2.0,1.0,306.0,5.368,6.8,10.3,RB,19.0,0.526,4.5
2000,00-0008921,R.Jordan,LV,46.0,26.0,72.0,213.0,291.0,,3.0,1.0,4.0,1.569000005722046,23.242000579833984,24.81100082397461,0.345,18.42099952697754,3.0,0.0,504.0,7.0,9.5,8.2,RB,31.0,0.839,6.8
2000,00-0011754,R.Moss,MIN,3.0,76.0,79.0,5.0,1428.0,,0.0,15.0,15.0,-1.2929999828338623,124.7770004272461,123.48400115966797,1.563,22.632999420166016,3.0,0.0,1433.0,18.139,25.3,34.1,WR,127.0,0.598,26.5
2000,00-0015286,R.Smith,MIN,293.0,36.0,329.0,1505.0,348.0,,7.0,3.0,10.0,17.849000930786133,18.06399917602539,35.91299819946289,0.109,2.7079999446868896,2.0,1.0,1853.0,5.632,32.7,22.7,RB,44.0,0.818,9.2
2000,00-0015290,R.Smith,DEN,6.0,98.0,104.0,99.0,1578.0,,1.0,8.0,9.0,7.2270002365112305,124.99700164794922,132.22300720214844,1.271,23.92799949645996,0.0,0.0,1677.0,16.125,25.8,18.8,WR,172.0,0.57,31.5
2000,00-0016321,R.Thomas,TEN,61.0,8.0,69.0,175.0,35.0,,0.0,1.0,1.0,-18.506000518798828,-1.6579999923706055,-20.163000106811523,-0.292,-4.401000022888184,0.0,0.0,210.0,3.043,4.2,3.1,RB,11.0,0.727,2.5
2000,00-0017322,R.Watters,SEA,273.0,62.0,335.0,1199.0,608.0,,7.0,2.0,9.0,-8.281000137329102,32.65299987792969,24.371999740600586,0.073,3.431999921798706,2.0,2.0,1807.0,5.394,38.7,29.0,RB,90.0,0.689,18.3
2000,00-0017915,R.Williams,NO,245.0,43.0,288.0,980.0,403.0,,8.0,1.0,9.0,-19.97599983215332,27.165000915527344,7.189000129699707,0.025,0.0,0.0,3.0,1383.0,4.802,26.8,25.7,RB,54.0,0.796,11.3
2000,00-0019647,S.Alexander,SEA,64.0,5.0,69.0,313.0,41.0,,2.0,0.0,2.0,-4.691999912261963,2.8989999294281006,-1.7929999828338623,-0.026,3.4730000495910645,1.0,2.0,354.0,5.13,7.6,6.5,RB,11.0,0.455,2.2
2000,00-0002159,S.Bryson,BUF,154.0,30.0,184.0,579.0,222.0,,0.0,2.0,2.0,-25.863000869750977,7.5370001792907715,-18.326000213623047,-0.1,3.553999900817871,1.0,0.0,801.0,4.353,15.8,6.9,RB,43.0,0.698,8.7
2000,00-0004052,S.Davis,WAS,320.0,33.0,353.0,1283.0,313.0,,11.0,0.0,11.0,-29.80699920654297,12.024999618530273,-17.781999588012695,-0.05,-17.82200050354004,1.0,3.0,1596.0,4.521,29.1,34.4,RB,49.0,0.673,9.0
2000,00-0004077,S.Dawkins,,0.0,61.0,61.0,0.0,690.0,,0.0,5.0,5.0,0.0,61.597999572753906,61.597999572753906,1.01,13.305999755859375,2.0,0.0,690.0,11.311,69000.0,500.0,WR,101.0,0.604,10100.0
2000,00-0008313,S.Jefferson,ATL,1.0,60.0,61.0,1.0,822.0,,0.0,2.0,2.0,-0.4699999988079071,60.42300033569336,59.952999114990234,0.983,8.824000358581543,1.0,0.0,823.0,13.492,19.4,10.0,WR,103.0,0.583,20.9
2000,00-0010240,S.Mack,JAX,54.0,0.0,54.0,145.0,0.0,,1.0,0.0,1.0,-14.494999885559082,0.0,-14.494999885559082,-0.268,0.0,0.0,1.0,145.0,2.685,2.5,2.6,RB,0.0,0.0,0.0
2000,00-0019484,S.Morris,BUF,86.0,35.0,121.0,319.0,262.0,,4.0,1.0,5.0,-4.7820000648498535,8.293000221252441,3.510999917984009,0.029,0.08299999684095383,1.0,0.0,581.0,4.802,11.5,17.2,RB,41.0,0.854,8.3
2000,00-0013262,S.Pritchett,PHI,57.0,24.0,81.0,219.0,182.0,,1.0,0.0,1.0,-11.333999633789062,12.147000312805176,0.8130000233650208,0.01,-0.07400000095367432,0.0,1.0,401.0,4.951,8.7,3.4,RB,29.0,0.828,5.1
2000,00-0014722,S.Sharpe,,0.0,67.0,67.0,0.0,810.0,,0.0,5.0,5.0,0.0,70.72100067138672,70.72100067138672,1.056,6.689000129699707,0.0,0.0,810.0,12.09,81000.0,500.0,WR,105.0,0.638,10500.0
2000,00-0000745,T.Barber,NYG,213.0,69.0,282.0,1007.0,701.0,,8.0,1.0,9.0,-21.316999435424805,35.819000244140625,14.50100040435791,0.051,-0.13899999856948853,3.0,3.0,1708.0,6.057,31.1,24.3,RB,92.0,0.75,18.1
2000,00-0001224,T.Biakabutuka,CAR,171.0,34.0,205.0,635.0,341.0,,2.0,2.0,4.0,-18.41200065612793,16.3439998626709,-2.068000078201294,-0.01,-1.9259999990463257,0.0,1.0,976.0,4.761,20.0,15.4,RB,57.0,0.596,10.4
2000,00-0002058,T.Brown,LV,3.0,73.0,76.0,12.0,1089.0,,0.0,11.0,11.0,-0.28200000524520874,111.22200012207031,110.93900299072266,1.46,21.23900032043457,2.0,0.0,1101.0,14.487,20.8,22.4,WR,130.0,0.562,28.4
2000,00-0002068,T.Brown,NE,7.0,83.0,90.0,44.0,944.0,,0.0,4.0,4.0,-2.864000082015991,74.677001953125,71.81300354003906,0.798,24.395999908447266,2.0,0.0,988.0,10.978,21.1,14.8,WR,118.0,0.703,21.5
2000,00-0004054,T.Davis,DEN,76.0,2.0,78.0,274.0,4.0,,2.0,0.0,2.0,-3.3469998836517334,-0.699999988079071,-4.046000003814697,-0.052,0.0,0.0,0.0,278.0,3.564,4.3,4.2,RB,2.0,1.0,0.4
2000,00-0005324,T.Fletcher,LAC,113.0,39.0,152.0,371.0,260.0,,3.0,1.0,4.0,-21.479999542236328,12.178999900817871,-9.300999641418457,-0.061,-8.14900016784668,3.0,2.0,631.0,4.151,15.1,15.4,RB,62.0,0.629,11.8
2000,00-0006043,T.Glenn,NE,3.0,77.0,80.0,41.0,922.0,,0.0,6.0,6.0,1.7359999418258667,80.69999694824219,82.43599700927734,1.03,16.993999481201172,2.0,0.0,963.0,12.038,20.5,22.2,WR,162.0,0.475,29.6
2000,00-0006101,T.Gonzalez,,0.0,89.0,89.0,0.0,1160.0,,0.0,9.0,9.0,0.0,94.56099700927734,94.56099700927734,1.062,26.158000946044922,3.0,0.0,1160.0,13.034,116000.0,900.0,WR,143.0,0.622,14300.0
2000,00-0007681,T.Holt,LA,2.0,80.0,82.0,7.0,1596.0,,0.0,6.0,6.0,0.9580000042915344,118.76599884033203,119.7239990234375,1.46,28.857999801635742,1.0,0.0,1603.0,19.549,22.6,9.7,WR,138.0,0.58,23.8
2000,00-0019641,T.Jones,ARI,113.0,32.0,145.0,373.0,208.0,,2.0,0.0,2.0,-25.34000015258789,-2.240000009536743,-27.579999923706055,-0.19,-0.3230000138282776,0.0,2.0,581.0,4.007,13.0,9.5,RB,46.0,0.696,8.6
2000,00-0010539,T.Mathis,ATL,1.0,56.0,57.0,-5.0,665.0,,0.0,5.0,5.0,-0.9570000171661377,61.56100082397461,60.60300064086914,1.063,6.7870001792907715,0.0,0.0,660.0,11.579,15.5,25.0,WR,124.0,0.452,25.1
2000,00-0012478,T.Owens,SF,2.0,95.0,97.0,6.0,1436.0,,0.0,13.0,13.0,-4.550000190734863,120.61799621582031,116.06800079345703,1.197,41.749000549316406,2.0,1.0,1442.0,14.866,25.0,28.3,WR,144.0,0.66,25.6
2000,00-0019609,T.Prentice,CLE,171.0,37.0,208.0,496.0,191.0,,7.0,1.0,8.0,-29.05500030517578,-0.8949999809265137,-29.950000762939453,-0.144,-2.5209999084472656,2.0,1.0,687.0,3.303,18.9,50.0,RB,43.0,0.86,9.2
2000,00-0013694,T.Richardson,KC,140.0,54.0,194.0,646.0,440.0,,3.0,2.0,5.0,-8.541999816894531,16.743000030517578,8.201000213623047,0.042,7.9070000648498535,1.0,1.0,1086.0,5.598,20.5,15.2,RB,70.0,0.771,13.0
2000,00-0017486,T.Wheatley,LV,228.0,20.0,248.0,1028.0,156.0,,9.0,1.0,10.0,-18.676000595092773,6.24399995803833,-12.432999610900879,-0.05,-20.531999588012695,1.0,3.0,1184.0,4.774,22.3,20.4,RB,34.0,0.588,7.4
2000,00-0002962,W.Chrebet,NYJ,3.0,69.0,72.0,-3.0,937.0,,0.0,8.0,8.0,-2.114000082015991,88.07599639892578,85.96299743652344,1.194,22.511999130249023,2.0,0.0,934.0,12.972,17.5,23.5,WR,142.0,0.486,23.0
2000,00-0004640,W.Dunn,TB,242.0,44.0,286.0,1086.0,388.0,,8.0,1.0,9.0,-3.9519999027252197,25.222000122070312,21.268999099731445,0.074,18.20400047302246,5.0,1.0,1474.0,5.154,33.7,26.5,RB,67.0,0.657,16.0
2000,00-0003663,Z.Crockett,LV,43.0,10.0,53.0,130.0,62.0,,7.0,0.0,7.0,4.938000202178955,2.2730000019073486,7.210999965667725,0.136,1.4429999589920044,0.0,0.0,192.0,3.623,3.6,14.3,RB,15.0,0.667,3.3
2001,00-0005562,A.Freeman,GB,1.0,52.0,53.0,-5.0,818.0,,0.0,6.0,6.0,-2.1540000438690186,78.24500274658203,76.09100341796875,1.436,11.293999671936035,0.0,0.0,813.0,15.34,14.6,14.3,WR,109.0,0.477,21.6
2001,00-0006305,A.Green,GB,304.0,62.0,366.0,1387.0,594.0,,9.0,2.0,11.0,-15.699000358581543,28.12700080871582,12.428999900817871,0.034,0.2980000078678131,3.0,4.0,1981.0,5.413,35.6,26.2,RB,82.0,0.756,16.2
2001,00-0006627,A.Hakim,LA,11.0,39.0,50.0,50.0,374.0,,1.0,3.0,4.0,4.304999828338623,24.823999404907227,29.128999710083008,0.583,3.1089999675750732,0.0,0.0,424.0,8.48,6.2,7.0,RB,54.0,0.722,9.9
2001,00-0015091,A.Smith,NE,287.0,19.0,306.0,1157.0,192.0,,12.0,1.0,13.0,-12.329999923706055,9.571999549865723,-2.757999897003174,-0.009,-2.8559999465942383,2.0,4.0,1349.0,4.408,26.6,36.1,RB,28.0,0.679,5.9
2001,00-0020403,A.Thomas,CHI,279.0,22.0,301.0,1183.0,178.0,,7.0,0.0,7.0,-2.4760000705718994,11.914999961853027,9.4399995803833,0.031,-1.9730000495910645,2.0,0.0,1361.0,4.522,28.3,21.9,RB,30.0,0.733,5.7
2001,00-0016550,A.Toomer,NYG,3.0,72.0,75.0,8.0,1054.0,,0.0,5.0,5.0,-0.7129999995231628,91.70099639892578,90.98799896240234,1.213,24.395000457763672,2.0,0.0,1062.0,14.16,19.6,16.7,WR,141.0,0.511,25.4
2001,00-0018501,A.Zereoue,PIT,85.0,13.0,98.0,441.0,154.0,,1.0,1.0,2.0,-3.427000045776367,11.267000198364258,7.839000225067139,0.08,4.741000175476074,0.0,2.0,595.0,6.071,10.3,6.5,RB,14.0,0.929,3.1
2001,00-0001098,B.Bennett,CIN,50.0,20.0,70.0,232.0,150.0,,0.0,0.0,0.0,0.6100000143051147,7.974999904632568,8.585000038146973,0.123,0.3790000081062317,0.0,0.0,382.0,5.457,7.8,0.0,RB,26.0,0.769,4.4
2001,00-0002861,B.Chamberlain,,0.0,57.0,57.0,0.0,648.0,,0.0,3.0,3.0,0.0,44.14799880981445,44.14799880981445,0.775,12.361000061035156,1.0,0.0,648.0,11.368,64800.0,300.0,WR,82.0,0.695,8200.0
2001,00-0002970,B.Christian,ATL,44.0,45.0,89.0,284.0,392.0,,2.0,2.0,4.0,16.09600067138672,25.441999435424805,41.53799819946289,0.467,7.085999965667725,1.0,0.0,676.0,7.596,13.3,14.3,RB,60.0,0.75,12.5
2001,00-0020417,B.Gay,CLE,51.0,4.0,55.0,172.0,11.0,,1.0,0.0,1.0,-10.710000038146973,-1.2869999408721924,-11.996999740600586,-0.218,-4.204999923706055,0.0,2.0,183.0,3.327,4.2,3.8,RB,7.0,0.571,1.5
2001,00-0014489,B.Schroeder,GB,1.0,53.0,54.0,6.0,918.0,,0.0,9.0,9.0,0.05700000002980232,86.85900115966797,86.91600036621094,1.61,20.709999084472656,2.0,0.0,924.0,17.111,16.6,21.4,WR,93.0,0.57,18.4
2001,00-0020270,C.Buckhalter,PHI,128.0,13.0,141.0,579.0,130.0,,2.0,0.0,2.0,-10.541000366210938,9.923999786376953,-0.6169999837875366,-0.004,1.5579999685287476,0.0,2.0,709.0,5.028,14.9,6.2,RB,21.0,0.619,4.1
2001,00-0002721,C.Carter,MIN,1.0,73.0,74.0,4.0,871.0,,0.0,6.0,6.0,0.02199999988079071,67.83200073242188,67.85399627685547,0.917,8.423999786376953,0.0,0.0,875.0,11.824,17.5,20.7,WR,130.0,0.562,23.9
2001,00-0003396,C.Conway,LAC,7.0,71.0,78.0,116.0,1125.0,,1.0,6.0,7.0,7.688000202178955,92.49400329589844,100.18199920654297,1.284,27.55900001525879,2.0,0.0,1241.0,15.91,24.0,25.0,WR,127.0,0.559,23.5
2001,00-0004304,C.Dillon,CIN,340.0,34.0,374.0,1315.0,228.0,,10.0,3.0,13.0,-33.91600036621094,14.911999702453613,-19.003999710083008,-0.051,5.054999828338623,4.0,3.0,1543.0,4.126,31.3,56.5,RB,61.0,0.557,10.4
2001,00-0005620,C.Fuamatu-Ma'afala,PIT,120.0,16.0,136.0,453.0,127.0,,3.0,1.0,4.0,-6.605000019073486,3.388000011444092,-3.2160000801086426,-0.024,4.754000186920166,2.0,0.0,580.0,4.265,10.0,12.9,RB,20.0,0.8,4.5
2001,00-0005779,C.Garner,LV,211.0,72.0,283.0,839.0,578.0,,1.0,2.0,3.0,-21.07200050354004,26.128000259399414,5.056000232696533,0.018,4.189000129699707,1.0,2.0,1417.0,5.007,26.8,7.3,RB,91.0,0.791,16.9
2001,00-0010442,C.Martin,NYJ,332.0,53.0,385.0,1491.0,320.0,,10.0,0.0,10.0,-15.093000411987305,2.558000087738037,-12.53499984741211,-0.033,-5.080999851226807,0.0,2.0,1811.0,4.704,37.3,35.7,RB,64.0,0.828,14.1
2001,00-0014450,C.Schlesinger,DET,47.0,60.0,107.0,154.0,466.0,,3.0,0.0,3.0,4.435999870300293,9.458999633789062,13.895000457763672,0.13,-3.246999979019165,1.0,0.0,620.0,5.794,12.0,11.5,RB,86.0,0.698,14.6
2001,00-0001532,D.Boston,ARI,5.0,98.0,103.0,35.0,1598.0,,0.0,8.0,8.0,1.1799999475479126,129.71200561523438,130.89199829101562,1.271,25.37299919128418,2.0,0.0,1633.0,15.854,33.0,28.6,WR,175.0,0.56,34.1
2001,00-0019712,D.Chapman,MIN,63.0,16.0,79.0,195.0,126.0,,0.0,1.0,1.0,-12.279999732971191,3.7750000953674316,-8.505999565124512,-0.108,-2.3429999351501465,0.0,0.0,321.0,4.063,6.4,3.4,RB,18.0,0.889,3.3
2001,00-0003035,D.Clark,,0.0,51.0,51.0,0.0,566.0,,0.0,6.0,6.0,0.0,42.3129997253418,42.3129997253418,0.83,1.871999979019165,1.0,0.0,566.0,11.098,56600.0,600.0,WR,77.0,0.662,7700.0
2001,00-0007144,D.Hayes,,0.0,52.0,52.0,0.0,597.0,,0.0,2.0,2.0,0.0,51.28900146484375,51.28900146484375,0.986,10.918999671936035,1.0,0.0,597.0,11.481,59700.0,200.0,WR,105.0,0.495,10500.0
2001,00-0019663,D.Jackson,SEA,1.0,70.0,71.0,9.0,1081.0,,0.0,8.0,8.0,0.6510000228881836,93.64600372314453,94.2969970703125,1.328,29.812999725341797,4.0,0.0,1090.0,15.352,22.1,26.7,WR,131.0,0.534,29.0
2001,00-0009829,D.Levens,GB,44.0,24.0,68.0,165.0,159.0,,0.0,1.0,1.0,-10.178000450134277,5.307000160217285,-4.870999813079834,-0.072,5.570000171661377,1.0,0.0,324.0,4.765,5.8,2.4,RB,35.0,0.686,6.9
2001,00-0010500,D.Mason,,0.0,73.0,73.0,0.0,1128.0,,0.0,9.0,9.0,0.0,93.50399780273438,93.50399780273438,1.281,39.928001403808594,4.0,0.0,1128.0,15.452,112800.0,900.0,WR,114.0,0.64,11400.0
2001,00-0012642,D.Patten,NE,5.0,51.0,56.0,67.0,749.0,,1.0,4.0,5.0,5.2170000076293945,59.08300018310547,64.30000305175781,1.148,8.569000244140625,0.0,0.0,816.0,14.571,16.1,13.9,WR,94.0,0.543,19.7
2001,00-0019863,D.Rhodes,IND,233.0,34.0,267.0,1104.0,224.0,,9.0,0.0,9.0,-20.106000900268555,-1.3899999856948853,-21.496000289916992,-0.081,2.0969998836517334,4.0,5.0,1328.0,4.974,21.8,21.4,RB,55.0,0.618,10.1
2001,00-0014544,D.Scott,,0.0,57.0,57.0,0.0,819.0,,0.0,2.0,2.0,0.0,65.16400146484375,65.16400146484375,1.143,21.93400001525879,0.0,0.0,819.0,14.368,81900.0,200.0,WR,103.0,0.553,10300.0
2001,00-0015523,D.Staley,PHI,166.0,63.0,229.0,604.0,626.0,,2.0,2.0,4.0,-22.04199981689453,31.399999618530273,9.357999801635742,0.041,-8.91100025177002,0.0,1.0,1230.0,5.371,25.8,12.5,RB,91.0,0.692,17.8
2001,00-0005883,E.George,TEN,315.0,37.0,352.0,939.0,268.0,,5.0,0.0,5.0,-72.94599914550781,13.687000274658203,-59.25899887084961,-0.168,-9.550999641418457,2.0,6.0,1207.0,3.429,23.0,14.7,RB,50.0,0.74,9.8
2001,00-0008241,E.James,IND,152.0,24.0,176.0,662.0,193.0,,3.0,0.0,3.0,-0.4620000123977661,7.243000030517578,6.781000137329102,0.039,0.0,0.0,1.0,855.0,4.858,14.1,7.1,RB,30.0,0.8,5.5
2001,00-0019889,E.Joseph,JAX,69.0,18.0,87.0,294.0,183.0,,0.0,2.0,2.0,-6.208000183105469,-2.6410000324249268,-8.848999977111816,-0.102,8.907999992370605,0.0,1.0,477.0,5.483,9.5,6.7,RB,24.0,0.75,4.5
2001,00-0011770,E.Moulds,BUF,3.0,67.0,70.0,3.0,904.0,,0.0,5.0,5.0,-1.281999945640564,61.608001708984375,60.32600021362305,0.862,19.97800064086914,1.0,0.0,907.0,12.957,17.7,18.5,WR,137.0,0.489,25.4
2001,00-0015165,E.Smith,DAL,261.0,17.0,278.0,1021.0,116.0,,3.0,0.0,3.0,-32.88199996948242,3.555999994277954,-29.326000213623047,-0.105,-3.9230000972747803,1.0,1.0,1137.0,4.09,25.4,13.6,RB,21.0,0.81,5.2
2001,00-0018343,F.Wycheck,TEN,1.0,60.0,61.0,1.0,672.0,,0.0,4.0,4.0,-0.4959999918937683,54.58599853515625,54.09000015258789,0.887,12.579999923706055,0.0,0.0,673.0,11.033,12.8,11.8,WR,84.0,0.714,16.5
2001,00-0007180,G.Hearst,SF,252.0,41.0,293.0,1206.0,347.0,,4.0,1.0,5.0,17.35700035095215,14.961999893188477,32.319000244140625,0.11,-1.7790000438690186,0.0,0.0,1553.0,5.3,27.9,11.1,RB,55.0,0.745,11.0
2001,00-0017162,H.Ward,PIT,10.0,94.0,104.0,83.0,1003.0,,0.0,4.0,4.0,4.52400016784668,73.72599792480469,78.25,0.752,11.515999794006348,1.0,0.0,1086.0,10.442,18.8,12.9,WR,145.0,0.648,32.5
2001,00-0002099,I.Bruce,LA,4.0,64.0,68.0,23.0,1106.0,,0.0,6.0,6.0,-3.2899999618530273,86.07599639892578,82.78500366210938,1.217,19.858999252319336,3.0,1.0,1129.0,16.603,16.6,10.5,WR,103.0,0.621,18.8
2001,00-0007468,I.Hilliard,NYG,1.0,52.0,53.0,21.0,659.0,,0.0,6.0,6.0,2.009000062942505,62.926998138427734,64.93599700927734,1.225,21.875999450683594,2.0,0.0,680.0,12.83,12.6,20.0,WR,88.0,0.591,15.9
2001,00-0000210,J.Allen,CHI,135.0,30.0,165.0,469.0,196.0,,1.0,1.0,2.0,-12.312999725341797,10.654999732971191,-1.6579999923706055,-0.01,0.4490000009536743,0.0,0.0,665.0,4.03,13.8,6.2,RB,42.0,0.714,8.0
2001,00-0000316,J.Anderson,ATL,55.0,3.0,58.0,190.0,111.0,,1.0,1.0,2.0,-10.317999839782715,8.069999694824219,-2.247999906539917,-0.039,0.0,0.0,1.0,301.0,5.19,5.9,7.1,RB,4.0,0.75,0.8
2001,00-0001215,J.Bettis,PIT,225.0,8.0,233.0,1072.0,48.0,,4.0,0.0,4.0,-5.577000141143799,1.9880000352859497,-3.5889999866485596,-0.015,0.0,0.0,0.0,1120.0,4.807,19.4,12.9,RB,10.0,0.8,2.2
2001,00-0019423,J.Brookins,BAL,151.0,6.0,157.0,551.0,45.0,,5.0,0.0,5.0,-17.76099967956543,2.878000020980835,-14.883000373840332,-0.095,-5.146999835968018,0.0,1.0,596.0,3.796,11.1,18.5,RB,9.0,0.667,1.6
2001,00-0005720,J.Galloway,DAL,3.0,52.0,55.0,32.0,699.0,,0.0,3.0,3.0,0.9729999899864197,56.80400085449219,57.777000427246094,1.05,24.933000564575195,1.0,0.0,731.0,13.291,16.3,13.6,WR,112.0,0.464,28.0
2001,00-0006210,J.Graham,,0.0,52.0,52.0,0.0,811.0,,0.0,5.0,5.0,0.0,73.37999725341797,73.37999725341797,1.411,6.706999778747559,0.0,0.0,811.0,15.596,81100.0,500.0,WR,110.0,0.473,11000.0
2001,00-0007744,J.Horn,NO,1.0,83.0,84.0,4.0,1265.0,,0.0,9.0,9.0,0.08799999952316284,108.4229965209961,108.51100158691406,1.292,17.767000198364258,3.0,0.0,1269.0,15.107,24.3,26.5,WR,156.0,0.532,28.7
2001,00-0020430,J.Jackson,CLE,195.0,7.0,202.0,554.0,56.0,,2.0,0.0,2.0,-35.83399963378906,4.369999885559082,-31.464000701904297,-0.156,0.3479999899864197,0.0,1.0,610.0,3.02,14.0,7.7,RB,10.0,0.7,2.2
2001,00-0008962,J.Jurevicius,,0.0,51.0,51.0,0.0,706.0,,0.0,3.0,3.0,0.0,62.31100082397461,62.31100082397461,1.222,12.612000465393066,0.0,0.0,706.0,13.843,70600.0,300.0,WR,92.0,0.554,9200.0
2001,00-0010974,J.McKnight,MIA,7.0,55.0,62.0,39.0,684.0,,0.0,3.0,3.0,2.9210000038146973,43.7400016784668,46.6609992980957,0.753,11.725000381469727,1.0,0.0,723.0,11.661,15.3,9.4,WR,90.0,0.611,20.0
2001,00-0011727,J.Morton,DET,1.0,77.0,78.0,6.0,1154.0,,0.0,4.0,4.0,0.11599999666213989,98.68599700927734,98.802001953125,1.267,22.930999755859375,1.0,0.0,1160.0,14.872,22.4,15.4,WR,144.0,0.535,24.4
2001,00-0013639,J.Rice,,0.0,83.0,83.0,0.0,1139.0,,0.0,9.0,9.0,0.0,113.95700073242188,113.95700073242188,1.373,31.246000289916992,1.0,0.0,1139.0,13.723,113900.0,900.0,WR,125.0,0.664,12500.0
2001,00-0013728,J.Riemersma,,0.0,53.0,53.0,0.0,590.0,,0.0,3.0,3.0,0.0,46.84000015258789,46.84000015258789,0.884,11.34000015258789,0.0,0.0,590.0,11.132,59000.0,300.0,WR,78.0,0.679,7800.0
2001,00-0015698,J.Stewart,DET,143.0,23.0,166.0,685.0,242.0,,1.0,1.0,2.0,-21.135000228881836,12.807999610900879,-8.32699966430664,-0.05,-4.375,0.0,0.0,927.0,5.584,17.9,7.7,RB,27.0,0.852,4.6
2001,00-0015751,J.Stokes,,0.0,54.0,54.0,0.0,585.0,,0.0,7.0,7.0,0.0,53.92599868774414,53.92599868774414,0.999,18.3700008392334,3.0,0.0,585.0,10.833,58500.0,700.0,WR,90.0,0.6,9000.0
2001,00-0016440,J.Thrash,PHI,6.0,63.0,69.0,57.0,833.0,,0.0,8.0,8.0,2.443000078201294,67.9540023803711,70.39800262451172,1.02,12.604999542236328,1.0,0.0,890.0,12.899,18.7,25.0,WR,108.0,0.583,21.2
2001,00-0019057,J.White,CLE,127.0,44.0,171.0,443.0,418.0,,5.0,1.0,6.0,-6.130000114440918,19.062999725341797,12.932000160217285,0.076,8.246000289916992,4.0,1.0,861.0,5.035,19.7,23.1,RB,60.0,0.733,13.1
2001,00-0015218,Ji.Smith,JAX,1.0,112.0,113.0,-3.0,1373.0,,0.0,8.0,8.0,-0.8159999847412109,49.55099868774414,48.73500061035156,0.431,26.04199981689453,2.0,0.0,1370.0,12.124,27.4,26.7,WR,176.0,0.636,33.3
2001,00-0020474,K.Barlow,SF,125.0,22.0,147.0,512.0,247.0,,4.0,1.0,5.0,-0.289000004529953,16.766000747680664,16.476999282836914,0.112,4.2820000648498535,2.0,0.0,759.0,5.163,13.7,11.1,RB,28.0,0.786,5.6
2001,00-0002743,K.Carter,WAS,63.0,13.0,76.0,308.0,83.0,,3.0,0.0,3.0,6.515999794006348,1.2020000219345093,7.718999862670898,0.102,7.156000137329102,2.0,0.0,391.0,5.145,8.7,13.0,RB,21.0,0.619,5.0
2001,00-0004694,K.Dyson,,0.0,54.0,54.0,0.0,825.0,,0.0,7.0,7.0,0.0,72.8270034790039,72.8270034790039,1.349,18.24799919128418,2.0,0.0,825.0,15.278,82500.0,700.0,WR,114.0,0.474,11400.0
2001,00-0005091,K.Faulk,NE,41.0,30.0,71.0,169.0,189.0,,1.0,2.0,3.0,-0.6029999852180481,9.510000228881836,8.906999588012695,0.125,-3.5980000495910645,0.0,0.0,358.0,5.042,7.1,8.3,RB,36.0,0.833,7.6
2001,00-0008560,K.Johnson,,0.0,84.0,84.0,0.0,1097.0,,0.0,9.0,9.0,0.0,96.88600158691406,96.88600158691406,1.153,20.822999954223633,1.0,0.0,1097.0,13.06,109700.0,900.0,WR,129.0,0.651,12900.0
2001,00-0008561,K.Johnson,,0.0,106.0,106.0,0.0,1266.0,,0.0,1.0,1.0,0.0,94.96499633789062,94.96499633789062,0.896,9.619000434875488,0.0,0.0,1266.0,11.943,126600.0,100.0,WR,180.0,0.589,18000.0
2001,00-0010668,K.McCardell,,0.0,93.0,93.0,0.0,1110.0,,0.0,6.0,6.0,0.0,51.8129997253418,51.8129997253418,0.557,16.844999313354492,3.0,0.0,1110.0,11.935,111000.0,600.0,WR,146.0,0.637,14600.0
2001,00-0015700,K.Stewart,PIT,61.0,0.0,61.0,252.0,0.0,,3.0,0.0,3.0,-7.506999969482422,0.0,-7.506999969482422,-0.123,1.6050000190734863,0.0,3.0,252.0,4.131,4.4,9.7,RB,0.0,0.0,0.0
2001,00-0002846,L.Centers,BUF,34.0,80.0,114.0,160.0,620.0,,2.0,2.0,4.0,3.4140000343322754,30.54599952697754,33.96099853515625,0.298,14.515000343322754,2.0,0.0,780.0,6.842,15.2,14.8,RB,105.0,0.762,19.5
2001,00-0018958,L.Coles,NYJ,10.0,59.0,69.0,108.0,868.0,,0.0,7.0,7.0,6.11899995803833,75.49700164794922,81.61699676513672,1.183,21.062999725341797,1.0,0.0,976.0,14.145,20.1,25.0,WR,103.0,0.573,22.6
2001,00-0015242,L.Smith,MIA,313.0,30.0,343.0,968.0,234.0,,6.0,2.0,8.0,-65.12300109863281,8.418999671936035,-56.70399856567383,-0.165,-11.428000450134277,1.0,3.0,1202.0,3.504,25.4,25.0,RB,35.0,0.857,7.8
2001,00-0020536,L.Tomlinson,LAC,338.0,59.0,397.0,1234.0,367.0,,10.0,0.0,10.0,-47.82500076293945,2.4639999866485596,-45.361000061035156,-0.114,-3.134000062942505,0.0,4.0,1601.0,4.033,31.0,35.7,RB,74.0,0.797,13.7
2001,00-0017218,L.Warren,DET,61.0,40.0,101.0,191.0,336.0,,3.0,1.0,4.0,-7.710000038146973,17.025999069213867,9.3149995803833,0.092,1.9040000438690186,0.0,0.0,527.0,5.218,10.2,15.4,RB,61.0,0.656,10.3
2001,00-0000251,M.Alstott,TB,165.0,35.0,200.0,680.0,231.0,,10.0,1.0,11.0,7.849999904632568,3.88700008392334,11.737000465393066,0.059,6.578000068664551,2.0,0.0,911.0,4.555,18.7,36.7,RB,52.0,0.673,8.9
2001,00-0019594,M.Anderson,DEN,176.0,8.0,184.0,678.0,46.0,,4.0,0.0,4.0,-10.993000030517578,1.8339999914169312,-9.159000396728516,-0.05,-0.6610000133514404,0.0,1.0,724.0,3.935,14.7,12.5,RB,12.0,0.667,2.4
2001,00-0020514,M.Bennett,MIN,172.0,29.0,201.0,682.0,226.0,,2.0,1.0,3.0,-12.996999740600586,11.166999816894531,-1.8289999961853027,-0.009,-4.84499979019165,0.0,0.0,908.0,4.517,18.2,10.3,RB,38.0,0.763,7.0
2001,00-0001477,M.Booker,CHI,4.0,100.0,104.0,8.0,1071.0,,0.0,8.0,8.0,-3.2049999237060547,85.12999725341797,81.92500305175781,0.788,21.2450008392334,1.0,0.0,1079.0,10.375,22.5,25.0,WR,157.0,0.637,30.0
2001,00-0004768,M.Edwards,NE,51.0,25.0,76.0,141.0,166.0,,1.0,2.0,3.0,-10.585000038146973,7.796999931335449,-2.7880001068115234,-0.037,1.3559999465942383,0.0,2.0,307.0,4.039,6.1,8.3,RB,39.0,0.641,8.2
2001,00-0005092,M.Faulk,LA,261.0,83.0,344.0,1382.0,765.0,,12.0,9.0,21.0,22.506000518798828,61.237998962402344,83.74400329589844,0.243,34.26900100708008,8.0,2.0,2147.0,6.241,31.5,36.8,RB,104.0,0.798,19.0
2001,00-0007024,M.Harrison,IND,1.0,109.0,110.0,3.0,1524.0,,0.0,15.0,15.0,-0.36399999260902405,139.01800537109375,138.6529998779297,1.26,39.652000427246094,3.0,0.0,1527.0,13.882,25.1,35.7,WR,165.0,0.661,30.2
2001,00-0011795,M.Muhammad,,0.0,50.0,50.0,0.0,585.0,,0.0,1.0,1.0,0.0,41.81399917602539,41.81399917602539,0.836,0.0,0.0,0.0,585.0,11.7,58500.0,100.0,WR,93.0,0.538,9300.0
2001,00-0013013,M.Pittman,ARI,241.0,42.0,283.0,846.0,264.0,,5.0,0.0,5.0,-42.52199935913086,2.128999948501587,-40.393001556396484,-0.143,-4.236999988555908,1.0,2.0,1110.0,3.922,22.4,17.9,RB,66.0,0.636,12.9
2001,00-0018977,M.Smith,ATL,237.0,19.0,256.0,760.0,230.0,,5.0,1.0,6.0,-56.125,14.805000305175781,-41.31999969482422,-0.161,-20.159000396728516,2.0,1.0,990.0,3.867,19.5,21.4,RB,27.0,0.704,5.6
2001,00-0017470,M.Westbrook,WAS,2.0,57.0,59.0,8.0,664.0,,0.0,4.0,4.0,0.3050000071525574,55.19900131225586,55.50400161743164,0.941,11.854999542236328,0.0,0.0,672.0,11.39,14.9,17.4,WR,91.0,0.626,21.6
2001,00-0019614,M.Wiley,DAL,34.0,16.0,50.0,247.0,99.0,,0.0,1.0,1.0,14.295999526977539,1.9160000085830688,16.211999893188477,0.324,1.2450000047683716,0.0,0.0,346.0,6.92,7.7,4.5,RB,28.0,0.571,7.0
2001,00-0017892,M.Williams,BAL,65.0,23.0,88.0,291.0,210.0,,0.0,0.0,0.0,-10.670000076293945,18.07900047302246,7.408999919891357,0.084,5.668000221252441,0.0,1.0,501.0,5.693,9.4,0.0,RB,35.0,0.657,6.4
2001,00-0019831,N.Goings,CAR,66.0,8.0,74.0,197.0,39.0,,0.0,0.0,0.0,-19.04199981689453,-2.0250000953674316,-21.066999435424805,-0.285,-2.111999988555908,0.0,0.0,236.0,3.189,5.5,0.0,RB,9.0,0.889,1.6
2001,00-0000552,O.Ayanbadejo,BAL,46.0,24.0,70.0,173.0,121.0,,1.0,1.0,2.0,-5.789000034332275,-0.6269999742507935,-6.415999889373779,-0.092,3.453000068664551,0.0,1.0,294.0,4.2,5.5,7.4,RB,34.0,0.706,6.2
2001,00-0005668,O.Gadsden,,0.0,55.0,55.0,0.0,674.0,,0.0,3.0,3.0,0.0,53.893001556396484,53.893001556396484,0.98,4.801000118255615,1.0,0.0,674.0,12.255,67400.0,300.0,WR,93.0,0.591,9300.0
2001,00-0005816,O.Gary,DEN,57.0,4.0,61.0,228.0,29.0,,1.0,0.0,1.0,3.196000099182129,1.5360000133514404,4.73199987411499,0.078,0.0,0.0,0.0,257.0,4.213,5.2,3.1,RB,5.0,0.8,1.0
2001,00-0019642,P.Burress,,0.0,66.0,66.0,0.0,1008.0,,0.0,6.0,6.0,0.0,93.75499725341797,93.75499725341797,1.421,35.676998138427734,4.0,0.0,1008.0,15.273,100800.0,600.0,WR,120.0,0.55,12000.0
2001,00-0007661,P.Holmes,KC,326.0,62.0,388.0,1553.0,614.0,,8.0,2.0,10.0,18.327999114990234,25.878000259399414,44.20600128173828,0.114,-4.3480000495910645,2.0,1.0,2167.0,5.585,38.0,30.3,RB,75.0,0.827,14.5
2001,00-0013232,P.Price,BUF,6.0,55.0,61.0,97.0,895.0,,0.0,7.0,7.0,4.793000221252441,86.052001953125,90.84500122070312,1.489,24.722000122070312,1.0,0.0,992.0,16.262,19.3,25.9,WR,113.0,0.487,21.0
2001,00-0019455,P.Warrick,CIN,8.0,70.0,78.0,14.0,667.0,,0.0,1.0,1.0,-0.5910000205039978,45.21699905395508,44.625999450683594,0.572,13.324999809265137,0.0,0.0,681.0,8.731,13.8,4.3,TE,137.0,0.511,23.3
2001,00-0008059,Q.Ismail,,0.0,74.0,74.0,0.0,1059.0,,0.0,7.0,7.0,0.0,85.6760025024414,85.6760025024414,1.158,9.20199966430664,1.0,0.0,1059.0,14.311,105900.0,700.0,WR,136.0,0.544,13600.0
2001,00-0000339,R.Anderson,NYJ,26.0,40.0,66.0,102.0,252.0,,0.0,2.0,2.0,-0.7559999823570251,0.07999999821186066,-0.6769999861717224,-0.01,-0.335999995470047,0.0,0.0,354.0,5.364,7.3,7.1,RB,57.0,0.702,12.5
2001,00-0019643,R.Dayne,NYG,180.0,8.0,188.0,690.0,67.0,,7.0,0.0,7.0,-20.447999954223633,3.052999973297119,-17.395000457763672,-0.093,5.738999843597412,3.0,1.0,757.0,4.027,14.0,23.3,RB,11.0,0.727,2.0
2001,00-0007969,R.Huntley,CAR,165.0,21.0,186.0,665.0,101.0,,2.0,1.0,3.0,-26.165000915527344,0.8289999961853027,-25.336000442504883,-0.136,-0.49900001287460327,1.0,1.0,766.0,4.118,17.8,16.7,RB,32.0,0.656,5.6
2001,00-0008060,R.Ismail,DAL,8.0,53.0,61.0,31.0,834.0,,0.0,2.0,2.0,-3.115999937057495,60.1150016784668,56.999000549316406,0.934,11.515000343322754,0.0,0.0,865.0,14.18,19.3,9.1,WR,93.0,0.57,23.2
2001,00-0011754,R.Moss,MIN,3.0,82.0,85.0,38.0,1229.0,,0.0,10.0,10.0,4.039999961853027,119.71299743652344,123.75399780273438,1.456,21.847000122070312,2.0,0.0,1267.0,14.906,25.4,34.5,WR,153.0,0.536,28.1
2001,00-0015290,R.Smith,DEN,3.0,113.0,116.0,27.0,1343.0,,0.0,11.0,11.0,2.1419999599456787,117.40399932861328,119.5469970703125,1.031,21.929000854492188,2.0,0.0,1370.0,11.81,27.9,34.4,WR,174.0,0.649,34.8
2001,00-0017322,R.Watters,SEA,72.0,11.0,83.0,318.0,107.0,,1.0,0.0,1.0,-8.505999565124512,7.001999855041504,-1.503999948501587,-0.018,-2.632999897003174,1.0,0.0,425.0,5.12,8.6,3.3,RB,22.0,0.5,4.9
2001,00-0017915,R.Williams,NO,314.0,60.0,374.0,1245.0,511.0,,6.0,1.0,7.0,-49.95800018310547,15.446999549865723,-34.512001037597656,-0.092,-28.19300079345703,0.0,4.0,1756.0,4.695,33.6,20.6,RB,88.0,0.682,16.2
2001,00-0019647,S.Alexander,SEA,309.0,44.0,353.0,1318.0,343.0,,14.0,2.0,16.0,-19.51099967956543,15.592000007629395,-3.9189999103546143,-0.011,-0.7540000081062317,4.0,4.0,1661.0,4.705,33.7,53.3,RB,59.0,0.746,13.1
2001,00-0002159,S.Bryson,BUF,80.0,9.0,89.0,341.0,59.0,,2.0,0.0,2.0,-9.32800006866455,1.2369999885559082,-8.090999603271484,-0.091,-9.60099983215332,2.0,0.0,400.0,4.494,7.8,7.4,RB,11.0,0.818,2.0
2001,00-0004052,S.Davis,WAS,357.0,28.0,385.0,1432.0,205.0,,5.0,0.0,5.0,-28.062000274658203,8.708999633789062,-19.354000091552734,-0.05,4.703999996185303,3.0,3.0,1637.0,4.252,36.2,21.7,RB,37.0,0.757,8.8
2001,00-0007389,S.Hicks,TEN,56.0,5.0,61.0,341.0,22.0,,1.0,0.0,1.0,2.864000082015991,-0.17100000381469727,2.693000078201294,0.044,3.4779999256134033,1.0,0.0,363.0,5.951,6.9,2.9,RB,6.0,0.833,1.2
2001,00-0010240,S.Mack,JAX,213.0,23.0,236.0,877.0,165.0,,9.0,1.0,10.0,-93.86299896240234,6.7820000648498535,-87.08100128173828,-0.369,-2.890000104904175,3.0,1.0,1042.0,4.415,20.8,33.3,RB,34.0,0.676,6.4
2001,00-0014722,S.Sharpe,,0.0,73.0,73.0,0.0,811.0,,0.0,2.0,2.0,0.0,59.880001068115234,59.880001068115234,0.82,10.300999641418457,0.0,0.0,811.0,11.11,81100.0,200.0,WR,114.0,0.64,11400.0
2001,00-0000232,T.Allen,BAL,168.0,17.0,185.0,658.0,68.0,,3.0,0.0,3.0,-17.968000411987305,-1.871000051498413,-19.839000701904297,-0.107,-4.624000072479248,1.0,1.0,726.0,3.924,13.6,11.1,RB,20.0,0.85,3.7
2001,00-0000745,T.Barber,NYG,167.0,72.0,239.0,865.0,577.0,,4.0,0.0,4.0,9.312999725341797,26.7549991607666,36.06800079345703,0.151,3.7980000972747803,1.0,1.0,1442.0,6.033,26.6,13.3,RB,98.0,0.735,17.7
2001,00-0001224,T.Biakabutuka,CAR,53.0,12.0,65.0,230.0,121.0,,1.0,0.0,1.0,-6.13100004196167,-1.2389999628067017,-7.36899995803833,-0.113,0.0,0.0,1.0,351.0,5.4,8.1,5.6,RB,17.0,0.706,3.0
2001,00-0002058,T.Brown,LV,4.0,91.0,95.0,39.0,1165.0,,0.0,9.0,9.0,2.4700000286102295,103.56600189208984,106.03600311279297,1.116,16.08099937438965,0.0,0.0,1204.0,12.674,22.8,22.0,WR,140.0,0.65,26.0
2001,00-0002068,T.Brown,NE,11.0,101.0,112.0,91.0,1199.0,,0.0,5.0,5.0,4.178999900817871,99.23899841308594,103.41799926757812,0.923,16.02199935913086,0.0,0.0,1290.0,11.518,25.5,13.9,WR,142.0,0.711,29.8
2001,00-0019649,T.Canidate,LA,78.0,17.0,95.0,397.0,154.0,,5.0,0.0,5.0,9.869000434875488,5.690000057220459,15.559000015258789,0.164,-0.7440000176429749,0.0,1.0,551.0,5.8,8.1,8.8,RB,23.0,0.739,4.2
2001,00-0004054,T.Davis,DEN,167.0,12.0,179.0,701.0,69.0,,0.0,0.0,0.0,-7.334000110626221,-0.12399999797344208,-7.459000110626221,-0.042,-4.501999855041504,0.0,0.0,770.0,4.302,15.7,0.0,RB,21.0,0.571,4.2
2001,00-0005324,T.Fletcher,LAC,30.0,23.0,53.0,107.0,184.0,,0.0,0.0,0.0,-2.4649999141693115,10.147000312805176,7.681000232696533,0.145,0.0,0.0,0.0,291.0,5.491,5.6,0.0,RB,29.0,0.793,5.4
2001,00-0006101,T.Gonzalez,KC,1.0,73.0,74.0,9.0,917.0,,0.0,6.0,6.0,0.8320000171661377,77.3010025024414,78.13300323486328,1.056,14.734000205993652,2.0,0.0,926.0,12.514,16.2,18.2,WR,119.0,0.613,23.0
2001,00-0019516,T.Hambrick,DAL,113.0,4.0,117.0,579.0,62.0,,2.0,0.0,2.0,-1.7089999914169312,4.336999893188477,2.628000020980835,0.022,4.13100004196167,0.0,1.0,641.0,5.479,14.3,9.1,RB,13.0,0.308,3.2
2001,00-0020471,T.Henry,BUF,213.0,22.0,235.0,729.0,179.0,,4.0,0.0,4.0,-33.38800048828125,5.046000003814697,-28.341999053955078,-0.121,0.18799999356269836,0.0,2.0,908.0,3.864,17.7,14.8,RB,27.0,0.815,5.0
2001,00-0007681,T.Holt,LA,2.0,81.0,83.0,0.0,1363.0,,0.0,7.0,7.0,-1.4919999837875366,111.65499877929688,110.16300201416016,1.327,33.137001037597656,2.0,0.0,1363.0,16.422,20.0,12.3,WR,133.0,0.609,24.3
2001,00-0019641,T.Jones,ARI,112.0,21.0,133.0,380.0,151.0,,5.0,0.0,5.0,-9.53600025177002,5.629000186920166,-3.9079999923706055,-0.029,-3.315999984741211,1.0,1.0,531.0,3.992,10.7,17.9,RB,24.0,0.875,4.7
2001,00-0010539,T.Mathis,,0.0,51.0,51.0,0.0,564.0,,0.0,2.0,2.0,0.0,46.88600158691406,46.88600158691406,0.919,17.933000564575195,0.0,0.0,564.0,11.059,56400.0,200.0,WR,105.0,0.486,10500.0
2001,00-0020448,T.Minor,MIA,59.0,29.0,88.0,281.0,263.0,,2.0,1.0,3.0,3.131999969482422,13.958999633789062,17.090999603271484,0.194,1.3320000171661377,1.0,0.0,544.0,6.182,11.5,9.4,RB,37.0,0.784,8.2
2001,00-0012478,T.Owens,SF,4.0,93.0,97.0,21.0,1412.0,,0.0,16.0,16.0,-0.5960000157356262,145.23199462890625,144.63600158691406,1.491,32.41899871826172,3.0,0.0,1433.0,14.773,25.8,35.6,WR,156.0,0.596,31.2
2001,00-0013694,T.Richardson,KC,66.0,30.0,96.0,191.0,265.0,,7.0,0.0,7.0,4.2170000076293945,11.128000259399414,15.345000267028809,0.16,1.7829999923706055,2.0,0.0,456.0,4.75,8.0,21.2,RB,40.0,0.75,7.7
2001,00-0017486,T.Wheatley,LV,89.0,12.0,101.0,276.0,61.0,,5.0,1.0,6.0,-7.343999862670898,4.491000175476074,-2.8529999256134033,-0.028,-1.8009999990463257,1.0,1.0,337.0,3.337,6.4,14.6,RB,16.0,0.75,3.0
2001,00-0002962,W.Chrebet,,0.0,56.0,56.0,0.0,750.0,,0.0,1.0,1.0,0.0,68.19999694824219,68.19999694824219,1.218,28.79400062561035,0.0,0.0,750.0,13.393,75000.0,100.0,WR,93.0,0.602,9300.0
2001,00-0004640,W.Dunn,TB,157.0,68.0,225.0,434.0,557.0,,3.0,3.0,6.0,-42.96699905395508,26.993000030517578,-15.973999977111816,-0.071,-0.9990000128746033,1.0,2.0,991.0,4.404,20.3,20.0,RB,97.0,0.701,16.6
2001,00-0008210,W.Jackson,,0.0,81.0,81.0,0.0,1046.0,,0.0,5.0,5.0,0.0,95.90399932861328,95.90399932861328,1.184,30.85300064086914,1.0,0.0,1046.0,12.914,104600.0,500.0,WR,136.0,0.596,13600.0
2001,00-0003663,Z.Crockett,LV,57.0,2.0,59.0,145.0,10.0,,6.0,0.0,6.0,3.4230000972747803,0.06499999761581421,3.48799991607666,0.059,1.565000057220459,0.0,1.0,155.0,2.627,2.9,14.6,RB,3.0,0.667,0.6
2002,00-0021191,A.Bryant,DAL,6.0,44.0,50.0,40.0,733.0,,0.0,6.0,6.0,-4.260000228881836,62.652000427246094,58.391998291015625,1.168,17.222000122070312,2.0,1.0,773.0,15.46,16.9,28.6,WR,93.0,0.473,20.8
2002,00-0006305,A.Green,GB,286.0,57.0,343.0,1240.0,393.0,,7.0,2.0,9.0,-19.152000427246094,17.933000564575195,-1.218000054359436,-0.004,-2.510999917984009,1.0,2.0,1633.0,4.761,28.7,22.0,RB,74.0,0.77,13.0
2002,00-0021190,A.Randle El,PIT,17.0,47.0,64.0,121.0,489.0,,0.0,2.0,2.0,5.478000164031982,31.444000244140625,36.922000885009766,0.577,9.829999923706055,2.0,0.0,610.0,9.531,10.2,5.0,RB,65.0,0.723,11.8
2002,00-0015091,A.Smith,NE,253.0,31.0,284.0,982.0,243.0,,6.0,2.0,8.0,-12.73900032043457,16.55699920654297,3.818000078201294,0.013,6.323999881744385,2.0,1.0,1225.0,4.313,23.4,21.6,RB,42.0,0.738,7.1
2002,00-0020403,A.Thomas,CHI,214.0,24.0,238.0,721.0,163.0,,6.0,0.0,6.0,-36.93000030517578,4.122000217437744,-32.80799865722656,-0.138,0.0,0.0,3.0,884.0,3.714,19.5,20.0,RB,41.0,0.585,7.7
2002,00-0016550,A.Toomer,NYG,1.0,82.0,83.0,2.0,1343.0,,0.0,8.0,8.0,-0.4350000023841858,134.5989990234375,134.16400146484375,1.616,44.60300064086914,4.0,0.0,1345.0,16.205,22.6,24.2,WR,134.0,0.612,24.7
2002,00-0018501,A.Zereoue,PIT,194.0,42.0,236.0,762.0,341.0,,4.0,0.0,4.0,-24.615999221801758,4.636000156402588,-19.979999542236328,-0.085,-3.7890000343322754,2.0,1.0,1103.0,4.674,18.5,10.0,RB,53.0,0.792,9.6
2002,00-0001098,B.Bennett,CIN,33.0,18.0,51.0,155.0,109.0,,0.0,0.0,0.0,-1.6729999780654907,-2.9860000610351562,-4.658999919891357,-0.091,0.460999995470047,0.0,0.0,264.0,5.176,4.9,0.0,RB,25.0,0.72,4.4
2002,00-0004915,B.Engram,,0.0,50.0,50.0,0.0,619.0,,0.0,0.0,0.0,0.0,62.02000045776367,62.02000045776367,1.24,12.064000129699707,0.0,0.0,619.0,12.38,61900.0,0.0,WR,72.0,0.694,7200.0
2002,00-0005231,B.Finneran,,0.0,56.0,56.0,0.0,838.0,,0.0,6.0,6.0,0.0,72.7300033569336,72.7300033569336,1.299,20.215999603271484,2.0,0.0,838.0,14.964,83800.0,600.0,WR,101.0,0.554,10100.0
2002,00-0019644,B.Franks,,0.0,54.0,54.0,0.0,442.0,,0.0,7.0,7.0,0.0,35.29899978637695,35.29899978637695,0.654,8.553000450134277,1.0,0.0,442.0,8.185,44200.0,700.0,TE,71.0,0.761,7100.0
2002,00-0011236,B.Miller,,0.0,51.0,51.0,0.0,613.0,,0.0,3.0,3.0,0.0,59.3650016784668,59.3650016784668,1.164,15.390000343322754,0.0,0.0,613.0,12.02,61300.0,300.0,WR,80.0,0.638,8000.0
2002,00-0021216,B.Westbrook,PHI,46.0,9.0,55.0,193.0,86.0,,0.0,0.0,0.0,-4.440000057220459,-0.7990000247955322,-5.238999843597412,-0.095,1.4459999799728394,0.0,1.0,279.0,5.073,5.2,0.0,RB,13.0,0.692,2.4
2002,00-0020446,C.Chambers,MIA,6.0,52.0,58.0,78.0,734.0,,0.0,3.0,3.0,4.420000076293945,64.61799621582031,69.03800201416016,1.19,23.836999893188477,1.0,0.0,812.0,14.0,15.0,7.3,WR,100.0,0.52,22.5
2002,00-0003396,C.Conway,LAC,6.0,57.0,63.0,31.0,852.0,,2.0,5.0,7.0,3.947000026702881,65.13200378417969,69.0790023803711,1.096,3.4070000648498535,0.0,0.0,883.0,14.016,16.5,19.4,WR,95.0,0.6,18.1
2002,00-0004304,C.Dillon,CIN,316.0,43.0,359.0,1300.0,298.0,,7.0,0.0,7.0,-11.145999908447266,4.730999946594238,-6.414999961853027,-0.018,-5.160999774932861,0.0,2.0,1598.0,4.451,29.7,25.0,RB,62.0,0.694,10.8
2002,00-0005779,C.Garner,LV,182.0,91.0,273.0,962.0,941.0,,7.0,4.0,11.0,24.034000396728516,72.53700256347656,96.5719985961914,0.354,19.584999084472656,3.0,0.0,1903.0,6.971,30.2,23.9,RB,111.0,0.82,18.2
2002,00-0020397,C.Johnson,,0.0,69.0,69.0,0.0,1166.0,,0.0,5.0,5.0,0.0,104.98500061035156,104.98500061035156,1.522,30.572999954223633,0.0,0.0,1166.0,16.899,116600.0,500.0,WR,137.0,0.504,13700.0
2002,00-0010442,C.Martin,NYJ,262.0,49.0,311.0,1094.0,362.0,,7.0,0.0,7.0,-5.195000171661377,12.574999809265137,7.38100004196167,0.024,7.38700008392334,2.0,0.0,1456.0,4.682,28.0,18.9,RB,56.0,0.875,11.6
2002,00-0021179,C.Portis,DEN,273.0,33.0,306.0,1508.0,364.0,,15.0,2.0,17.0,43.20600128173828,24.45599937438965,67.66200256347656,0.221,23.920000076293945,7.0,3.0,1872.0,6.118,29.7,41.5,RB,48.0,0.688,8.9
2002,00-0014450,C.Schlesinger,DET,49.0,35.0,84.0,139.0,263.0,,2.0,0.0,2.0,-17.163000106811523,10.194000244140625,-6.968999862670898,-0.083,1.3919999599456787,0.0,2.0,402.0,4.786,8.8,7.4,RB,54.0,0.648,9.6
2002,00-0000869,D.Bates,,0.0,50.0,50.0,0.0,689.0,,0.0,4.0,4.0,0.0,65.27200317382812,65.27200317382812,1.305,22.555999755859375,1.0,0.0,689.0,13.78,68900.0,400.0,WR,80.0,0.625,8000.0
2002,00-0020376,D.Brown,CAR,102.0,17.0,119.0,360.0,86.0,,4.0,1.0,5.0,-20.131999969482422,4.190000057220459,-15.942000389099121,-0.134,-9.468999862670898,5.0,3.0,446.0,3.748,10.0,19.2,RB,33.0,0.515,7.3
2002,00-0004541,D.Driver,GB,8.0,70.0,78.0,70.0,1064.0,,0.0,9.0,9.0,3.2690000534057617,94.59700012207031,97.86599731445312,1.255,17.541000366210938,2.0,0.0,1134.0,14.538,20.0,22.0,WR,113.0,0.619,19.8
2002,00-0019663,D.Jackson,SEA,3.0,62.0,65.0,3.0,877.0,,0.0,4.0,4.0,-1.5700000524520874,60.277000427246094,58.707000732421875,0.903,18.972000122070312,2.0,0.0,880.0,13.538,15.2,11.1,WR,112.0,0.554,19.4
2002,00-0009829,D.Levens,PHI,75.0,19.0,94.0,411.0,124.0,,1.0,1.0,2.0,0.06800000369548798,8.005000114440918,8.072999954223633,0.086,-1.7630000114440918,0.0,1.0,535.0,5.691,9.9,5.1,RB,28.0,0.679,5.2
2002,00-0010500,D.Mason,,0.0,79.0,79.0,0.0,1012.0,,0.0,5.0,5.0,0.0,93.64700317382812,93.64700317382812,1.185,19.857999801635742,1.0,0.0,1012.0,12.81,101200.0,500.0,WR,126.0,0.627,12600.0
2002,00-0020527,D.McAllister,NO,329.0,47.0,376.0,1388.0,352.0,,13.0,3.0,16.0,-14.90999984741211,16.844999313354492,1.934999942779541,0.005,-9.281999588012695,4.0,3.0,1740.0,4.628,33.5,38.1,RB,74.0,0.635,14.1
2002,00-0012642,D.Patten,NE,2.0,61.0,63.0,6.0,824.0,,0.0,5.0,5.0,-0.42100000381469727,67.6989974975586,67.27799987792969,1.068,7.642000198364258,1.0,0.0,830.0,13.175,15.8,13.5,WR,121.0,0.504,20.4
2002,00-0015523,D.Staley,PHI,270.0,51.0,321.0,1029.0,541.0,,5.0,3.0,8.0,-22.972000122070312,31.073999404907227,8.10200023651123,0.025,-2.743000030517578,4.0,0.0,1570.0,4.891,29.0,20.5,RB,69.0,0.739,12.8
2002,00-0016373,D.Thompson,WAS,10.0,53.0,63.0,77.0,773.0,,0.0,4.0,4.0,4.750999927520752,58.005001068115234,62.75600051879883,0.996,14.647000312805176,2.0,0.0,850.0,13.492,16.0,11.8,WR,93.0,0.57,17.0
2002,00-0019660,D.White,CHI,3.0,51.0,54.0,11.0,656.0,,0.0,4.0,4.0,-0.4869999885559082,52.119998931884766,51.63199996948242,0.956,9.472000122070312,2.0,0.0,667.0,12.352,14.7,13.3,WR,94.0,0.543,17.6
2002,00-0005883,E.George,TEN,345.0,36.0,381.0,1165.0,255.0,,12.0,2.0,14.0,-26.15399932861328,16.159000396728516,-9.996000289916992,-0.026,-1.371999979019165,5.0,1.0,1420.0,3.727,28.5,37.8,RB,46.0,0.783,9.3
2002,00-0008241,E.James,IND,278.0,61.0,339.0,989.0,354.0,,2.0,1.0,3.0,-31.718000411987305,-0.05900000035762787,-31.777000427246094,-0.094,-4.8520002365112305,0.0,1.0,1343.0,3.962,23.9,7.9,RB,80.0,0.762,13.5
2002,00-0009163,E.Kennison,KC,7.0,53.0,60.0,58.0,906.0,,0.0,2.0,2.0,1.465999960899353,83.72200012207031,85.18800354003906,1.42,20.246000289916992,0.0,0.0,964.0,16.067,16.3,3.8,WR,92.0,0.576,19.7
2002,00-0010650,E.McCaffrey,DEN,2.0,69.0,71.0,22.0,903.0,,0.0,2.0,2.0,-3.6470000743865967,74.01399993896484,70.36699676513672,0.991,14.055000305175781,0.0,1.0,925.0,13.028,14.7,4.9,WR,103.0,0.67,19.0
2002,00-0011770,E.Moulds,BUF,1.0,100.0,101.0,7.0,1292.0,,0.0,10.0,10.0,0.41499999165534973,117.02200317382812,117.43800354003906,1.163,29.084999084472656,3.0,0.0,1299.0,12.861,21.9,24.4,WR,180.0,0.556,29.9
2002,00-0015165,E.Smith,DAL,253.0,16.0,269.0,964.0,89.0,,5.0,0.0,5.0,-35.15999984741211,0.5889999866485596,-34.57099914550781,-0.129,-14.350000381469727,2.0,1.0,1053.0,3.914,23.0,23.8,RB,24.0,0.667,5.4
2002,00-0016098,F.Taylor,JAX,288.0,49.0,337.0,1314.0,408.0,,8.0,0.0,8.0,-86.91300201416016,17.51300048828125,-69.4000015258789,-0.206,-4.333000183105469,2.0,2.0,1722.0,5.11,36.2,22.9,RB,58.0,0.845,13.2
2002,00-0007180,G.Hearst,SF,215.0,48.0,263.0,972.0,317.0,,8.0,1.0,9.0,2.9839999675750732,4.257999897003174,7.242000102996826,0.028,-12.824999809265137,1.0,2.0,1289.0,4.901,23.5,24.3,RB,70.0,0.686,12.5
2002,00-0017162,H.Ward,PIT,11.0,112.0,123.0,122.0,1329.0,,0.0,12.0,12.0,6.3979997634887695,109.35099792480469,115.7490005493164,0.941,18.44099998474121,1.0,0.0,1451.0,11.797,24.3,30.0,WR,164.0,0.683,29.8
2002,00-0002099,I.Bruce,LA,3.0,79.0,82.0,18.0,1075.0,,0.0,7.0,7.0,0.656000018119812,67.53700256347656,68.19300079345703,0.832,15.300999641418457,2.0,0.0,1093.0,13.329,18.7,20.0,WR,130.0,0.608,21.0
2002,00-0000210,J.Allen,HOU,155.0,47.0,202.0,519.0,302.0,,0.0,0.0,0.0,-35.27399826049805,3.494999885559082,-31.77899932861328,-0.157,-3.572000026702881,0.0,1.0,821.0,4.064,22.1,0.0,RB,58.0,0.81,13.7
2002,00-0001215,J.Bettis,PIT,188.0,7.0,195.0,686.0,57.0,,9.0,0.0,9.0,-3.1649999618530273,3.8940000534057617,0.7289999723434448,0.004,-4.460000038146973,2.0,1.0,743.0,3.81,12.4,22.5,RB,9.0,0.778,1.6
2002,00-0005720,J.Galloway,DAL,4.0,61.0,65.0,31.0,908.0,,0.0,6.0,6.0,0.7129999995231628,66.99099731445312,67.7040023803711,1.042,0.7870000004768372,0.0,0.0,939.0,14.446,20.5,28.6,WR,120.0,0.508,26.8
2002,00-0007744,J.Horn,NO,1.0,88.0,89.0,2.0,1312.0,,0.0,7.0,7.0,-0.38100001215934753,127.63300323486328,127.25199890136719,1.43,21.374000549316406,0.0,0.0,1314.0,14.764,25.3,16.7,WR,150.0,0.587,28.7
2002,00-0019693,J.Lewis,BAL,308.0,47.0,355.0,1327.0,442.0,,6.0,1.0,7.0,-28.238000869750977,19.19300079345703,-9.045000076293945,-0.025,-6.1579999923706055,2.0,6.0,1769.0,4.983,36.6,24.1,RB,60.0,0.783,12.7
2002,00-0020700,J.Mungro,IND,99.0,13.0,112.0,336.0,81.0,,8.0,0.0,8.0,-20.40399932861328,2.51200008392334,-17.89299964904785,-0.16,-5.538000106811523,4.0,2.0,417.0,3.723,7.4,21.1,RB,16.0,0.812,2.7
2002,00-0019703,J.Porter,LV,4.0,51.0,55.0,6.0,688.0,,0.0,9.0,9.0,-2.2720000743865967,71.5479965209961,69.2760009765625,1.26,7.2179999351501465,1.0,0.0,694.0,12.618,11.0,19.6,WR,72.0,0.708,11.8
2002,00-0013639,J.Rice,LV,2.0,92.0,94.0,13.0,1211.0,,0.0,7.0,7.0,0.5230000019073486,110.38500213623047,110.90799713134766,1.18,20.729999542236328,0.0,0.0,1224.0,13.021,19.5,15.2,WR,150.0,0.613,24.5
2002,00-0021148,J.Shockey,,0.0,74.0,74.0,0.0,894.0,,0.0,2.0,2.0,0.0,66.11199951171875,66.11199951171875,0.893,23.106000900268555,1.0,0.0,894.0,12.081,89400.0,200.0,WR,128.0,0.578,12800.0
2002,00-0015218,J.Smith,JAX,1.0,80.0,81.0,2.0,1027.0,,0.0,7.0,7.0,-0.49799999594688416,55.917999267578125,55.41999816894531,0.684,6.611999988555908,2.0,0.0,1029.0,12.704,21.6,20.0,WR,140.0,0.571,31.8
2002,00-0015698,J.Stewart,DET,231.0,46.0,277.0,1021.0,333.0,,4.0,2.0,6.0,-15.366999626159668,13.9399995803833,-1.4270000457763672,-0.005,-0.781000018119812,1.0,0.0,1354.0,4.888,29.7,22.2,RB,70.0,0.657,12.5
2002,00-0016440,J.Thrash,PHI,18.0,52.0,70.0,126.0,635.0,,2.0,6.0,8.0,4.931000232696533,48.3129997253418,53.24399948120117,0.761,7.113999843597412,2.0,0.0,761.0,10.871,14.1,20.5,RB,107.0,0.486,19.8
2002,00-0021223,J.Wells,HOU,197.0,9.0,206.0,529.0,48.0,,3.0,0.0,3.0,-56.12799835205078,1.3480000495910645,-54.77899932861328,-0.266,-19.764999389648438,1.0,1.0,577.0,2.801,15.5,20.0,RB,12.0,0.75,2.8
2002,00-0019057,J.White,CLE,108.0,63.0,171.0,470.0,452.0,,3.0,0.0,3.0,2.5160000324249268,11.303999900817871,13.819999694824219,0.081,13.73799991607666,1.0,0.0,922.0,5.392,17.8,8.1,RB,86.0,0.733,15.8
2002,00-0020474,K.Barlow,SF,145.0,14.0,159.0,675.0,136.0,,4.0,1.0,5.0,2.121999979019165,8.947999954223633,11.069000244140625,0.07,1.503000020980835,0.0,1.0,811.0,5.101,14.8,13.5,RB,21.0,0.667,3.8
2002,00-0005091,K.Faulk,NE,53.0,37.0,90.0,271.0,379.0,,2.0,3.0,5.0,4.083000183105469,20.156999588012695,24.239999771118164,0.269,1.0049999952316284,0.0,0.0,650.0,7.222,12.4,13.5,RB,53.0,0.698,8.9
2002,00-0008560,K.Johnson,,0.0,67.0,67.0,0.0,703.0,,0.0,4.0,4.0,0.0,60.41400146484375,60.41400146484375,0.902,17.784000396728516,2.0,0.0,703.0,10.493,70300.0,400.0,WR,120.0,0.558,12000.0
2002,00-0008561,K.Johnson,,0.0,76.0,76.0,0.0,1088.0,,0.0,5.0,5.0,0.0,98.82499694824219,98.82499694824219,1.3,27.003999710083008,1.0,0.0,1088.0,14.316,108800.0,500.0,WR,144.0,0.528,14400.0
2002,00-0010668,K.McCardell,TB,1.0,61.0,62.0,3.0,670.0,,0.0,6.0,6.0,-0.07900000363588333,57.70500183105469,57.625999450683594,0.929,10.614999771118164,2.0,0.0,673.0,10.855,13.1,20.7,WR,101.0,0.604,18.3
2002,00-0020490,K.Robinson,SEA,8.0,78.0,86.0,56.0,1240.0,,0.0,5.0,5.0,1.6720000505447388,98.12300109863281,99.79499816894531,1.16,35.27199935913086,2.0,0.0,1296.0,15.07,22.4,13.9,WR,141.0,0.553,24.4
2002,00-0019808,K.Watson,WAS,116.0,32.0,148.0,534.0,253.0,,1.0,1.0,2.0,6.702000141143799,5.508999824523926,12.211000442504883,0.083,2.0390000343322754,1.0,0.0,787.0,5.318,14.8,5.9,RB,43.0,0.744,7.8
2002,00-0021184,L.Betts,WAS,65.0,12.0,77.0,307.0,154.0,,1.0,0.0,1.0,-9.532999992370605,6.758999824523926,-2.7739999294281006,-0.036,-3.86299991607666,1.0,1.0,461.0,5.987,8.7,2.9,RB,17.0,0.706,3.1
2002,00-0002846,L.Centers,BUF,11.0,43.0,54.0,56.0,388.0,,2.0,0.0,2.0,3.869999885559082,21.55699920654297,25.427000045776367,0.471,5.76200008392334,1.0,0.0,444.0,8.222,7.5,4.9,RB,63.0,0.683,10.5
2002,00-0018958,L.Coles,NYJ,6.0,89.0,95.0,39.0,1264.0,,0.0,5.0,5.0,1.2549999952316284,113.6500015258789,114.90499877929688,1.21,38.08700180053711,2.0,0.0,1303.0,13.716,25.1,13.5,WR,135.0,0.659,28.0
2002,00-0021209,L.Gordon,LA,65.0,30.0,95.0,228.0,278.0,,1.0,2.0,3.0,-20.21299934387207,21.774999618530273,1.562000036239624,0.016,-1.3990000486373901,0.0,2.0,506.0,5.326,8.7,8.6,RB,38.0,0.789,6.1
2002,00-0008568,L.Johnson,CHI,103.0,16.0,119.0,329.0,125.0,,1.0,0.0,1.0,-16.077999114990234,6.625999927520752,-9.45199966430664,-0.079,-4.556000232696533,1.0,1.0,454.0,3.815,10.0,3.3,RB,26.0,0.615,4.9
2002,00-0020462,L.Jordan,NYJ,84.0,17.0,101.0,316.0,160.0,,3.0,0.0,3.0,-18.19700050354004,9.4399995803833,-8.755999565124512,-0.087,-1.8830000162124634,1.0,2.0,476.0,4.713,9.2,8.1,RB,23.0,0.739,4.8
2002,00-0015242,L.Smith,CAR,209.0,20.0,229.0,737.0,167.0,,7.0,0.0,7.0,-29.63800048828125,0.39899998903274536,-29.23900032043457,-0.128,0.0,0.0,1.0,904.0,3.948,20.3,26.9,RB,26.0,0.769,5.8
2002,00-0020536,L.Tomlinson,LAC,372.0,79.0,451.0,1703.0,489.0,,14.0,1.0,15.0,1.527999997138977,14.388999938964844,15.916999816894531,0.035,-13.135000228881836,2.0,0.0,2192.0,4.86,40.9,41.7,RB,101.0,0.782,19.2
2002,00-0000251,M.Alstott,TB,146.0,35.0,181.0,548.0,242.0,,5.0,2.0,7.0,-16.413000106811523,8.081999778747559,-8.331000328063965,-0.046,1.0820000171661377,1.0,1.0,790.0,4.365,15.4,24.1,RB,49.0,0.714,8.9
2002,00-0019594,M.Anderson,DEN,84.0,18.0,102.0,386.0,167.0,,2.0,2.0,4.0,2.552999973297119,9.602999687194824,12.156999588012695,0.119,7.133999824523926,0.0,1.0,553.0,5.422,8.8,9.8,RB,24.0,0.75,4.4
2002,00-0020514,M.Bennett,MIN,255.0,37.0,292.0,1296.0,351.0,,5.0,1.0,6.0,-0.7179999947547913,16.694000244140625,15.97700023651123,0.055,6.0,1.0,2.0,1647.0,5.64,28.0,14.0,RB,41.0,0.902,7.5
2002,00-0001477,M.Booker,,0.0,98.0,98.0,0.0,1219.0,,0.0,7.0,7.0,0.0,96.54399871826172,96.54399871826172,0.985,12.565999984741211,1.0,0.0,1219.0,12.439,121900.0,700.0,WR,169.0,0.58,16900.0
2002,00-0003136,M.Cloud,KC,49.0,6.0,55.0,115.0,48.0,,2.0,0.0,2.0,-10.310999870300293,1.6319999694824219,-8.678999900817871,-0.158,-5.466000080108643,2.0,0.0,163.0,2.964,2.8,3.8,RB,9.0,0.667,1.9
2002,00-0004768,M.Edwards,NE,31.0,23.0,54.0,96.0,196.0,,0.0,0.0,0.0,-1.534000039100647,12.274999618530273,10.741000175476074,0.199,0.22200000286102295,0.0,0.0,292.0,5.407,5.6,0.0,RB,32.0,0.719,5.4
2002,00-0005092,M.Faulk,LA,212.0,80.0,292.0,953.0,537.0,,8.0,2.0,10.0,-5.853000164031982,18.06399917602539,12.211000442504883,0.042,-6.301000118255615,0.0,2.0,1490.0,5.103,25.5,28.6,RB,102.0,0.784,16.5
2002,00-0007024,M.Harrison,IND,2.0,143.0,145.0,10.0,1722.0,,0.0,11.0,11.0,0.2770000100135803,157.06199645996094,157.33900451660156,1.085,37.44900131225586,3.0,0.0,1732.0,11.945,30.9,28.9,WR,206.0,0.694,34.9
2002,00-0011795,M.Muhammad,CAR,3.0,63.0,66.0,40.0,823.0,,0.0,3.0,3.0,3.0299999713897705,65.72000122070312,68.75,1.042,23.51300048828125,2.0,0.0,863.0,13.076,19.3,11.5,WR,108.0,0.583,24.1
2002,00-0013013,M.Pittman,TB,204.0,59.0,263.0,718.0,477.0,,1.0,0.0,1.0,-31.764999389648438,18.409000396728516,-13.355999946594238,-0.051,4.874000072479248,1.0,2.0,1195.0,4.544,23.3,3.4,RB,86.0,0.686,15.6
2002,00-0020022,M.Shipp,ARI,188.0,38.0,226.0,834.0,413.0,,6.0,3.0,9.0,-16.42799949645996,23.31100082397461,6.883999824523926,0.03,-2.694999933242798,3.0,3.0,1247.0,5.518,27.2,34.6,RB,49.0,0.776,9.2
2002,00-0017892,M.Williams,MIN,84.0,27.0,111.0,414.0,225.0,,11.0,0.0,11.0,24.790000915527344,12.694000244140625,37.48400115966797,0.338,4.033999919891357,1.0,0.0,639.0,5.757,10.9,25.6,RB,41.0,0.659,7.5
2002,00-0019831,N.Goings,CAR,51.0,18.0,69.0,188.0,91.0,,0.0,0.0,0.0,-15.939000129699707,-2.5160000324249268,-18.454999923706055,-0.267,-10.932000160217285,0.0,1.0,279.0,4.043,6.3,0.0,RB,29.0,0.621,6.5
2002,00-0005816,O.Gary,DEN,37.0,18.0,55.0,147.0,148.0,,1.0,0.0,1.0,-4.761000156402588,7.369999885559082,2.6089999675750732,0.047,-1.3489999771118164,0.0,0.0,295.0,5.364,4.7,2.4,RB,20.0,0.9,3.7
2002,00-0019642,P.Burress,,0.0,78.0,78.0,0.0,1325.0,,0.0,7.0,7.0,0.0,113.41100311279297,113.41100311279297,1.454,38.691001892089844,1.0,0.0,1325.0,16.987,132500.0,700.0,WR,145.0,0.538,14500.0
2002,00-0007661,P.Holmes,KC,313.0,70.0,383.0,1615.0,672.0,,21.0,3.0,24.0,46.974998474121094,34.70100021362305,81.6760025024414,0.213,13.762999534606934,2.0,1.0,2287.0,5.971,38.7,46.2,RB,81.0,0.864,17.3
2002,00-0013232,P.Price,BUF,3.0,94.0,97.0,-13.0,1252.0,,0.0,9.0,9.0,-3.869999885559082,111.01599884033203,107.14600372314453,1.105,15.177000045776367,0.0,0.0,1239.0,12.773,20.9,22.0,WR,148.0,0.635,24.6
2002,00-0019455,P.Warrick,CIN,7.0,53.0,60.0,33.0,606.0,,0.0,6.0,6.0,-0.7649999856948853,46.777000427246094,46.01100158691406,0.767,14.222999572753906,3.0,0.0,639.0,10.65,11.9,21.4,WR,81.0,0.654,14.2
2002,00-0020427,Q.Morgan,CLE,3.0,56.0,59.0,-4.0,964.0,,0.0,7.0,7.0,-1.0779999494552612,70.69999694824219,69.62300109863281,1.18,21.43000030517578,3.0,0.0,960.0,16.271,18.5,18.9,WR,97.0,0.577,17.9
2002,00-0000339,R.Anderson,NYJ,5.0,45.0,50.0,27.0,257.0,,0.0,1.0,1.0,0.09099999815225601,6.4629998207092285,6.553999900817871,0.131,4.736999988555908,1.0,0.0,284.0,5.68,5.5,2.7,TE,56.0,0.804,11.6
2002,00-0019643,R.Dayne,NYG,125.0,11.0,136.0,428.0,49.0,,3.0,0.0,3.0,-17.135000228881836,-0.6890000104904175,-17.823999404907227,-0.131,-2.5810000896453857,2.0,1.0,477.0,3.507,8.0,9.1,RB,12.0,0.917,2.2
2002,00-0020525,R.Gardner,WAS,1.0,71.0,72.0,1.0,1006.0,,0.0,8.0,8.0,-0.37599998712539673,98.3010025024414,97.92500305175781,1.36,23.847999572753906,2.0,0.0,1007.0,13.986,18.9,23.5,WR,141.0,0.504,25.7
2002,00-0007579,R.Holcombe,TEN,47.0,10.0,57.0,242.0,91.0,,0.0,0.0,0.0,-4.6529998779296875,3.688999891281128,-0.9639999866485596,-0.017,0.6140000224113464,0.0,0.0,333.0,5.842,6.7,0.0,RB,11.0,0.909,2.2
2002,00-0011754,R.Moss,MIN,6.0,106.0,112.0,51.0,1347.0,,0.0,7.0,7.0,2.5820000171661377,113.3479995727539,115.92900085449219,1.035,39.59299850463867,3.0,0.0,1398.0,12.482,23.8,16.3,WR,184.0,0.576,33.8
2002,00-0015290,R.Smith,DEN,6.0,89.0,95.0,9.0,1027.0,,0.0,5.0,5.0,-2.561000108718872,78.68199920654297,76.12100219726562,0.801,18.084999084472656,1.0,0.0,1036.0,10.905,16.4,12.2,WR,147.0,0.605,27.1
2002,00-0017915,R.Williams,MIA,384.0,47.0,431.0,1863.0,363.0,,16.0,1.0,17.0,-12.125,20.180999755859375,8.057000160217285,0.019,1.968000054359436,4.0,5.0,2226.0,5.165,41.1,41.5,RB,60.0,0.783,13.5
2002,00-0019647,S.Alexander,SEA,295.0,59.0,354.0,1175.0,460.0,,16.0,2.0,18.0,-16.29599952697754,20.63800048828125,4.3420000076293945,0.012,-2.4000000953674316,5.0,1.0,1635.0,4.619,28.3,50.0,RB,78.0,0.756,13.5
2002,00-0004052,S.Davis,WAS,207.0,23.0,230.0,820.0,142.0,,7.0,1.0,8.0,-12.76099967956543,5.519000053405762,-7.242000102996826,-0.031,-0.5979999899864197,1.0,4.0,962.0,4.183,18.1,23.5,RB,33.0,0.697,6.0
2002,00-0010240,S.Mack,JAX,98.0,11.0,109.0,436.0,79.0,,9.0,0.0,9.0,-67.99099731445312,2.872999906539917,-65.11799621582031,-0.597,-2.502000093460083,1.0,0.0,515.0,4.725,10.8,25.7,RB,13.0,0.846,3.0
2002,00-0014722,S.Sharpe,,0.0,61.0,61.0,0.0,686.0,,0.0,3.0,3.0,0.0,54.88800048828125,54.88800048828125,0.9,15.684000015258789,0.0,0.0,686.0,11.246,68600.0,300.0,WR,89.0,0.685,8900.0
2002,00-0020337,S.Smith,CAR,1.0,54.0,55.0,-4.0,867.0,,0.0,3.0,3.0,-1.312000036239624,68.09300231933594,66.77999877929688,1.214,24.30500030517578,1.0,0.0,863.0,15.691,19.3,11.5,WR,97.0,0.557,21.6
2002,00-0000745,T.Barber,NYG,304.0,69.0,373.0,1387.0,597.0,,11.0,0.0,11.0,-36.867000579833984,23.599000930786133,-13.269000053405762,-0.036,4.741000175476074,4.0,5.0,1984.0,5.319,33.4,33.3,RB,95.0,0.726,17.5
2002,00-0002058,T.Brown,LV,6.0,81.0,87.0,19.0,930.0,,0.0,2.0,2.0,-1.0820000171661377,76.55400085449219,75.47200012207031,0.867,15.845999717712402,0.0,0.0,949.0,10.908,15.1,4.3,WR,127.0,0.638,20.8
2002,00-0002068,T.Brown,NE,3.0,97.0,100.0,14.0,890.0,,0.0,3.0,3.0,-1.475000023841858,61.99100112915039,60.51599884033203,0.605,13.29800033569336,1.0,0.0,904.0,9.04,17.3,8.1,TE,142.0,0.683,23.9
2002,00-0021376,T.Duckett,ATL,130.0,9.0,139.0,507.0,61.0,,4.0,0.0,4.0,-9.034000396728516,2.765000104904175,-6.26800012588501,-0.045,-0.671999990940094,0.0,0.0,568.0,4.086,11.0,11.1,RB,11.0,0.818,2.4
2002,00-0004673,T.Dwight,LAC,12.0,50.0,62.0,108.0,623.0,,1.0,2.0,3.0,4.11299991607666,56.56999969482422,60.68299865722656,0.979,16.246999740600586,1.0,0.0,731.0,11.79,13.6,8.3,WR,93.0,0.538,17.7
2002,00-0020964,T.Fisher,GB,70.0,18.0,88.0,283.0,70.0,,2.0,0.0,2.0,-1.8739999532699585,-4.889999866485596,-6.764999866485596,-0.077,-5.445000171661377,1.0,0.0,353.0,4.011,6.2,4.9,RB,22.0,0.818,3.9
2002,00-0006043,T.Glenn,,0.0,56.0,56.0,0.0,817.0,,0.0,2.0,2.0,0.0,62.4109992980957,62.4109992980957,1.114,15.3100004196167,1.0,0.0,817.0,14.589,81700.0,200.0,WR,106.0,0.528,10600.0
2002,00-0006101,T.Gonzalez,,0.0,63.0,63.0,0.0,773.0,,0.0,7.0,7.0,0.0,58.96900177001953,58.96900177001953,0.936,7.443999767303467,0.0,0.0,773.0,12.27,77300.0,700.0,WR,99.0,0.636,9900.0
2002,00-0019516,T.Hambrick,DAL,79.0,21.0,100.0,317.0,99.0,,1.0,0.0,1.0,-15.432999610900879,-5.429999828338623,-20.863000869750977,-0.209,-11.737000465393066,0.0,0.0,416.0,4.16,9.1,4.8,RB,24.0,0.875,5.4
2002,00-0020516,T.Heap,BAL,4.0,68.0,72.0,38.0,836.0,,0.0,6.0,6.0,1.8960000276565552,78.02999877929688,79.9260025024414,1.11,26.562999725341797,1.0,0.0,874.0,12.139,18.1,20.7,WR,123.0,0.553,26.0
2002,00-0020471,T.Henry,BUF,325.0,43.0,368.0,1438.0,309.0,,13.0,1.0,14.0,-32.4370002746582,14.456000328063965,-17.981000900268555,-0.049,-17.219999313354492,2.0,8.0,1747.0,4.747,29.5,34.1,RB,59.0,0.729,9.8
2002,00-0007681,T.Holt,LA,2.0,91.0,93.0,18.0,1302.0,,0.0,4.0,4.0,0.9369999766349792,110.18000030517578,111.11599731445312,1.195,36.04399871826172,2.0,0.0,1320.0,14.194,22.6,11.4,WR,160.0,0.569,25.9
2002,00-0019641,T.Jones,ARI,138.0,20.0,158.0,511.0,113.0,,2.0,0.0,2.0,-15.385000228881836,-1.86899995803833,-17.253999710083008,-0.109,0.0,0.0,2.0,624.0,3.949,13.6,7.7,RB,30.0,0.667,5.7
2002,00-0012478,T.Owens,SF,7.0,100.0,107.0,79.0,1300.0,,1.0,13.0,14.0,5.598999977111816,122.0270004272461,127.62699890136719,1.193,15.807000160217285,3.0,0.0,1379.0,12.888,25.1,37.8,WR,159.0,0.629,28.5
2002,00-0019606,T.Pinkston,PHI,1.0,60.0,61.0,-15.0,798.0,,0.0,7.0,7.0,-1.9049999713897705,71.25399780273438,69.3479995727539,1.137,16.895999908447266,2.0,0.0,783.0,12.836,14.5,17.9,WR,113.0,0.531,20.9
2002,00-0015811,T.Streets,,0.0,72.0,72.0,0.0,756.0,,0.0,5.0,5.0,0.0,65.74700164794922,65.74700164794922,0.913,18.952999114990234,3.0,0.0,756.0,10.5,75600.0,500.0,WR,109.0,0.661,10900.0
2002,00-0019721,T.Taylor,BAL,11.0,61.0,72.0,105.0,869.0,,0.0,6.0,6.0,3.009000062942505,79.36499786376953,82.3740005493164,1.144,29.81399917602539,2.0,0.0,974.0,13.528,20.2,20.7,WR,118.0,0.517,24.9
2002,00-0017486,T.Wheatley,LV,108.0,12.0,120.0,419.0,71.0,,2.0,0.0,2.0,-2.746000051498413,1.4190000295639038,-1.3270000219345093,-0.011,-1.4700000286102295,1.0,0.0,490.0,4.083,7.8,4.3,RB,20.0,0.6,3.3
2002,00-0002962,W.Chrebet,,0.0,51.0,51.0,0.0,691.0,,0.0,9.0,9.0,0.0,59.709999084472656,59.709999084472656,1.171,22.10099983215332,4.0,0.0,691.0,13.549,69100.0,900.0,WR,80.0,0.638,8000.0
2002,00-0004640,W.Dunn,ATL,230.0,50.0,280.0,927.0,377.0,,7.0,2.0,9.0,-20.301000595092773,15.487000465393066,-4.814000129699707,-0.017,-1.1449999809265137,1.0,2.0,1304.0,4.657,25.4,25.0,RB,65.0,0.769,14.3
2002,00-0021150,W.Green,CLE,244.0,16.0,260.0,898.0,113.0,,6.0,0.0,6.0,-30.275999069213867,-0.017000000923871994,-30.292999267578125,-0.117,3.931999921798706,4.0,1.0,1011.0,3.888,19.5,16.2,RB,27.0,0.593,5.0
2003,00-0022084,A.Boldin,ARI,5.0,101.0,106.0,40.0,1377.0,,0.0,8.0,8.0,1.3009999990463257,121.22000122070312,122.52100372314453,1.156,32.0,2.0,0.0,1417.0,13.368,31.6,36.4,WR,165.0,0.612,31.7
2003,00-0019794,A.Cason,DAL,40.0,17.0,57.0,220.0,142.0,,2.0,0.0,2.0,-2.799999952316284,-2.7869999408721924,-5.586999893188477,-0.098,0.0,0.0,1.0,362.0,6.351,7.1,7.4,RB,20.0,0.85,4.1
2003,00-0006305,A.Green,GB,355.0,50.0,405.0,1883.0,367.0,,15.0,5.0,20.0,19.38599967956543,22.95800018310547,42.34400177001953,0.105,8.9350004196167,6.0,5.0,2250.0,5.556,38.0,40.0,RB,60.0,0.833,12.8
2003,00-0006627,A.Hakim,DET,3.0,49.0,52.0,51.0,449.0,,0.0,4.0,4.0,3.8440001010894775,36.4379997253418,40.28200149536133,0.775,16.698999404907227,2.0,0.0,500.0,9.615,11.9,18.2,TE,109.0,0.45,18.8
2003,00-0021750,A.Harris,LA,86.0,15.0,101.0,255.0,102.0,,4.0,0.0,4.0,-9.58899974822998,-0.19499999284744263,-9.784000396728516,-0.097,2.2300000190734863,0.0,0.0,357.0,3.535,6.3,10.0,RB,19.0,0.789,3.2
2003,00-0022044,A.Johnson,HOU,5.0,66.0,71.0,-10.0,976.0,,0.0,4.0,4.0,-1.7630000114440918,87.61699676513672,85.8550033569336,1.209,13.873000144958496,0.0,0.0,966.0,13.606,22.5,14.3,WR,119.0,0.555,27.8
2003,00-0021190,A.Randle El,PIT,13.0,37.0,50.0,85.0,364.0,,0.0,1.0,1.0,-0.6320000290870667,28.083999633789062,27.45199966430664,0.549,7.210000038146973,0.0,0.0,449.0,8.98,9.0,3.4,RB,56.0,0.661,10.7
2003,00-0015091,A.Smith,NE,182.0,14.0,196.0,642.0,92.0,,3.0,0.0,3.0,-24.447999954223633,-3.0880000591278076,-27.535999298095703,-0.14,-15.053999900817871,1.0,0.0,734.0,3.745,14.0,9.7,RB,16.0,0.875,3.0
2003,00-0020403,A.Thomas,CHI,244.0,9.0,253.0,1024.0,36.0,,6.0,0.0,6.0,-4.441999912261963,-0.7540000081062317,-5.196000099182129,-0.021,-6.885000228881836,2.0,0.0,1060.0,4.19,24.0,25.0,RB,14.0,0.643,2.8
2003,00-0016550,A.Toomer,NYG,1.0,63.0,64.0,5.0,1057.0,,0.0,5.0,5.0,0.017999999225139618,91.85399627685547,91.87200164794922,1.435,17.96299934387207,1.0,0.0,1062.0,16.594,20.7,22.7,WR,152.0,0.414,25.2
2003,00-0018501,A.Zereoue,PIT,132.0,40.0,172.0,433.0,310.0,,2.0,0.0,2.0,-25.937000274658203,8.10099983215332,-17.836000442504883,-0.104,-5.238999843597412,0.0,0.0,743.0,4.32,14.8,6.9,RB,51.0,0.784,9.7
2003,00-0001098,B.Bennett,CIN,56.0,25.0,81.0,173.0,176.0,,0.0,1.0,1.0,-14.807999610900879,5.998000144958496,-8.8100004196167,-0.109,6.822999954223633,0.0,1.0,349.0,4.309,6.4,2.6,RB,32.0,0.781,6.3
2003,00-0004915,B.Engram,,0.0,52.0,52.0,0.0,631.0,,0.0,6.0,6.0,0.0,66.97100067138672,66.97100067138672,1.288,16.906999588012695,1.0,0.0,631.0,12.135,63100.0,600.0,WR,74.0,0.703,7400.0
2003,00-0021938,B.Forsey,CHI,50.0,3.0,53.0,191.0,37.0,,2.0,0.0,2.0,1.531999945640564,3.5209999084472656,5.053999900817871,0.095,-2.7149999141693115,0.0,0.0,228.0,4.302,5.2,8.3,RB,5.0,0.6,1.0
2003,00-0014729,B.Shaw,,0.0,56.0,56.0,0.0,732.0,,0.0,4.0,4.0,0.0,63.00699996948242,63.00699996948242,1.125,9.836999893188477,1.0,0.0,732.0,13.071,73200.0,400.0,WR,87.0,0.644,8700.0
2003,00-0021216,B.Westbrook,PHI,116.0,38.0,154.0,605.0,340.0,,7.0,4.0,11.0,15.706000328063965,24.042999267578125,39.75,0.258,11.081999778747559,3.0,0.0,945.0,6.136,19.1,28.2,RB,49.0,0.776,10.3
2003,00-0022092,C.Brown,TEN,56.0,8.0,64.0,221.0,61.0,,0.0,0.0,0.0,-11.062000274658203,2.6649999618530273,-8.397000312805176,-0.131,0.10899999737739563,0.0,0.0,282.0,4.406,5.1,0.0,RB,9.0,0.889,1.8
2003,00-0020270,C.Buckhalter,PHI,126.0,10.0,136.0,542.0,133.0,,8.0,1.0,9.0,-2.3919999599456787,8.23900032043457,5.8480000495910645,0.043,8.677000045776367,3.0,2.0,675.0,4.963,13.6,23.1,RB,14.0,0.714,2.9
2003,00-0020446,C.Chambers,MIA,4.0,64.0,68.0,30.0,963.0,,0.0,11.0,11.0,1.8910000324249268,94.47799682617188,96.36900329589844,1.417,26.81100082397461,2.0,0.0,993.0,14.603,20.8,35.5,WR,130.0,0.492,29.5
2003,00-0004304,C.Dillon,CIN,138.0,11.0,149.0,541.0,71.0,,2.0,0.0,2.0,-9.097999572753906,2.7750000953674316,-6.322999954223633,-0.042,-1.656000018119812,0.0,0.0,612.0,4.107,11.2,5.3,RB,18.0,0.611,3.6
2003,00-0005779,C.Garner,LV,120.0,48.0,168.0,553.0,386.0,,3.0,1.0,4.0,-0.08100000023841858,12.211000442504883,12.130000114440918,0.072,4.041999816894531,1.0,0.0,939.0,5.589,20.2,17.4,RB,70.0,0.686,13.9
2003,00-0020397,C.Johnson,,0.0,90.0,90.0,0.0,1355.0,,0.0,10.0,10.0,0.0,135.9080047607422,135.9080047607422,1.51,23.246999740600586,1.0,0.0,1355.0,15.056,135500.0,1000.0,WR,154.0,0.584,15400.0
2003,00-0010442,C.Martin,NYJ,323.0,42.0,365.0,1308.0,262.0,,2.0,0.0,2.0,-28.98200035095215,-1.4609999656677246,-30.44300079345703,-0.083,-1.1160000562667847,1.0,2.0,1570.0,4.301,30.7,7.4,RB,53.0,0.792,10.8
2003,00-0019590,C.Morton,WAS,47.0,16.0,63.0,213.0,190.0,,0.0,1.0,1.0,-2.071000099182129,15.581999778747559,13.51099967956543,0.214,2.875999927520752,1.0,0.0,403.0,6.397,8.4,3.4,RB,27.0,0.593,5.2
2003,00-0021179,C.Portis,DEN,290.0,38.0,328.0,1586.0,314.0,,14.0,0.0,14.0,36.83100128173828,7.363999843597412,44.19499969482422,0.135,17.503999710083008,7.0,1.0,1900.0,5.793,34.0,35.9,RB,51.0,0.745,11.1
2003,00-0021314,C.Taylor,BAL,64.0,20.0,84.0,276.0,132.0,,2.0,0.0,2.0,-6.910999774932861,6.190000057220459,-0.7210000157356262,-0.009,-2.8429999351501465,0.0,1.0,408.0,4.857,8.1,5.9,RB,27.0,0.741,6.7
2003,00-0001532,D.Boston,LAC,3.0,70.0,73.0,18.0,880.0,,0.0,7.0,7.0,0.33799999952316284,69.20999908447266,69.5479965209961,0.953,4.98199987411499,1.0,0.0,898.0,12.301,17.4,18.9,WR,116.0,0.603,22.9
2003,00-0021192,D.Branch,NE,1.0,57.0,58.0,11.0,803.0,,0.0,3.0,3.0,0.9769999980926514,75.05999755859375,76.03700256347656,1.311,14.295000076293945,0.0,0.0,814.0,14.034,15.5,9.7,WR,104.0,0.548,19.7
2003,00-0021979,D.Davis,HOU,238.0,47.0,285.0,1031.0,351.0,,8.0,0.0,8.0,-17.53499984741211,7.829999923706055,-9.704999923706055,-0.034,-11.934000015258789,3.0,2.0,1382.0,4.849,32.2,28.6,RB,68.0,0.691,15.9
2003,00-0004541,D.Driver,GB,5.0,52.0,57.0,51.0,621.0,,0.0,2.0,2.0,2.2899999618530273,55.09400177001953,57.382999420166016,1.007,22.226999282836914,1.0,0.0,672.0,11.789,11.4,4.0,WR,87.0,0.598,18.6
2003,00-0021164,D.Foster,CAR,113.0,26.0,139.0,429.0,207.0,,0.0,2.0,2.0,-18.850000381469727,-6.745999813079834,-25.59600067138672,-0.184,-11.79699993133545,2.0,1.0,636.0,4.576,12.1,7.4,RB,36.0,0.722,8.0
2003,00-0019539,D.Hall,KC,17.0,40.0,57.0,66.0,423.0,,0.0,1.0,1.0,-4.61299991607666,26.929000854492188,22.31599998474121,0.392,9.383999824523926,0.0,1.0,489.0,8.579,8.2,1.8,RB,61.0,0.656,11.5
2003,00-0019663,D.Jackson,,0.0,68.0,68.0,0.0,1137.0,,0.0,9.0,9.0,0.0,103.03399658203125,103.03399658203125,1.515,19.575000762939453,1.0,0.0,1137.0,16.721,113700.0,900.0,WR,130.0,0.523,13000.0
2003,00-0009829,D.Levens,NYG,68.0,5.0,73.0,197.0,39.0,,3.0,0.0,3.0,-8.097999572753906,3.058000087738037,-5.039000034332275,-0.069,-0.3930000066757202,1.0,0.0,236.0,3.233,4.6,13.6,RB,7.0,0.714,1.2
2003,00-0010500,D.Mason,TEN,3.0,95.0,98.0,11.0,1303.0,,0.0,8.0,8.0,1.468000054359436,113.37899780273438,114.84700012207031,1.172,32.15299987792969,3.0,0.0,1314.0,13.408,23.7,20.0,WR,134.0,0.709,27.3
2003,00-0020527,D.McAllister,NO,351.0,69.0,420.0,1641.0,511.0,,8.0,0.0,8.0,-22.54599952697754,24.219999313354492,1.6740000247955322,0.004,-23.3799991607666,0.0,4.0,2152.0,5.124,39.5,22.9,RB,86.0,0.802,16.5
2003,00-0019650,D.Northcutt,CLE,12.0,62.0,74.0,83.0,721.0,,0.0,2.0,2.0,2.690000057220459,61.979000091552734,64.66899871826172,0.874,19.898000717163086,0.0,0.0,804.0,10.865,17.0,8.3,WR,93.0,0.667,18.7
2003,00-0015523,D.Staley,PHI,97.0,36.0,133.0,457.0,382.0,,5.0,2.0,7.0,1.3200000524520874,24.177000045776367,25.496999740600586,0.192,9.717000007629395,3.0,1.0,839.0,6.308,16.9,17.9,RB,47.0,0.766,9.9
2003,00-0019660,D.White,CHI,2.0,49.0,51.0,13.0,583.0,,0.0,3.0,3.0,2.5789999961853027,47.255001068115234,49.83399963378906,0.977,7.363999843597412,0.0,0.0,596.0,11.686,13.5,12.5,WR,107.0,0.458,21.4
2003,00-0005883,E.George,TEN,312.0,22.0,334.0,1031.0,163.0,,5.0,0.0,5.0,-43.520999908447266,7.2729997634887695,-36.24700164794922,-0.109,-1.3769999742507935,0.0,0.0,1194.0,3.575,21.5,12.5,RB,31.0,0.71,6.3
2003,00-0008241,E.James,IND,309.0,51.0,360.0,1257.0,292.0,,11.0,0.0,11.0,-8.569999694824219,6.061999797821045,-2.507999897003174,-0.007,1.8819999694824219,4.0,3.0,1549.0,4.303,26.0,24.4,RB,71.0,0.718,12.6
2003,00-0009163,E.Kennison,KC,2.0,56.0,58.0,9.0,854.0,,0.0,5.0,5.0,-0.164000004529953,76.83399963378906,76.66999816894531,1.322,21.783000946044922,2.0,0.0,863.0,14.879,14.5,8.9,WR,100.0,0.56,18.8
2003,00-0011770,E.Moulds,,0.0,64.0,64.0,0.0,780.0,,0.0,1.0,1.0,0.0,61.66699981689453,61.66699981689453,0.964,8.704000473022461,0.0,0.0,780.0,12.188,78000.0,100.0,WR,122.0,0.525,12200.0
2003,00-0015165,E.Smith,ARI,90.0,14.0,104.0,256.0,107.0,,2.0,0.0,2.0,-14.166000366210938,2.76200008392334,-11.404000282287598,-0.11,-0.26600000262260437,1.0,0.0,363.0,3.49,8.1,9.1,RB,20.0,0.7,3.8
2003,00-0008749,F.Jones,,0.0,55.0,55.0,0.0,517.0,,0.0,3.0,3.0,0.0,33.801998138427734,33.801998138427734,0.615,5.117000102996826,0.0,0.0,517.0,9.4,51700.0,300.0,TE,89.0,0.618,8900.0
2003,00-0016098,F.Taylor,JAX,345.0,48.0,393.0,1572.0,370.0,,6.0,1.0,7.0,-12.057999610900879,8.204999923706055,-3.8529999256134033,-0.01,13.142000198364258,2.0,3.0,1942.0,4.941,36.3,25.0,RB,74.0,0.649,14.5
2003,00-0007180,G.Hearst,SF,178.0,25.0,203.0,768.0,211.0,,3.0,1.0,4.0,-14.574999809265137,13.409000396728516,-1.1660000085830688,-0.006,0.0,0.0,2.0,979.0,4.823,17.6,10.3,RB,38.0,0.658,7.6
2003,00-0017162,H.Ward,PIT,11.0,95.0,106.0,61.0,1163.0,,0.0,10.0,10.0,1.8289999961853027,108.88999938964844,110.71900177001953,1.045,22.281999588012695,1.0,0.0,1224.0,11.547,24.4,34.5,WR,156.0,0.609,29.8
2003,00-0002099,I.Bruce,LA,2.0,69.0,71.0,17.0,981.0,,0.0,5.0,5.0,-0.054999999701976776,83.51399993896484,83.45800018310547,1.175,8.513999938964844,2.0,0.0,998.0,14.056,17.5,12.5,WR,119.0,0.58,20.0
2003,00-0007468,I.Hilliard,NYG,2.0,60.0,62.0,19.0,608.0,,0.0,6.0,6.0,1.156000018119812,49.11899948120117,50.275001525878906,0.811,0.8090000152587891,0.0,0.0,627.0,10.113,12.2,27.3,WR,103.0,0.583,17.1
2003,00-0001215,J.Bettis,PIT,247.0,13.0,260.0,811.0,86.0,,7.0,0.0,7.0,-30.503000259399414,5.4679999351501465,-25.034000396728516,-0.096,-6.839000225067139,2.0,4.0,897.0,3.45,17.9,24.1,RB,22.0,0.591,4.2
2003,00-0022011,J.Griffith,ATL,38.0,21.0,59.0,168.0,122.0,,0.0,2.0,2.0,2.444000005722046,7.0279998779296875,9.472000122070312,0.161,5.755000114440918,1.0,0.0,290.0,4.915,6.7,6.5,RB,34.0,0.618,7.6
2003,00-0007744,J.Horn,NO,2.0,78.0,80.0,15.0,973.0,,0.0,10.0,10.0,0.4830000102519989,93.3290023803711,93.81199645996094,1.173,29.354000091552734,4.0,0.0,988.0,12.35,18.1,28.6,WR,130.0,0.6,25.0
2003,00-0020430,J.Jackson,CLE,102.0,14.0,116.0,382.0,114.0,,3.0,0.0,3.0,-15.97599983215332,4.547999858856201,-11.428000450134277,-0.099,1.2999999523162842,0.0,3.0,496.0,4.276,10.5,12.5,RB,18.0,0.778,3.6
2003,00-0019693,J.Lewis,BAL,388.0,26.0,414.0,2063.0,205.0,,14.0,0.0,14.0,-3.572000026702881,10.847000122070312,7.275000095367432,0.018,12.081000328063965,6.0,7.0,2268.0,5.478,45.0,41.2,RB,38.0,0.684,9.4
2003,00-0011727,J.Morton,KC,8.0,50.0,58.0,94.0,740.0,,0.0,4.0,4.0,3.131999969482422,69.28099822998047,72.41200256347656,1.248,16.207000732421875,0.0,0.0,834.0,14.379,14.0,7.1,WR,92.0,0.543,17.3
2003,00-0021166,J.Reed,BUF,3.0,58.0,61.0,38.0,588.0,,0.0,2.0,2.0,2.5850000381469727,42.08599853515625,44.67100143432617,0.732,6.808000087738037,1.0,0.0,626.0,10.262,13.3,8.3,WR,104.0,0.558,21.2
2003,00-0013639,J.Rice,,0.0,63.0,63.0,0.0,861.0,,0.0,2.0,2.0,0.0,64.03299713134766,64.03299713134766,1.016,20.878000259399414,1.0,0.0,861.0,13.667,86100.0,200.0,WR,124.0,0.508,12400.0
2003,00-0015218,J.Smith,,0.0,54.0,54.0,0.0,805.0,,0.0,4.0,4.0,0.0,65.27999877929688,65.27999877929688,1.209,15.642999649047852,1.0,0.0,805.0,14.907,80500.0,400.0,WR,112.0,0.482,11200.0
2003,00-0016440,J.Thrash,PHI,5.0,49.0,54.0,53.0,558.0,,0.0,1.0,1.0,0.9430000185966492,43.42499923706055,44.367000579833984,0.822,6.888000011444092,0.0,0.0,611.0,11.315,12.3,2.6,WR,92.0,0.533,19.4
2003,00-0019057,J.White,CLE,70.0,46.0,116.0,266.0,303.0,,1.0,1.0,2.0,-15.947999954223633,7.810999870300293,-8.13700008392334,-0.07,-5.823999881744385,1.0,1.0,569.0,4.905,12.0,8.3,RB,69.0,0.667,13.9
2003,00-0020474,K.Barlow,SF,201.0,35.0,236.0,1024.0,307.0,,6.0,1.0,7.0,-6.132999897003174,15.258000373840332,9.12399959564209,0.039,8.736000061035156,5.0,3.0,1331.0,5.64,23.9,17.9,RB,44.0,0.795,8.7
2003,00-0005091,K.Faulk,NE,178.0,48.0,226.0,638.0,434.0,,0.0,0.0,0.0,-33.42900085449219,23.363000869750977,-10.0649995803833,-0.045,-7.579999923706055,0.0,3.0,1072.0,4.743,20.4,0.0,RB,66.0,0.727,12.5
2003,00-0008560,K.Johnson,,0.0,58.0,58.0,0.0,634.0,,0.0,3.0,3.0,0.0,58.29999923706055,58.29999923706055,1.005,15.89900016784668,1.0,0.0,634.0,10.931,63400.0,300.0,WR,95.0,0.611,9500.0
2003,00-0010668,K.McCardell,,0.0,84.0,84.0,0.0,1180.0,,0.0,8.0,8.0,0.0,108.61900329589844,108.61900329589844,1.293,25.726999282836914,1.0,0.0,1180.0,14.048,118000.0,800.0,WR,138.0,0.609,13800.0
2003,00-0020490,K.Robinson,SEA,4.0,65.0,69.0,15.0,896.0,,0.0,4.0,4.0,-0.17100000381469727,72.75199890136719,72.58100128173828,1.052,11.635000228881836,1.0,0.0,911.0,13.203,15.8,9.3,WR,119.0,0.546,23.1
2003,00-0021184,L.Betts,WAS,77.0,15.0,92.0,255.0,167.0,,2.0,0.0,2.0,-4.956999778747559,7.767000198364258,2.809999942779541,0.031,-0.14300000667572021,0.0,0.0,422.0,4.587,8.8,6.9,RB,23.0,0.652,4.4
2003,00-0018958,L.Coles,WAS,10.0,82.0,92.0,39.0,1204.0,,0.0,6.0,6.0,-1.3489999771118164,95.48100280761719,94.13200378417969,1.023,22.83799934387207,2.0,0.0,1243.0,13.511,25.8,20.7,WR,159.0,0.516,30.8
2003,00-0021209,L.Gordon,LA,71.0,8.0,79.0,298.0,59.0,,1.0,0.0,1.0,-0.527999997138977,2.312000036239624,1.784000039100647,0.023,-0.19599999487400055,0.0,0.0,357.0,4.519,6.3,2.5,RB,13.0,0.615,2.2
2003,00-0020462,L.Jordan,NYJ,46.0,11.0,57.0,190.0,101.0,,4.0,0.0,4.0,1.809999942779541,0.28600001335144043,2.0959999561309814,0.037,-0.2029999941587448,0.0,0.0,291.0,5.105,5.7,14.8,RB,13.0,0.846,2.6
2003,00-0022180,L.Suggs,CLE,56.0,2.0,58.0,289.0,0.0,,2.0,0.0,2.0,3.5820000171661377,-0.9039999842643738,2.677999973297119,0.046,4.848999977111816,2.0,1.0,289.0,4.983,6.1,8.3,RB,4.0,0.5,0.8
2003,00-0022057,L.Toefield,JAX,53.0,14.0,67.0,212.0,105.0,,2.0,1.0,3.0,-0.2930000126361847,7.156000137329102,6.86299991607666,0.102,6.52400016784668,3.0,0.0,317.0,4.731,5.9,10.7,RB,16.0,0.875,3.1
2003,00-0020536,L.Tomlinson,LAC,313.0,100.0,413.0,1645.0,725.0,,13.0,4.0,17.0,22.691999435424805,20.87700080871582,43.569000244140625,0.105,24.538999557495117,8.0,0.0,2370.0,5.738,46.0,45.9,RB,137.0,0.73,27.0
2003,00-0019594,M.Anderson,DEN,70.0,12.0,82.0,257.0,53.0,,3.0,2.0,5.0,-3.809999942779541,1.0410000085830688,-2.7679998874664307,-0.034,-3.5910000801086426,1.0,0.0,310.0,3.78,5.5,12.8,RB,15.0,0.8,3.3
2003,00-0020514,M.Bennett,MIN,90.0,12.0,102.0,447.0,132.0,,1.0,0.0,1.0,0.18700000643730164,11.291999816894531,11.479000091552734,0.113,0.8090000152587891,0.0,1.0,579.0,5.676,9.5,2.2,RB,14.0,0.857,2.8
2003,00-0001477,M.Booker,CHI,3.0,52.0,55.0,-7.0,715.0,,0.0,4.0,4.0,-2.138000011444092,50.928001403808594,48.78900146484375,0.887,25.093000411987305,2.0,0.0,708.0,12.873,16.0,16.7,WR,105.0,0.495,21.0
2003,00-0005092,M.Faulk,LA,209.0,45.0,254.0,818.0,290.0,,10.0,1.0,11.0,-13.14900016784668,5.248000144958496,-7.900000095367432,-0.031,4.635000228881836,4.0,0.0,1108.0,4.362,19.4,27.5,RB,61.0,0.738,10.3
2003,00-0007024,M.Harrison,IND,1.0,94.0,95.0,3.0,1272.0,,0.0,10.0,10.0,-0.2770000100135803,99.44300079345703,99.16600036621094,1.044,19.632999420166016,2.0,0.0,1275.0,13.421,21.4,22.2,WR,142.0,0.662,25.1
2003,00-0011795,M.Muhammad,CAR,2.0,54.0,56.0,-2.0,837.0,,0.0,3.0,3.0,-2.384999990463257,69.43499755859375,67.05000305175781,1.197,22.170000076293945,1.0,0.0,835.0,14.911,15.8,11.1,WR,100.0,0.54,22.3
2003,00-0013013,M.Pittman,TB,187.0,75.0,262.0,751.0,596.0,,0.0,2.0,2.0,-20.440000534057617,22.854000091552734,2.4140000343322754,0.009,5.071000099182129,0.0,0.0,1347.0,5.141,24.3,6.2,RB,120.0,0.625,20.3
2003,00-0020022,M.Shipp,ARI,227.0,30.0,257.0,831.0,184.0,,0.0,0.0,0.0,-45.02399826049805,1.5119999647140503,-43.51100158691406,-0.169,-16.958999633789062,0.0,3.0,1015.0,3.949,22.7,0.0,RB,37.0,0.811,7.1
2003,00-0015830,M.Strong,SEA,37.0,29.0,66.0,174.0,216.0,,1.0,0.0,1.0,5.576000213623047,14.076000213623047,19.652000427246094,0.298,2.2239999771118164,0.0,1.0,390.0,5.909,6.8,2.3,RB,33.0,0.879,6.4
2003,00-0017892,M.Williams,MIN,174.0,65.0,239.0,745.0,616.0,,5.0,2.0,7.0,-8.66100025177002,47.034000396728516,38.37200164794922,0.161,3.9709999561309814,1.0,1.0,1361.0,5.695,22.4,15.6,RB,85.0,0.765,16.8
2003,00-0021252,N.Davenport,GB,77.0,6.0,83.0,420.0,38.0,,2.0,0.0,2.0,1.3930000066757202,1.0679999589920044,2.4609999656677246,0.03,-3.0190000534057617,0.0,1.0,458.0,5.518,7.7,4.0,RB,10.0,0.6,2.1
2003,00-0005816,O.Gary,DET,113.0,13.0,126.0,384.0,69.0,,2.0,0.0,2.0,-20.649999618530273,4.263999938964844,-16.38599967956543,-0.13,-0.7929999828338623,0.0,0.0,453.0,3.595,10.8,9.1,RB,22.0,0.591,3.8
2003,00-0022138,O.Smith,MIN,107.0,15.0,122.0,579.0,129.0,,5.0,0.0,5.0,11.668000221252441,6.988999843597412,18.656999588012695,0.153,18.312999725341797,3.0,0.0,708.0,5.803,11.6,11.1,RB,21.0,0.714,4.2
2003,00-0019642,P.Burress,PIT,1.0,60.0,61.0,-7.0,860.0,,0.0,4.0,4.0,-1.565999984741211,73.54900360107422,71.98200225830078,1.18,15.8149995803833,3.0,0.0,853.0,13.984,17.0,13.8,WR,124.0,0.484,23.7
2003,00-0007661,P.Holmes,KC,320.0,74.0,394.0,1420.0,690.0,,27.0,0.0,27.0,39.57400131225586,33.659000396728516,73.23300170898438,0.186,19.72100067138672,10.0,1.0,2110.0,5.355,35.4,48.2,RB,90.0,0.822,16.9
2003,00-0013232,P.Price,ATL,2.0,64.0,66.0,3.0,838.0,,0.0,3.0,3.0,-0.527999997138977,63.55099868774414,63.02299880981445,0.955,17.726999282836914,1.0,0.0,841.0,12.742,19.3,9.7,WR,141.0,0.454,31.6
2003,00-0019455,P.Warrick,CIN,17.0,80.0,97.0,143.0,833.0,,0.0,7.0,7.0,7.089000225067139,79.85600280761719,86.94400024414062,0.896,16.829999923706055,2.0,0.0,976.0,10.062,17.8,18.4,WR,123.0,0.65,24.4
2003,00-0022095,Q.Griffin,DEN,94.0,8.0,102.0,345.0,61.0,,0.0,0.0,0.0,-6.160999774932861,3.9790000915527344,-2.183000087738037,-0.021,5.361999988555908,0.0,1.0,406.0,3.98,7.3,0.0,RB,11.0,0.727,2.4
2003,00-0000339,R.Anderson,DAL,70.0,69.0,139.0,306.0,493.0,,1.0,4.0,5.0,-1.1349999904632568,15.434000015258789,14.298999786376953,0.103,8.0649995803833,2.0,0.0,799.0,5.748,15.6,18.5,RB,87.0,0.793,17.7
2003,00-0021357,R.Cartwright,WAS,107.0,18.0,125.0,411.0,176.0,,4.0,0.0,4.0,2.234999895095825,8.956000328063965,11.1899995803833,0.09,-0.8669999837875366,1.0,1.0,587.0,4.696,12.2,13.8,RB,27.0,0.667,5.2
2003,00-0020525,R.Gardner,,0.0,59.0,59.0,0.0,600.0,,0.0,5.0,5.0,0.0,49.6609992980957,49.6609992980957,0.842,9.109000205993652,1.0,0.0,600.0,10.169,60000.0,500.0,WR,115.0,0.513,11500.0
2003,00-0007579,R.Holcombe,TEN,64.0,19.0,83.0,201.0,121.0,,1.0,1.0,2.0,-17.16699981689453,1.8980000019073486,-15.269000053405762,-0.184,1.6100000143051147,1.0,1.0,322.0,3.88,5.8,5.0,RB,25.0,0.76,5.1
2003,00-0011754,R.Moss,MIN,6.0,111.0,117.0,18.0,1632.0,,0.0,18.0,18.0,-0.09799999743700027,144.00100708007812,143.9029998779297,1.23,36.8849983215332,6.0,0.0,1650.0,14.103,27.1,40.0,WR,172.0,0.645,34.1
2003,00-0015290,R.Smith,DEN,10.0,74.0,84.0,98.0,846.0,,0.0,3.0,3.0,4.684999942779541,61.70100021362305,66.38600158691406,0.79,19.61400032043457,1.0,0.0,944.0,11.238,16.9,7.7,WR,114.0,0.649,24.9
2003,00-0020498,R.Wayne,,0.0,68.0,68.0,0.0,838.0,,0.0,7.0,7.0,0.0,79.57499694824219,79.57499694824219,1.17,7.486000061035156,1.0,0.0,838.0,12.324,83800.0,700.0,WR,107.0,0.636,10700.0
2003,00-0017915,R.Williams,MIA,392.0,50.0,442.0,1372.0,351.0,,9.0,1.0,10.0,-58.54399871826172,4.559000015258789,-53.98500061035156,-0.122,-8.069999694824219,2.0,4.0,1723.0,3.898,36.2,32.3,RB,62.0,0.806,14.1
2003,00-0020739,R.Williams,IND,48.0,22.0,70.0,155.0,157.0,,2.0,1.0,3.0,-6.734000205993652,6.000999927520752,-0.734000027179718,-0.01,0.16200000047683716,0.0,1.0,312.0,4.457,5.2,6.7,RB,29.0,0.759,5.1
2003,00-0020407,Ru.Johnson,CIN,214.0,21.0,235.0,967.0,146.0,,9.0,0.0,9.0,3.7890000343322754,6.296999931335449,10.086000442504883,0.043,9.097000122070312,4.0,0.0,1113.0,4.736,20.3,23.7,RB,23.0,0.913,4.6
2003,00-0019647,S.Alexander,SEA,326.0,42.0,368.0,1435.0,295.0,,14.0,2.0,16.0,-6.803999900817871,20.156999588012695,13.354000091552734,0.036,7.27400016784668,5.0,3.0,1730.0,4.701,30.1,37.2,RB,59.0,0.712,11.4
2003,00-0002159,S.Bryson,DET,158.0,54.0,212.0,606.0,340.0,,3.0,0.0,3.0,-15.550000190734863,-1.5980000495910645,-17.148000717163086,-0.081,-2.0399999618530273,1.0,0.0,946.0,4.462,22.5,13.6,RB,72.0,0.75,12.4
2003,00-0004052,S.Davis,CAR,318.0,14.0,332.0,1444.0,159.0,,8.0,0.0,8.0,-11.657999992370605,11.78600025177002,0.12800000607967377,0.0,2.8269999027252197,1.0,3.0,1603.0,4.828,30.4,29.6,RB,17.0,0.824,3.8
2003,00-0010240,S.Mack,HOU,94.0,9.0,103.0,253.0,55.0,,4.0,0.0,4.0,-19.915000915527344,-2.9779999256134033,-22.89299964904785,-0.222,0.0,0.0,1.0,308.0,2.99,7.2,14.3,RB,12.0,0.75,2.8
2003,00-0020494,S.Moss,NYJ,10.0,74.0,84.0,67.0,1105.0,,0.0,10.0,10.0,2.61299991607666,91.31400299072266,93.9260025024414,1.118,18.183000564575195,0.0,0.0,1172.0,13.952,22.9,37.0,WR,118.0,0.627,23.9
2003,00-0014722,S.Sharpe,,0.0,62.0,62.0,0.0,770.0,,0.0,8.0,8.0,0.0,69.53600311279297,69.53600311279297,1.122,15.717000007629395,0.0,0.0,770.0,12.419,77000.0,800.0,WR,94.0,0.66,9400.0
2003,00-0020337,S.Smith,CAR,11.0,88.0,99.0,42.0,1078.0,,0.0,7.0,7.0,-1.2549999952316284,79.84300231933594,78.58799743652344,0.794,17.340999603271484,1.0,0.0,1120.0,11.313,21.3,25.9,WR,141.0,0.624,31.4
2003,00-0000745,T.Barber,NYG,279.0,69.0,348.0,1215.0,461.0,,2.0,1.0,3.0,-35.51599884033203,18.72599983215332,-16.790000915527344,-0.048,1.9470000267028809,0.0,5.0,1676.0,4.816,32.7,13.6,RB,98.0,0.704,16.2
2003,00-0002058,T.Brown,LV,1.0,51.0,52.0,4.0,563.0,,0.0,2.0,2.0,-0.07999999821186066,41.25400161743164,41.17399978637695,0.792,6.044000148773193,0.0,0.0,567.0,10.904,12.2,8.7,WR,93.0,0.548,18.5
2003,00-0019649,T.Canidate,WAS,142.0,10.0,152.0,597.0,71.0,,1.0,1.0,2.0,-1.8489999771118164,2.5480000972747803,0.6990000009536743,0.005,-0.9950000047683716,0.0,0.0,668.0,4.395,13.9,6.9,RB,15.0,0.667,2.9
2003,00-0021376,T.Duckett,ATL,197.0,11.0,208.0,779.0,94.0,,11.0,0.0,11.0,-10.329999923706055,2.7799999713897705,-7.550000190734863,-0.036,-14.26200008392334,3.0,2.0,873.0,4.197,20.1,35.5,RB,13.0,0.846,2.9
2003,00-0020964,T.Fisher,GB,40.0,21.0,61.0,200.0,206.0,,1.0,2.0,3.0,-0.6190000176429749,18.006000518798828,17.386999130249023,0.285,4.046000003814697,0.0,0.0,406.0,6.656,6.9,6.0,RB,25.0,0.84,5.3
2003,00-0006043,T.Glenn,DAL,3.0,52.0,55.0,55.0,754.0,,0.0,5.0,5.0,2.6440000534057617,63.22200012207031,65.86599731445312,1.198,10.303999900817871,0.0,0.0,809.0,14.709,15.8,18.5,WR,96.0,0.542,19.6
2003,00-0006101,T.Gonzalez,,0.0,71.0,71.0,0.0,915.0,,0.0,10.0,10.0,0.0,76.8550033569336,76.8550033569336,1.082,23.46299934387207,2.0,0.0,915.0,12.887,91500.0,1000.0,WR,107.0,0.664,10700.0
2003,00-0019516,T.Hambrick,DAL,275.0,17.0,292.0,972.0,99.0,,5.0,0.0,5.0,-36.47800064086914,2.690000057220459,-33.78799819946289,-0.116,4.666999816894531,0.0,3.0,1071.0,3.668,20.9,18.5,RB,24.0,0.708,4.9
2003,00-0020516,T.Heap,BAL,3.0,57.0,60.0,21.0,693.0,,0.0,3.0,3.0,0.984000027179718,51.44300079345703,52.42599868774414,0.874,8.602999687194824,1.0,0.0,714.0,11.9,14.2,8.8,WR,115.0,0.496,28.3
2003,00-0020471,T.Henry,BUF,332.0,28.0,360.0,1353.0,158.0,,10.0,1.0,11.0,-18.01300048828125,7.723999977111816,-10.288999557495117,-0.029,-5.999000072479248,1.0,4.0,1511.0,4.197,32.1,45.8,RB,40.0,0.7,8.2
2003,00-0007681,T.Holt,LA,1.0,117.0,118.0,5.0,1696.0,,0.0,12.0,12.0,0.06400000303983688,160.58799743652344,160.65199279785156,1.361,26.590999603271484,2.0,0.0,1701.0,14.415,29.8,30.0,WR,183.0,0.639,30.8
2003,00-0019641,T.Jones,TB,137.0,24.0,161.0,627.0,180.0,,3.0,0.0,3.0,-13.085000038146973,5.554999828338623,-7.53000020980835,-0.047,1.8380000591278076,1.0,1.0,807.0,5.012,14.5,9.4,RB,31.0,0.774,5.3
2003,00-0012478,T.Owens,SF,3.0,80.0,83.0,-2.0,1102.0,,0.0,9.0,9.0,-3.3259999752044678,94.46099853515625,91.13500213623047,1.098,21.176000595092773,3.0,0.0,1100.0,13.253,19.7,23.1,WR,146.0,0.548,29.0
2003,00-0019721,T.Taylor,BAL,11.0,39.0,50.0,62.0,632.0,,0.0,3.0,3.0,0.3330000042915344,59.595001220703125,59.928001403808594,1.199,11.902999877929688,0.0,0.0,694.0,13.88,13.8,8.8,RB,90.0,0.433,22.2
2003,00-0017486,T.Wheatley,LV,159.0,12.0,171.0,678.0,120.0,,4.0,0.0,4.0,-7.256999969482422,4.781000137329102,-2.4760000705718994,-0.014,0.7749999761581421,1.0,2.0,798.0,4.667,17.1,17.4,RB,18.0,0.667,3.6
2003,00-0004640,W.Dunn,ATL,125.0,37.0,162.0,672.0,336.0,,3.0,2.0,5.0,8.593000411987305,6.665999889373779,15.258999824523926,0.094,0.0,0.0,0.0,1008.0,6.222,23.2,16.1,RB,52.0,0.712,11.7
2003,00-0021150,W.Green,CLE,142.0,10.0,152.0,559.0,50.0,,1.0,0.0,1.0,-23.8439998626709,2.177000045776367,-21.667999267578125,-0.143,0.0,0.0,2.0,609.0,4.007,12.9,4.2,RB,14.0,0.714,2.8
2003,00-0003663,Z.Crockett,LV,48.0,7.0,55.0,145.0,53.0,,7.0,0.0,7.0,4.836999893188477,0.8370000123977661,5.673999786376953,0.103,-2.681999921798706,1.0,1.0,198.0,3.6,4.2,30.4,RB,12.0,0.583,2.4
2004,00-0022084,A.Boldin,ARI,1.0,56.0,57.0,3.0,623.0,,0.0,1.0,1.0,-0.2930000126361847,54.40800094604492,54.1150016784668,0.949,27.496999740600586,1.0,0.0,626.0,10.982,13.2,3.6,WR,104.0,0.538,19.6
2004,00-0021191,A.Bryant,,0.0,58.0,58.0,0.0,812.0,,0.0,4.0,4.0,0.0,65.84600067138672,65.84600067138672,1.135,7.702000141143799,0.0,0.0,812.0,14.0,81200.0,400.0,WR,99.0,0.586,9900.0
2004,00-0021547,A.Gates,,0.0,81.0,81.0,0.0,964.0,,0.0,13.0,13.0,0.0,105.87699890136719,105.87699890136719,1.307,15.984999656677246,2.0,0.0,964.0,11.901,96400.0,1300.0,WR,114.0,0.711,11400.0
2004,00-0006305,A.Green,GB,259.0,40.0,299.0,1163.0,275.0,,7.0,1.0,8.0,-13.713000297546387,10.868000030517578,-2.8450000286102295,-0.01,-4.964000225067139,1.0,4.0,1438.0,4.809,22.4,17.8,RB,51.0,0.784,8.6
2004,00-0022044,A.Johnson,HOU,4.0,79.0,83.0,12.0,1142.0,,0.0,6.0,6.0,-0.597000002861023,94.6510009765625,94.05500030517578,1.133,11.991999626159668,1.0,0.0,1154.0,13.904,22.5,18.8,WR,138.0,0.572,30.0
2004,00-0021152,A.Lelie,DEN,3.0,54.0,57.0,5.0,1084.0,,0.0,7.0,7.0,-1.7109999656677246,97.51699829101562,95.80599975585938,1.681,21.381999969482422,1.0,0.0,1089.0,19.105,17.4,17.9,WR,102.0,0.529,20.3
2004,00-0022006,A.Pinner,DET,57.0,11.0,68.0,174.0,72.0,,2.0,0.0,2.0,-4.23199987411499,1.468000054359436,-2.765000104904175,-0.041,0.0,0.0,0.0,246.0,3.618,5.2,7.7,RB,11.0,1.0,2.2
2004,00-0021190,A.Randle El,PIT,8.0,43.0,51.0,34.0,601.0,,0.0,3.0,3.0,-0.6850000023841858,46.847999572753906,46.16299819946289,0.905,23.604999542236328,2.0,0.0,635.0,12.451,12.0,8.6,WR,63.0,0.683,17.8
2004,00-0015091,A.Smith,TEN,137.0,22.0,159.0,509.0,169.0,,4.0,0.0,4.0,-18.586999893188477,5.705999851226807,-12.880000114440918,-0.081,-2.8299999237060547,2.0,1.0,678.0,4.264,12.0,10.3,RB,26.0,0.846,4.5
2004,00-0015601,A.Stecker,NO,58.0,29.0,87.0,244.0,174.0,,2.0,0.0,2.0,-12.914999961853027,-0.1509999930858612,-13.0649995803833,-0.15,3.0329999923706055,1.0,1.0,418.0,4.805,8.0,5.7,RB,38.0,0.763,7.2
2004,00-0020403,A.Thomas,CHI,122.0,17.0,139.0,404.0,132.0,,2.0,0.0,2.0,-24.250999450683594,5.754000186920166,-18.496999740600586,-0.133,-0.07599999755620956,0.0,1.0,536.0,3.856,12.9,11.1,RB,23.0,0.739,4.9
2004,00-0016550,A.Toomer,,0.0,51.0,51.0,0.0,747.0,,0.0,0.0,0.0,0.0,57.340999603271484,57.340999603271484,1.124,11.065999984741211,0.0,0.0,747.0,14.647,74700.0,0.0,WR,107.0,0.477,10700.0
2004,00-0018501,A.Zereoue,LV,112.0,39.0,151.0,425.0,284.0,,3.0,0.0,3.0,-15.00100040435791,13.038999557495117,-1.9620000123977661,-0.013,-1.7200000286102295,0.0,1.0,709.0,4.695,13.5,8.8,RB,48.0,0.812,8.5
2004,00-0019100,B.Hoover,CAR,68.0,21.0,89.0,246.0,161.0,,0.0,2.0,2.0,-5.1519999504089355,9.395000457763672,4.24399995803833,0.048,1.649999976158142,0.0,0.0,407.0,4.573,7.6,5.1,RB,32.0,0.656,6.1
2004,00-0022156,B.Johnson,ARI,2.0,49.0,51.0,-6.0,537.0,,0.0,1.0,1.0,-1.7489999532699585,45.417999267578125,43.667999267578125,0.856,15.145000457763672,0.0,0.0,531.0,10.412,11.2,3.6,WR,102.0,0.48,19.2
2004,00-0015754,B.Stokley,,0.0,68.0,68.0,0.0,1077.0,,0.0,10.0,10.0,0.0,97.68399810791016,97.68399810791016,1.437,16.695999145507812,1.0,0.0,1077.0,15.838,107700.0,1000.0,WR,102.0,0.667,10200.0
2004,00-0022144,B.Wade,CHI,12.0,42.0,54.0,76.0,481.0,,0.0,0.0,0.0,3.553999900817871,28.981000900268555,32.53499984741211,0.602,7.0960001945495605,0.0,0.0,557.0,10.315,13.4,0.0,RB,89.0,0.472,19.1
2004,00-0021216,B.Westbrook,PHI,178.0,73.0,251.0,808.0,703.0,,3.0,6.0,9.0,-0.8349999785423279,44.79199981689453,43.957000732421875,0.175,7.7769999504089355,0.0,0.0,1511.0,6.02,26.8,22.5,RB,87.0,0.839,16.0
2004,00-0022092,C.Brown,TEN,220.0,20.0,240.0,1067.0,147.0,,6.0,0.0,6.0,-18.35700035095215,5.158999919891357,-13.196999549865723,-0.055,-2.4489998817443848,1.0,4.0,1214.0,5.058,21.5,15.4,RB,33.0,0.606,5.7
2004,00-0020446,C.Chambers,MIA,9.0,69.0,78.0,76.0,878.0,,0.0,7.0,7.0,-2.6670000553131104,82.44100189208984,79.77400207519531,1.023,20.097999572753906,1.0,1.0,954.0,12.231,20.6,25.0,WR,140.0,0.493,24.2
2004,00-0004304,C.Dillon,NE,346.0,15.0,361.0,1635.0,103.0,,12.0,1.0,13.0,11.194000244140625,-0.1289999932050705,11.0649995803833,0.031,4.943999767303467,4.0,3.0,1738.0,4.814,29.5,29.5,RB,21.0,0.714,4.4
2004,00-0020397,C.Johnson,CIN,4.0,95.0,99.0,39.0,1274.0,,0.0,9.0,9.0,2.322999954223633,111.16600036621094,113.48999786376953,1.146,20.011999130249023,3.0,0.0,1313.0,13.263,24.9,24.3,WR,170.0,0.559,32.6
2004,00-0010442,C.Martin,NYJ,371.0,41.0,412.0,1697.0,245.0,,12.0,2.0,14.0,18.85099983215332,4.804999828338623,23.655000686645508,0.057,7.040999889373779,2.0,0.0,1942.0,4.714,35.3,41.2,RB,49.0,0.837,11.2
2004,00-0021179,C.Portis,WAS,343.0,40.0,383.0,1315.0,235.0,,5.0,2.0,7.0,-43.25299835205078,4.271999835968018,-38.98099899291992,-0.102,-12.803999900817871,2.0,4.0,1550.0,4.047,34.0,29.2,RB,57.0,0.702,11.2
2004,00-0021314,C.Taylor,BAL,160.0,30.0,190.0,714.0,184.0,,2.0,0.0,2.0,-19.257999420166016,7.243000030517578,-12.015000343322754,-0.063,-2.3529999256134033,0.0,1.0,898.0,4.726,20.1,8.7,RB,38.0,0.789,8.5
2004,00-0019976,D.Bennett,TEN,1.0,80.0,81.0,12.0,1247.0,,0.0,11.0,11.0,1.121000051498413,123.10299682617188,124.2249984741211,1.534,49.19499969482422,6.0,0.0,1259.0,15.543,22.3,28.2,WR,144.0,0.556,24.7
2004,00-0020315,D.Blaylock,KC,118.0,25.0,143.0,539.0,244.0,,8.0,1.0,9.0,11.378999710083008,11.928999900817871,23.30900001525879,0.163,2.9119999408721924,1.0,0.0,783.0,5.476,11.5,15.5,RB,36.0,0.694,6.5
2004,00-0021979,D.Davis,HOU,301.0,69.0,370.0,1180.0,596.0,,13.0,1.0,14.0,-27.746000289916992,21.584999084472656,-6.160999774932861,-0.017,12.302000045776367,4.0,2.0,1776.0,4.8,34.6,43.8,RB,85.0,0.812,18.5
2004,00-0004541,D.Driver,GB,3.0,84.0,87.0,4.0,1208.0,,0.0,9.0,9.0,-7.2210001945495605,101.48300170898438,94.26200103759766,1.083,34.21099853515625,3.0,1.0,1212.0,13.931,18.9,20.0,WR,139.0,0.604,23.3
2004,00-0021164,D.Foster,CAR,59.0,9.0,68.0,255.0,66.0,,2.0,0.0,2.0,0.38999998569488525,-0.1379999965429306,0.25200000405311584,0.004,0.0,0.0,0.0,321.0,4.721,6.0,5.1,RB,9.0,1.0,1.7
2004,00-0021353,D.Givens,,0.0,56.0,56.0,0.0,872.0,,0.0,3.0,3.0,0.0,78.41699981689453,78.41699981689453,1.4,6.8460001945495605,0.0,0.0,872.0,15.571,87200.0,300.0,WR,106.0,0.528,10600.0
2004,00-0019663,D.Jackson,,0.0,87.0,87.0,0.0,1207.0,,0.0,7.0,7.0,0.0,104.99400329589844,104.99400329589844,1.207,26.47100067138672,2.0,0.0,1207.0,13.874,120700.0,700.0,WR,157.0,0.554,15700.0
2004,00-0009829,D.Levens,PHI,94.0,9.0,103.0,410.0,92.0,,4.0,0.0,4.0,6.270999908447266,6.853000164031982,13.125,0.127,6.119999885559082,2.0,0.0,502.0,4.874,8.9,10.0,RB,14.0,0.643,2.6
2004,00-0010500,D.Mason,TEN,1.0,96.0,97.0,-3.0,1168.0,,0.0,7.0,7.0,-0.9269999861717224,106.8759994506836,105.94999694824219,1.092,27.538000106811523,2.0,0.0,1165.0,12.01,20.6,17.9,WR,159.0,0.604,27.3
2004,00-0020527,D.McAllister,NO,269.0,34.0,303.0,1074.0,228.0,,9.0,0.0,9.0,-37.34199905395508,2.2109999656677246,-35.13100051879883,-0.116,-9.456000328063965,3.0,4.0,1302.0,4.297,24.8,25.7,RB,48.0,0.708,9.0
2004,00-0019650,D.Northcutt,CLE,8.0,55.0,63.0,19.0,806.0,,0.0,2.0,2.0,-1.1460000276565552,47.76300048828125,46.61800003051758,0.74,18.232999801635742,2.0,0.0,825.0,13.095,18.1,7.7,WR,94.0,0.585,22.3
2004,00-0019863,D.Rhodes,IND,53.0,2.0,55.0,254.0,24.0,,1.0,0.0,1.0,-7.078000068664551,2.890000104904175,-4.188000202178955,-0.076,-7.060999870300293,0.0,1.0,278.0,5.055,4.2,1.6,RB,4.0,0.5,0.8
2004,00-0015523,D.Staley,PIT,192.0,6.0,198.0,830.0,55.0,,1.0,0.0,1.0,-13.878000259399414,3.265000104904175,-10.61299991607666,-0.054,-3.9539999961853027,0.0,2.0,885.0,4.47,16.7,2.9,RB,12.0,0.5,3.4
2004,00-0021147,D.Stallworth,NO,6.0,58.0,64.0,37.0,767.0,,0.0,5.0,5.0,-0.2709999978542328,66.51000213623047,66.23899841308594,1.035,17.68000030517578,2.0,0.0,804.0,12.562,15.3,14.3,WR,106.0,0.547,20.0
2004,00-0005883,E.George,DAL,132.0,9.0,141.0,432.0,83.0,,4.0,0.0,4.0,-17.22100067138672,-0.012000000104308128,-17.232999801635742,-0.122,0.45899999141693115,0.0,0.0,515.0,3.652,9.7,12.5,RB,13.0,0.692,2.6
2004,00-0008241,E.James,IND,335.0,51.0,386.0,1548.0,483.0,,9.0,0.0,9.0,10.423999786376953,24.128000259399414,34.55099868774414,0.09,-4.890999794006348,1.0,2.0,2031.0,5.262,30.9,14.8,RB,61.0,0.836,11.7
2004,00-0020455,E.Johnson,,0.0,82.0,82.0,0.0,825.0,,0.0,2.0,2.0,0.0,65.44400024414062,65.44400024414062,0.798,8.14900016784668,0.0,0.0,825.0,10.061,82500.0,200.0,WR,117.0,0.701,11700.0
2004,00-0009163,E.Kennison,KC,2.0,62.0,64.0,15.0,1086.0,,0.0,8.0,8.0,-0.5879999995231628,90.14399719238281,89.55599975585938,1.399,31.250999450683594,4.0,0.0,1101.0,17.203,16.1,13.8,WR,108.0,0.574,19.5
2004,00-0011770,E.Moulds,BUF,5.0,88.0,93.0,19.0,1043.0,,0.0,5.0,5.0,-0.4779999852180481,85.38300323486328,84.90499877929688,0.913,13.293999671936035,0.0,0.0,1062.0,11.419,22.1,13.9,WR,152.0,0.579,34.3
2004,00-0020904,E.Parker,LAC,4.0,47.0,51.0,53.0,690.0,,0.0,4.0,4.0,2.5280001163482666,67.19999694824219,69.72799682617188,1.367,21.361000061035156,2.0,0.0,743.0,14.569,13.3,7.5,WR,71.0,0.662,16.1
2004,00-0015165,E.Smith,ARI,267.0,15.0,282.0,937.0,105.0,,9.0,0.0,9.0,-28.450000762939453,1.968000054359436,-26.481000900268555,-0.094,-9.800999641418457,1.0,1.0,1042.0,3.695,22.0,32.1,RB,21.0,0.714,4.0
2004,00-0016098,F.Taylor,JAX,260.0,36.0,296.0,1224.0,345.0,,2.0,1.0,3.0,-18.599000930786133,24.047000885009766,5.447999954223633,0.018,2.0910000801086426,1.0,2.0,1569.0,5.301,31.8,12.5,RB,58.0,0.621,11.3
2004,00-0022897,G.Jones,JAX,62.0,3.0,65.0,162.0,13.0,,3.0,0.0,3.0,-4.827000141143799,-0.17900000512599945,-5.006999969482422,-0.077,-4.441999912261963,2.0,0.0,175.0,2.692,3.5,12.5,RB,10.0,0.3,1.9
2004,00-0017162,H.Ward,PIT,7.0,80.0,87.0,25.0,1004.0,,1.0,4.0,5.0,0.2619999945163727,81.16799926757812,81.43000030517578,0.936,14.496999740600586,0.0,0.0,1029.0,11.828,19.4,14.3,WR,108.0,0.741,30.6
2004,00-0002099,I.Bruce,,0.0,89.0,89.0,0.0,1292.0,,0.0,6.0,6.0,0.0,91.69200134277344,91.69200134277344,1.03,19.795000076293945,2.0,0.0,1292.0,14.517,129200.0,600.0,WR,148.0,0.601,14800.0
2004,00-0007468,I.Hilliard,NYG,3.0,49.0,52.0,34.0,437.0,,0.0,0.0,0.0,1.2319999933242798,27.788000106811523,29.020000457763672,0.558,9.39799976348877,0.0,0.0,471.0,9.058,9.5,0.0,TE,81.0,0.605,17.6
2004,00-0001215,J.Bettis,PIT,250.0,6.0,256.0,941.0,46.0,,13.0,0.0,13.0,-4.515999794006348,2.0880000591278076,-2.428999900817871,-0.009,3.8559999465942383,2.0,0.0,987.0,3.855,18.6,37.1,RB,8.0,0.75,2.3
2004,00-0020820,J.Chatman,LAC,65.0,2.0,67.0,392.0,17.0,,3.0,0.0,3.0,12.130999565124512,0.546999990940094,12.678999900817871,0.189,-4.339000225067139,0.0,0.0,409.0,6.104,7.3,5.7,RB,2.0,1.0,0.5
2004,00-0007744,J.Horn,,0.0,94.0,94.0,0.0,1399.0,,0.0,11.0,11.0,0.0,130.16900634765625,130.16900634765625,1.385,30.875,3.0,0.0,1399.0,14.883,139900.0,1100.0,WR,154.0,0.61,15400.0
2004,00-0022840,J.Jones,DAL,197.0,17.0,214.0,819.0,109.0,,7.0,0.0,7.0,-12.279000282287598,1.1260000467300415,-11.152000427246094,-0.052,-12.868000030517578,2.0,3.0,928.0,4.336,17.4,21.9,RB,26.0,0.654,5.1
2004,00-0019693,J.Lewis,BAL,235.0,10.0,245.0,1006.0,116.0,,7.0,0.0,7.0,-6.831999778747559,6.561999797821045,-0.27000001072883606,-0.001,4.76200008392334,2.0,0.0,1122.0,4.58,25.1,30.4,RB,12.0,0.833,2.7
2004,00-0020381,J.McCareins,NYJ,2.0,56.0,58.0,-5.0,770.0,,0.0,4.0,4.0,-1.9429999589920044,59.24100112915039,57.29800033569336,0.988,18.643999099731445,1.0,0.0,765.0,13.19,13.9,11.8,WR,90.0,0.622,20.6
2004,00-0011727,J.Morton,KC,7.0,55.0,62.0,43.0,795.0,,0.0,3.0,3.0,1.3669999837875366,65.3499984741211,66.71700286865234,1.076,3.743000030517578,1.0,0.0,838.0,13.516,12.3,5.2,WR,79.0,0.696,14.3
2004,00-0019703,J.Porter,LV,1.0,64.0,65.0,-4.0,998.0,,0.0,9.0,9.0,-0.9430000185966492,86.79100036621094,85.8479995727539,1.321,30.915000915527344,4.0,0.0,994.0,15.292,18.9,26.5,WR,137.0,0.467,24.1
2004,00-0019722,J.Redmond,LV,21.0,32.0,53.0,119.0,233.0,,0.0,0.0,0.0,-3.5199999809265137,3.8320000171661377,0.31200000643730164,0.006,-2.0399999618530273,0.0,1.0,352.0,6.642,6.7,0.0,RB,50.0,0.64,8.8
2004,00-0021148,J.Shockey,,0.0,61.0,61.0,0.0,666.0,,0.0,6.0,6.0,0.0,57.37099838256836,57.37099838256836,0.941,11.333999633789062,1.0,0.0,666.0,10.918,66600.0,600.0,WR,97.0,0.629,9700.0
2004,00-0015218,J.Smith,,0.0,74.0,74.0,0.0,1172.0,,0.0,6.0,6.0,0.0,100.85099792480469,100.85099792480469,1.363,19.049999237060547,3.0,0.0,1172.0,15.838,117200.0,600.0,WR,135.0,0.548,13500.0
2004,00-0021153,J.Walker,,0.0,89.0,89.0,0.0,1380.0,,0.0,12.0,12.0,0.0,123.51799774169922,123.51799774169922,1.388,33.35300064086914,2.0,0.0,1380.0,15.506,138000.0,1200.0,WR,144.0,0.618,14400.0
2004,00-0021223,J.Wells,HOU,83.0,11.0,94.0,299.0,79.0,,3.0,2.0,5.0,-13.593999862670898,6.4770002365112305,-7.117000102996826,-0.076,4.541999816894531,2.0,1.0,378.0,4.021,7.4,15.6,RB,16.0,0.688,3.5
2004,00-0017644,J.Wiggins,,0.0,71.0,71.0,0.0,705.0,,0.0,4.0,4.0,0.0,49.99599838256836,49.99599838256836,0.704,4.804999828338623,0.0,0.0,705.0,9.93,70500.0,400.0,TE,92.0,0.772,9200.0
2004,00-0022127,J.Witten,,0.0,87.0,87.0,0.0,980.0,,0.0,6.0,6.0,0.0,73.54900360107422,73.54900360107422,0.845,20.5310001373291,1.0,0.0,980.0,11.264,98000.0,600.0,WR,123.0,0.707,12300.0
2004,00-0020474,K.Barlow,SF,244.0,35.0,279.0,822.0,212.0,,7.0,0.0,7.0,-39.2400016784668,9.506999969482422,-29.732999801635742,-0.107,-0.8209999799728394,1.0,2.0,1034.0,3.706,21.4,26.9,RB,45.0,0.778,8.1
2004,00-0005091,K.Faulk,NE,54.0,26.0,80.0,255.0,248.0,,2.0,1.0,3.0,5.724999904632568,10.512999534606934,16.238000869750977,0.203,9.454999923706055,2.0,0.0,503.0,6.288,8.6,6.8,RB,30.0,0.867,6.3
2004,00-0008561,K.Johnson,DAL,2.0,70.0,72.0,13.0,976.0,,0.0,6.0,6.0,0.5370000004768372,91.3290023803711,91.86599731445312,1.276,20.677000045776367,1.0,0.0,989.0,13.736,18.6,18.8,WR,124.0,0.565,24.5
2004,00-0022782,K.Jones,DET,241.0,28.0,269.0,1133.0,180.0,,5.0,1.0,6.0,-10.119000434875488,5.4019999504089355,-4.7170000076293945,-0.018,-5.3429999351501465,3.0,1.0,1313.0,4.881,28.0,23.1,RB,41.0,0.683,8.2
2004,00-0019808,K.Watson,CIN,25.0,25.0,50.0,158.0,171.0,,0.0,1.0,1.0,2.4130001068115234,9.697999954223633,12.111000061035156,0.242,6.179999828338623,0.0,1.0,329.0,6.58,6.2,2.7,RB,35.0,0.714,6.7
2004,00-0021184,L.Betts,WAS,90.0,15.0,105.0,371.0,108.0,,1.0,0.0,1.0,-2.8469998836517334,1.6069999933242798,-1.2400000095367432,-0.012,1.7300000190734863,1.0,0.0,479.0,4.562,10.5,4.2,RB,25.0,0.6,4.9
2004,00-0018958,L.Coles,WAS,3.0,90.0,93.0,-3.0,950.0,,0.0,1.0,1.0,-1.0240000486373901,81.35900115966797,80.33499908447266,0.864,19.930999755859375,0.0,0.0,947.0,10.183,20.8,4.2,WR,168.0,0.536,33.0
2004,00-0022910,L.Evans,BUF,4.0,48.0,52.0,99.0,843.0,,0.0,9.0,9.0,5.867000102996826,85.73799896240234,91.60399627685547,1.762,34.39699935913086,4.0,0.0,942.0,18.115,19.6,25.0,WR,75.0,0.64,16.9
2004,00-0022921,L.Fitzgerald,ARI,8.0,58.0,66.0,14.0,780.0,,0.0,8.0,8.0,-1.565000057220459,72.0979995727539,70.53299713134766,1.069,18.95400047302246,4.0,0.0,794.0,12.03,16.7,28.6,WR,116.0,0.5,21.9
2004,00-0021976,L.Johnson,KC,120.0,22.0,142.0,581.0,278.0,,9.0,2.0,11.0,16.43899917602539,23.297000885009766,39.736000061035156,0.28,22.520000457763672,8.0,0.0,859.0,6.049,12.6,19.0,RB,29.0,0.759,5.2
2004,00-0020462,L.Jordan,NYJ,94.0,15.0,109.0,479.0,112.0,,2.0,0.0,2.0,7.873000144958496,5.960000038146973,13.833000183105469,0.127,3.874000072479248,0.0,0.0,591.0,5.422,10.7,5.9,RB,16.0,0.938,3.7
2004,00-0022180,L.Suggs,CLE,199.0,20.0,219.0,744.0,178.0,,2.0,1.0,3.0,-37.67300033569336,5.968999862670898,-31.70400047302246,-0.145,-5.513999938964844,0.0,3.0,922.0,4.21,20.2,11.5,RB,36.0,0.556,8.6
2004,00-0022057,L.Toefield,JAX,51.0,28.0,79.0,169.0,151.0,,0.0,1.0,1.0,-13.220000267028809,6.0980000495910645,-7.122000217437744,-0.09,-3.693000078201294,0.0,0.0,320.0,4.051,6.5,4.2,RB,34.0,0.824,6.6
2004,00-0020536,L.Tomlinson,LAC,339.0,53.0,392.0,1335.0,441.0,,17.0,1.0,18.0,-5.704999923706055,18.39900016784668,12.694999694824219,0.032,6.986999988555908,5.0,2.0,1776.0,4.531,31.8,34.0,RB,66.0,0.803,15.0
2004,00-0000251,M.Alstott,TB,67.0,29.0,96.0,230.0,202.0,,2.0,0.0,2.0,-10.895999908447266,4.75600004196167,-6.139999866485596,-0.064,-2.0250000953674316,0.0,1.0,432.0,4.5,8.3,6.1,RB,41.0,0.707,8.1
2004,00-0020514,M.Bennett,MIN,70.0,21.0,91.0,276.0,207.0,,1.0,1.0,2.0,-9.168000221252441,14.319999694824219,5.1519999504089355,0.057,10.315999984741211,1.0,0.0,483.0,5.308,7.8,4.3,RB,23.0,0.913,4.2
2004,00-0001477,M.Booker,MIA,1.0,50.0,51.0,-8.0,638.0,,0.0,1.0,1.0,-1.5460000038146973,55.88600158691406,54.34000015258789,1.065,12.166000366210938,1.0,0.0,630.0,12.353,13.6,3.6,WR,106.0,0.472,18.3
2004,00-0022725,M.Clayton,TB,5.0,80.0,85.0,30.0,1193.0,,0.0,7.0,7.0,2.561000108718872,98.9010009765625,101.46199798583984,1.194,32.67399978637695,4.0,0.0,1223.0,14.388,23.5,21.2,WR,122.0,0.656,24.2
2004,00-0005092,M.Faulk,LA,197.0,50.0,247.0,774.0,310.0,,3.0,1.0,4.0,-14.472999572753906,4.105000019073486,-10.368000030517578,-0.042,-9.272000312805176,0.0,1.0,1084.0,4.389,17.6,12.5,RB,65.0,0.769,11.3
2004,00-0007024,M.Harrison,,0.0,86.0,86.0,0.0,1113.0,,0.0,15.0,15.0,0.0,97.43199920654297,97.43199920654297,1.133,23.87299919128418,3.0,0.0,1113.0,12.942,111300.0,1500.0,WR,139.0,0.619,13900.0
2004,00-0020797,M.Hicks,SF,96.0,16.0,112.0,362.0,154.0,,2.0,0.0,2.0,-26.014999389648438,10.395999908447266,-15.619000434875488,-0.139,-18.354000091552734,1.0,3.0,516.0,4.607,10.7,7.7,RB,25.0,0.64,4.5
2004,00-0022217,M.Moore,MIN,65.0,27.0,92.0,379.0,238.0,,0.0,0.0,0.0,4.546999931335449,9.223999977111816,13.770999908447266,0.15,0.2840000092983246,0.0,0.0,617.0,6.707,9.9,0.0,RB,32.0,0.844,5.9
2004,00-0011795,M.Muhammad,CAR,3.0,93.0,96.0,15.0,1405.0,,0.0,16.0,16.0,-3.9030001163482666,145.88099670410156,141.97799682617188,1.479,43.37300109863281,6.0,1.0,1420.0,14.792,26.4,41.0,WR,160.0,0.581,30.5
2004,00-0013013,M.Pittman,TB,219.0,41.0,260.0,926.0,391.0,,7.0,3.0,10.0,-39.08399963378906,27.107999801635742,-11.97599983215332,-0.046,-9.267999649047852,0.0,5.0,1317.0,5.065,25.3,30.3,RB,65.0,0.631,12.9
2004,00-0015830,M.Strong,SEA,36.0,21.0,57.0,131.0,99.0,,0.0,0.0,0.0,-14.38599967956543,3.4059998989105225,-10.979999542236328,-0.193,-0.41600000858306885,0.0,1.0,230.0,4.035,4.0,0.0,RB,31.0,0.677,5.9
2004,00-0017892,M.Williams,MIN,30.0,21.0,51.0,161.0,233.0,,3.0,1.0,4.0,10.270999908447266,16.084999084472656,26.356000900268555,0.517,4.849999904632568,1.0,0.0,394.0,7.725,6.3,8.5,RB,27.0,0.778,5.0
2004,00-0021999,N.Burleson,MIN,6.0,68.0,74.0,49.0,1006.0,,0.0,9.0,9.0,4.164000034332275,96.2490005493164,100.41300201416016,1.357,26.756999969482422,3.0,0.0,1055.0,14.257,17.0,19.1,WR,104.0,0.654,19.1
2004,00-0021252,N.Davenport,GB,71.0,4.0,75.0,359.0,33.0,,2.0,0.0,2.0,4.178999900817871,2.0360000133514404,6.215000152587891,0.083,-2.0220000743865967,0.0,0.0,392.0,5.227,6.1,4.4,RB,4.0,1.0,0.7
2004,00-0019831,N.Goings,CAR,217.0,45.0,262.0,821.0,381.0,,6.0,1.0,7.0,-21.575000762939453,21.905000686645508,0.33000001311302185,0.001,-8.182999610900879,2.0,1.0,1202.0,4.588,22.3,17.9,RB,60.0,0.75,11.5
2004,00-0022138,O.Smith,MIN,124.0,36.0,160.0,544.0,394.0,,2.0,2.0,4.0,-6.389999866485596,27.981000900268555,21.590999603271484,0.135,2.2230000495910645,1.0,1.0,938.0,5.862,15.1,8.5,RB,46.0,0.783,8.4
2004,00-0007661,P.Holmes,KC,196.0,19.0,215.0,892.0,187.0,,14.0,1.0,15.0,23.503000259399414,11.166000366210938,34.66999816894531,0.161,0.0,0.0,2.0,1079.0,5.019,15.8,25.9,RB,25.0,0.76,4.5
2004,00-0019533,P.Pass,NE,39.0,28.0,67.0,141.0,215.0,,0.0,0.0,0.0,-7.098999977111816,6.5929999351501465,-0.5059999823570251,-0.008,2.7070000171661377,0.0,0.0,356.0,5.313,6.1,0.0,RB,32.0,0.875,6.7
2004,00-0022095,Q.Griffin,DEN,85.0,10.0,95.0,311.0,68.0,,2.0,1.0,3.0,-19.90399932861328,-2.1689999103546143,-22.07200050354004,-0.232,0.0,0.0,2.0,379.0,3.989,6.1,7.7,RB,14.0,0.714,2.8
2004,00-0000339,R.Anderson,DAL,57.0,26.0,83.0,246.0,207.0,,1.0,0.0,1.0,-8.4399995803833,6.682000160217285,-1.7580000162124634,-0.021,-0.40400001406669617,0.0,1.0,453.0,5.458,8.5,3.1,RB,41.0,0.634,8.1
2004,00-0021337,R.Curry,LV,1.0,50.0,51.0,-3.0,679.0,,0.0,6.0,6.0,-1.468999981880188,59.63199996948242,58.16299819946289,1.14,0.0,0.0,0.0,676.0,13.255,12.9,17.6,WR,70.0,0.714,12.3
2004,00-0019643,R.Dayne,NYG,52.0,1.0,53.0,179.0,7.0,,1.0,0.0,1.0,-7.745999813079834,-0.13600000739097595,-7.881999969482422,-0.149,1.3320000171661377,0.0,0.0,186.0,3.509,3.8,3.4,RB,4.0,0.25,0.9
2004,00-0019610,R.Droughns,DEN,275.0,32.0,307.0,1240.0,241.0,,6.0,2.0,8.0,-6.520999908447266,9.769000053405762,3.247999906539917,0.011,-2.5409998893737793,3.0,3.0,1481.0,4.824,23.7,20.5,RB,44.0,0.727,8.8
2004,00-0020525,R.Gardner,WAS,3.0,51.0,54.0,7.0,650.0,,0.0,5.0,5.0,-0.640999972820282,55.83399963378906,55.19300079345703,1.022,16.090999603271484,0.0,0.0,657.0,12.167,14.4,20.8,WR,106.0,0.481,20.8
2004,00-0020407,R.Johnson,CIN,362.0,15.0,377.0,1457.0,84.0,,12.0,0.0,12.0,-43.95500183105469,0.9700000286102295,-42.98500061035156,-0.114,-12.927000045776367,5.0,4.0,1541.0,4.088,29.2,32.4,RB,28.0,0.536,5.4
2004,00-0021236,R.McMichael,,0.0,73.0,73.0,0.0,791.0,,0.0,4.0,4.0,0.0,61.73699951171875,61.73699951171875,0.846,7.420000076293945,0.0,0.0,791.0,10.836,79100.0,400.0,WR,119.0,0.613,11900.0
2004,00-0015290,R.Smith,DEN,5.0,79.0,84.0,33.0,1144.0,,0.0,7.0,7.0,0.8140000104904175,97.6729965209961,98.48699951171875,1.172,28.406999588012695,2.0,0.0,1177.0,14.012,18.9,17.9,WR,136.0,0.581,27.1
2004,00-0020498,R.Wayne,IND,1.0,77.0,78.0,-4.0,1210.0,,0.0,12.0,12.0,-1.2239999771118164,109.81800079345703,108.59400177001953,1.392,28.60300064086914,2.0,0.0,1206.0,15.462,18.4,19.7,WR,115.0,0.67,22.0
2004,00-0022909,R.Williams,DET,1.0,54.0,55.0,1.0,817.0,,0.0,8.0,8.0,-0.5329999923706055,66.51499938964844,65.98300170898438,1.2,21.597999572753906,3.0,0.0,818.0,14.873,17.4,30.8,WR,119.0,0.454,23.7
2004,00-0019647,S.Alexander,SEA,353.0,23.0,376.0,1688.0,170.0,,16.0,4.0,20.0,1.875,11.348999977111816,13.223999977111816,0.035,1.0379999876022339,5.0,3.0,1858.0,4.941,32.6,50.0,RB,38.0,0.605,7.2
2004,00-0002159,S.Bryson,DET,50.0,44.0,94.0,264.0,297.0,,0.0,0.0,0.0,2.3350000381469727,4.296000003814697,6.63100004196167,0.071,5.001999855041504,0.0,0.0,561.0,5.968,12.0,0.0,RB,56.0,0.786,11.2
2004,00-0022736,S.Jackson,LA,135.0,19.0,154.0,673.0,189.0,,4.0,0.0,4.0,7.814000129699707,3.885999917984009,11.701000213623047,0.076,4.388000011444092,2.0,1.0,862.0,5.597,14.0,12.5,RB,24.0,0.792,4.2
2004,00-0019484,S.Morris,MIA,132.0,22.0,154.0,523.0,124.0,,6.0,0.0,6.0,1.9759999513626099,-1.656999945640564,0.3190000057220459,0.002,7.9079999923706055,4.0,0.0,647.0,4.201,13.9,21.4,RB,28.0,0.786,4.8
2004,00-0020494,S.Moss,NYJ,6.0,45.0,51.0,18.0,838.0,,0.0,5.0,5.0,-0.4569999873638153,70.67900085449219,70.22100067138672,1.377,16.850000381469727,3.0,0.0,856.0,16.784,15.5,14.7,WR,78.0,0.577,17.9
2004,00-0000745,T.Barber,NYG,322.0,52.0,374.0,1518.0,578.0,,13.0,2.0,15.0,-1.215999960899353,37.65800094604492,36.44200134277344,0.097,-1.2020000219345093,5.0,2.0,2096.0,5.604,42.4,51.7,RB,79.0,0.658,17.2
2004,00-0022893,T.Bell,DEN,75.0,5.0,80.0,396.0,80.0,,3.0,0.0,3.0,10.258000373840332,-3.121000051498413,7.13700008392334,0.089,6.896999835968018,2.0,0.0,476.0,5.95,7.6,7.7,RB,7.0,0.714,1.4
2004,00-0021376,T.Duckett,ATL,104.0,3.0,107.0,509.0,15.0,,8.0,0.0,8.0,7.315999984741211,0.014000000432133675,7.329999923706055,0.069,8.673999786376953,4.0,2.0,524.0,4.897,11.3,25.0,RB,3.0,1.0,0.8
2004,00-0004780,T.Edwards,JAX,2.0,50.0,52.0,2.0,533.0,,0.0,1.0,1.0,-3.556999921798706,29.128999710083008,25.57200050354004,0.492,-9.206999778747559,0.0,0.0,535.0,10.288,10.8,4.2,WR,80.0,0.625,15.5
2004,00-0020964,T.Fisher,GB,65.0,38.0,103.0,224.0,277.0,,0.0,2.0,2.0,-6.288000106811523,13.175999641418457,6.888000011444092,0.067,-0.6349999904632568,0.0,0.0,501.0,4.864,7.8,4.4,RB,44.0,0.864,7.4
2004,00-0006101,T.Gonzalez,KC,1.0,102.0,103.0,5.0,1258.0,,0.0,7.0,7.0,0.21199999749660492,107.93000030517578,108.14199829101562,1.05,31.19499969482422,2.0,0.0,1263.0,12.262,18.5,12.1,WR,148.0,0.689,26.7
2004,00-0019516,T.Hambrick,ARI,63.0,4.0,67.0,283.0,16.0,,1.0,1.0,2.0,-0.9660000205039978,0.6079999804496765,-0.3580000102519989,-0.005,0.0,0.0,0.0,299.0,4.463,6.3,7.1,RB,5.0,0.8,0.9
2004,00-0020471,T.Henry,BUF,94.0,10.0,104.0,326.0,45.0,,0.0,0.0,0.0,-19.30900001525879,1.7170000076293945,-17.591999053955078,-0.169,0.0,0.0,0.0,371.0,3.567,7.7,0.0,RB,14.0,0.714,3.2
2004,00-0007681,T.Holt,,0.0,94.0,94.0,0.0,1372.0,,0.0,10.0,10.0,0.0,117.67400360107422,117.67400360107422,1.252,34.73099899291992,3.0,0.0,1372.0,14.596,137200.0,1000.0,WR,137.0,0.686,13700.0
2004,00-0020438,T.Houshmandzadeh,CIN,6.0,73.0,79.0,51.0,978.0,,0.0,4.0,4.0,3.1470000743865967,89.6780014038086,92.82599639892578,1.175,31.430999755859375,1.0,0.0,1029.0,13.025,19.5,10.8,WR,109.0,0.67,20.9
2004,00-0019641,T.Jones,CHI,241.0,56.0,297.0,948.0,427.0,,7.0,0.0,7.0,-17.690000534057617,12.73799991607666,-4.952000141143799,-0.017,-10.543000221252441,2.0,1.0,1375.0,4.63,33.2,38.9,RB,72.0,0.778,15.5
2004,00-0020448,T.Minor,MIA,110.0,13.0,123.0,395.0,75.0,,3.0,0.0,3.0,-10.472000122070312,1.8760000467300415,-8.595000267028809,-0.07,-6.076000213623047,1.0,0.0,470.0,3.821,10.1,10.7,RB,27.0,0.481,4.7
2004,00-0012478,T.Owens,PHI,3.0,77.0,80.0,-5.0,1200.0,,0.0,14.0,14.0,-1.0080000162124634,103.12699890136719,102.11900329589844,1.276,-0.828000009059906,0.0,0.0,1195.0,14.938,21.2,35.0,WR,127.0,0.606,23.3
2004,00-0017486,T.Wheatley,LV,85.0,15.0,100.0,327.0,78.0,,4.0,0.0,4.0,-4.1529998779296875,0.00800000037997961,-4.145999908447266,-0.041,0.0,0.0,0.0,405.0,4.05,7.7,11.8,RB,15.0,1.0,2.6
2004,00-0021279,V.Haynes,PIT,55.0,18.0,73.0,272.0,142.0,,0.0,2.0,2.0,1.4850000143051147,12.097000122070312,13.581999778747559,0.186,6.261000156402588,1.0,0.0,414.0,5.671,7.8,5.7,RB,23.0,0.783,6.5
2004,00-0004640,W.Dunn,ATL,266.0,29.0,295.0,1106.0,293.0,,9.0,0.0,9.0,-13.781000137329102,13.241999626159668,-0.5379999876022339,-0.002,7.6579999923706055,2.0,2.0,1399.0,4.742,30.1,28.1,RB,39.0,0.744,10.3
2004,00-0021150,W.Green,CLE,163.0,14.0,177.0,585.0,84.0,,2.0,0.0,2.0,-39.95899963378906,1.1699999570846558,-38.790000915527344,-0.219,-10.305000305175781,0.0,2.0,669.0,3.78,14.7,7.7,RB,22.0,0.636,5.2
2004,00-0022178,W.McGahee,BUF,284.0,22.0,306.0,1115.0,169.0,,13.0,0.0,13.0,-20.295000076293945,11.72599983215332,-8.567999839782715,-0.028,9.791000366210938,6.0,2.0,1284.0,4.196,26.7,36.1,RB,36.0,0.611,8.1
2004,00-0003663,Z.Crockett,LV,49.0,16.0,65.0,232.0,87.0,,2.0,0.0,2.0,3.687000036239624,3.515000104904175,7.202000141143799,0.111,4.118000030517578,2.0,0.0,319.0,4.908,6.1,5.9,RB,20.0,0.8,3.5
2005,00-0022084,A.Boldin,ARI,12.0,102.0,114.0,45.0,1398.0,,0.0,7.0,7.0,-1.402999997138977,115.08499908447266,113.68299865722656,0.997,30.06599998474121,2.0,0.0,1443.0,12.658,25.2,30.4,WR,173.0,0.59,26.1
2005,00-0021191,A.Bryant,CLE,1.0,69.0,70.0,3.0,1009.0,,0.0,4.0,4.0,-0.09700000286102295,86.24400329589844,86.14700317382812,1.231,28.059999465942383,1.0,0.0,1012.0,14.457,21.3,21.1,WR,123.0,0.561,25.3
2005,00-0019997,A.Chatman,GB,8.0,49.0,57.0,34.0,549.0,,0.0,4.0,4.0,-0.7639999985694885,57.7869987487793,57.02299880981445,1.0,14.390000343322754,1.0,0.0,583.0,10.228,11.1,12.9,WR,87.0,0.563,14.1
2005,00-0020285,A.Crumpler,,0.0,65.0,65.0,0.0,877.0,,0.0,5.0,5.0,0.0,60.9379997253418,60.9379997253418,0.938,5.8420000076293945,0.0,0.0,877.0,13.492,87700.0,500.0,WR,119.0,0.546,11900.0
2005,00-0021547,A.Gates,,0.0,89.0,89.0,0.0,1101.0,,0.0,10.0,10.0,0.0,105.3270034790039,105.3270034790039,1.183,17.358999252319336,2.0,0.0,1101.0,12.371,110100.0,1000.0,WR,140.0,0.636,14000.0
2005,00-0006305,A.Green,GB,77.0,19.0,96.0,255.0,147.0,,0.0,0.0,0.0,-10.255999565124512,4.423999786376953,-5.831999778747559,-0.061,0.0,0.0,0.0,402.0,4.188,7.7,0.0,RB,27.0,0.704,4.4
2005,00-0022044,A.Johnson,HOU,6.0,63.0,69.0,10.0,688.0,,0.0,2.0,2.0,-4.7870001792907715,57.45100021362305,52.66400146484375,0.763,18.19499969482422,1.0,1.0,698.0,10.116,16.3,8.7,WR,114.0,0.553,25.9
2005,00-0023561,A.Pearman,JAX,39.0,32.0,71.0,149.0,240.0,,1.0,0.0,1.0,-5.072999954223633,4.330999851226807,-0.7419999837875366,-0.01,1.687999963760376,1.0,0.0,389.0,5.479,7.6,2.7,RB,36.0,0.889,7.5
2005,00-0021306,A.Peterson,CHI,76.0,7.0,83.0,391.0,48.0,,2.0,0.0,2.0,2.497999906539917,1.6890000104904175,4.188000202178955,0.05,-1.0190000534057617,0.0,0.0,439.0,5.289,10.3,9.1,RB,12.0,0.583,2.9
2005,00-0022006,A.Pinner,DET,106.0,21.0,127.0,349.0,181.0,,3.0,0.0,3.0,-11.51200008392334,7.568999767303467,-3.943000078201294,-0.031,-9.78600025177002,0.0,0.0,530.0,4.173,12.1,12.0,RB,25.0,0.84,4.9
2005,00-0015091,A.Smith,NO,166.0,12.0,178.0,659.0,46.0,,3.0,0.0,3.0,-32.91400146484375,-1.6690000295639038,-34.58300018310547,-0.194,-9.03499984741211,1.0,2.0,705.0,3.961,13.9,13.0,RB,15.0,0.8,2.8
2005,00-0015601,A.Stecker,NO,95.0,35.0,130.0,363.0,281.0,,0.0,0.0,0.0,-14.78600025177002,4.800000190734863,-9.986000061035156,-0.077,-9.11299991607666,0.0,1.0,644.0,4.954,12.7,0.0,RB,48.0,0.729,9.0
2005,00-0016550,A.Toomer,,0.0,60.0,60.0,0.0,684.0,,0.0,7.0,7.0,0.0,71.10700225830078,71.10700225830078,1.185,21.975000381469727,2.0,0.0,684.0,11.4,68400.0,700.0,WR,109.0,0.55,10900.0
2005,00-0004915,B.Engram,,0.0,67.0,67.0,0.0,774.0,,0.0,3.0,3.0,0.0,58.819000244140625,58.819000244140625,0.878,17.804000854492188,2.0,0.0,774.0,11.552,77400.0,300.0,WR,97.0,0.691,9700.0
2005,00-0005231,B.Finneran,,0.0,50.0,50.0,0.0,611.0,,0.0,2.0,2.0,0.0,49.625999450683594,49.625999450683594,0.993,12.208999633789062,0.0,0.0,611.0,12.22,61100.0,200.0,WR,84.0,0.595,8400.0
2005,00-0022916,B.Troupe,,0.0,55.0,55.0,0.0,530.0,,0.0,4.0,4.0,0.0,44.071998596191406,44.071998596191406,0.801,17.905000686645508,1.0,0.0,530.0,9.636,53000.0,400.0,TE,80.0,0.688,8000.0
2005,00-0021216,B.Westbrook,PHI,157.0,61.0,218.0,614.0,616.0,,3.0,4.0,7.0,-20.243000030517578,33.05099868774414,12.807000160217285,0.059,0.0,0.0,0.0,1230.0,5.642,23.8,23.3,RB,97.0,0.629,15.9
2005,00-0023439,C.Benson,CHI,67.0,1.0,68.0,272.0,3.0,,0.0,0.0,0.0,-17.555999755859375,-0.19599999487400055,-17.750999450683594,-0.261,-1.6510000228881836,0.0,1.0,275.0,4.044,6.5,0.0,RB,1.0,1.0,0.2
2005,00-0022092,C.Brown,TEN,224.0,25.0,249.0,851.0,311.0,,5.0,2.0,7.0,-32.75699996948242,14.902999877929688,-17.854000091552734,-0.072,-8.440999984741211,0.0,2.0,1162.0,4.667,22.5,25.0,RB,37.0,0.676,6.3
2005,00-0020446,C.Chambers,MIA,12.0,82.0,94.0,92.0,1118.0,,0.0,11.0,11.0,0.7919999957084656,105.5199966430664,106.31199645996094,1.131,30.045000076293945,5.0,0.0,1210.0,12.872,22.7,33.3,WR,166.0,0.494,30.7
2005,00-0022738,C.Cooley,,0.0,71.0,71.0,0.0,774.0,,0.0,7.0,7.0,0.0,62.81999969482422,62.81999969482422,0.885,17.163999557495117,4.0,0.0,774.0,10.901,77400.0,700.0,WR,103.0,0.689,10300.0
2005,00-0004304,C.Dillon,NE,209.0,22.0,231.0,733.0,181.0,,12.0,1.0,13.0,-11.524999618530273,10.03600025177002,-1.4889999628067017,-0.006,3.6489999294281006,5.0,1.0,914.0,3.957,15.8,29.5,RB,26.0,0.846,4.7
2005,00-0023615,C.Houston,NYJ,81.0,8.0,89.0,302.0,66.0,,2.0,0.0,2.0,-4.688000202178955,0.9020000100135803,-3.7860000133514404,-0.043,-5.776000022888184,2.0,0.0,368.0,4.135,8.8,9.5,RB,10.0,0.8,2.2
2005,00-0020397,C.Johnson,CIN,5.0,97.0,102.0,33.0,1432.0,,0.0,9.0,9.0,1.815999984741211,123.38600158691406,125.2030029296875,1.227,30.054000854492188,2.0,0.0,1465.0,14.363,25.2,19.1,WR,155.0,0.626,29.0
2005,00-0010442,C.Martin,NYJ,220.0,24.0,244.0,735.0,118.0,,5.0,0.0,5.0,-26.916000366210938,1.440999984741211,-25.475000381469727,-0.104,0.0,0.0,1.0,853.0,3.496,20.5,23.8,RB,30.0,0.8,6.5
2005,00-0022926,C.Perry,CIN,61.0,51.0,112.0,279.0,328.0,,0.0,2.0,2.0,-0.07999999821186066,10.015999794006348,9.935999870300293,0.089,-1.5609999895095825,0.0,0.0,607.0,5.42,10.5,4.3,RB,62.0,0.823,11.6
2005,00-0021179,C.Portis,WAS,352.0,30.0,382.0,1516.0,216.0,,11.0,0.0,11.0,-0.5870000123977661,14.112000465393066,13.524999618530273,0.035,11.14900016784668,4.0,2.0,1732.0,4.534,31.9,27.5,RB,42.0,0.714,9.0
2005,00-0021314,C.Taylor,BAL,117.0,41.0,158.0,487.0,288.0,,0.0,1.0,1.0,-10.008999824523926,9.418000221252441,-0.5910000205039978,-0.004,-1.5019999742507935,0.0,1.0,775.0,4.905,16.0,4.5,RB,52.0,0.788,9.5
2005,00-0023440,C.Williams,TB,290.0,20.0,310.0,1178.0,81.0,,6.0,0.0,6.0,-14.920000076293945,-0.5040000081062317,-15.423999786376953,-0.05,0.7110000252723694,3.0,2.0,1259.0,4.061,25.3,20.0,RB,25.0,0.8,5.3
2005,00-0019976,D.Bennett,TEN,1.0,58.0,59.0,3.0,738.0,,0.0,4.0,4.0,-0.3700000047683716,61.4900016784668,61.119998931884766,1.036,19.538999557495117,3.0,0.0,741.0,12.559,14.3,14.3,WR,109.0,0.532,18.6
2005,00-0021192,D.Branch,,0.0,78.0,78.0,0.0,998.0,,0.0,5.0,5.0,0.0,96.65599822998047,96.65599822998047,1.239,20.457000732421875,1.0,0.0,998.0,12.795,99800.0,500.0,WR,125.0,0.624,12500.0
2005,00-0021979,D.Davis,HOU,230.0,39.0,269.0,976.0,337.0,,2.0,4.0,6.0,-21.93899917602539,29.062999725341797,7.124000072479248,0.026,6.296999931335449,1.0,1.0,1313.0,4.881,30.6,26.1,RB,48.0,0.812,10.9
2005,00-0004541,D.Driver,GB,2.0,86.0,88.0,13.0,1221.0,,0.0,5.0,5.0,0.6949999928474426,118.54299926757812,119.23799896240234,1.355,26.17799949645996,0.0,0.0,1234.0,14.023,23.5,16.1,WR,146.0,0.589,23.7
2005,00-0021164,D.Foster,CAR,206.0,34.0,240.0,882.0,372.0,,2.0,1.0,3.0,-13.414999961853027,21.24799919128418,7.833000183105469,0.033,-1.7289999723434448,1.0,0.0,1254.0,5.225,24.4,7.1,RB,48.0,0.708,10.9
2005,00-0021353,D.Givens,NE,2.0,59.0,61.0,13.0,738.0,,0.0,2.0,2.0,0.33899998664855957,59.16999816894531,59.50899887084961,0.976,23.847000122070312,1.0,0.0,751.0,12.311,13.0,4.5,WR,95.0,0.621,17.1
2005,00-0010500,D.Mason,,0.0,86.0,86.0,0.0,1073.0,,0.0,3.0,3.0,0.0,89.8949966430664,89.8949966430664,1.045,31.309999465942383,1.0,0.0,1073.0,12.477,107300.0,300.0,WR,137.0,0.628,13700.0
2005,00-0020527,D.McAllister,NO,93.0,17.0,110.0,335.0,117.0,,3.0,0.0,3.0,-9.904000282287598,2.388000011444092,-7.515999794006348,-0.068,0.0,0.0,0.0,452.0,4.109,8.9,13.0,RB,18.0,0.944,3.4
2005,00-0019863,D.Rhodes,IND,40.0,13.0,53.0,118.0,80.0,,4.0,0.0,4.0,0.32100000977516174,1.5360000133514404,1.8569999933242798,0.035,-6.071000099182129,0.0,0.0,198.0,3.736,3.4,8.2,RB,16.0,0.812,3.1
2005,00-0021147,D.Stallworth,NO,2.0,70.0,72.0,2.0,945.0,,0.0,7.0,7.0,-4.40500020980835,84.677001953125,80.27200317382812,1.115,21.447999954223633,1.0,1.0,947.0,13.153,18.7,30.4,WR,129.0,0.543,24.1
2005,00-0008241,E.James,IND,360.0,44.0,404.0,1506.0,337.0,,13.0,1.0,14.0,14.227999687194824,19.610000610351562,33.8390007019043,0.084,-4.435999870300293,1.0,1.0,1843.0,4.562,31.6,28.6,RB,50.0,0.88,9.7
2005,00-0009163,E.Kennison,KC,7.0,68.0,75.0,43.0,1102.0,,0.0,5.0,5.0,0.15700000524520874,86.78800201416016,86.94499969482422,1.159,19.7549991607666,1.0,0.0,1145.0,15.267,18.1,11.6,WR,108.0,0.63,21.8
2005,00-0019659,E.Kinney,,0.0,55.0,55.0,0.0,543.0,,0.0,2.0,2.0,0.0,37.46099853515625,37.46099853515625,0.681,0.3630000054836273,0.0,0.0,543.0,9.873,54300.0,200.0,TE,72.0,0.764,7200.0
2005,00-0011770,E.Moulds,,0.0,81.0,81.0,0.0,816.0,,0.0,4.0,4.0,0.0,69.08899688720703,69.08899688720703,0.853,26.672000885009766,1.0,0.0,816.0,10.074,81600.0,400.0,WR,129.0,0.628,12900.0
2005,00-0020904,E.Parker,LAC,4.0,57.0,61.0,55.0,725.0,,0.0,3.0,3.0,3.361999988555908,66.1500015258789,69.51200103759766,1.14,15.842000007629395,0.0,0.0,780.0,12.787,13.5,6.1,WR,80.0,0.712,15.6
2005,00-0023500,F.Gore,SF,127.0,15.0,142.0,608.0,131.0,,3.0,0.0,3.0,-1.7330000400543213,-0.9049999713897705,-2.638000011444092,-0.019,6.611999988555908,2.0,1.0,739.0,5.204,19.8,17.6,RB,22.0,0.682,5.8
2005,00-0016098,F.Taylor,JAX,194.0,13.0,207.0,787.0,83.0,,3.0,0.0,3.0,-17.06800079345703,1.9550000429153442,-15.11299991607666,-0.073,0.039000000804662704,1.0,0.0,870.0,4.203,16.9,8.1,RB,18.0,0.722,3.7
2005,00-0022897,G.Jones,JAX,151.0,10.0,161.0,575.0,65.0,,4.0,0.0,4.0,-16.76099967956543,3.630000114440918,-13.130999565124512,-0.082,-0.7229999899864197,0.0,0.0,640.0,3.975,12.4,10.8,RB,15.0,0.667,3.1
2005,00-0021508,G.Lewis,PHI,2.0,48.0,50.0,13.0,561.0,,0.0,1.0,1.0,-0.7929999828338623,45.422000885009766,44.62900161743164,0.893,8.529000282287598,0.0,0.0,574.0,11.48,11.1,3.3,WR,105.0,0.457,17.2
2005,00-0020507,H.Evans,NE,53.0,14.0,67.0,192.0,105.0,,0.0,0.0,0.0,-0.5870000123977661,3.1549999713897705,2.568000078201294,0.038,-0.7260000109672546,0.0,0.0,297.0,4.433,5.1,0.0,RB,17.0,0.824,3.1
2005,00-0017162,H.Ward,PIT,3.0,69.0,72.0,10.0,975.0,,0.0,11.0,11.0,-4.017000198364258,96.7030029296875,92.68599700927734,1.287,19.128999710083008,2.0,1.0,985.0,13.681,18.8,27.5,WR,114.0,0.605,30.3
2005,00-0023479,J.Arrington,ARI,112.0,25.0,137.0,370.0,139.0,,2.0,0.0,2.0,-26.02400016784668,3.1389999389648438,-22.885000228881836,-0.167,-14.664999961853027,0.0,1.0,509.0,3.715,8.9,8.7,RB,33.0,0.758,5.0
2005,00-0001215,J.Bettis,PIT,110.0,4.0,114.0,368.0,40.0,,9.0,0.0,9.0,4.626999855041504,3.3989999294281006,8.026000022888184,0.07,10.63700008392334,6.0,0.0,408.0,3.579,7.8,22.5,RB,4.0,1.0,1.1
2005,00-0021163,J.Gaffney,HOU,4.0,55.0,59.0,13.0,492.0,,0.0,2.0,2.0,-1.875,44.71699905395508,42.840999603271484,0.726,1.8359999656677246,0.0,0.0,505.0,8.559,11.8,8.7,TE,90.0,0.611,20.5
2005,00-0005720,J.Galloway,TB,2.0,83.0,85.0,4.0,1287.0,,0.0,10.0,10.0,-1.6710000038146973,114.99400329589844,113.3219985961914,1.333,19.67099952697754,2.0,0.0,1291.0,15.188,25.9,33.3,WR,152.0,0.546,31.9
2005,00-0022840,J.Jones,DAL,257.0,35.0,292.0,993.0,218.0,,5.0,0.0,5.0,-29.319000244140625,4.8470001220703125,-24.472000122070312,-0.084,-2.9070000648498535,2.0,2.0,1211.0,4.147,22.2,14.3,RB,45.0,0.778,9.3
2005,00-0008962,J.Jurevicius,,0.0,55.0,55.0,0.0,694.0,,0.0,10.0,10.0,0.0,66.56900024414062,66.56900024414062,1.21,13.800000190734863,3.0,0.0,694.0,12.618,69400.0,1000.0,WR,84.0,0.655,8400.0
2005,00-0019693,J.Lewis,BAL,269.0,32.0,301.0,906.0,191.0,,3.0,1.0,4.0,-52.56100082397461,3.440000057220459,-49.119998931884766,-0.163,-2.0160000324249268,1.0,5.0,1097.0,3.645,22.6,18.2,RB,44.0,0.727,8.0
2005,00-0019703,J.Porter,LV,1.0,76.0,77.0,-8.0,942.0,,0.0,5.0,5.0,-1.2929999828338623,93.04499816894531,91.7509994506836,1.192,16.229999542236328,1.0,0.0,934.0,12.13,17.9,15.6,WR,143.0,0.531,24.6
2005,00-0021148,J.Shockey,,0.0,65.0,65.0,0.0,891.0,,0.0,7.0,7.0,0.0,89.77999877929688,89.77999877929688,1.381,13.456000328063965,0.0,0.0,891.0,13.708,89100.0,700.0,WR,123.0,0.528,12300.0
2005,00-0015218,J.Smith,,0.0,70.0,70.0,0.0,1023.0,,0.0,6.0,6.0,0.0,97.052001953125,97.052001953125,1.386,24.51099967956543,1.0,0.0,1023.0,14.614,102300.0,600.0,WR,128.0,0.547,12800.0
2005,00-0021223,J.Wells,HOU,90.0,22.0,112.0,325.0,179.0,,4.0,0.0,4.0,-6.914999961853027,9.920999526977539,3.00600004196167,0.027,-3.8310000896453857,2.0,0.0,504.0,4.5,11.7,17.4,RB,27.0,0.815,6.1
2005,00-0017644,J.Wiggins,,0.0,68.0,68.0,0.0,568.0,,0.0,1.0,1.0,0.0,37.60300064086914,37.60300064086914,0.553,3.2720000743865967,1.0,0.0,568.0,8.353,56800.0,100.0,TE,91.0,0.747,9100.0
2005,00-0022127,J.Witten,,0.0,66.0,66.0,0.0,757.0,,0.0,6.0,6.0,0.0,64.23200225830078,64.23200225830078,0.973,19.351999282836914,3.0,0.0,757.0,11.47,75700.0,600.0,WR,89.0,0.742,8900.0
2005,00-0020474,K.Barlow,SF,176.0,31.0,207.0,581.0,241.0,,3.0,0.0,3.0,-34.4010009765625,8.017000198364258,-26.384000778198242,-0.127,0.7269999980926514,0.0,1.0,822.0,3.971,22.0,17.6,RB,42.0,0.738,11.1
2005,00-0022001,K.Curtis,LA,1.0,61.0,62.0,5.0,822.0,,1.0,6.0,7.0,1.3609999418258667,58.06399917602539,59.42499923706055,0.958,4.3429999351501465,0.0,0.0,827.0,13.339,14.3,20.0,WR,98.0,0.622,16.4
2005,00-0005091,K.Faulk,NE,51.0,29.0,80.0,144.0,260.0,,0.0,0.0,0.0,-16.375,10.642999649047852,-5.73199987411499,-0.072,-0.33899998664855957,0.0,1.0,404.0,5.05,7.0,0.0,RB,37.0,0.784,6.7
2005,00-0008561,K.Johnson,DAL,1.0,71.0,72.0,3.0,839.0,,0.0,6.0,6.0,-0.0860000029206276,61.07500076293945,60.987998962402344,0.847,19.461000442504883,0.0,0.0,842.0,11.694,15.4,17.1,WR,124.0,0.573,25.7
2005,00-0022782,K.Jones,DET,186.0,20.0,206.0,664.0,109.0,,5.0,0.0,5.0,-11.909000396728516,0.7039999961853027,-11.204999923706055,-0.054,1.503999948501587,0.0,0.0,773.0,3.752,17.7,20.0,RB,28.0,0.714,5.4
2005,00-0010668,K.McCardell,LAC,3.0,70.0,73.0,2.0,917.0,,0.0,9.0,9.0,-1.6729999780654907,92.19400024414062,90.52100372314453,1.24,21.98200035095215,2.0,0.0,919.0,12.589,15.9,18.4,WR,108.0,0.648,21.0
2005,00-0021184,L.Betts,WAS,89.0,10.0,99.0,338.0,78.0,,1.0,1.0,2.0,-14.593999862670898,8.265999794006348,-6.328000068664551,-0.064,-6.077000141143799,1.0,2.0,416.0,4.202,7.7,5.0,RB,17.0,0.588,3.6
2005,00-0018958,L.Coles,,0.0,73.0,73.0,0.0,845.0,,0.0,5.0,5.0,0.0,83.31700134277344,83.31700134277344,1.141,27.91699981689453,3.0,0.0,845.0,11.575,84500.0,500.0,WR,132.0,0.553,13200.0
2005,00-0022910,L.Evans,BUF,4.0,49.0,53.0,38.0,743.0,,0.0,7.0,7.0,2.003999948501587,69.70700073242188,71.70999908447266,1.353,17.875,1.0,0.0,781.0,14.736,17.8,29.2,WR,92.0,0.533,20.7
2005,00-0022921,L.Fitzgerald,ARI,8.0,103.0,111.0,41.0,1409.0,,0.0,10.0,10.0,1.0770000219345093,122.04900360107422,123.1259994506836,1.109,21.33099937438965,3.0,0.0,1450.0,13.063,25.3,43.5,WR,165.0,0.624,24.9
2005,00-0021209,L.Gordon,PHI,54.0,11.0,65.0,182.0,79.0,,1.0,0.0,1.0,-9.567000389099121,-1.847000002861023,-11.413999557495117,-0.176,-7.422999858856201,0.0,1.0,261.0,4.015,5.0,3.3,RB,17.0,0.647,2.8
2005,00-0021976,L.Johnson,KC,336.0,33.0,369.0,1750.0,343.0,,20.0,1.0,21.0,33.797000885009766,19.083999633789062,52.88100051879883,0.143,26.21299934387207,10.0,4.0,2093.0,5.672,33.0,48.8,RB,49.0,0.673,9.9
2005,00-0020462,L.Jordan,LV,273.0,70.0,343.0,1025.0,563.0,,9.0,2.0,11.0,-8.550000190734863,30.448999404907227,21.89900016784668,0.064,5.605999946594238,0.0,1.0,1588.0,4.63,30.5,34.4,RB,103.0,0.68,17.7
2005,00-0011958,L.Neal,LAC,28.0,24.0,52.0,96.0,145.0,,0.0,1.0,1.0,2.3889999389648438,6.59499979019165,8.984999656677246,0.173,2.496999979019165,0.0,0.0,241.0,4.635,4.2,2.0,RB,29.0,0.828,5.6
2005,00-0022126,L.Smith,,0.0,61.0,61.0,0.0,682.0,,0.0,3.0,3.0,0.0,50.82600021362305,50.82600021362305,0.833,8.6850004196167,0.0,0.0,682.0,11.18,68200.0,300.0,WR,107.0,0.57,10700.0
2005,00-0020536,L.Tomlinson,LAC,341.0,51.0,392.0,1464.0,370.0,,18.0,2.0,20.0,13.847999572753906,11.256999969482422,25.106000900268555,0.064,-10.734999656677246,1.0,0.0,1834.0,4.679,31.8,40.8,RB,77.0,0.662,15.0
2005,00-0000251,M.Alstott,TB,35.0,25.0,60.0,80.0,222.0,,6.0,1.0,7.0,0.8560000061988831,15.223999977111816,16.079999923706055,0.268,6.214000225067139,1.0,0.0,302.0,5.033,6.1,23.3,RB,38.0,0.658,8.0
2005,00-0019594,M.Anderson,DEN,239.0,18.0,257.0,1014.0,212.0,,12.0,1.0,13.0,20.927000045776367,8.895999908447266,29.822999954223633,0.116,6.583000183105469,3.0,1.0,1226.0,4.77,21.1,30.2,RB,21.0,0.857,4.6
2005,00-0023544,M.Barber,DAL,138.0,18.0,156.0,538.0,115.0,,5.0,0.0,5.0,-7.89300012588501,4.058000087738037,-3.8350000381469727,-0.025,0.7990000247955322,0.0,0.0,653.0,4.186,12.0,14.3,RB,25.0,0.72,5.2
2005,00-0020514,M.Bennett,MIN,126.0,27.0,153.0,473.0,124.0,,3.0,2.0,5.0,-32.46900177001953,-2.943000078201294,-35.4119987487793,-0.231,-5.681000232696533,2.0,3.0,597.0,3.902,12.5,17.9,RB,31.0,0.871,6.1
2005,00-0023457,M.Clayton,BAL,8.0,44.0,52.0,33.0,459.0,,1.0,2.0,3.0,1.1679999828338623,32.29100036621094,33.45899963378906,0.643,21.8799991607666,3.0,0.0,492.0,9.462,10.1,13.6,WR,86.0,0.512,15.6
2005,00-0005092,M.Faulk,LA,66.0,44.0,110.0,292.0,291.0,,0.0,1.0,1.0,-9.949000358581543,10.392000198364258,0.44200000166893005,0.004,-7.910999774932861,0.0,1.0,583.0,5.3,10.0,2.9,RB,58.0,0.759,9.7
2005,00-0007024,M.Harrison,,0.0,82.0,82.0,0.0,1136.0,,0.0,12.0,12.0,0.0,108.7490005493164,108.7490005493164,1.326,30.884000778198242,2.0,0.0,1136.0,13.854,113600.0,1200.0,WR,132.0,0.621,13200.0
2005,00-0020797,M.Hicks,SF,59.0,12.0,71.0,308.0,47.0,,3.0,0.0,3.0,7.7170000076293945,-1.468000054359436,6.249000072479248,0.088,3.065999984741211,1.0,0.0,355.0,5.0,9.5,17.6,RB,16.0,0.75,4.2
2005,00-0022217,M.Moore,MIN,155.0,37.0,192.0,662.0,339.0,,1.0,2.0,3.0,-6.923999786376953,16.117000579833984,9.192999839782715,0.048,6.449999809265137,1.0,1.0,1001.0,5.214,21.0,10.7,RB,49.0,0.755,9.7
2005,00-0021182,M.Morris,SEA,71.0,5.0,76.0,288.0,48.0,,1.0,0.0,1.0,-5.0970001220703125,5.164000034332275,0.06700000166893005,0.001,-1.3940000534057617,0.0,0.0,336.0,4.421,5.6,1.9,RB,6.0,0.833,1.3
2005,00-0011795,M.Muhammad,,0.0,64.0,64.0,0.0,750.0,,0.0,4.0,4.0,0.0,72.76399993896484,72.76399993896484,1.137,20.072999954223633,1.0,0.0,750.0,11.719,75000.0,400.0,WR,136.0,0.471,13600.0
2005,00-0013013,M.Pittman,TB,70.0,36.0,106.0,436.0,300.0,,1.0,1.0,2.0,0.2939999997615814,12.956000328063965,13.25,0.125,1.1349999904632568,0.0,0.0,736.0,6.943,14.8,6.7,RB,46.0,0.783,9.7
2005,00-0020022,M.Shipp,ARI,157.0,35.0,192.0,451.0,255.0,,0.0,0.0,0.0,-45.84199905395508,8.869999885559082,-36.97200012207031,-0.193,-7.38700008392334,0.0,3.0,706.0,3.677,12.3,0.0,RB,44.0,0.795,6.6
2005,00-0022821,M.Turner,LAC,57.0,0.0,57.0,335.0,0.0,,3.0,0.0,3.0,9.475000381469727,0.0,9.475000381469727,0.166,5.623000144958496,1.0,0.0,335.0,5.877,5.8,6.1,RB,0.0,0.0,0.0
2005,00-0019831,N.Goings,CAR,37.0,14.0,51.0,133.0,151.0,,0.0,0.0,0.0,-8.711000442504883,6.071000099182129,-2.6389999389648438,-0.052,-0.30399999022483826,0.0,0.0,284.0,5.569,5.5,0.0,RB,20.0,0.7,4.5
2005,00-0000552,O.Ayanbadejo,ARI,24.0,34.0,58.0,46.0,231.0,,0.0,0.0,0.0,-8.029999732971191,3.319000005722046,-4.710999965667725,-0.081,-3.0160000324249268,0.0,0.0,277.0,4.776,4.8,0.0,RB,45.0,0.756,6.8
2005,00-0019642,P.Burress,,0.0,76.0,76.0,0.0,1214.0,,0.0,7.0,7.0,0.0,108.59600067138672,108.59600067138672,1.429,24.090999603271484,1.0,0.0,1214.0,15.974,121400.0,700.0,WR,166.0,0.458,16600.0
2005,00-0007661,P.Holmes,KC,119.0,21.0,140.0,451.0,197.0,,6.0,1.0,7.0,2.8970000743865967,8.01099967956543,10.907999992370605,0.078,0.0,0.0,0.0,648.0,4.629,10.2,16.3,RB,32.0,0.656,6.5
2005,00-0019533,P.Pass,NE,54.0,22.0,76.0,245.0,227.0,,3.0,0.0,3.0,-2.0959999561309814,7.001999855041504,4.906000137329102,0.065,-3.174999952316284,0.0,1.0,472.0,6.211,8.1,6.8,RB,30.0,0.733,5.4
2005,00-0023437,R.Brown,MIA,207.0,32.0,239.0,907.0,232.0,,4.0,1.0,5.0,-14.777000427246094,8.618000030517578,-6.159999847412109,-0.026,-8.1850004196167,0.0,3.0,1139.0,4.766,21.4,15.2,RB,48.0,0.667,8.9
2005,00-0019643,R.Dayne,DEN,53.0,3.0,56.0,270.0,17.0,,1.0,0.0,1.0,-1.4930000305175781,-4.427000045776367,-5.920000076293945,-0.106,-6.232999801635742,0.0,0.0,287.0,5.125,4.9,2.3,RB,3.0,1.0,0.7
2005,00-0019610,R.Droughns,CLE,310.0,39.0,349.0,1232.0,369.0,,2.0,0.0,2.0,-37.558998107910156,13.378999710083008,-24.18000030517578,-0.069,-17.559999465942383,0.0,1.0,1601.0,4.587,33.7,10.5,RB,56.0,0.696,11.5
2005,00-0020407,R.Johnson,CIN,337.0,23.0,360.0,1458.0,90.0,,12.0,0.0,12.0,11.704000473022461,-5.697999954223633,6.00600004196167,0.017,2.5439999103546143,3.0,0.0,1548.0,4.3,26.7,25.5,RB,30.0,0.767,5.6
2005,00-0021236,R.McMichael,,0.0,60.0,60.0,0.0,582.0,,0.0,5.0,5.0,0.0,38.79600143432617,38.79600143432617,0.647,7.313000202178955,0.0,0.0,582.0,9.7,58200.0,500.0,TE,104.0,0.577,10400.0
2005,00-0023512,R.Moats,PHI,55.0,4.0,59.0,278.0,7.0,,3.0,0.0,3.0,-8.97700023651123,-1.7079999446868896,-10.6850004196167,-0.181,-0.05900000035762787,3.0,1.0,285.0,4.831,5.5,10.0,RB,6.0,0.667,1.0
2005,00-0011754,R.Moss,,0.0,60.0,60.0,0.0,1005.0,,0.0,8.0,8.0,0.0,90.39700317382812,90.39700317382812,1.507,24.42099952697754,3.0,0.0,1005.0,16.75,100500.0,800.0,WR,125.0,0.48,12500.0
2005,00-0015290,R.Smith,DEN,1.0,85.0,86.0,7.0,1105.0,,0.0,6.0,6.0,0.29600000381469727,89.4540023803711,89.75,1.044,25.16200065612793,1.0,0.0,1112.0,12.93,19.2,14.0,WR,126.0,0.675,27.8
2005,00-0020498,R.Wayne,,0.0,83.0,83.0,0.0,1055.0,,0.0,5.0,5.0,0.0,93.06600189208984,93.06600189208984,1.121,16.47599983215332,0.0,0.0,1055.0,12.711,105500.0,500.0,WR,123.0,0.675,12300.0
2005,00-0017915,R.Williams,MIA,168.0,17.0,185.0,743.0,93.0,,6.0,0.0,6.0,-1.8600000143051147,0.6600000262260437,-1.2000000476837158,-0.006,0.41100001335144043,3.0,1.0,836.0,4.519,15.7,18.2,RB,20.0,0.85,3.7
2005,00-0019647,S.Alexander,SEA,370.0,15.0,385.0,1880.0,78.0,,27.0,1.0,28.0,51.733001708984375,2.9800000190734863,54.7130012512207,0.142,15.85200023651123,6.0,1.0,1958.0,5.086,32.5,51.9,RB,29.0,0.517,6.2
2005,00-0002159,S.Bryson,DET,64.0,37.0,101.0,306.0,284.0,,1.0,0.0,1.0,-3.8889999389648438,7.686999797821045,3.7980000972747803,0.038,5.3379998207092285,0.0,0.0,590.0,5.842,13.5,4.0,RB,47.0,0.787,9.1
2005,00-0004052,S.Davis,CAR,179.0,5.0,184.0,546.0,45.0,,12.0,0.0,12.0,-20.656999588012695,3.2690000534057617,-17.38800048828125,-0.094,-2.2190001010894775,0.0,0.0,591.0,3.212,11.5,28.6,RB,12.0,0.417,2.7
2005,00-0023074,S.Gado,GB,143.0,10.0,153.0,582.0,77.0,,6.0,1.0,7.0,2.01200008392334,-0.296999990940094,1.715999960899353,0.011,5.38100004196167,1.0,0.0,659.0,4.307,12.6,22.6,RB,12.0,0.833,1.9
2005,00-0022736,S.Jackson,LA,255.0,43.0,298.0,1046.0,320.0,,8.0,2.0,10.0,-32.33700180053711,18.98900032043457,-13.347999572753906,-0.045,-15.074000358581543,1.0,3.0,1366.0,4.584,23.5,28.6,RB,55.0,0.782,9.2
2005,00-0020494,S.Moss,WAS,3.0,84.0,87.0,-3.0,1483.0,,0.0,9.0,9.0,-2.312000036239624,138.86500549316406,136.552001953125,1.57,33.733001708984375,3.0,0.0,1480.0,17.011,27.3,22.5,WR,134.0,0.627,28.7
2005,00-0020337,S.Smith,CAR,4.0,103.0,107.0,25.0,1563.0,,1.0,12.0,13.0,1.7869999408721924,142.5399932861328,144.32699584960938,1.349,34.380001068115234,3.0,0.0,1588.0,14.841,30.9,31.0,WR,151.0,0.682,34.2
2005,00-0022538,S.Williams,BUF,45.0,17.0,62.0,161.0,116.0,,0.0,0.0,0.0,-12.288000106811523,1.315999984741211,-10.972000122070312,-0.177,-3.6389999389648438,0.0,0.0,277.0,4.468,6.3,0.0,RB,23.0,0.739,5.2
2005,00-0000745,T.Barber,NYG,358.0,54.0,412.0,1860.0,530.0,,9.0,2.0,11.0,10.342000007629395,43.345001220703125,53.6870002746582,0.13,32.797000885009766,4.0,1.0,2390.0,5.801,40.5,26.8,RB,70.0,0.771,12.8
2005,00-0022893,T.Bell,DEN,173.0,18.0,191.0,921.0,104.0,,8.0,0.0,8.0,10.244999885559082,1.6160000562667847,11.861000061035156,0.062,-3.4730000495910645,3.0,1.0,1025.0,5.366,17.7,18.6,RB,28.0,0.643,6.2
2005,00-0021376,T.Duckett,ATL,121.0,6.0,127.0,380.0,63.0,,8.0,0.0,8.0,-37.499000549316406,3.440000057220459,-34.058998107910156,-0.268,-25.98900032043457,2.0,2.0,443.0,3.488,8.7,23.5,RB,7.0,0.857,1.6
2005,00-0020964,T.Fisher,GB,60.0,48.0,108.0,173.0,347.0,,1.0,1.0,2.0,-11.986000061035156,9.701000213623047,-2.2839999198913574,-0.021,-2.2790000438690186,0.0,0.0,520.0,4.815,9.9,6.5,RB,65.0,0.738,10.5
2005,00-0006043,T.Glenn,DAL,2.0,62.0,64.0,-4.0,1129.0,,1.0,7.0,8.0,0.3240000009536743,97.75499725341797,98.0790023803711,1.532,35.26100158691406,3.0,0.0,1125.0,17.578,20.6,22.9,WR,118.0,0.525,24.5
2005,00-0006101,T.Gonzalez,,0.0,78.0,78.0,0.0,905.0,,0.0,2.0,2.0,0.0,71.62000274658203,71.62000274658203,0.918,20.92300033569336,0.0,0.0,905.0,11.603,90500.0,200.0,WR,116.0,0.672,11600.0
2005,00-0020516,T.Heap,,0.0,75.0,75.0,0.0,855.0,,0.0,7.0,7.0,0.0,72.7229995727539,72.7229995727539,0.97,22.558000564575195,3.0,0.0,855.0,11.4,85500.0,700.0,WR,114.0,0.658,11400.0
2005,00-0020471,T.Henry,TEN,88.0,13.0,101.0,335.0,117.0,,0.0,0.0,0.0,-14.3100004196167,3.7269999980926514,-10.583000183105469,-0.105,-3.184000015258789,0.0,1.0,452.0,4.475,8.7,0.0,RB,20.0,0.65,3.4
2005,00-0007681,T.Holt,LA,1.0,102.0,103.0,2.0,1331.0,,0.0,9.0,9.0,-0.13099999725818634,111.62999725341797,111.4990005493164,1.083,23.354000091552734,2.0,0.0,1333.0,12.942,23.0,25.7,WR,163.0,0.626,27.3
2005,00-0020438,T.Houshmandzadeh,CIN,8.0,78.0,86.0,62.0,956.0,,1.0,7.0,8.0,3.6740000247955322,87.34100341796875,91.01499938964844,1.058,27.631000518798828,2.0,0.0,1018.0,11.837,17.5,17.0,WR,115.0,0.678,21.5
2005,00-0019641,T.Jones,CHI,314.0,26.0,340.0,1335.0,143.0,,9.0,0.0,9.0,-35.55500030517578,2.632999897003174,-32.922000885009766,-0.097,-10.652000427246094,3.0,2.0,1478.0,4.347,34.7,40.9,RB,39.0,0.667,9.4
2005,00-0019721,T.Taylor,MIN,2.0,50.0,52.0,3.0,604.0,,0.0,4.0,4.0,-0.7519999742507935,51.80500030517578,51.051998138427734,0.982,11.532999992370605,2.0,0.0,607.0,11.673,12.7,14.3,WR,90.0,0.556,17.8
2005,00-0021279,V.Haynes,PIT,74.0,11.0,85.0,274.0,113.0,,3.0,0.0,3.0,-12.755000114440918,7.736999988555908,-5.01800012588501,-0.059,1.5,1.0,1.0,387.0,4.553,7.4,7.5,RB,17.0,0.647,4.5
2005,00-0023508,V.Morency,HOU,46.0,10.0,56.0,184.0,87.0,,2.0,0.0,2.0,-1.4709999561309814,4.513999938964844,3.0429999828338623,0.054,5.98799991607666,2.0,0.0,271.0,4.839,6.3,8.7,RB,15.0,0.667,3.4
2005,00-0004640,W.Dunn,ATL,280.0,29.0,309.0,1416.0,220.0,,3.0,1.0,4.0,11.755999565124512,6.142000198364258,17.89900016784668,0.058,-2.8550000190734863,0.0,0.0,1636.0,5.294,32.0,11.8,RB,37.0,0.784,8.3
2005,00-0022178,W.McGahee,BUF,325.0,28.0,353.0,1247.0,178.0,,5.0,0.0,5.0,-21.0939998626709,5.6570000648498535,-15.437000274658203,-0.044,-7.949999809265137,1.0,1.0,1425.0,4.037,32.5,20.8,RB,37.0,0.757,8.3
2005,00-0022250,W.Parker,PIT,255.0,18.0,273.0,1202.0,218.0,,4.0,1.0,5.0,-0.8700000047683716,15.625,14.755000114440918,0.054,7.765999794006348,1.0,0.0,1420.0,5.201,27.1,12.5,RB,24.0,0.75,6.4
2005,00-0003663,Z.Crockett,LV,60.0,13.0,73.0,208.0,111.0,,1.0,0.0,1.0,-10.586999893188477,5.517000198364258,-5.070000171661377,-0.069,-6.7729997634887695,0.0,0.0,319.0,4.37,6.1,3.1,RB,18.0,0.722,3.1
2006,00-0022064,A.Battle,SF,4.0,60.0,64.0,28.0,683.0,,0.0,3.0,3.0,0.2549999952316284,55.393001556396484,55.64799880981445,0.869,15.005999565124512,0.0,0.0,711.0,11.109,14.2,11.1,WR,86.0,0.698,19.7
2006,00-0022084,A.Boldin,ARI,5.0,83.0,88.0,28.0,1203.0,,0.0,4.0,4.0,1.0379999876022339,102.85399627685547,103.89199829101562,1.181,22.239999771118164,0.0,0.0,1231.0,13.989,23.6,14.3,WR,153.0,0.542,29.0
2006,00-0020285,A.Crumpler,,0.0,56.0,56.0,0.0,780.0,,0.0,8.0,8.0,0.0,73.74400329589844,73.74400329589844,1.317,16.809999465942383,1.0,0.0,780.0,13.929,78000.0,800.0,WR,103.0,0.544,10300.0
2006,00-0021547,A.Gates,,0.0,71.0,71.0,0.0,924.0,,0.0,9.0,9.0,0.0,93.70800018310547,93.70800018310547,1.32,23.86400032043457,3.0,0.0,924.0,13.014,92400.0,900.0,WR,120.0,0.592,12000.0
2006,00-0006305,A.Green,GB,266.0,47.0,313.0,1059.0,380.0,,5.0,1.0,6.0,-19.655000686645508,15.074999809265137,-4.579999923706055,-0.015,-6.033999919891357,1.0,2.0,1439.0,4.597,25.8,22.2,RB,64.0,0.734,10.2
2006,00-0021750,A.Harris,DET,49.0,18.0,67.0,158.0,132.0,,1.0,0.0,1.0,-9.274999618530273,4.541999816894531,-4.732999801635742,-0.071,-6.425000190734863,0.0,0.0,290.0,4.328,5.5,3.3,RB,25.0,0.72,4.3
2006,00-0022044,A.Johnson,HOU,3.0,103.0,106.0,14.0,1147.0,,0.0,5.0,5.0,-0.4580000042915344,90.16799926757812,89.70999908447266,0.846,7.426000118255615,0.0,0.0,1161.0,10.953,25.5,19.2,WR,165.0,0.624,35.2
2006,00-0021190,A.Randle El,WAS,19.0,32.0,51.0,118.0,351.0,,0.0,3.0,3.0,2.440999984741211,31.697999954223633,34.138999938964844,0.669,18.033000946044922,1.0,0.0,469.0,9.196,8.9,9.4,RB,63.0,0.508,13.6
2006,00-0020403,A.Thomas,BUF,107.0,22.0,129.0,378.0,139.0,,2.0,0.0,2.0,-25.798999786376953,3.943000078201294,-21.856000900268555,-0.169,-8.324999809265137,0.0,1.0,517.0,4.008,11.5,7.1,RB,24.0,0.917,5.7
2006,00-0022807,B.Berrian,CHI,2.0,51.0,53.0,5.0,775.0,,0.0,6.0,6.0,-0.3440000116825104,60.26300048828125,59.91899871826172,1.131,10.75,2.0,0.0,780.0,14.717,14.5,15.8,WR,102.0,0.5,20.0
2006,00-0023438,B.Edwards,CLE,4.0,60.0,64.0,12.0,879.0,,0.0,6.0,6.0,-0.31200000643730164,74.6520004272461,74.34100341796875,1.162,16.777999877929688,2.0,0.0,891.0,13.922,19.9,27.3,WR,123.0,0.488,24.7
2006,00-0023545,B.Jacobs,NYG,96.0,11.0,107.0,423.0,149.0,,9.0,0.0,9.0,4.3420000076293945,9.177000045776367,13.520000457763672,0.126,-9.223999977111816,1.0,1.0,572.0,5.346,10.6,23.7,RB,14.0,0.786,2.7
2006,00-0022943,B.Watson,,0.0,50.0,50.0,0.0,657.0,,0.0,3.0,3.0,0.0,55.09199905395508,55.09199905395508,1.102,0.16200000047683716,0.0,0.0,657.0,13.14,65700.0,300.0,WR,92.0,0.543,9200.0
2006,00-0021216,B.Westbrook,PHI,240.0,77.0,317.0,1217.0,699.0,,7.0,4.0,11.0,11.842000007629395,38.861000061035156,50.702999114990234,0.16,14.041000366210938,2.0,1.0,1916.0,6.044,32.0,26.2,RB,109.0,0.706,20.4
2006,00-0023439,C.Benson,CHI,157.0,8.0,165.0,647.0,54.0,,6.0,0.0,6.0,-1.7519999742507935,3.319999933242798,1.5679999589920044,0.01,3.2339999675750732,1.0,0.0,701.0,4.248,13.1,15.8,RB,10.0,0.8,2.0
2006,00-0020270,C.Buckhalter,PHI,83.0,23.0,106.0,345.0,201.0,,2.0,0.0,2.0,-9.369000434875488,13.335000038146973,3.9660000801086426,0.037,8.074999809265137,2.0,1.0,546.0,5.151,9.1,4.8,RB,27.0,0.852,5.0
2006,00-0020446,C.Chambers,MIA,8.0,59.0,67.0,95.0,677.0,,0.0,4.0,4.0,4.480000019073486,58.145999908447266,62.625999450683594,0.935,4.410999774932861,0.0,0.0,772.0,11.522,14.9,18.2,WR,156.0,0.378,26.8
2006,00-0022738,C.Cooley,,0.0,57.0,57.0,0.0,734.0,,0.0,6.0,6.0,0.0,66.08200073242188,66.08200073242188,1.159,23.040000915527344,1.0,0.0,734.0,12.877,73400.0,600.0,WR,96.0,0.594,9600.0
2006,00-0004304,C.Dillon,NE,199.0,15.0,214.0,812.0,147.0,,13.0,0.0,13.0,2.875,7.242000102996826,10.116000175476074,0.047,5.48199987411499,3.0,2.0,959.0,4.481,17.4,28.9,RB,16.0,0.938,3.0
2006,00-0023615,C.Houston,NYJ,113.0,7.0,120.0,374.0,43.0,,5.0,0.0,5.0,-16.541000366210938,1.9880000352859497,-14.553000450134277,-0.121,-12.295000076293945,1.0,0.0,417.0,3.475,8.4,15.6,RB,8.0,0.875,1.7
2006,00-0020397,C.Johnson,CIN,6.0,87.0,93.0,24.0,1370.0,,0.0,7.0,7.0,0.024000000208616257,104.69300079345703,104.71700286865234,1.126,14.6899995803833,0.0,0.0,1394.0,14.989,24.6,16.7,WR,152.0,0.572,29.3
2006,00-0021179,C.Portis,WAS,127.0,17.0,144.0,523.0,170.0,,7.0,0.0,7.0,3.242000102996826,4.25,7.493000030517578,0.052,0.0,0.0,0.0,693.0,4.812,13.1,21.9,RB,26.0,0.654,5.6
2006,00-0021314,C.Taylor,MIN,304.0,42.0,346.0,1214.0,288.0,,6.0,0.0,6.0,-44.67900085449219,14.050000190734863,-30.628999710083008,-0.089,-8.763999938964844,1.0,3.0,1502.0,4.341,29.5,24.0,RB,51.0,0.824,9.6
2006,00-0023440,C.Williams,TB,225.0,30.0,255.0,798.0,196.0,,1.0,0.0,1.0,-37.7130012512207,1.1759999990463257,-36.5369987487793,-0.143,-11.87600040435791,0.0,2.0,994.0,3.898,22.8,5.3,RB,44.0,0.682,8.3
2006,00-0021192,D.Branch,SEA,4.0,53.0,57.0,30.0,725.0,,0.0,4.0,4.0,0.22699999809265137,56.138999938964844,56.36600112915039,0.989,14.272000312805176,0.0,0.0,755.0,13.246,14.7,11.8,WR,101.0,0.525,20.0
2006,00-0004541,D.Driver,GB,7.0,91.0,98.0,16.0,1261.0,,0.0,8.0,8.0,-1.3589999675750732,117.48699951171875,116.12799835205078,1.185,31.384000778198242,2.0,0.0,1277.0,13.031,22.9,29.6,WR,171.0,0.532,27.3
2006,00-0021164,D.Foster,CAR,227.0,32.0,259.0,897.0,159.0,,3.0,0.0,3.0,-36.137001037597656,-2.568000078201294,-38.70399856567383,-0.149,-9.769000053405762,1.0,2.0,1056.0,4.077,20.6,11.5,RB,46.0,0.696,8.7
2006,00-0019663,D.Jackson,,0.0,63.0,63.0,0.0,956.0,,0.0,10.0,10.0,0.0,87.43699645996094,87.43699645996094,1.388,6.291999816894531,1.0,0.0,956.0,15.175,95600.0,1000.0,WR,112.0,0.562,11200.0
2006,00-0010500,D.Mason,BAL,1.0,68.0,69.0,-4.0,750.0,,0.0,2.0,2.0,-1.434000015258789,74.0989990234375,72.66500091552734,1.053,6.447000026702881,0.0,0.0,746.0,10.812,14.8,6.2,WR,112.0,0.607,21.8
2006,00-0020527,D.McAllister,NO,244.0,30.0,274.0,1057.0,198.0,,10.0,0.0,10.0,-0.9860000014305115,8.519000053405762,7.5329999923706055,0.027,8.809000015258789,2.0,1.0,1255.0,4.58,19.8,21.3,RB,36.0,0.833,6.3
2006,00-0019863,D.Rhodes,IND,187.0,36.0,223.0,641.0,251.0,,5.0,0.0,5.0,-26.388999938964844,7.894000053405762,-18.4950008392334,-0.083,-8.163999557495117,1.0,2.0,892.0,4.0,14.6,10.6,RB,46.0,0.783,8.3
2006,00-0024242,D.Williams,CAR,121.0,33.0,154.0,501.0,313.0,,1.0,1.0,2.0,-5.35099983215332,11.112000465393066,5.760000228881836,0.037,-1.7009999752044678,0.0,0.0,814.0,5.286,15.9,7.7,RB,36.0,0.917,6.8
2006,00-0008241,E.James,ARI,337.0,38.0,375.0,1159.0,217.0,,6.0,0.0,6.0,-43.83399963378906,5.52400016784668,-38.310001373291016,-0.102,-5.144999980926514,3.0,3.0,1376.0,3.669,26.4,21.4,RB,61.0,0.623,11.6
2006,00-0009163,E.Kennison,KC,4.0,53.0,57.0,16.0,860.0,,0.0,5.0,5.0,-0.013000000268220901,70.6520004272461,70.63899993896484,1.239,18.572999954223633,2.0,0.0,876.0,15.368,16.4,14.3,WR,101.0,0.525,22.6
2006,00-0011770,E.Moulds,HOU,1.0,57.0,58.0,6.0,557.0,,0.0,1.0,1.0,0.4860000014305115,38.540000915527344,39.0260009765625,0.673,1.6130000352859497,0.0,0.0,563.0,9.707,12.4,3.8,TE,78.0,0.731,16.6
2006,00-0020904,E.Parker,LAC,2.0,48.0,50.0,19.0,659.0,,0.0,0.0,0.0,1.0720000267028809,56.72700119018555,57.79899978637695,1.156,8.8149995803833,0.0,0.0,678.0,13.56,11.4,0.0,WR,70.0,0.686,15.4
2006,00-0023500,F.Gore,SF,313.0,61.0,374.0,1695.0,485.0,,8.0,1.0,9.0,-25.131999969482422,35.525001525878906,10.392999649047852,0.028,7.431000232696533,4.0,6.0,2180.0,5.829,43.4,33.3,RB,86.0,0.709,19.7
2006,00-0016098,F.Taylor,JAX,231.0,23.0,254.0,1146.0,242.0,,5.0,1.0,6.0,2.947000026702881,7.492000102996826,10.439000129699707,0.041,12.182000160217285,2.0,1.0,1388.0,5.465,25.9,15.8,RB,28.0,0.821,6.3
2006,00-0017162,H.Ward,PIT,2.0,74.0,76.0,30.0,975.0,,0.0,6.0,6.0,1.440999984741211,82.89800262451172,84.33899688720703,1.11,19.325000762939453,0.0,0.0,1005.0,13.224,16.9,15.8,WR,126.0,0.587,24.4
2006,00-0002099,I.Bruce,,0.0,74.0,74.0,0.0,1098.0,,0.0,3.0,3.0,0.0,94.31199645996094,94.31199645996094,1.274,26.739999771118164,1.0,0.0,1098.0,14.838,109800.0,300.0,WR,128.0,0.578,12800.0
2006,00-0024245,J.Addai,IND,226.0,40.0,266.0,1076.0,325.0,,7.0,1.0,8.0,7.455999851226807,21.266000747680664,28.722000122070312,0.108,-3.7109999656677246,0.0,2.0,1401.0,5.267,22.9,17.0,RB,50.0,0.8,9.1
2006,00-0022811,J.Cotchery,NYJ,5.0,82.0,87.0,25.0,961.0,,0.0,6.0,6.0,0.8479999899864197,86.27200317382812,87.12000274658203,1.001,17.58300018310547,1.0,0.0,986.0,11.333,19.8,18.8,WR,125.0,0.656,26.2
2006,00-0022093,J.Fargas,LV,178.0,13.0,191.0,659.0,91.0,,1.0,0.0,1.0,-19.399999618530273,3.3359999656677246,-16.06399917602539,-0.084,-2.8340001106262207,0.0,0.0,750.0,3.927,17.7,8.3,RB,21.0,0.619,4.4
2006,00-0005720,J.Galloway,TB,2.0,62.0,64.0,9.0,1057.0,,0.0,7.0,7.0,0.09200000017881393,97.56900024414062,97.66100311279297,1.526,30.06100082397461,2.0,0.0,1066.0,16.656,24.4,36.8,WR,142.0,0.437,26.9
2006,00-0022840,J.Jones,DAL,267.0,9.0,276.0,1084.0,142.0,,4.0,0.0,4.0,-15.543999671936035,11.371000289916992,-4.172999858856201,-0.015,1.2910000085830688,1.0,1.0,1226.0,4.442,20.8,8.7,RB,15.0,0.6,3.0
2006,00-0019693,J.Lewis,BAL,314.0,18.0,332.0,1132.0,115.0,,9.0,0.0,9.0,-41.94300079345703,5.622000217437744,-36.32099914550781,-0.109,-5.867000102996826,3.0,2.0,1247.0,3.756,24.7,28.1,RB,26.0,0.692,5.1
2006,00-0024294,J.Norwood,ATL,99.0,13.0,112.0,633.0,102.0,,2.0,0.0,2.0,9.699000358581543,1.6859999895095825,11.385000228881836,0.102,3.0309998989105225,0.0,0.0,735.0,6.562,14.4,6.7,RB,16.0,0.812,3.9
2006,00-0021148,J.Shockey,,0.0,66.0,66.0,0.0,623.0,,0.0,7.0,7.0,0.0,59.426998138427734,59.426998138427734,0.9,9.894000053405762,1.0,0.0,623.0,9.439,62300.0,700.0,TE,115.0,0.574,11500.0
2006,00-0021153,J.Walker,DEN,9.0,69.0,78.0,123.0,1084.0,,1.0,8.0,9.0,10.031999588012695,99.42400360107422,109.45600128173828,1.403,18.011999130249023,2.0,0.0,1207.0,15.474,23.7,28.1,WR,126.0,0.548,28.1
2006,00-0022127,J.Witten,,0.0,64.0,64.0,0.0,754.0,,0.0,1.0,1.0,0.0,59.83300018310547,59.83300018310547,0.935,16.08099937438965,0.0,0.0,754.0,11.781,75400.0,100.0,WR,92.0,0.696,9200.0
2006,00-0022288,J.Wright,CLE,62.0,6.0,68.0,189.0,82.0,,0.0,0.0,0.0,-21.56800079345703,6.303999900817871,-15.262999534606934,-0.224,-2.924999952316284,0.0,1.0,271.0,3.985,6.1,0.0,RB,11.0,0.545,2.2
2006,00-0020474,K.Barlow,NYJ,131.0,7.0,138.0,370.0,21.0,,6.0,0.0,6.0,-19.7189998626709,-1.4329999685287476,-21.150999069213867,-0.153,-5.625,0.0,0.0,391.0,2.833,7.9,18.8,RB,10.0,0.7,2.1
2006,00-0005091,K.Faulk,NE,25.0,43.0,68.0,123.0,356.0,,1.0,2.0,3.0,-1.0149999856948853,19.738000869750977,18.722999572753906,0.275,7.474999904632568,2.0,0.0,479.0,7.044,8.7,6.7,RB,56.0,0.768,10.7
2006,00-0008561,K.Johnson,CAR,1.0,70.0,71.0,4.0,815.0,,1.0,4.0,5.0,1.7410000562667847,65.4229965209961,67.16400146484375,0.946,11.111000061035156,0.0,0.0,819.0,11.535,16.0,19.2,WR,128.0,0.547,24.2
2006,00-0022782,K.Jones,DET,181.0,61.0,242.0,689.0,520.0,,6.0,2.0,8.0,-41.3120002746582,24.55900001525879,-16.753000259399414,-0.069,0.4230000078678131,1.0,4.0,1209.0,4.996,23.1,26.7,RB,78.0,0.782,13.3
2006,00-0022922,K.Winslow,,0.0,89.0,89.0,0.0,875.0,,0.0,3.0,3.0,0.0,57.400001525878906,57.400001525878906,0.645,11.144000053405762,0.0,0.0,875.0,9.831,87500.0,300.0,TE,119.0,0.748,11900.0
2006,00-0021184,L.Betts,WAS,245.0,53.0,298.0,1154.0,445.0,,4.0,1.0,5.0,-13.496999740600586,24.514999389648438,11.017000198364258,0.037,0.6359999775886536,3.0,2.0,1599.0,5.366,30.3,15.6,RB,64.0,0.828,13.8
2006,00-0018958,L.Coles,NYJ,2.0,91.0,93.0,14.0,1079.0,,0.0,6.0,6.0,0.1899999976158142,93.63099670410156,93.82099914550781,1.009,22.32900047302246,2.0,0.0,1093.0,11.753,21.9,18.8,WR,151.0,0.603,31.7
2006,00-0022910,L.Evans,,0.0,82.0,82.0,0.0,1291.0,,0.0,8.0,8.0,0.0,119.125,119.125,1.453,37.323001861572266,4.0,0.0,1291.0,15.744,129100.0,800.0,WR,137.0,0.599,13700.0
2006,00-0022921,L.Fitzgerald,ARI,1.0,68.0,69.0,5.0,941.0,,0.0,6.0,6.0,0.09600000083446503,89.3479995727539,89.44400024414062,1.296,31.35099983215332,3.0,0.0,946.0,13.71,18.1,21.4,WR,110.0,0.618,20.9
2006,00-0021976,L.Johnson,KC,416.0,41.0,457.0,1789.0,410.0,,17.0,2.0,19.0,3.4089999198913574,23.16699981689453,26.576000213623047,0.058,3.2730000019073486,4.0,2.0,2199.0,4.812,41.2,54.3,RB,66.0,0.621,14.8
2006,00-0020462,L.Jordan,LV,114.0,10.0,124.0,434.0,74.0,,2.0,0.0,2.0,-19.42300033569336,2.1459999084472656,-17.277000427246094,-0.139,0.0,0.0,0.0,508.0,4.097,12.0,16.7,RB,16.0,0.625,3.4
2006,00-0024236,L.Maroney,NE,175.0,22.0,197.0,745.0,194.0,,6.0,1.0,7.0,-7.296000003814697,11.053999900817871,3.757999897003174,0.019,5.644000053405762,2.0,1.0,939.0,4.766,17.1,15.6,RB,30.0,0.733,5.7
2006,00-0022126,L.Smith,,0.0,50.0,50.0,0.0,611.0,,0.0,5.0,5.0,0.0,41.6879997253418,41.6879997253418,0.834,11.527999877929688,1.0,0.0,611.0,12.22,61100.0,500.0,WR,81.0,0.617,8100.0
2006,00-0020536,L.Tomlinson,LAC,349.0,56.0,405.0,1815.0,508.0,,28.0,3.0,31.0,42.43299865722656,41.02899932861328,83.46199798583984,0.206,12.371000289916992,5.0,1.0,2323.0,5.736,39.0,55.4,RB,80.0,0.7,17.5
2006,00-0024332,L.Washington,NYJ,151.0,25.0,176.0,650.0,270.0,,4.0,0.0,4.0,-11.333000183105469,12.154000282287598,0.8209999799728394,0.005,7.431000232696533,1.0,1.0,920.0,5.227,18.5,12.5,RB,31.0,0.806,6.5
2006,00-0024260,L.White,TEN,61.0,14.0,75.0,244.0,60.0,,0.0,0.0,0.0,-4.881999969482422,-3.2699999809265137,-8.152000427246094,-0.109,-3.052000045776367,0.0,0.0,304.0,4.053,6.7,0.0,RB,20.0,0.7,4.6
2006,00-0000251,M.Alstott,TB,60.0,21.0,81.0,171.0,85.0,,3.0,0.0,3.0,-11.201000213623047,0.8880000114440918,-10.312000274658203,-0.127,-11.187000274658203,1.0,1.0,256.0,3.16,5.9,15.8,RB,38.0,0.553,7.2
2006,00-0023544,M.Barber,DAL,136.0,23.0,159.0,654.0,196.0,,14.0,2.0,16.0,21.04199981689453,11.118000030517578,32.15999984741211,0.202,-0.35499998927116394,3.0,0.0,850.0,5.346,14.4,34.8,RB,32.0,0.719,6.5
2006,00-0024011,M.Bell,DEN,157.0,20.0,177.0,677.0,158.0,,8.0,0.0,8.0,7.929999828338623,4.269000053405762,12.199999809265137,0.069,4.761000156402588,3.0,0.0,835.0,4.718,16.4,25.0,RB,27.0,0.741,6.0
2006,00-0001477,M.Booker,MIA,3.0,55.0,58.0,19.0,747.0,,0.0,6.0,6.0,-0.21799999475479126,64.96099853515625,64.74299621582031,1.116,10.590999603271484,1.0,0.0,766.0,13.207,14.7,27.3,WR,91.0,0.604,15.6
2006,00-0023457,M.Clayton,BAL,7.0,67.0,74.0,-30.0,938.0,,0.0,5.0,5.0,-9.395000457763672,72.20800018310547,62.8129997253418,0.849,21.031999588012695,2.0,0.0,908.0,12.27,18.0,15.6,WR,113.0,0.593,22.0
2006,00-0024466,M.Colston,,0.0,70.0,70.0,0.0,1038.0,,0.0,8.0,8.0,0.0,108.85900115966797,108.85900115966797,1.555,20.19700050354004,1.0,0.0,1038.0,14.829,103800.0,800.0,WR,115.0,0.609,11500.0
2006,00-0019281,M.Furrey,,0.0,98.0,98.0,0.0,1086.0,,0.0,6.0,6.0,0.0,87.09500122070312,87.09500122070312,0.889,21.454999923706055,2.0,0.0,1086.0,11.082,108600.0,600.0,WR,146.0,0.671,14600.0
2006,00-0007024,M.Harrison,,0.0,95.0,95.0,0.0,1366.0,,0.0,12.0,12.0,0.0,129.17999267578125,129.17999267578125,1.36,39.67399978637695,6.0,0.0,1366.0,14.379,136600.0,1200.0,WR,149.0,0.638,14900.0
2006,00-0024275,M.Jones-Drew,JAX,166.0,46.0,212.0,941.0,436.0,,13.0,2.0,15.0,24.89699935913086,24.641000747680664,49.53799819946289,0.234,17.863000869750977,6.0,1.0,1377.0,6.495,25.7,39.5,RB,61.0,0.754,13.8
2006,00-0022217,M.Moore,MIN,24.0,46.0,70.0,131.0,468.0,,0.0,1.0,1.0,1.5829999446868896,11.895000457763672,13.477999687194824,0.193,7.495999813079834,1.0,0.0,599.0,8.557,11.8,4.0,RB,63.0,0.73,11.9
2006,00-0021182,M.Morris,SEA,161.0,11.0,172.0,604.0,46.0,,0.0,0.0,0.0,-28.965999603271484,-1.3539999723434448,-30.31999969482422,-0.176,-1.4709999561309814,0.0,1.0,650.0,3.779,12.6,0.0,RB,20.0,0.55,4.0
2006,00-0011795,M.Muhammad,,0.0,60.0,60.0,0.0,863.0,,0.0,5.0,5.0,0.0,78.79199981689453,78.79199981689453,1.313,20.29599952697754,1.0,0.0,863.0,14.383,86300.0,500.0,WR,117.0,0.513,11700.0
2006,00-0013013,M.Pittman,TB,50.0,47.0,97.0,245.0,405.0,,1.0,0.0,1.0,3.8580000400543213,12.50100040435791,16.358999252319336,0.169,15.024999618530273,1.0,0.0,650.0,6.701,14.9,5.3,RB,76.0,0.618,14.4
2006,00-0015830,M.Strong,SEA,33.0,29.0,62.0,149.0,159.0,,1.0,0.0,1.0,-1.2519999742507935,-1.6100000143051147,-2.86299991607666,-0.046,-8.633000373840332,0.0,0.0,308.0,4.968,6.0,2.9,RB,43.0,0.674,8.5
2006,00-0022821,M.Turner,LAC,80.0,3.0,83.0,502.0,47.0,,2.0,0.0,2.0,13.432000160217285,2.930000066757202,16.36199951171875,0.197,10.494999885559082,0.0,0.0,549.0,6.614,9.2,3.6,RB,3.0,1.0,0.7
2006,00-0020245,M.Vick,ATL,71.0,1.0,72.0,550.0,1.0,,2.0,0.0,2.0,25.059999465942383,-1.2209999561309814,23.83799934387207,0.331,2.6679999828338623,0.0,2.0,551.0,7.653,10.8,6.7,RB,1.0,1.0,0.2
2006,00-0022130,Mu.Smith,BAL,36.0,22.0,58.0,153.0,135.0,,0.0,0.0,0.0,-11.715999603271484,-3.124000072479248,-14.840999603271484,-0.256,0.0,0.0,1.0,288.0,4.966,5.7,0.0,RB,25.0,0.88,4.9
2006,00-0021252,N.Davenport,PIT,60.0,15.0,75.0,221.0,193.0,,1.0,1.0,2.0,-9.336000442504883,17.441999435424805,8.105999946594238,0.108,4.629000186920166,1.0,0.0,414.0,5.52,7.0,5.3,RB,21.0,0.714,4.1
2006,00-0023676,N.Herron,GB,37.0,29.0,66.0,150.0,211.0,,1.0,2.0,3.0,-4.993000030517578,8.65999984741211,3.6670000553131104,0.056,-0.2809999883174896,0.0,0.0,361.0,5.47,6.5,11.1,RB,35.0,0.829,5.6
2006,00-0019642,P.Burress,,0.0,63.0,63.0,0.0,988.0,,0.0,10.0,10.0,0.0,87.61699676513672,87.61699676513672,1.391,21.89299964904785,2.0,0.0,988.0,15.683,98800.0,1000.0,WR,121.0,0.521,12100.0
2006,00-0013232,P.Price,BUF,5.0,50.0,55.0,18.0,399.0,,0.0,3.0,3.0,0.9039999842643738,29.038999557495117,29.94300079345703,0.544,6.368000030517578,0.0,0.0,417.0,7.582,9.3,10.7,TE,78.0,0.641,18.5
2006,00-0023437,R.Brown,MIA,242.0,33.0,275.0,1005.0,276.0,,5.0,0.0,5.0,-28.849000930786133,7.789999961853027,-21.05900001525879,-0.077,4.369999885559082,0.0,3.0,1281.0,4.658,24.7,22.7,RB,38.0,0.868,6.5
2006,00-0023470,R.Brown,PHI,3.0,47.0,50.0,24.0,836.0,,1.0,8.0,9.0,2.1050000190734863,82.97599792480469,85.08100128173828,1.702,14.178999900817871,1.0,0.0,860.0,17.2,14.4,21.4,WR,92.0,0.511,17.2
2006,00-0024217,R.Bush,NO,154.0,89.0,243.0,558.0,748.0,,6.0,2.0,8.0,-21.8799991607666,40.7140007019043,18.833999633789062,0.078,12.984000205993652,3.0,2.0,1306.0,5.374,20.6,17.0,RB,122.0,0.73,21.3
2006,00-0021176,R.Caldwell,NE,1.0,61.0,62.0,5.0,760.0,,0.0,4.0,4.0,0.18199999630451202,63.262001037597656,63.444000244140625,1.023,17.0,1.0,0.0,765.0,12.339,13.9,8.9,WR,103.0,0.592,19.6
2006,00-0021337,R.Curry,LV,1.0,62.0,63.0,4.0,727.0,,0.0,1.0,1.0,-0.12099999934434891,64.1989974975586,64.0780029296875,1.017,30.865999221801758,1.0,0.0,731.0,11.603,17.3,8.3,WR,89.0,0.697,18.8
2006,00-0019643,R.Dayne,HOU,152.0,14.0,166.0,612.0,77.0,,5.0,0.0,5.0,9.350000381469727,1.1269999742507935,10.47700023651123,0.063,12.194999694824219,5.0,0.0,689.0,4.151,15.1,19.2,RB,18.0,0.778,3.8
2006,00-0019610,R.Droughns,CLE,220.0,27.0,247.0,758.0,169.0,,4.0,0.0,4.0,-46.4739990234375,0.9330000281333923,-45.54199981689453,-0.184,-11.359000205993652,0.0,4.0,927.0,3.753,20.7,18.2,RB,33.0,0.818,6.6
2006,00-0020407,R.Johnson,CIN,341.0,23.0,364.0,1308.0,124.0,,12.0,0.0,12.0,-25.430999755859375,3.697000026702881,-21.733999252319336,-0.06,-7.195000171661377,4.0,2.0,1432.0,3.934,25.2,28.6,RB,31.0,0.742,6.0
2006,00-0021236,R.McMichael,,0.0,62.0,62.0,0.0,640.0,,0.0,3.0,3.0,0.0,49.3129997253418,49.3129997253418,0.795,13.34000015258789,2.0,0.0,640.0,10.323,64000.0,300.0,WR,96.0,0.646,9600.0
2006,00-0015290,R.Smith,DEN,1.0,52.0,53.0,-5.0,512.0,,0.0,3.0,3.0,-1.2960000038146973,42.91299819946289,41.617000579833984,0.785,9.255000114440918,1.0,0.0,507.0,9.566,10.0,9.4,TE,94.0,0.553,20.9
2006,00-0020498,R.Wayne,,0.0,86.0,86.0,0.0,1310.0,,0.0,9.0,9.0,0.0,125.1780014038086,125.1780014038086,1.456,24.56599998474121,1.0,0.0,1310.0,15.233,131000.0,900.0,WR,138.0,0.623,13800.0
2006,00-0022889,R.Williams,JAX,6.0,53.0,59.0,34.0,615.0,,0.0,4.0,4.0,1.8940000534057617,50.22999954223633,52.124000549316406,0.883,15.62600040435791,0.0,0.0,649.0,11.0,12.1,10.5,WR,92.0,0.576,20.8
2006,00-0022909,R.Williams,DET,2.0,82.0,84.0,2.0,1310.0,,0.0,7.0,7.0,-0.7450000047683716,108.96900177001953,108.2239990234375,1.288,26.020999908447266,3.0,0.0,1312.0,15.619,25.0,23.3,WR,151.0,0.543,25.7
2006,00-0019647,S.Alexander,SEA,252.0,12.0,264.0,896.0,48.0,,7.0,0.0,7.0,-34.582000732421875,1.5119999647140503,-33.06999969482422,-0.125,-10.456000328063965,4.0,3.0,944.0,3.576,18.3,20.6,RB,16.0,0.75,3.2
2006,00-0004052,S.Davis,LA,40.0,12.0,52.0,177.0,90.0,,0.0,1.0,1.0,-8.8149995803833,6.446000099182129,-2.368000030517578,-0.046,5.881999969482422,1.0,1.0,267.0,5.135,4.4,2.7,RB,17.0,0.706,2.9
2006,00-0023074,S.Gado,HOU,56.0,17.0,73.0,210.0,85.0,,1.0,0.0,1.0,-6.802000045776367,-3.117000102996826,-9.918999671936035,-0.136,0.0,0.0,0.0,295.0,4.041,6.5,3.8,RB,23.0,0.739,4.9
2006,00-0024240,S.Holmes,PIT,1.0,49.0,50.0,13.0,824.0,,0.0,2.0,2.0,1.156000018119812,76.99299621582031,78.14800262451172,1.563,28.545000076293945,1.0,0.0,837.0,16.74,14.1,5.3,WR,86.0,0.57,16.7
2006,00-0022736,S.Jackson,LA,346.0,90.0,436.0,1528.0,806.0,,13.0,3.0,16.0,-1.2710000276565552,30.281999588012695,29.011999130249023,0.067,10.684000015258789,10.0,1.0,2334.0,5.353,38.3,43.2,RB,110.0,0.818,18.9
2006,00-0019484,S.Morris,MIA,92.0,21.0,113.0,400.0,162.0,,1.0,0.0,1.0,-14.795999526977539,8.137999534606934,-6.6579999923706055,-0.059,1.8569999933242798,1.0,2.0,562.0,4.973,10.8,4.5,RB,35.0,0.6,6.0
2006,00-0020494,S.Moss,WAS,7.0,55.0,62.0,82.0,790.0,,0.0,6.0,6.0,3.055000066757202,66.80599975585938,69.86100006103516,1.127,15.932999610900879,2.0,0.0,872.0,14.065,16.5,18.8,WR,102.0,0.539,22.0
2006,00-0020337,S.Smith,CAR,8.0,83.0,91.0,61.0,1166.0,,1.0,8.0,9.0,2.0390000343322754,98.44999694824219,100.48799896240234,1.104,19.18899917602539,2.0,0.0,1227.0,13.484,24.0,34.6,WR,139.0,0.597,26.2
2006,00-0000745,T.Barber,NYG,328.0,58.0,386.0,1662.0,465.0,,5.0,0.0,5.0,9.57800006866455,21.327999114990234,30.9060001373291,0.08,11.017000198364258,4.0,1.0,2127.0,5.51,39.5,13.2,RB,81.0,0.716,15.8
2006,00-0022893,T.Bell,DEN,233.0,24.0,257.0,1025.0,115.0,,2.0,0.0,2.0,-24.719999313354492,-8.967000007629395,-33.6870002746582,-0.131,-19.25,0.0,3.0,1140.0,4.436,22.4,6.2,RB,31.0,0.774,6.9
2006,00-0006043,T.Glenn,DAL,3.0,70.0,73.0,11.0,1047.0,,0.0,6.0,6.0,-0.8949999809265137,92.76699829101562,91.87200164794922,1.259,27.77899932861328,0.0,0.0,1058.0,14.493,18.0,13.0,WR,110.0,0.636,22.2
2006,00-0006101,T.Gonzalez,,0.0,73.0,73.0,0.0,900.0,,0.0,5.0,5.0,0.0,89.30699920654297,89.30699920654297,1.223,17.44300079345703,0.0,0.0,900.0,12.329,90000.0,500.0,WR,104.0,0.702,10400.0
2006,00-0020516,T.Heap,,0.0,73.0,73.0,0.0,765.0,,0.0,6.0,6.0,0.0,62.71900177001953,62.71900177001953,0.859,18.659000396728516,0.0,0.0,765.0,10.479,76500.0,600.0,WR,116.0,0.629,11600.0
2006,00-0020471,T.Henry,TEN,271.0,18.0,289.0,1211.0,78.0,,7.0,0.0,7.0,-20.038000106811523,-2.7750000953674316,-22.812000274658203,-0.079,-5.079999923706055,2.0,1.0,1289.0,4.46,28.5,29.2,RB,25.0,0.72,5.7
2006,00-0007681,T.Holt,,0.0,93.0,93.0,0.0,1188.0,,0.0,10.0,10.0,0.0,104.05000305175781,104.05000305175781,1.119,24.861000061035156,2.0,0.0,1188.0,12.774,118800.0,1000.0,WR,179.0,0.52,17900.0
2006,00-0020438,T.Houshmandzadeh,CIN,3.0,90.0,93.0,6.0,1081.0,,0.0,9.0,9.0,-1.444000005722046,95.60299682617188,94.15899658203125,1.012,28.25,2.0,0.0,1087.0,11.688,19.1,21.4,WR,132.0,0.682,25.5
2006,00-0019641,T.Jones,CHI,297.0,36.0,333.0,1205.0,154.0,,6.0,0.0,6.0,-13.66100025177002,-5.111999988555908,-18.773000717163086,-0.056,1.753999948501587,2.0,1.0,1359.0,4.081,25.3,15.8,RB,47.0,0.766,9.2
2006,00-0012478,T.Owens,,0.0,85.0,85.0,0.0,1180.0,,0.0,13.0,13.0,0.0,117.48699951171875,117.48699951171875,1.382,29.288999557495117,5.0,0.0,1180.0,13.882,118000.0,1300.0,WR,153.0,0.556,15300.0
2006,00-0019721,T.Taylor,MIN,1.0,57.0,58.0,5.0,651.0,,0.0,3.0,3.0,0.29899999499320984,39.02399826049805,39.323001861572266,0.678,15.399999618530273,2.0,0.0,656.0,11.31,12.9,12.0,WR,89.0,0.64,16.8
2006,00-0023508,V.Morency,GB,96.0,17.0,113.0,434.0,114.0,,2.0,0.0,2.0,-6.367000102996826,2.4159998893737793,-3.9509999752044678,-0.035,5.663000106811523,2.0,1.0,548.0,4.85,9.8,7.4,RB,18.0,0.944,2.9
2006,00-0004640,W.Dunn,ATL,286.0,22.0,308.0,1140.0,164.0,,4.0,1.0,5.0,-34.047000885009766,6.638000011444092,-27.409000396728516,-0.089,-3.0769999027252197,1.0,0.0,1304.0,4.234,25.5,16.7,RB,27.0,0.815,6.6
2006,00-0024384,W.Lundy,HOU,124.0,33.0,157.0,476.0,204.0,,4.0,0.0,4.0,-12.130999565124512,5.186999797821045,-6.945000171661377,-0.044,-1.9769999980926514,0.0,1.0,680.0,4.331,14.9,15.4,RB,40.0,0.825,8.5
2006,00-0022178,W.McGahee,BUF,259.0,18.0,277.0,990.0,156.0,,6.0,0.0,6.0,-25.951000213623047,4.23799991607666,-21.71299934387207,-0.078,-8.635000228881836,2.0,2.0,1146.0,4.137,25.5,21.4,RB,28.0,0.643,6.6
2006,00-0022250,W.Parker,PIT,337.0,31.0,368.0,1494.0,222.0,,13.0,3.0,16.0,-16.61400032043457,10.152000427246094,-6.461999893188477,-0.018,-8.845999717712402,4.0,4.0,1716.0,4.663,28.9,42.1,RB,42.0,0.738,8.1
2006,00-0022427,W.Welker,,0.0,67.0,67.0,0.0,687.0,,0.0,1.0,1.0,0.0,53.525001525878906,53.525001525878906,0.799,2.4860000610351562,0.0,0.0,687.0,10.254,68700.0,100.0,WR,100.0,0.67,10000.0
2007,00-0022064,A.Battle,SF,4.0,50.0,54.0,4.0,600.0,,1.0,5.0,6.0,-4.210000038146973,48.80799865722656,44.597999572753906,0.826,5.2820000648498535,1.0,1.0,604.0,11.185,15.0,26.1,WR,105.0,0.476,21.0
2007,00-0022084,A.Boldin,ARI,1.0,71.0,72.0,14.0,853.0,,0.0,9.0,9.0,0.9800000190734863,71.22599792480469,72.20600128173828,1.003,29.804000854492188,3.0,0.0,867.0,12.042,15.4,22.0,WR,99.0,0.717,16.9
2007,00-0021547,A.Gates,,0.0,75.0,75.0,0.0,984.0,,0.0,9.0,9.0,0.0,98.44400024414062,98.44400024414062,1.313,16.871999740600586,1.0,0.0,984.0,13.12,98400.0,900.0,WR,117.0,0.641,11700.0
2007,00-0006305,A.Green,HOU,70.0,14.0,84.0,260.0,123.0,,2.0,0.0,2.0,-4.343999862670898,2.552000045776367,-1.7910000085830688,-0.021,0.0,0.0,0.0,383.0,4.56,7.0,5.7,RB,19.0,0.737,3.7
2007,00-0022044,A.Johnson,,0.0,60.0,60.0,0.0,851.0,,0.0,8.0,8.0,0.0,75.2300033569336,75.2300033569336,1.254,32.801998138427734,3.0,0.0,851.0,14.183,85100.0,800.0,WR,86.0,0.698,8600.0
2007,00-0021306,A.Peterson,CHI,151.0,51.0,202.0,510.0,420.0,,3.0,0.0,3.0,-18.35300064086914,12.206999778747559,-6.145999908447266,-0.03,-10.057000160217285,1.0,1.0,930.0,4.604,18.6,11.5,RB,65.0,0.785,11.7
2007,00-0025394,A.Peterson,MIN,238.0,19.0,257.0,1341.0,268.0,,12.0,1.0,13.0,10.902999877929688,24.187999725341797,35.090999603271484,0.137,-11.03600025177002,2.0,3.0,1609.0,6.261,30.0,40.6,RB,28.0,0.679,6.8
2007,00-0021190,A.Randle El,WAS,4.0,51.0,55.0,-3.0,728.0,,0.0,1.0,1.0,-2.746000051498413,60.50299835205078,57.75699996948242,1.05,14.036999702453613,1.0,0.0,725.0,13.182,13.6,3.0,WR,79.0,0.646,15.3
2007,00-0015601,A.Stecker,NO,114.0,37.0,151.0,444.0,215.0,,5.0,0.0,5.0,-13.657999992370605,7.257999897003174,-6.400000095367432,-0.042,1.843999981880188,4.0,1.0,659.0,4.364,11.2,11.9,RB,43.0,0.86,6.7
2007,00-0016550,A.Toomer,,0.0,59.0,59.0,0.0,760.0,,0.0,3.0,3.0,0.0,70.2040023803711,70.2040023803711,1.19,15.1850004196167,0.0,0.0,760.0,12.881,76000.0,300.0,WR,104.0,0.567,10400.0
2007,00-0020403,An.Thomas,BUF,36.0,15.0,51.0,89.0,95.0,,0.0,1.0,1.0,-8.458999633789062,4.8460001945495605,-3.611999988555908,-0.071,0.0,0.0,0.0,184.0,3.608,4.1,5.0,RB,20.0,0.75,4.6
2007,00-0022807,B.Berrian,CHI,1.0,70.0,71.0,3.0,948.0,,0.0,5.0,5.0,-0.1459999978542328,78.33200073242188,78.18599700927734,1.101,15.300000190734863,2.0,0.0,951.0,13.394,19.1,19.2,WR,127.0,0.551,22.8
2007,00-0023438,B.Edwards,,0.0,80.0,80.0,0.0,1289.0,,0.0,16.0,16.0,0.0,113.75700378417969,113.75700378417969,1.422,26.10300064086914,4.0,0.0,1289.0,16.112,128900.0,1600.0,WR,154.0,0.519,15400.0
2007,00-0004915,B.Engram,,0.0,94.0,94.0,0.0,1147.0,,0.0,6.0,6.0,0.0,90.35900115966797,90.35900115966797,0.961,22.072999954223633,2.0,0.0,1147.0,12.202,114700.0,600.0,WR,134.0,0.701,13400.0
2007,00-0025450,B.Jackson,GB,75.0,16.0,91.0,267.0,130.0,,1.0,0.0,1.0,-11.456999778747559,4.751999855041504,-6.704999923706055,-0.074,3.381999969482422,0.0,0.0,397.0,4.363,6.6,2.3,RB,22.0,0.727,3.9
2007,00-0023545,B.Jacobs,NYG,200.0,23.0,223.0,1011.0,174.0,,4.0,2.0,6.0,7.235000133514404,5.556000232696533,12.791000366210938,0.057,0.8119999766349792,3.0,3.0,1185.0,5.314,21.7,16.2,RB,38.0,0.605,7.1
2007,00-0025439,B.Leonard,LA,86.0,30.0,116.0,303.0,183.0,,0.0,0.0,0.0,-13.515999794006348,2.177000045776367,-11.33899974822998,-0.098,-0.6970000267028809,0.0,0.0,486.0,4.19,9.6,0.0,RB,39.0,0.769,6.9
2007,00-0024334,B.Marshall,DEN,5.0,102.0,107.0,57.0,1325.0,,0.0,7.0,7.0,4.0,113.41300201416016,117.41300201416016,1.097,41.069000244140625,3.0,0.0,1382.0,12.916,24.7,22.6,WR,170.0,0.6,33.3
2007,00-0022144,B.Wade,MIN,1.0,54.0,55.0,-9.0,654.0,,0.0,3.0,3.0,-1.6660000085830688,48.85300064086914,47.1870002746582,0.858,18.19099998474121,2.0,0.0,645.0,11.727,12.0,9.4,WR,83.0,0.651,20.0
2007,00-0021216,B.Westbrook,PHI,278.0,90.0,368.0,1333.0,771.0,,7.0,5.0,12.0,3.8299999237060547,39.04499816894531,42.875,0.117,6.611000061035156,1.0,0.0,2104.0,5.717,36.3,33.3,RB,120.0,0.75,21.2
2007,00-0023439,C.Benson,CHI,196.0,17.0,213.0,674.0,123.0,,4.0,0.0,4.0,-37.11899948120117,6.9070000648498535,-30.21299934387207,-0.142,0.0,0.0,2.0,797.0,3.742,16.0,15.4,RB,27.0,0.63,4.8
2007,00-0022092,C.Brown,TEN,101.0,19.0,120.0,464.0,128.0,,5.0,0.0,5.0,2.0980000495910645,5.744999885559082,7.8429999351501465,0.065,-2.5899999141693115,3.0,1.0,592.0,4.933,12.1,20.0,RB,21.0,0.905,4.6
2007,00-0020270,C.Buckhalter,PHI,62.0,12.0,74.0,313.0,87.0,,4.0,0.0,4.0,6.339000225067139,5.550000190734863,11.888999938964844,0.161,-0.12999999523162842,1.0,0.0,400.0,5.405,6.9,11.1,RB,21.0,0.571,3.7
2007,00-0020446,C.Chambers,LAC,3.0,66.0,69.0,12.0,970.0,,0.0,4.0,4.0,-0.16699999570846558,88.86100006103516,88.69400024414062,1.285,30.749000549316406,2.0,0.0,982.0,14.232,18.9,9.8,WR,129.0,0.512,28.1
2007,00-0022738,C.Cooley,,0.0,66.0,66.0,0.0,786.0,,0.0,8.0,8.0,0.0,83.18299865722656,83.18299865722656,1.26,17.874000549316406,1.0,0.0,786.0,11.909,78600.0,800.0,WR,113.0,0.584,11300.0
2007,00-0020397,C.Johnson,CIN,6.0,93.0,99.0,47.0,1440.0,,0.0,8.0,8.0,1.9989999532699585,126.40799713134766,128.40699768066406,1.297,27.268999099731445,2.0,0.0,1487.0,15.02,26.1,22.2,WR,161.0,0.578,28.1
2007,00-0025389,C.Johnson,DET,4.0,48.0,52.0,52.0,756.0,,1.0,4.0,5.0,5.4720001220703125,60.86399841308594,66.33599853515625,1.276,14.67199993133545,0.0,0.0,808.0,15.538,14.8,15.6,WR,95.0,0.505,16.5
2007,00-0021179,C.Portis,WAS,325.0,47.0,372.0,1262.0,389.0,,11.0,0.0,11.0,-44.30699920654297,16.972000122070312,-27.333999633789062,-0.073,-2.9489998817443848,4.0,5.0,1651.0,4.438,31.1,33.3,RB,60.0,0.783,11.6
2007,00-0021314,C.Taylor,MIN,157.0,29.0,186.0,844.0,281.0,,7.0,0.0,7.0,-9.406999588012695,12.17300033569336,2.7660000324249268,0.015,-0.7820000052452087,1.0,4.0,1125.0,6.048,21.0,21.9,RB,43.0,0.674,10.4
2007,00-0023440,C.Williams,TB,54.0,3.0,57.0,208.0,17.0,,3.0,0.0,3.0,-7.302999973297119,-5.36899995803833,-12.67300033569336,-0.222,0.0,0.0,1.0,225.0,3.947,4.3,9.4,RB,5.0,0.6,1.1
2007,00-0025410,D.Bowe,,0.0,70.0,70.0,0.0,995.0,,0.0,5.0,5.0,0.0,99.8270034790039,99.8270034790039,1.426,26.933000564575195,1.0,0.0,995.0,14.214,99500.0,500.0,WR,118.0,0.593,11800.0
2007,00-0022165,D.Clark,IND,2.0,58.0,60.0,29.0,616.0,,0.0,11.0,11.0,3.7139999866485596,67.04499816894531,70.75900268554688,1.179,12.510000228881836,2.0,0.0,645.0,10.75,10.9,21.6,WR,100.0,0.58,18.2
2007,00-0004541,D.Driver,GB,2.0,82.0,84.0,4.0,1048.0,,0.0,2.0,2.0,-0.8019999861717224,82.34100341796875,81.53900146484375,0.971,14.505000114440918,0.0,0.0,1052.0,12.524,17.4,4.7,WR,122.0,0.672,21.4
2007,00-0021164,D.Foster,CAR,247.0,24.0,271.0,876.0,173.0,,3.0,1.0,4.0,-52.757999420166016,8.718999862670898,-44.03799819946289,-0.163,-14.449000358581543,0.0,4.0,1049.0,3.871,22.5,15.4,RB,35.0,0.686,7.0
2007,00-0010500,D.Mason,,0.0,103.0,103.0,0.0,1087.0,,0.0,5.0,5.0,0.0,92.03800201416016,92.03800201416016,0.894,17.437000274658203,2.0,0.0,1087.0,10.553,108700.0,500.0,WR,164.0,0.628,16400.0
2007,00-0019650,D.Northcutt,JAX,6.0,44.0,50.0,27.0,601.0,,0.0,4.0,4.0,-0.41999998688697815,55.314998626708984,54.89500045776367,1.098,9.927000045776367,1.0,0.0,628.0,12.56,10.9,8.7,WR,73.0,0.603,15.7
2007,00-0012642,D.Patten,NO,2.0,54.0,56.0,-5.0,792.0,,0.0,3.0,3.0,-1.5529999732971191,58.867000579833984,57.31399917602539,1.023,19.312999725341797,2.0,0.0,787.0,14.054,13.4,7.1,WR,88.0,0.614,13.8
2007,00-0019863,D.Rhodes,LV,75.0,11.0,86.0,302.0,70.0,,1.0,0.0,1.0,-13.326000213623047,-0.7940000295639038,-14.119999885559082,-0.164,-9.982000350952148,1.0,1.0,372.0,4.326,7.6,3.7,RB,18.0,0.611,4.0
2007,00-0024850,D.Walker,HOU,59.0,13.0,72.0,264.0,81.0,,1.0,0.0,1.0,5.914999961853027,4.574999809265137,10.489999771118164,0.146,10.489999771118164,1.0,0.0,345.0,4.792,6.3,2.9,RB,15.0,0.867,2.9
2007,00-0022770,D.Ward,NYG,125.0,26.0,151.0,602.0,179.0,,3.0,1.0,4.0,5.770999908447266,5.3480000495910645,11.119000434875488,0.074,0.0,0.0,1.0,781.0,5.172,14.3,10.8,RB,40.0,0.65,7.5
2007,00-0024242,D.Williams,CAR,144.0,24.0,168.0,717.0,161.0,,4.0,1.0,5.0,10.906000137329102,-5.197000026702881,5.709000110626221,0.034,3.1670000553131104,3.0,0.0,878.0,5.226,18.8,19.2,RB,38.0,0.632,7.6
2007,00-0025615,D.Wynn,GB,50.0,9.0,59.0,203.0,73.0,,4.0,0.0,4.0,-1.6440000534057617,4.089000225067139,2.444999933242798,0.041,0.0,0.0,0.0,276.0,4.678,4.6,9.3,RB,14.0,0.643,2.5
2007,00-0021755,E.Graham,TB,222.0,49.0,271.0,898.0,324.0,,10.0,0.0,10.0,-5.390999794006348,6.776000022888184,1.3839999437332153,0.005,0.23499999940395355,3.0,0.0,1222.0,4.509,23.4,31.2,RB,70.0,0.7,14.7
2007,00-0008241,E.James,ARI,324.0,25.0,349.0,1232.0,196.0,,7.0,0.0,7.0,-15.215999603271484,8.866000175476074,-6.349999904632568,-0.018,-2.138000011444092,1.0,0.0,1428.0,4.092,25.4,17.1,RB,39.0,0.641,6.7
2007,00-0023500,F.Gore,SF,260.0,53.0,313.0,1102.0,436.0,,5.0,1.0,6.0,-38.17900085449219,19.038000106811523,-19.141000747680664,-0.061,-6.309000015258789,1.0,2.0,1538.0,4.914,38.1,26.1,RB,69.0,0.768,13.8
2007,00-0024204,F.Jackson,BUF,58.0,22.0,80.0,300.0,190.0,,0.0,0.0,0.0,-2.322999954223633,5.894000053405762,3.571000099182129,0.045,-2.2760000228881836,0.0,0.0,490.0,6.125,10.9,0.0,RB,30.0,0.733,7.0
2007,00-0016098,F.Taylor,JAX,223.0,9.0,232.0,1202.0,58.0,,5.0,0.0,5.0,4.126999855041504,2.191999912261963,6.318999767303467,0.027,12.819999694824219,3.0,1.0,1260.0,5.431,21.9,10.9,RB,14.0,0.643,3.0
2007,00-0024267,G.Jennings,,0.0,53.0,53.0,0.0,920.0,,0.0,12.0,12.0,0.0,86.15499877929688,86.15499877929688,1.626,18.659000396728516,2.0,0.0,920.0,17.358,92000.0,1200.0,WR,84.0,0.631,8400.0
2007,00-0022897,G.Jones,JAX,42.0,11.0,53.0,119.0,99.0,,2.0,2.0,4.0,-6.144000053405762,8.112000465393066,1.9670000076293945,0.037,-0.8330000042915344,1.0,0.0,218.0,4.113,3.8,8.7,RB,19.0,0.579,4.1
2007,00-0017162,H.Ward,PIT,2.0,72.0,74.0,7.0,736.0,,0.0,7.0,7.0,-2.4230000972747803,73.56300354003906,71.13999938964844,0.961,9.633000373840332,1.0,0.0,743.0,10.041,13.8,17.1,WR,114.0,0.632,26.1
2007,00-0002099,I.Bruce,LA,2.0,55.0,57.0,-4.0,733.0,,0.0,4.0,4.0,-1.8630000352859497,60.72200012207031,58.85900115966797,1.033,14.739999771118164,1.0,0.0,729.0,12.789,14.4,16.7,WR,101.0,0.545,17.8
2007,00-0007468,I.Hilliard,TB,1.0,62.0,63.0,6.0,722.0,,0.0,1.0,1.0,-0.47699999809265137,49.41999816894531,48.94300079345703,0.777,5.783999919891357,0.0,0.0,728.0,11.556,14.0,3.1,WR,87.0,0.713,18.3
2007,00-0024245,J.Addai,IND,263.0,41.0,304.0,1072.0,364.0,,12.0,3.0,15.0,5.211999893188477,26.38800048828125,31.600000381469727,0.104,8.63599967956543,4.0,0.0,1436.0,4.724,24.4,29.4,RB,49.0,0.837,8.9
2007,00-0023479,J.Arrington,ARI,26.0,29.0,55.0,78.0,241.0,,0.0,1.0,1.0,-9.444999694824219,4.381999969482422,-5.064000129699707,-0.092,-3.0789999961853027,1.0,0.0,319.0,5.8,5.7,2.4,RB,40.0,0.725,6.8
2007,00-0020820,J.Chatman,MIA,128.0,27.0,155.0,515.0,161.0,,1.0,0.0,1.0,-21.851999282836914,1.7910000085830688,-20.059999465942383,-0.129,-0.08299999684095383,0.0,0.0,676.0,4.361,14.1,4.0,RB,37.0,0.73,6.8
2007,00-0022811,J.Cotchery,NYJ,5.0,82.0,87.0,38.0,1129.0,,0.0,2.0,2.0,1.88100004196167,80.26399993896484,82.14600372314453,0.944,26.656999588012695,1.0,0.0,1167.0,13.414,23.6,9.5,WR,127.0,0.646,25.1
2007,00-0022093,J.Fargas,LV,222.0,23.0,245.0,1009.0,188.0,,4.0,0.0,4.0,-10.913999557495117,10.340999603271484,-0.5730000138282776,-0.002,-5.242000102996826,1.0,1.0,1197.0,4.886,24.6,14.8,RB,32.0,0.719,7.1
2007,00-0021982,J.Gage,,0.0,55.0,55.0,0.0,750.0,,0.0,2.0,2.0,0.0,68.03800201416016,68.03800201416016,1.237,20.990999221801758,0.0,0.0,750.0,13.636,75000.0,200.0,WR,85.0,0.647,8500.0
2007,00-0005720,J.Galloway,TB,1.0,57.0,58.0,1.0,1014.0,,0.0,6.0,6.0,-0.49399998784065247,82.0009994506836,81.50599670410156,1.405,8.371000289916992,0.0,0.0,1015.0,17.5,19.5,18.8,WR,98.0,0.582,20.6
2007,00-0022840,J.Jones,DAL,165.0,23.0,188.0,585.0,203.0,,2.0,0.0,2.0,-31.636999130249023,9.944000244140625,-21.69300079345703,-0.115,-12.159000396728516,0.0,0.0,788.0,4.191,13.3,4.2,RB,26.0,0.885,4.9
2007,00-0008962,J.Jurevicius,,0.0,50.0,50.0,0.0,614.0,,0.0,3.0,3.0,0.0,60.63399887084961,60.63399887084961,1.213,9.545000076293945,0.0,0.0,614.0,12.28,61400.0,300.0,WR,82.0,0.61,8200.0
2007,00-0019693,J.Lewis,CLE,298.0,30.0,328.0,1304.0,248.0,,9.0,2.0,11.0,-22.74799919128418,15.791000366210938,-6.955999851226807,-0.021,4.99399995803833,2.0,2.0,1552.0,4.732,27.2,26.2,RB,39.0,0.769,7.3
2007,00-0024294,J.Norwood,ATL,102.0,28.0,130.0,615.0,277.0,,1.0,0.0,1.0,7.0370001792907715,14.387999534606934,21.424999237060547,0.165,5.458000183105469,0.0,0.0,892.0,6.862,17.7,4.0,RB,39.0,0.718,7.0
2007,00-0021166,J.Reed,BUF,4.0,51.0,55.0,10.0,578.0,,0.0,0.0,0.0,-0.9539999961853027,33.8489990234375,32.89500045776367,0.598,3.309000015258789,0.0,0.0,588.0,10.691,13.0,0.0,WR,87.0,0.586,20.2
2007,00-0021148,J.Shockey,NYG,1.0,57.0,58.0,6.0,619.0,,0.0,3.0,3.0,-0.0430000014603138,43.667999267578125,43.625,0.752,0.9629999995231628,0.0,0.0,625.0,10.776,11.4,8.1,WR,93.0,0.613,17.4
2007,00-0022127,J.Witten,,0.0,96.0,96.0,0.0,1145.0,,0.0,7.0,7.0,0.0,87.33699798583984,87.33699798583984,0.91,18.726999282836914,1.0,0.0,1145.0,11.927,114500.0,700.0,WR,141.0,0.681,14100.0
2007,00-0022288,J.Wright,CLE,60.0,24.0,84.0,277.0,232.0,,1.0,0.0,1.0,-3.2939999103546143,14.119000434875488,10.824999809265137,0.129,8.9350004196167,0.0,1.0,509.0,6.06,8.9,2.4,RB,37.0,0.649,6.9
2007,00-0022001,K.Curtis,,0.0,77.0,77.0,0.0,1110.0,,0.0,6.0,6.0,0.0,92.33599853515625,92.33599853515625,1.199,18.927000045776367,1.0,0.0,1110.0,14.416,111000.0,600.0,WR,135.0,0.57,13500.0
2007,00-0005091,K.Faulk,NE,63.0,47.0,110.0,268.0,383.0,,0.0,1.0,1.0,-2.193000078201294,24.990999221801758,22.797000885009766,0.207,5.919000148773193,0.0,0.0,651.0,5.918,9.8,1.5,RB,61.0,0.77,10.5
2007,00-0022782,K.Jones,DET,153.0,33.0,186.0,581.0,197.0,,8.0,0.0,8.0,-13.324000358581543,4.702000141143799,-8.621999740600586,-0.046,-1.4479999542236328,2.0,1.0,778.0,4.183,14.3,25.0,RB,45.0,0.733,7.8
2007,00-0022206,K.Keith,IND,121.0,13.0,134.0,533.0,77.0,,3.0,1.0,4.0,9.987000465393066,3.7249999046325684,13.711999893188477,0.102,1.6440000534057617,0.0,0.0,610.0,4.552,10.4,7.8,RB,23.0,0.565,4.2
2007,00-0025535,K.Smith,KC,112.0,22.0,134.0,407.0,148.0,,2.0,0.0,2.0,-4.493000030517578,-0.013000000268220901,-4.50600004196167,-0.034,-7.961999893188477,0.0,0.0,555.0,4.142,11.7,8.7,RB,29.0,0.759,5.2
2007,00-0021931,K.Walter,HOU,5.0,65.0,70.0,30.0,800.0,,0.0,4.0,4.0,2.7279999256134033,74.60700225830078,77.33599853515625,1.105,16.554000854492188,2.0,0.0,830.0,11.857,15.2,11.4,WR,106.0,0.613,20.4
2007,00-0019808,K.Watson,CIN,179.0,52.0,231.0,763.0,373.0,,7.0,0.0,7.0,0.1589999943971634,8.02299976348877,8.182000160217285,0.035,-4.361000061035156,2.0,1.0,1136.0,4.918,20.0,19.4,RB,68.0,0.765,11.9
2007,00-0022922,K.Winslow,,0.0,82.0,82.0,0.0,1106.0,,0.0,5.0,5.0,0.0,89.78299713134766,89.78299713134766,1.095,15.819999694824219,0.0,0.0,1106.0,13.488,110600.0,500.0,WR,149.0,0.55,14900.0
2007,00-0021184,L.Betts,WAS,93.0,21.0,114.0,335.0,174.0,,1.0,1.0,2.0,-17.29199981689453,4.580999851226807,-12.711000442504883,-0.112,-0.824999988079071,2.0,1.0,509.0,4.465,9.6,6.1,RB,32.0,0.656,6.2
2007,00-0025458,L.Booker,MIA,28.0,28.0,56.0,125.0,237.0,,0.0,0.0,0.0,3.256999969482422,14.038000106811523,17.295000076293945,0.309,16.25200080871582,0.0,0.0,362.0,6.464,7.6,0.0,RB,36.0,0.778,6.6
2007,00-0018958,L.Coles,,0.0,55.0,55.0,0.0,646.0,,0.0,6.0,6.0,0.0,62.314998626708984,62.314998626708984,1.133,6.926000118255615,0.0,0.0,646.0,11.745,64600.0,600.0,WR,89.0,0.618,8900.0
2007,00-0022910,L.Evans,,0.0,55.0,55.0,0.0,849.0,,0.0,5.0,5.0,0.0,66.75700378417969,66.75700378417969,1.214,15.571999549865723,3.0,0.0,849.0,15.436,84900.0,500.0,WR,113.0,0.487,11300.0
2007,00-0022921,L.Fitzgerald,,0.0,101.0,101.0,0.0,1412.0,,0.0,10.0,10.0,0.0,108.70800018310547,108.70800018310547,1.076,37.14500045776367,4.0,0.0,1412.0,13.98,141200.0,1000.0,WR,168.0,0.601,16800.0
2007,00-0021976,L.Johnson,KC,158.0,30.0,188.0,559.0,186.0,,3.0,1.0,4.0,-32.46500015258789,5.322999954223633,-27.142000198364258,-0.144,0.0,0.0,1.0,745.0,3.963,15.7,17.4,RB,42.0,0.714,7.5
2007,00-0020462,L.Jordan,LV,144.0,28.0,172.0,549.0,247.0,,3.0,0.0,3.0,-13.406000137329102,7.00600004196167,-6.400000095367432,-0.037,-8.9399995803833,0.0,0.0,796.0,4.628,16.4,11.1,RB,34.0,0.824,7.6
2007,00-0024236,L.Maroney,NE,186.0,4.0,190.0,835.0,116.0,,6.0,0.0,6.0,2.8399999141693115,9.402000427246094,12.243000030517578,0.064,4.310999870300293,4.0,0.0,951.0,5.005,14.4,9.2,RB,8.0,0.5,1.4
2007,00-0020536,L.Tomlinson,LAC,315.0,60.0,375.0,1474.0,475.0,,15.0,3.0,18.0,9.697999954223633,21.60300064086914,31.301000595092773,0.083,13.270999908447266,6.0,0.0,1949.0,5.197,37.6,43.9,RB,86.0,0.698,18.7
2007,00-0024332,L.Washington,NYJ,71.0,36.0,107.0,353.0,213.0,,3.0,0.0,3.0,-2.5929999351501465,7.544000148773193,4.951000213623047,0.046,-0.8109999895095825,0.0,1.0,566.0,5.29,11.5,14.3,RB,52.0,0.692,10.3
2007,00-0023063,L.Weaver,SEA,33.0,39.0,72.0,146.0,313.0,,1.0,0.0,1.0,-2.869999885559082,16.351999282836914,13.482000350952148,0.187,6.613999843597412,0.0,0.0,459.0,6.375,8.0,2.6,RB,52.0,0.75,8.9
2007,00-0024260,L.White,TEN,304.0,20.0,324.0,1108.0,114.0,,7.0,0.0,7.0,-51.88199996948242,3.3570001125335693,-48.52399826049805,-0.15,-9.187000274658203,1.0,4.0,1222.0,3.772,24.9,28.0,RB,31.0,0.645,6.8
2007,00-0023544,M.Barber,DAL,203.0,44.0,247.0,973.0,282.0,,10.0,2.0,12.0,19.11400032043457,15.23799991607666,34.35300064086914,0.139,8.690999984741211,4.0,0.0,1255.0,5.081,21.2,25.0,RB,54.0,0.815,10.3
2007,00-0020514,M.Bennett,TB,60.0,15.0,75.0,239.0,99.0,,1.0,1.0,2.0,-6.163000106811523,4.0329999923706055,-2.130000114440918,-0.028,0.49000000953674316,1.0,0.0,338.0,4.507,6.5,6.2,RB,22.0,0.682,4.6
2007,00-0001477,M.Booker,MIA,2.0,50.0,52.0,12.0,556.0,,0.0,1.0,1.0,-2.38700008392334,48.47999954223633,46.09400177001953,0.886,10.057999610900879,0.0,1.0,568.0,10.923,11.9,4.0,WR,105.0,0.476,19.3
2007,00-0024466,M.Colston,,0.0,98.0,98.0,0.0,1202.0,,0.0,11.0,11.0,0.0,101.2490005493164,101.2490005493164,1.033,27.659000396728516,5.0,0.0,1202.0,12.265,120200.0,1100.0,WR,144.0,0.681,14400.0
2007,00-0019281,M.Furrey,,0.0,61.0,61.0,0.0,664.0,,0.0,1.0,1.0,0.0,51.909000396728516,51.909000396728516,0.851,12.33899974822998,0.0,0.0,664.0,10.885,66400.0,100.0,WR,90.0,0.678,9000.0
2007,00-0022781,M.Jenkins,,0.0,53.0,53.0,0.0,532.0,,0.0,4.0,4.0,0.0,45.51499938964844,45.51499938964844,0.859,4.982999801635742,1.0,0.0,532.0,10.038,53200.0,400.0,WR,85.0,0.624,8500.0
2007,00-0024275,M.Jones-Drew,JAX,167.0,40.0,207.0,768.0,407.0,,9.0,0.0,9.0,4.684999942779541,29.336999893188477,34.02199935913086,0.164,15.541000366210938,1.0,1.0,1175.0,5.676,20.5,19.6,RB,55.0,0.727,11.8
2007,00-0025399,M.Lynch,BUF,281.0,18.0,299.0,1115.0,184.0,,7.0,0.0,7.0,-26.381999969482422,13.711999893188477,-12.670999526977539,-0.042,-8.487000465393066,1.0,1.0,1299.0,4.344,28.8,35.0,RB,26.0,0.692,6.0
2007,00-0021182,M.Morris,SEA,140.0,23.0,163.0,628.0,213.0,,4.0,1.0,5.0,-13.982999801635742,10.241999626159668,-3.740999937057495,-0.023,-7.86899995803833,1.0,1.0,841.0,5.16,14.7,12.8,RB,32.0,0.719,5.5
2007,00-0013013,M.Pittman,TB,69.0,26.0,95.0,288.0,191.0,,0.0,0.0,0.0,-5.465000152587891,2.3570001125335693,-3.1080000400543213,-0.033,3.8889999389648438,0.0,0.0,479.0,5.042,9.2,0.0,RB,39.0,0.667,8.2
2007,00-0022130,M.Smith,BAL,75.0,27.0,102.0,264.0,192.0,,2.0,0.0,2.0,-7.506999969482422,6.019000053405762,-1.4880000352859497,-0.015,3.2980000972747803,1.0,0.0,456.0,4.471,9.2,8.7,RB,34.0,0.794,6.2
2007,00-0022821,M.Turner,LAC,71.0,4.0,75.0,316.0,16.0,,1.0,0.0,1.0,-12.824999809265137,-1.0820000171661377,-13.906999588012695,-0.185,-5.784999847412109,0.0,1.0,332.0,4.427,6.4,2.4,RB,7.0,0.571,1.5
2007,00-0021999,N.Burleson,SEA,2.0,50.0,52.0,4.0,694.0,,0.0,9.0,9.0,-1.7610000371932983,63.90299987792969,62.141998291015625,1.195,21.39699935913086,4.0,0.0,698.0,13.423,12.2,23.1,WR,95.0,0.526,16.3
2007,00-0021252,N.Davenport,PIT,107.0,18.0,125.0,499.0,184.0,,5.0,2.0,7.0,7.120999813079834,11.826000213623047,18.94700050354004,0.152,15.536999702453613,4.0,0.0,683.0,5.464,12.7,17.1,RB,27.0,0.667,6.2
2007,00-0024313,O.Daniels,,0.0,63.0,63.0,0.0,768.0,,0.0,3.0,3.0,0.0,53.06800079345703,53.06800079345703,0.842,14.737000465393066,2.0,0.0,768.0,12.19,76800.0,300.0,WR,94.0,0.67,9400.0
2007,00-0019642,P.Burress,,0.0,70.0,70.0,0.0,1025.0,,0.0,12.0,12.0,0.0,103.85299682617188,103.85299682617188,1.484,26.652999877929688,3.0,0.0,1025.0,14.643,102500.0,1200.0,WR,140.0,0.5,14000.0
2007,00-0022766,P.Crayton,,0.0,50.0,50.0,0.0,697.0,,0.0,7.0,7.0,0.0,58.016998291015625,58.016998291015625,1.16,10.010000228881836,0.0,0.0,697.0,13.94,69700.0,700.0,WR,81.0,0.617,8100.0
2007,00-0007661,P.Holmes,KC,47.0,5.0,52.0,137.0,17.0,,0.0,0.0,0.0,-9.680000305175781,-2.2839999198913574,-11.96399974822998,-0.23,0.0,0.0,0.0,154.0,2.962,3.3,0.0,RB,10.0,0.5,1.8
2007,00-0024813,P.Thomas,NO,51.0,19.0,70.0,251.0,152.0,,1.0,1.0,2.0,5.730000019073486,11.27299976348877,17.003000259399414,0.243,18.687000274658203,1.0,0.0,403.0,5.757,6.9,4.8,RB,23.0,0.826,3.6
2007,00-0023437,R.Brown,MIA,120.0,39.0,159.0,602.0,389.0,,4.0,1.0,5.0,23.590999603271484,21.215999603271484,44.80699920654297,0.282,0.0,0.0,0.0,991.0,6.233,20.7,20.0,RB,46.0,0.848,8.5
2007,00-0023470,R.Brown,PHI,5.0,61.0,66.0,36.0,780.0,,0.0,4.0,4.0,1.2660000324249268,71.06700134277344,72.33300018310547,1.096,22.795000076293945,2.0,0.0,816.0,12.364,14.1,11.1,WR,111.0,0.55,19.6
2007,00-0024217,R.Bush,NO,160.0,73.0,233.0,581.0,417.0,,4.0,2.0,6.0,-18.08799934387207,15.574999809265137,-2.51200008392334,-0.011,0.0,0.0,3.0,998.0,4.283,17.0,14.3,RB,98.0,0.745,15.4
2007,00-0021337,R.Curry,LV,1.0,55.0,56.0,1.0,717.0,,0.0,4.0,4.0,-0.3610000014305115,63.32099914550781,62.959999084472656,1.124,11.968000411987305,1.0,0.0,718.0,12.821,14.8,14.8,WR,98.0,0.561,21.9
2007,00-0019643,R.Dayne,HOU,194.0,17.0,211.0,773.0,112.0,,6.0,0.0,6.0,-11.187999725341797,3.496999979019165,-7.690999984741211,-0.036,0.5619999766349792,3.0,0.0,885.0,4.194,16.2,17.1,RB,26.0,0.654,5.0
2007,00-0019610,R.Droughns,NYG,85.0,7.0,92.0,275.0,49.0,,6.0,0.0,6.0,-8.239999771118164,0.2460000067949295,-7.99399995803833,-0.087,-8.881999969482422,0.0,0.0,324.0,3.522,5.9,16.2,RB,15.0,0.467,2.8
2007,00-0022984,R.Grant,GB,188.0,30.0,218.0,956.0,147.0,,8.0,0.0,8.0,3.813999891281128,-3.009999990463257,0.8040000200271606,0.004,3.321000099182129,4.0,0.0,1103.0,5.06,18.2,18.6,RB,37.0,0.811,6.5
2007,00-0020407,R.Johnson,CIN,171.0,13.0,184.0,497.0,110.0,,3.0,1.0,4.0,-36.819000244140625,6.783999919891357,-30.03499984741211,-0.163,-5.14900016784668,1.0,2.0,607.0,3.299,10.7,11.1,RB,16.0,0.812,2.8
2007,00-0011754,R.Moss,,0.0,98.0,98.0,0.0,1482.0,,0.0,23.0,23.0,0.0,153.48599243164062,153.48599243164062,1.566,36.86000061035156,6.0,0.0,1482.0,15.122,148200.0,2300.0,WR,159.0,0.616,15900.0
2007,00-0020498,R.Wayne,IND,1.0,104.0,105.0,4.0,1510.0,,0.0,10.0,10.0,-0.1080000028014183,113.75399780273438,113.64700317382812,1.082,19.163000106811523,2.0,0.0,1514.0,14.419,25.7,19.6,WR,156.0,0.667,28.5
2007,00-0023462,R.White,ATL,1.0,83.0,84.0,-2.0,1202.0,,0.0,6.0,6.0,-0.9010000228881836,94.50599670410156,93.6050033569336,1.114,20.451000213623047,2.0,0.0,1200.0,14.286,23.8,24.0,WR,138.0,0.601,24.9
2007,00-0022909,R.Williams,DET,2.0,63.0,65.0,1.0,836.0,,0.0,5.0,5.0,-0.9079999923706055,56.70000076293945,55.79199981689453,0.858,0.0,0.0,0.0,837.0,12.877,15.4,15.6,WR,104.0,0.606,18.0
2007,00-0023570,R.Williams,TEN,2.0,55.0,57.0,-17.0,719.0,,0.0,4.0,4.0,-2.8580000400543213,61.13399887084961,58.2760009765625,1.022,24.15399932861328,2.0,0.0,702.0,12.316,14.3,16.0,WR,93.0,0.591,20.4
2007,00-0019647,S.Alexander,SEA,207.0,14.0,221.0,716.0,76.0,,4.0,1.0,5.0,-28.510000228881836,3.874000072479248,-24.63599967956543,-0.111,0.9279999732971191,2.0,0.0,792.0,3.584,13.8,12.8,RB,25.0,0.56,4.3
2007,00-0023074,S.Gado,MIA,54.0,12.0,66.0,150.0,106.0,,4.0,0.0,4.0,-7.22599983215332,1.3660000562667847,-5.859000205993652,-0.089,-2.328000068664551,3.0,0.0,256.0,3.879,5.3,16.0,RB,13.0,0.923,2.4
2007,00-0024240,S.Holmes,PIT,5.0,52.0,57.0,17.0,942.0,,0.0,8.0,8.0,-1.996999979019165,90.31300354003906,88.31600189208984,1.549,22.072999954223633,1.0,0.0,959.0,16.825,17.8,19.5,WR,86.0,0.605,19.7
2007,00-0022736,S.Jackson,LA,237.0,38.0,275.0,1002.0,271.0,,5.0,1.0,6.0,-24.295000076293945,10.836000442504883,-13.458999633789062,-0.049,5.330999851226807,2.0,2.0,1273.0,4.629,25.1,25.0,RB,52.0,0.731,9.2
2007,00-0021981,S.McDonald,DET,4.0,79.0,83.0,2.0,943.0,,0.0,6.0,6.0,-5.353000164031982,70.12100219726562,64.76899719238281,0.78,21.086999893188477,2.0,1.0,945.0,11.386,17.3,18.8,WR,128.0,0.617,22.2
2007,00-0019484,S.Morris,NE,85.0,6.0,91.0,384.0,35.0,,3.0,0.0,3.0,5.021999835968018,0.21899999678134918,5.241000175476074,0.058,0.0,0.0,0.0,419.0,4.604,6.3,4.6,RB,8.0,0.75,1.4
2007,00-0020494,S.Moss,WAS,3.0,61.0,64.0,13.0,808.0,,0.0,3.0,3.0,-9.029999732971191,66.53700256347656,57.50699996948242,0.899,24.70599937438965,2.0,1.0,821.0,12.828,15.4,9.1,WR,115.0,0.53,22.2
2007,00-0020337,S.Smith,CAR,9.0,87.0,96.0,66.0,1002.0,,0.0,7.0,7.0,3.7109999656677246,80.27799987792969,83.98999786376953,0.875,27.9950008392334,1.0,0.0,1068.0,11.125,22.9,26.9,WR,149.0,0.584,30.0
2007,00-0024549,S.Young,DEN,140.0,35.0,175.0,729.0,231.0,,1.0,0.0,1.0,-3.7230000495910645,1.0800000429153442,-2.6429998874664307,-0.015,-5.421000003814697,0.0,0.0,960.0,5.486,17.2,3.2,RB,43.0,0.814,8.4
2007,00-0022893,T.Bell,DET,44.0,14.0,58.0,182.0,63.0,,1.0,0.0,1.0,-7.651000022888184,-1.156999945640564,-8.807999610900879,-0.152,0.0,0.0,1.0,245.0,4.224,4.5,3.1,RB,21.0,0.667,3.6
2007,00-0021376,T.Duckett,DET,65.0,4.0,69.0,335.0,54.0,,3.0,0.0,3.0,1.7899999618530273,6.414000034332275,8.204000473022461,0.119,9.142000198364258,2.0,0.0,389.0,5.638,7.1,9.4,RB,7.0,0.571,1.2
2007,00-0006101,T.Gonzalez,,0.0,99.0,99.0,0.0,1172.0,,0.0,5.0,5.0,0.0,92.57599639892578,92.57599639892578,0.935,19.323999404907227,1.0,0.0,1172.0,11.838,117200.0,500.0,WR,155.0,0.639,15500.0
2007,00-0020471,T.Henry,DEN,167.0,7.0,174.0,691.0,65.0,,4.0,0.0,4.0,-10.04699993133545,4.0370001792907715,-6.011000156402588,-0.035,-2.9519999027252197,1.0,1.0,756.0,4.345,13.5,12.9,RB,14.0,0.5,2.7
2007,00-0007681,T.Holt,,0.0,93.0,93.0,0.0,1189.0,,0.0,7.0,7.0,0.0,98.96199798583984,98.96199798583984,1.064,20.11199951171875,1.0,0.0,1189.0,12.785,118900.0,700.0,WR,150.0,0.62,15000.0
2007,00-0020438,T.Houshmandzadeh,CIN,5.0,112.0,117.0,14.0,1143.0,,0.0,12.0,12.0,-0.8949999809265137,99.20800018310547,98.31199645996094,0.84,21.726999282836914,1.0,0.0,1157.0,9.889,20.3,33.3,WR,169.0,0.663,29.5
2007,00-0019641,T.Jones,NYJ,310.0,28.0,338.0,1119.0,217.0,,1.0,1.0,2.0,-35.40999984741211,10.937999725341797,-24.472000122070312,-0.072,-8.057999610900879,1.0,0.0,1336.0,3.953,27.1,9.5,RB,34.0,0.824,6.7
2007,00-0012478,T.Owens,DAL,1.0,81.0,82.0,5.0,1355.0,,0.0,15.0,15.0,0.17800000309944153,138.94200134277344,139.1199951171875,1.697,12.189000129699707,1.0,0.0,1360.0,16.585,23.0,31.2,WR,142.0,0.57,27.0
2007,00-0024221,V.Davis,,0.0,52.0,52.0,0.0,509.0,,0.0,4.0,4.0,0.0,34.79899978637695,34.79899978637695,0.669,7.369999885559082,2.0,0.0,509.0,9.788,50900.0,400.0,TE,85.0,0.612,8500.0
2007,00-0023508,V.Morency,GB,29.0,30.0,59.0,108.0,199.0,,0.0,0.0,0.0,-6.331999778747559,3.638000011444092,-2.694000005722046,-0.046,0.6010000109672546,0.0,0.0,307.0,5.203,5.1,0.0,RB,39.0,0.769,6.8
2007,00-0004640,W.Dunn,ATL,228.0,37.0,265.0,718.0,238.0,,4.0,0.0,4.0,-56.69900131225586,0.35499998927116394,-56.34400177001953,-0.213,-13.949000358581543,1.0,2.0,956.0,3.608,19.0,16.0,RB,59.0,0.627,10.6
2007,00-0022178,W.McGahee,BAL,294.0,43.0,337.0,1207.0,231.0,,7.0,1.0,8.0,-29.86199951171875,4.343999862670898,-25.51799964904785,-0.076,-17.93400001525879,0.0,3.0,1438.0,4.267,29.1,34.8,RB,49.0,0.878,8.9
2007,00-0022250,W.Parker,PIT,321.0,23.0,344.0,1316.0,164.0,,2.0,0.0,2.0,-43.74599838256836,5.38100004196167,-38.36600112915039,-0.112,4.2769999504089355,0.0,3.0,1480.0,4.302,27.4,4.9,RB,31.0,0.742,7.1
2007,00-0022427,W.Welker,NE,4.0,112.0,116.0,34.0,1175.0,,0.0,8.0,8.0,1.1490000486373901,109.20600128173828,110.3550033569336,0.951,22.884000778198242,1.0,0.0,1209.0,10.422,18.3,12.3,WR,145.0,0.772,24.9
2008,00-0022084,A.Boldin,ARI,9.0,89.0,98.0,67.0,1038.0,,0.0,11.0,11.0,0.7689999938011169,77.19000244140625,77.95999908447266,0.796,-1.0670000314712524,0.0,0.0,1105.0,11.276,18.3,24.4,WR,127.0,0.701,20.3
2008,00-0025637,A.Bradshaw,NYG,67.0,5.0,72.0,355.0,42.0,,1.0,1.0,2.0,1.5410000085830688,2.319000005722046,3.859999895095825,0.054,-4.968999862670898,0.0,0.0,397.0,5.514,6.8,4.8,RB,6.0,0.833,1.2
2008,00-0021191,A.Bryant,TB,2.0,83.0,85.0,22.0,1248.0,,0.0,7.0,7.0,1.9900000095367432,100.88600158691406,102.8759994506836,1.21,35.79399871826172,4.0,0.0,1270.0,14.941,23.2,22.6,WR,137.0,0.606,24.9
2008,00-0021547,A.Gates,,0.0,60.0,60.0,0.0,704.0,,0.0,8.0,8.0,0.0,60.97200012207031,60.97200012207031,1.016,15.3100004196167,2.0,0.0,704.0,11.733,70400.0,800.0,WR,93.0,0.645,9300.0
2008,00-0025419,A.Gonzalez,,0.0,57.0,57.0,0.0,664.0,,0.0,4.0,4.0,0.0,64.93599700927734,64.93599700927734,1.139,8.307999610900879,1.0,0.0,664.0,11.649,66400.0,400.0,WR,79.0,0.722,7900.0
2008,00-0006305,A.Green,HOU,74.0,11.0,85.0,294.0,32.0,,3.0,0.0,3.0,4.961999893188477,-3.1089999675750732,1.8519999980926514,0.022,0.0,0.0,0.0,326.0,3.835,5.2,8.3,RB,14.0,0.786,2.6
2008,00-0022044,A.Johnson,,0.0,115.0,115.0,0.0,1575.0,,0.0,8.0,8.0,0.0,123.14199829101562,123.14199829101562,1.071,36.83000183105469,4.0,0.0,1575.0,13.696,157500.0,800.0,WR,171.0,0.673,17100.0
2008,00-0025394,A.Peterson,MIN,364.0,21.0,385.0,1757.0,125.0,,10.0,0.0,10.0,-17.283000946044922,2.1489999294281006,-15.135000228881836,-0.039,-0.7549999952316284,1.0,4.0,1882.0,4.888,34.8,27.0,RB,39.0,0.538,8.8
2008,00-0025494,A.Pittman,LA,78.0,18.0,96.0,295.0,129.0,,0.0,0.0,0.0,-8.001999855041504,7.283999919891357,-0.7179999947547913,-0.007,5.859000205993652,0.0,0.0,424.0,4.417,8.7,0.0,RB,27.0,0.667,5.3
2008,00-0021190,A.Randle El,WAS,1.0,54.0,55.0,5.0,611.0,,0.0,5.0,5.0,0.2329999953508377,56.54100036621094,56.77399826049805,1.032,9.284000396728516,2.0,0.0,616.0,11.2,11.9,19.2,WR,88.0,0.614,17.4
2008,00-0022807,B.Berrian,MIN,4.0,48.0,52.0,26.0,964.0,,0.0,7.0,7.0,1.4830000400543213,83.42400360107422,84.90799713134766,1.633,16.756999969482422,2.0,0.0,990.0,19.038,18.3,18.9,WR,95.0,0.505,21.3
2008,00-0023438,B.Edwards,,0.0,55.0,55.0,0.0,877.0,,0.0,3.0,3.0,0.0,76.23999786376953,76.23999786376953,1.386,17.652999877929688,0.0,0.0,877.0,15.945,87700.0,300.0,WR,140.0,0.393,14000.0
2008,00-0025860,B.Green-Ellis,NE,74.0,3.0,77.0,275.0,37.0,,5.0,0.0,5.0,-0.6060000061988831,-1.034999966621399,-1.6410000324249268,-0.021,0.0,0.0,0.0,312.0,4.052,5.3,12.2,RB,6.0,0.5,1.1
2008,00-0025450,B.Jackson,GB,45.0,30.0,75.0,248.0,185.0,,1.0,0.0,1.0,12.083999633789062,-3.378999948501587,8.704999923706055,0.116,-1.406000018119812,0.0,0.0,433.0,5.773,7.6,2.6,RB,39.0,0.769,7.4
2008,00-0023545,B.Jacobs,NYG,219.0,6.0,225.0,1089.0,36.0,,15.0,0.0,15.0,11.800999641418457,1.3270000219345093,13.128000259399414,0.058,-0.8429999947547913,3.0,1.0,1125.0,5.0,19.2,35.7,RB,12.0,0.5,2.5
2008,00-0024334,B.Marshall,DEN,2.0,104.0,106.0,-4.0,1265.0,,0.0,6.0,6.0,-7.813000202178955,98.24500274658203,90.43199920654297,0.853,24.275999069213867,2.0,1.0,1261.0,11.896,20.1,15.0,WR,181.0,0.575,29.6
2008,00-0023612,B.Scaife,,0.0,58.0,58.0,0.0,562.0,,0.0,2.0,2.0,0.0,35.60599899291992,35.60599899291992,0.614,0.42100000381469727,0.0,0.0,562.0,9.69,56200.0,200.0,TE,84.0,0.69,8400.0
2008,00-0022144,B.Wade,,0.0,53.0,53.0,0.0,645.0,,0.0,2.0,2.0,0.0,46.547000885009766,46.547000885009766,0.878,15.99899959564209,1.0,0.0,645.0,12.17,64500.0,200.0,WR,88.0,0.602,8800.0
2008,00-0021216,B.Westbrook,PHI,233.0,54.0,287.0,936.0,400.0,,9.0,5.0,14.0,-8.03600025177002,22.902999877929688,14.866999626159668,0.052,0.3050000071525574,2.0,0.0,1336.0,4.655,23.8,37.8,RB,73.0,0.74,12.2
2008,00-0023439,C.Benson,CIN,214.0,20.0,234.0,747.0,185.0,,2.0,0.0,2.0,-35.65599822998047,4.113999843597412,-31.54199981689453,-0.135,-5.229000091552734,1.0,1.0,932.0,3.983,24.0,11.8,RB,26.0,0.769,5.1
2008,00-0020270,C.Buckhalter,PHI,76.0,26.0,102.0,369.0,324.0,,2.0,2.0,4.0,-6.585000038146973,23.740999221801758,17.1560001373291,0.168,8.336000442504883,1.0,0.0,693.0,6.794,12.4,10.8,RB,32.0,0.812,5.4
2008,00-0022738,C.Cooley,,0.0,82.0,82.0,0.0,831.0,,0.0,0.0,0.0,0.0,44.66899871826172,44.66899871826172,0.545,4.831999778747559,0.0,0.0,831.0,10.134,83100.0,0.0,WR,110.0,0.745,11000.0
2008,00-0020397,C.Johnson,,0.0,53.0,53.0,0.0,540.0,,0.0,4.0,4.0,0.0,49.99399948120117,49.99399948120117,0.943,9.699999809265137,0.0,0.0,540.0,10.189,54000.0,400.0,WR,97.0,0.546,9700.0
2008,00-0025389,C.Johnson,DET,3.0,78.0,81.0,-1.0,1331.0,,0.0,12.0,12.0,-1.034000039100647,108.4729995727539,107.43800354003906,1.326,37.13100051879883,4.0,0.0,1330.0,16.42,29.1,42.9,WR,152.0,0.513,30.2
2008,00-0026164,C.Johnson,TEN,251.0,43.0,294.0,1228.0,260.0,,9.0,1.0,10.0,-12.381999969482422,4.60099983215332,-7.781000137329102,-0.026,1.809999942779541,2.0,1.0,1488.0,5.061,29.5,27.0,RB,62.0,0.694,13.7
2008,00-0022926,C.Perry,CIN,102.0,21.0,123.0,264.0,76.0,,2.0,0.0,2.0,-44.53499984741211,0.875,-43.659000396728516,-0.355,1.2890000343322754,0.0,3.0,340.0,2.764,8.8,11.8,RB,35.0,0.6,6.9
2008,00-0021179,C.Portis,WAS,342.0,28.0,370.0,1487.0,218.0,,9.0,0.0,9.0,-15.175999641418457,9.35099983215332,-5.824999809265137,-0.016,-22.079999923706055,2.0,3.0,1705.0,4.608,32.9,34.6,RB,37.0,0.757,7.3
2008,00-0021314,C.Taylor,MIN,101.0,45.0,146.0,399.0,399.0,,4.0,2.0,6.0,-5.992000102996826,15.975000381469727,9.982000350952148,0.068,3.7690000534057617,2.0,0.0,798.0,5.466,14.8,16.2,RB,55.0,0.818,12.4
2008,00-0023440,C.Williams,TB,63.0,7.0,70.0,233.0,43.0,,4.0,0.0,4.0,1.277999997138977,1.4429999589920044,2.7209999561309814,0.039,5.0,3.0,0.0,276.0,3.943,5.0,12.9,RB,7.0,1.0,1.3
2008,00-0026173,D.Avery,LA,9.0,54.0,63.0,59.0,684.0,,1.0,3.0,4.0,1.121000051498413,54.130001068115234,55.250999450683594,0.877,15.562000274658203,1.0,0.0,743.0,11.794,15.2,21.1,WR,104.0,0.519,20.3
2008,00-0026000,D.Bess,MIA,1.0,54.0,55.0,13.0,554.0,,0.0,1.0,1.0,1.3519999980926514,39.935001373291016,41.2869987487793,0.751,13.86400032043457,0.0,0.0,567.0,10.309,10.1,2.7,WR,75.0,0.72,15.3
2008,00-0025410,D.Bowe,,0.0,86.0,86.0,0.0,1022.0,,0.0,7.0,7.0,0.0,93.7959976196289,93.7959976196289,1.091,21.510000228881836,1.0,0.0,1022.0,11.884,102200.0,700.0,WR,157.0,0.548,15700.0
2008,00-0022165,D.Clark,,0.0,77.0,77.0,0.0,848.0,,0.0,6.0,6.0,0.0,70.99099731445312,70.99099731445312,0.922,23.9689998626709,3.0,0.0,848.0,11.013,84800.0,600.0,WR,107.0,0.72,10700.0
2008,00-0004541,D.Driver,GB,2.0,74.0,76.0,4.0,1012.0,,0.0,5.0,5.0,-0.8820000290870667,75.38999938964844,74.50900268554688,0.98,20.054000854492188,1.0,0.0,1016.0,13.368,17.8,13.2,WR,115.0,0.643,21.8
2008,00-0021164,D.Foster,SF,76.0,16.0,92.0,234.0,133.0,,1.0,1.0,2.0,-16.22800064086914,5.806000232696533,-10.42199993133545,-0.113,-5.110000133514404,1.0,1.0,367.0,3.989,7.2,6.5,RB,20.0,0.8,4.0
2008,00-0024272,D.Hester,CHI,5.0,52.0,57.0,61.0,665.0,,0.0,3.0,3.0,4.02400016784668,48.6609992980957,52.685001373291016,0.924,14.38700008392334,0.0,0.0,726.0,12.737,14.9,8.8,WR,92.0,0.565,17.7
2008,00-0026189,D.Jackson,PHI,17.0,62.0,79.0,96.0,912.0,,1.0,2.0,3.0,3.614000082015991,77.08200073242188,80.69599914550781,1.021,10.8100004196167,0.0,0.0,1008.0,12.759,18.0,8.1,RB,121.0,0.512,20.3
2008,00-0010500,D.Mason,BAL,1.0,80.0,81.0,3.0,1037.0,,0.0,5.0,5.0,-0.35899999737739563,94.24199676513672,93.88300323486328,1.159,19.527999877929688,2.0,0.0,1040.0,12.84,19.5,14.3,WR,122.0,0.656,28.6
2008,00-0020527,D.McAllister,NO,107.0,18.0,125.0,418.0,128.0,,5.0,1.0,6.0,-1.2239999771118164,7.870999813079834,6.646999835968018,0.053,3.384999990463257,1.0,0.0,546.0,4.368,8.2,11.1,RB,23.0,0.783,3.7
2008,00-0026144,D.McFadden,LV,113.0,29.0,142.0,499.0,269.0,,4.0,0.0,4.0,-3.3469998836517334,14.012999534606934,10.666000366210938,0.075,0.7099999785423279,1.0,1.0,768.0,5.408,17.0,18.2,RB,38.0,0.763,9.3
2008,00-0019863,D.Rhodes,IND,153.0,45.0,198.0,538.0,302.0,,6.0,3.0,9.0,-13.758000373840332,17.382999420166016,3.625,0.018,5.427999973297119,4.0,0.0,840.0,4.242,15.5,22.5,RB,59.0,0.763,10.1
2008,00-0023564,D.Sproles,LAC,61.0,29.0,90.0,330.0,342.0,,1.0,5.0,6.0,2.059999942779541,26.097000122070312,28.156999588012695,0.313,12.706999778747559,5.0,0.0,672.0,7.467,11.9,12.8,RB,35.0,0.829,7.4
2008,00-0022770,D.Ward,NYG,182.0,41.0,223.0,1025.0,384.0,,2.0,0.0,2.0,18.17099952697754,17.774999618530273,35.94599914550781,0.161,14.102999687194824,0.0,0.0,1409.0,6.318,24.1,4.8,RB,55.0,0.745,11.4
2008,00-0024242,D.Williams,CAR,275.0,22.0,297.0,1518.0,121.0,,18.0,2.0,20.0,38.34299850463867,4.814000129699707,43.15700149536133,0.145,22.083999633789062,7.0,0.0,1639.0,5.519,28.7,45.5,RB,30.0,0.733,7.3
2008,00-0021755,E.Graham,TB,132.0,23.0,155.0,563.0,174.0,,4.0,0.0,4.0,-14.781999588012695,8.517999649047852,-6.264999866485596,-0.04,0.0,0.0,2.0,737.0,4.755,13.5,12.9,RB,33.0,0.697,6.0
2008,00-0008241,E.James,ARI,134.0,12.0,146.0,514.0,85.0,,3.0,0.0,3.0,-13.10200023651123,-0.13899999856948853,-13.239999771118164,-0.091,3.9730000495910645,0.0,1.0,599.0,4.103,9.9,6.7,RB,18.0,0.667,2.9
2008,00-0026182,E.Royal,DEN,11.0,91.0,102.0,109.0,980.0,,0.0,5.0,5.0,3.88100004196167,71.51799774169922,75.4000015258789,0.739,13.949000358581543,0.0,0.0,1089.0,10.676,17.4,12.5,WR,130.0,0.7,21.2
2008,00-0023500,F.Gore,SF,240.0,43.0,283.0,1036.0,373.0,,6.0,2.0,8.0,-17.707000732421875,16.32900047302246,-1.378000020980835,-0.005,5.026000022888184,1.0,3.0,1409.0,4.979,27.7,25.8,RB,67.0,0.642,13.3
2008,00-0024204,F.Jackson,BUF,129.0,37.0,166.0,560.0,317.0,,3.0,0.0,3.0,-16.027999877929688,16.715999603271484,0.6869999766349792,0.004,3.7330000400543213,2.0,1.0,877.0,5.283,17.5,10.3,RB,45.0,0.822,9.5
2008,00-0016098,F.Taylor,JAX,143.0,16.0,159.0,556.0,98.0,,1.0,0.0,1.0,-22.95400047302246,-2.058000087738037,-25.01300048828125,-0.157,-0.1979999989271164,0.0,0.0,654.0,4.113,12.7,3.1,RB,22.0,0.727,4.1
2008,00-0023408,G.Camarillo,MIA,2.0,55.0,57.0,1.0,613.0,,0.0,2.0,2.0,-0.7409999966621399,42.96900177001953,42.22800064086914,0.741,0.0,0.0,0.0,614.0,10.772,11.0,5.4,WR,83.0,0.663,16.9
2008,00-0024267,G.Jennings,,0.0,80.0,80.0,0.0,1292.0,,0.0,9.0,9.0,0.0,115.98899841308594,115.98899841308594,1.45,20.4689998626709,2.0,0.0,1292.0,16.15,129200.0,900.0,WR,141.0,0.567,14100.0
2008,00-0025418,G.Olsen,,0.0,54.0,54.0,0.0,574.0,,0.0,5.0,5.0,0.0,37.55699920654297,37.55699920654297,0.695,15.663000106811523,3.0,0.0,574.0,10.63,57400.0,500.0,WR,82.0,0.659,8200.0
2008,00-0017162,H.Ward,,0.0,82.0,82.0,0.0,1047.0,,0.0,7.0,7.0,0.0,95.3270034790039,95.3270034790039,1.163,21.56999969482422,1.0,0.0,1047.0,12.768,104700.0,700.0,WR,126.0,0.651,12600.0
2008,00-0002099,I.Bruce,SF,1.0,60.0,61.0,-3.0,833.0,,0.0,7.0,7.0,-0.8740000128746033,77.7040023803711,76.83000183105469,1.26,17.496000289916992,1.0,0.0,830.0,13.607,16.3,22.6,WR,108.0,0.556,21.5
2008,00-0024245,J.Addai,IND,155.0,25.0,180.0,544.0,206.0,,5.0,2.0,7.0,-11.23900032043457,12.776000022888184,1.5379999876022339,0.009,3.9049999713897705,1.0,1.0,750.0,4.167,13.9,17.5,RB,39.0,0.641,6.7
2008,00-0023479,J.Arrington,ARI,30.0,30.0,60.0,188.0,254.0,,1.0,1.0,2.0,3.0290000438690186,17.590999603271484,20.6200008392334,0.344,7.0929999351501465,0.0,0.0,442.0,7.367,7.3,4.4,RB,41.0,0.732,6.5
2008,00-0026178,J.Carlson,,0.0,55.0,55.0,0.0,627.0,,0.0,5.0,5.0,0.0,57.98400115966797,57.98400115966797,1.054,19.19300079345703,2.0,0.0,627.0,11.4,62700.0,500.0,WR,81.0,0.679,8100.0
2008,00-0026213,J.Charles,KC,67.0,27.0,94.0,357.0,272.0,,0.0,1.0,1.0,-0.8989999890327454,3.2130000591278076,2.313999891281128,0.025,3.2360000610351562,0.0,1.0,629.0,6.691,12.9,3.2,RB,40.0,0.675,7.4
2008,00-0022811,J.Cotchery,NYJ,2.0,71.0,73.0,8.0,858.0,,0.0,5.0,5.0,-0.22300000488758087,73.0719985961914,72.8489990234375,0.998,15.659000396728516,1.0,0.0,866.0,11.863,15.8,11.9,WR,113.0,0.628,21.4
2008,00-0022093,J.Fargas,LV,219.0,10.0,229.0,855.0,52.0,,1.0,0.0,1.0,-39.75899887084961,0.7459999918937683,-39.013999938964844,-0.17,-8.163999557495117,0.0,1.0,907.0,3.961,20.1,4.5,RB,15.0,0.667,3.7
2008,00-0022840,J.Jones,SEA,158.0,14.0,172.0,698.0,66.0,,2.0,0.0,2.0,-18.441999435424805,-3.4159998893737793,-21.857999801635742,-0.127,0.5770000219345093,0.0,2.0,764.0,4.442,17.3,7.1,RB,25.0,0.56,5.4
2008,00-0019693,J.Lewis,CLE,279.0,23.0,302.0,1002.0,178.0,,4.0,0.0,4.0,-32.262001037597656,4.546999931335449,-27.71500015258789,-0.092,-10.154000282287598,0.0,0.0,1180.0,3.907,28.8,23.5,RB,32.0,0.719,6.6
2008,00-0024294,J.Norwood,ATL,94.0,36.0,130.0,489.0,338.0,,4.0,2.0,6.0,2.7200000286102295,13.689000129699707,16.409000396728516,0.126,4.916999816894531,3.0,1.0,827.0,6.362,14.2,15.8,RB,54.0,0.667,12.7
2008,00-0021166,J.Reed,,0.0,56.0,56.0,0.0,597.0,,0.0,1.0,1.0,0.0,49.43899917602539,49.43899917602539,0.883,16.992000579833984,0.0,0.0,597.0,10.661,59700.0,100.0,WR,80.0,0.7,8000.0
2008,00-0021148,J.Shockey,,0.0,50.0,50.0,0.0,483.0,,0.0,0.0,0.0,0.0,28.56999969482422,28.56999969482422,0.571,9.574999809265137,0.0,0.0,483.0,9.66,48300.0,0.0,TE,72.0,0.694,7200.0
2008,00-0026153,J.Stewart,CAR,183.0,8.0,191.0,835.0,47.0,,10.0,0.0,10.0,3.1540000438690186,1.7690000534057617,4.922999858856201,0.026,9.755000114440918,4.0,1.0,882.0,4.618,15.4,22.7,RB,17.0,0.471,4.1
2008,00-0022127,J.Witten,,0.0,81.0,81.0,0.0,952.0,,0.0,4.0,4.0,0.0,71.34600067138672,71.34600067138672,0.881,20.23200035095215,1.0,0.0,952.0,11.753,95200.0,400.0,WR,121.0,0.669,12100.0
2008,00-0025633,K.Darby,LA,32.0,19.0,51.0,140.0,183.0,,0.0,0.0,0.0,-3.2360000610351562,4.158999919891357,0.9240000247955322,0.018,2.6470000743865967,0.0,1.0,323.0,6.333,6.6,0.0,RB,21.0,0.905,4.1
2008,00-0005091,K.Faulk,NE,84.0,58.0,142.0,507.0,486.0,,3.0,3.0,6.0,16.26099967956543,30.27199935913086,46.53200149536133,0.328,13.241999626159668,2.0,0.0,993.0,6.993,17.0,14.6,RB,74.0,0.784,14.0
2008,00-0021931,K.Walter,HOU,3.0,60.0,63.0,23.0,899.0,,0.0,8.0,8.0,3.493000030517578,73.53600311279297,77.02899932861328,1.223,15.517000198364258,1.0,0.0,922.0,14.635,14.8,22.2,WR,95.0,0.632,17.5
2008,00-0026204,Kevin Smith,DET,239.0,39.0,278.0,975.0,286.0,,8.0,0.0,8.0,-7.521999835968018,0.2029999941587448,-7.318999767303467,-0.026,-6.920000076293945,3.0,1.0,1261.0,4.536,27.6,28.6,RB,54.0,0.722,10.7
2008,00-0021184,L.Betts,WAS,61.0,22.0,83.0,206.0,200.0,,1.0,0.0,1.0,-12.776000022888184,5.039000034332275,-7.736000061035156,-0.093,-1.7450000047683716,0.0,1.0,406.0,4.892,7.8,3.8,RB,36.0,0.611,7.1
2008,00-0018958,L.Coles,NYJ,2.0,70.0,72.0,9.0,839.0,,0.0,7.0,7.0,0.1599999964237213,76.90799713134766,77.06700134277344,1.07,19.738000869750977,1.0,0.0,848.0,11.778,15.4,16.7,WR,116.0,0.603,21.9
2008,00-0022910,L.Evans,BUF,1.0,63.0,64.0,22.0,1017.0,,0.0,3.0,3.0,1.5640000104904175,76.11799621582031,77.68199920654297,1.214,6.331999778747559,0.0,0.0,1039.0,16.234,20.8,10.3,WR,102.0,0.618,21.6
2008,00-0022921,L.Fitzgerald,,0.0,96.0,96.0,0.0,1434.0,,0.0,12.0,12.0,0.0,126.45999908447266,126.45999908447266,1.317,28.263999938964844,4.0,0.0,1434.0,14.938,143400.0,1200.0,WR,156.0,0.615,15600.0
2008,00-0021976,L.Johnson,KC,193.0,12.0,205.0,874.0,66.0,,5.0,0.0,5.0,-12.66100025177002,0.21400000154972076,-12.446999549865723,-0.061,-6.24399995803833,1.0,1.0,940.0,4.585,19.2,16.1,RB,16.0,0.75,3.0
2008,00-0020462,L.Jordan,NE,80.0,0.0,80.0,363.0,0.0,,4.0,0.0,4.0,4.968999862670898,0.0,4.968999862670898,0.062,3.309999942779541,4.0,0.0,363.0,4.538,6.2,9.8,RB,0.0,0.0,0.0
2008,00-0025524,L.McClain,BAL,231.0,19.0,250.0,907.0,123.0,,10.0,1.0,11.0,0.44699999690055847,2.8919999599456787,3.3389999866485596,0.013,-2.2269999980926514,4.0,0.0,1030.0,4.12,19.3,31.4,RB,30.0,0.633,7.0
2008,00-0023310,L.Moore,,0.0,79.0,79.0,0.0,930.0,,0.0,10.0,10.0,0.0,79.07499694824219,79.07499694824219,1.001,19.79599952697754,2.0,0.0,930.0,11.772,93000.0,1000.0,WR,120.0,0.658,12000.0
2008,00-0020536,L.Tomlinson,LAC,292.0,52.0,344.0,1110.0,410.0,,11.0,1.0,12.0,-18.68600082397461,24.80500030517578,6.11899995803833,0.018,10.270999908447266,5.0,0.0,1520.0,4.419,26.8,25.5,RB,77.0,0.675,16.2
2008,00-0024332,L.Washington,NYJ,77.0,47.0,124.0,448.0,355.0,,6.0,2.0,8.0,17.836000442504883,18.900999069213867,36.73699951171875,0.296,8.760000228881836,2.0,0.0,803.0,6.476,14.6,19.0,RB,63.0,0.746,11.9
2008,00-0023063,L.Weaver,SEA,30.0,20.0,50.0,130.0,222.0,,0.0,2.0,2.0,-5.288000106811523,15.152000427246094,9.86400032043457,0.197,-3.749000072479248,0.0,1.0,352.0,7.04,8.0,7.1,RB,32.0,0.625,7.0
2008,00-0024260,L.White,TEN,200.0,5.0,205.0,773.0,16.0,,15.0,0.0,15.0,0.5899999737739563,-4.521999835968018,-3.933000087738037,-0.019,-8.064000129699707,2.0,0.0,789.0,3.849,15.6,40.5,RB,10.0,0.5,2.2
2008,00-0023544,M.Barber,DAL,238.0,52.0,290.0,885.0,417.0,,7.0,2.0,9.0,-19.763999938964844,9.210000038146973,-10.553999900817871,-0.036,-14.444000244140625,0.0,1.0,1302.0,4.49,23.0,22.0,RB,61.0,0.852,11.4
2008,00-0025487,M.Bush,LV,94.0,19.0,113.0,419.0,162.0,,3.0,0.0,3.0,-12.85099983215332,2.6570000648498535,-10.194000244140625,-0.09,4.760000228881836,2.0,1.0,581.0,5.142,12.9,13.6,RB,30.0,0.633,7.4
2008,00-0026184,M.Forte,CHI,315.0,64.0,379.0,1231.0,484.0,,8.0,4.0,12.0,-29.027999877929688,32.909000396728516,3.880000114440918,0.01,-1.4520000219345093,2.0,1.0,1715.0,4.525,35.3,35.3,RB,77.0,0.831,14.8
2008,00-0007024,M.Harrison,,0.0,60.0,60.0,0.0,636.0,,0.0,5.0,5.0,0.0,42.58100128173828,42.58100128173828,0.71,12.020000457763672,1.0,0.0,636.0,10.6,63600.0,500.0,WR,107.0,0.561,10700.0
2008,00-0022781,M.Jenkins,,0.0,50.0,50.0,0.0,777.0,,0.0,3.0,3.0,0.0,63.25600051879883,63.25600051879883,1.265,21.698999404907227,0.0,0.0,777.0,15.54,77700.0,300.0,WR,82.0,0.61,8200.0
2008,00-0023456,M.Jones,,0.0,64.0,64.0,0.0,750.0,,0.0,2.0,2.0,0.0,70.91999816894531,70.91999816894531,1.108,6.1579999923706055,0.0,0.0,750.0,11.719,75000.0,200.0,WR,107.0,0.598,10700.0
2008,00-0024275,M.Jones-Drew,JAX,198.0,62.0,260.0,824.0,568.0,,12.0,2.0,14.0,-0.6470000147819519,36.207000732421875,35.560001373291016,0.137,0.09300000220537186,3.0,2.0,1392.0,5.354,27.0,43.8,RB,75.0,0.827,14.1
2008,00-0025399,M.Lynch,BUF,251.0,47.0,298.0,1047.0,300.0,,8.0,1.0,9.0,-5.314000129699707,10.631999969482422,5.317999839782715,0.018,-2.5409998893737793,1.0,1.0,1347.0,4.52,26.9,31.0,RB,67.0,0.701,14.2
2008,00-0022217,M.Moore,PIT,140.0,40.0,180.0,588.0,320.0,,5.0,1.0,6.0,-6.236999988555908,18.280000686645508,12.043000221252441,0.067,4.008999824523926,0.0,0.0,908.0,5.044,17.4,18.2,RB,53.0,0.755,10.6
2008,00-0021182,M.Morris,SEA,132.0,19.0,151.0,574.0,136.0,,0.0,2.0,2.0,-9.914999961853027,9.244000434875488,-0.6710000038146973,-0.004,-5.988999843597412,0.0,1.0,710.0,4.702,16.0,7.1,RB,27.0,0.704,5.9
2008,00-0011795,M.Muhammad,,0.0,65.0,65.0,0.0,923.0,,0.0,5.0,5.0,0.0,63.9370002746582,63.9370002746582,0.984,21.33099937438965,1.0,0.0,923.0,14.2,92300.0,500.0,WR,108.0,0.602,10800.0
2008,00-0013013,M.Pittman,DEN,76.0,10.0,86.0,321.0,112.0,,4.0,0.0,4.0,0.3140000104904175,3.9010000228881836,4.214000225067139,0.049,0.0,0.0,0.0,433.0,5.035,6.9,10.0,RB,14.0,0.714,2.3
2008,00-0022821,M.Turner,ATL,377.0,6.0,383.0,1699.0,41.0,,17.0,0.0,17.0,-6.209000110626221,0.9980000257492065,-5.210999965667725,-0.014,3.0959999561309814,4.0,2.0,1740.0,4.543,29.8,44.7,RB,9.0,0.667,2.1
2008,00-0024313,O.Daniels,,0.0,70.0,70.0,0.0,862.0,,0.0,2.0,2.0,0.0,64.22699737548828,64.22699737548828,0.918,12.854000091552734,0.0,0.0,862.0,12.314,86200.0,200.0,WR,101.0,0.693,10100.0
2008,00-0026367,P.Hillis,DEN,68.0,14.0,82.0,343.0,179.0,,5.0,1.0,6.0,13.711000442504883,15.611000061035156,29.32200050354004,0.358,5.992000102996826,1.0,0.0,522.0,6.366,8.3,15.0,RB,19.0,0.737,3.1
2008,00-0024813,P.Thomas,NO,129.0,31.0,160.0,625.0,284.0,,9.0,3.0,12.0,12.970999717712402,24.3439998626709,37.314998626708984,0.233,5.23799991607666,5.0,1.0,909.0,5.681,13.7,22.2,RB,41.0,0.756,6.5
2008,00-0023437,R.Brown,MIA,214.0,33.0,247.0,916.0,254.0,,10.0,0.0,10.0,-6.241000175476074,11.005000114440918,4.763999938964844,0.019,0.2639999985694885,0.0,1.0,1170.0,4.737,20.9,27.0,RB,43.0,0.767,8.8
2008,00-0024217,R.Bush,NO,106.0,52.0,158.0,403.0,440.0,,2.0,4.0,6.0,-21.472000122070312,28.325000762939453,6.853000164031982,0.043,3.009000062942505,1.0,1.0,843.0,5.335,12.7,11.1,RB,74.0,0.703,11.8
2008,00-0022984,R.Grant,GB,312.0,18.0,330.0,1203.0,116.0,,4.0,1.0,5.0,-44.7760009765625,2.944000005722046,-41.832000732421875,-0.127,-6.918000221252441,2.0,3.0,1319.0,3.997,23.1,13.2,RB,22.0,0.818,4.2
2008,00-0020407,R.Johnson,DET,76.0,12.0,88.0,237.0,88.0,,1.0,1.0,2.0,-13.753000259399414,3.2200000286102295,-10.532999992370605,-0.12,-1.680999994277954,0.0,0.0,325.0,3.693,7.1,7.1,RB,14.0,0.857,2.8
2008,00-0011754,R.Moss,NE,2.0,69.0,71.0,0.0,1008.0,,0.0,11.0,11.0,-1.156000018119812,87.74299621582031,86.58699798583984,1.22,23.757999420166016,3.0,0.0,1008.0,14.197,17.3,26.8,WR,126.0,0.548,23.9
2008,00-0026195,R.Rice,BAL,107.0,33.0,140.0,435.0,273.0,,0.0,0.0,0.0,-17.804000854492188,17.451000213623047,-0.3529999852180481,-0.003,-0.09799999743700027,0.0,1.0,708.0,5.057,13.3,0.0,RB,43.0,0.767,10.1
2008,00-0020498,R.Wayne,,0.0,82.0,82.0,0.0,1128.0,,0.0,6.0,6.0,0.0,103.18699645996094,103.18699645996094,1.258,26.920000076293945,1.0,0.0,1128.0,13.756,112800.0,600.0,WR,131.0,0.626,13100.0
2008,00-0023462,R.White,ATL,2.0,88.0,90.0,4.0,1382.0,,0.0,7.0,7.0,-1.0579999685287476,126.93099975585938,125.87200164794922,1.399,23.281999588012695,1.0,0.0,1386.0,15.4,23.8,18.4,WR,148.0,0.595,34.7
2008,00-0017915,R.Williams,MIA,161.0,29.0,190.0,659.0,219.0,,4.0,1.0,5.0,-17.531999588012695,9.76200008392334,-7.769999980926514,-0.041,-4.886000156402588,1.0,2.0,878.0,4.621,15.7,13.5,RB,39.0,0.744,8.0
2008,00-0025529,S.Breaston,ARI,2.0,77.0,79.0,8.0,1003.0,,0.0,3.0,3.0,-0.2329999953508377,76.13999938964844,75.90699768066406,0.961,13.532999992370605,1.0,0.0,1011.0,12.797,16.7,6.7,WR,113.0,0.681,18.1
2008,00-0024240,S.Holmes,PIT,2.0,55.0,57.0,9.0,821.0,,0.0,5.0,5.0,0.26100000739097595,73.8270034790039,74.08699798583984,1.3,17.194000244140625,2.0,0.0,830.0,14.561,15.9,15.2,WR,115.0,0.478,22.9
2008,00-0022736,S.Jackson,LA,254.0,40.0,294.0,1043.0,379.0,,7.0,1.0,8.0,-26.429000854492188,23.354000091552734,-3.075000047683716,-0.01,-3.2260000705718994,4.0,3.0,1422.0,4.837,29.2,42.1,RB,62.0,0.645,12.1
2008,00-0019484,S.Morris,NE,156.0,17.0,173.0,727.0,161.0,,7.0,0.0,7.0,9.154999732971191,10.923999786376953,20.079999923706055,0.116,8.57800006866455,2.0,1.0,888.0,5.133,15.2,17.1,RB,24.0,0.708,4.5
2008,00-0020494,S.Moss,WAS,1.0,79.0,80.0,27.0,1044.0,,0.0,6.0,6.0,1.9240000247955322,78.85600280761719,80.77899932861328,1.01,19.39699935913086,1.0,0.0,1071.0,13.388,20.7,23.1,WR,138.0,0.572,27.2
2008,00-0026229,S.Slaton,HOU,269.0,50.0,319.0,1282.0,377.0,,9.0,1.0,10.0,-5.790999889373779,-2.3340001106262207,-8.125,-0.025,-10.89799976348877,1.0,1.0,1659.0,5.201,26.6,27.8,RB,59.0,0.847,10.9
2008,00-0020337,S.Smith,CAR,5.0,78.0,83.0,40.0,1417.0,,0.0,6.0,6.0,2.2209999561309814,117.90599822998047,120.12699890136719,1.447,41.92399978637695,2.0,0.0,1457.0,17.554,25.5,13.6,WR,129.0,0.605,31.3
2008,00-0025438,S.Smith,,0.0,57.0,57.0,0.0,574.0,,0.0,1.0,1.0,0.0,53.06700134277344,53.06700134277344,0.931,14.192000389099121,0.0,0.0,574.0,10.07,57400.0,100.0,WR,82.0,0.695,8200.0
2008,00-0024549,S.Young,DEN,61.0,3.0,64.0,303.0,16.0,,1.0,0.0,1.0,1.6069999933242798,-0.20499999821186066,1.4010000228881836,0.022,-6.321000099182129,0.0,1.0,319.0,4.984,5.1,2.5,RB,8.0,0.375,1.3
2008,00-0022893,T.Bell,DEN,44.0,10.0,54.0,249.0,57.0,,2.0,0.0,2.0,2.818000078201294,0.6380000114440918,3.4560000896453857,0.064,8.437000274658203,2.0,0.0,306.0,5.667,4.9,5.0,RB,14.0,0.714,2.3
2008,00-0026262,T.Choice,DAL,92.0,21.0,113.0,472.0,185.0,,2.0,0.0,2.0,13.012999534606934,6.126999855041504,19.139999389648438,0.169,15.9399995803833,2.0,0.0,657.0,5.814,11.6,4.9,RB,30.0,0.7,5.6
2008,00-0021376,T.Duckett,SEA,62.0,0.0,62.0,172.0,0.0,,8.0,0.0,8.0,8.633999824523926,0.0,8.633999824523926,0.139,2.7009999752044678,2.0,0.0,172.0,2.774,3.9,28.6,RB,0.0,0.0,0.0
2008,00-0025396,T.Ginn,MIA,5.0,56.0,61.0,73.0,790.0,,2.0,2.0,4.0,5.269000053405762,57.68199920654297,62.95100021362305,1.032,11.295999526977539,2.0,0.0,863.0,14.148,15.4,10.8,WR,93.0,0.602,19.0
2008,00-0006101,T.Gonzalez,,0.0,96.0,96.0,0.0,1058.0,,0.0,10.0,10.0,0.0,102.97000122070312,102.97000122070312,1.073,30.798999786376953,4.0,0.0,1058.0,11.021,105800.0,1000.0,WR,157.0,0.611,15700.0
2008,00-0026289,T.Hightower,ARI,143.0,33.0,176.0,399.0,230.0,,10.0,0.0,10.0,-16.45599937438965,10.182000160217285,-6.2729997634887695,-0.036,-8.112000465393066,1.0,0.0,629.0,3.574,10.4,22.2,RB,49.0,0.673,7.8
2008,00-0007681,T.Holt,,0.0,64.0,64.0,0.0,796.0,,0.0,3.0,3.0,0.0,67.82599639892578,67.82599639892578,1.06,25.356000900268555,1.0,0.0,796.0,12.438,79600.0,300.0,WR,119.0,0.538,11900.0
2008,00-0020438,T.Houshmandzadeh,CIN,1.0,92.0,93.0,9.0,904.0,,0.0,4.0,4.0,0.7760000228881836,84.14700317382812,84.9229965209961,0.913,8.295999526977539,0.0,0.0,913.0,9.817,23.6,23.5,TE,137.0,0.672,26.9
2008,00-0019641,T.Jones,NYJ,290.0,36.0,326.0,1312.0,207.0,,13.0,2.0,15.0,3.4539999961853027,11.289999961853027,14.744000434875488,0.045,-5.142000198364258,2.0,1.0,1519.0,4.66,27.6,35.7,RB,42.0,0.857,7.9
2008,00-0012478,T.Owens,DAL,7.0,69.0,76.0,33.0,1052.0,,0.0,10.0,10.0,0.4300000071525574,92.18800354003906,92.61799621582031,1.219,20.927000045776367,2.0,0.0,1085.0,14.276,19.1,24.4,WR,140.0,0.493,26.2
2008,00-0023496,V.Jackson,LAC,4.0,59.0,63.0,69.0,1098.0,,0.0,7.0,7.0,5.275000095367432,95.72699737548828,101.00299835205078,1.603,31.656999588012695,2.0,0.0,1167.0,18.524,20.6,14.9,WR,101.0,0.584,21.3
2008,00-0004640,W.Dunn,TB,186.0,47.0,233.0,786.0,330.0,,2.0,0.0,2.0,-25.73200035095215,10.418999671936035,-15.312000274658203,-0.066,-4.633999824523926,0.0,0.0,1116.0,4.79,20.4,6.5,RB,68.0,0.691,12.3
2008,00-0022178,W.McGahee,BAL,170.0,24.0,194.0,671.0,173.0,,7.0,0.0,7.0,-8.265000343322754,3.9690001010894775,-4.296000003814697,-0.022,-0.9200000166893005,2.0,2.0,844.0,4.351,15.8,20.0,RB,32.0,0.75,7.5
2008,00-0022250,W.Parker,PIT,209.0,4.0,213.0,789.0,15.0,,5.0,0.0,5.0,-18.1299991607666,-1.1390000581741333,-19.26799964904785,-0.09,-14.899999618530273,1.0,0.0,804.0,3.775,15.4,15.2,RB,11.0,0.364,2.2
2008,00-0022427,W.Welker,NE,2.0,112.0,114.0,26.0,1165.0,,0.0,3.0,3.0,2.552000045776367,84.83399963378906,87.38600158691406,0.767,32.5260009765625,2.0,0.0,1191.0,10.447,20.4,7.3,WR,151.0,0.742,28.6
2008,00-0025425,Z.Miller,,0.0,56.0,56.0,0.0,778.0,,0.0,1.0,1.0,0.0,51.28200149536133,51.28200149536133,0.916,14.668999671936035,0.0,0.0,778.0,13.893,77800.0,100.0,WR,86.0,0.651,8600.0
2009,00-0022084,A.Boldin,ARI,2.0,85.0,87.0,7.0,1029.0,,0.0,5.0,5.0,-0.0860000029206276,70.52799987792969,70.44200134277344,0.81,19.395999908447266,1.0,0.0,1036.0,11.908,18.2,11.6,WR,128.0,0.664,21.8
2009,00-0025637,A.Bradshaw,NYG,163.0,21.0,184.0,778.0,207.0,,7.0,0.0,7.0,0.6470000147819519,7.244999885559082,7.892000198364258,0.043,9.333000183105469,3.0,2.0,985.0,5.353,16.4,17.1,RB,30.0,0.7,5.6
2009,00-0026237,A.Caldwell,CIN,3.0,51.0,54.0,22.0,432.0,,0.0,3.0,3.0,0.46399998664855957,47.44300079345703,47.90800094604492,0.887,8.138999938964844,0.0,0.0,454.0,8.407,8.9,10.3,TE,81.0,0.63,17.3
2009,00-0027092,A.Collie,IND,2.0,60.0,62.0,1.0,676.0,,0.0,7.0,7.0,-1.1690000295639038,67.11599731445312,65.9469985961914,1.064,18.73900032043457,2.0,0.0,677.0,10.919,11.5,14.0,WR,90.0,0.667,15.0
2009,00-0026796,A.Foster,HOU,54.0,8.0,62.0,257.0,93.0,,3.0,0.0,3.0,6.423999786376953,1.5609999895095825,7.984000205993652,0.129,7.984000205993652,3.0,0.0,350.0,5.645,5.6,7.1,RB,9.0,0.889,1.5
2009,00-0021547,A.Gates,,0.0,79.0,79.0,0.0,1157.0,,0.0,8.0,8.0,0.0,110.58599853515625,110.58599853515625,1.4,19.27199935913086,4.0,0.0,1157.0,14.646,115700.0,800.0,WR,114.0,0.693,11400.0
2009,00-0022044,A.Johnson,HOU,2.0,101.0,103.0,10.0,1569.0,,0.0,9.0,9.0,0.6740000247955322,126.58999633789062,127.26399993896484,1.236,40.35499954223633,3.0,0.0,1579.0,15.33,25.4,21.4,WR,172.0,0.587,29.5
2009,00-0025394,A.Peterson,MIN,315.0,43.0,358.0,1389.0,436.0,,18.0,0.0,18.0,-29.415000915527344,15.78499984741211,-13.630000114440918,-0.038,6.1479997634887695,6.0,5.0,1825.0,5.098,28.8,34.0,RB,57.0,0.754,10.4
2009,00-0021190,A.Randle,,0.0,50.0,50.0,0.0,532.0,,0.0,0.0,0.0,0.0,36.24700164794922,36.24700164794922,0.725,0.5839999914169312,0.0,0.0,532.0,10.64,53200.0,0.0,WR,76.0,0.658,7600.0
2009,00-0022807,B.Berrian,,0.0,55.0,55.0,0.0,618.0,,0.0,4.0,4.0,0.0,55.040000915527344,55.040000915527344,1.001,11.437000274658203,0.0,0.0,618.0,11.236,61800.0,400.0,WR,92.0,0.598,9200.0
2009,00-0025549,B.Celek,,0.0,76.0,76.0,0.0,971.0,,0.0,8.0,8.0,0.0,81.65799713134766,81.65799713134766,1.074,27.392000198364258,2.0,0.0,971.0,12.776,97100.0,800.0,WR,112.0,0.679,11200.0
2009,00-0025450,B.Jackson,GB,37.0,21.0,58.0,111.0,187.0,,2.0,1.0,3.0,-7.0,14.178000450134277,7.177999973297119,0.124,2.7929999828338623,3.0,0.0,298.0,5.138,4.8,6.2,RB,27.0,0.778,4.9
2009,00-0023545,B.Jacobs,NYG,224.0,18.0,242.0,835.0,184.0,,5.0,1.0,6.0,-28.64299964904785,8.711999893188477,-19.930999755859375,-0.082,-9.470999717712402,1.0,1.0,1019.0,4.211,17.0,14.6,RB,31.0,0.581,5.8
2009,00-0025439,B.Leonard,CIN,27.0,30.0,57.0,84.0,217.0,,0.0,0.0,0.0,-2.371000051498413,12.265000343322754,9.892999649047852,0.174,1.0180000066757202,0.0,0.0,301.0,5.281,5.9,0.0,RB,36.0,0.833,7.7
2009,00-0024334,B.Marshall,DEN,7.0,101.0,108.0,39.0,1120.0,,0.0,10.0,10.0,0.9020000100135803,90.18699645996094,91.08799743652344,0.843,21.709999084472656,3.0,0.0,1159.0,10.731,20.7,33.3,WR,155.0,0.652,27.9
2009,00-0026941,B.Scott,CIN,74.0,5.0,79.0,321.0,67.0,,0.0,0.0,0.0,-5.513999938964844,6.881999969482422,1.3680000305175781,0.017,-1.63100004196167,0.0,0.0,388.0,4.911,7.6,0.0,RB,8.0,0.625,1.7
2009,00-0021216,B.Westbrook,PHI,61.0,25.0,86.0,274.0,181.0,,1.0,1.0,2.0,2.015000104904175,5.607999801635742,7.623000144958496,0.089,-2.6019999980926514,0.0,0.0,455.0,5.291,7.7,5.0,RB,34.0,0.735,6.2
2009,00-0023439,C.Benson,CIN,301.0,17.0,318.0,1251.0,111.0,,6.0,0.0,6.0,-20.698999404907227,3.2130000591278076,-17.486000061035156,-0.055,-3.0179998874664307,0.0,0.0,1362.0,4.283,26.7,20.7,RB,24.0,0.708,5.1
2009,00-0022092,C.Brown,HOU,79.0,16.0,95.0,267.0,74.0,,3.0,0.0,3.0,-22.364999771118164,-0.492000013589859,-22.85700035095215,-0.241,-4.834000110626221,0.0,1.0,341.0,3.589,5.5,7.1,RB,22.0,0.727,3.8
2009,00-0020270,C.Buckhalter,DEN,120.0,31.0,151.0,642.0,240.0,,1.0,0.0,1.0,-0.03400000184774399,2.1050000190734863,2.071000099182129,0.014,-0.26600000262260437,0.0,2.0,882.0,5.841,15.8,3.3,RB,38.0,0.816,6.8
2009,00-0027167,C.Jennings,CLE,63.0,9.0,72.0,220.0,56.0,,1.0,0.0,1.0,-8.815999984741211,0.04600000008940697,-8.769000053405762,-0.122,-5.1519999504089355,1.0,0.0,276.0,3.833,6.4,4.8,RB,13.0,0.692,3.0
2009,00-0025389,C.Johnson,DET,7.0,67.0,74.0,73.0,984.0,,0.0,5.0,5.0,5.396999835968018,80.96800231933594,86.36499786376953,1.167,20.871999740600586,1.0,0.0,1057.0,14.284,21.6,20.8,WR,138.0,0.486,23.9
2009,00-0026164,C.Johnson,TEN,359.0,50.0,409.0,2006.0,503.0,,14.0,2.0,16.0,22.184999465942383,28.31999969482422,50.505001068115234,0.123,7.65500020980835,6.0,3.0,2509.0,6.134,45.5,47.1,RB,71.0,0.704,15.1
2009,00-0020397,C.Ochocinco,CIN,3.0,72.0,75.0,32.0,1047.0,,0.0,9.0,9.0,1.4279999732971191,96.47899627685547,97.90699768066406,1.305,16.316999435424805,3.0,0.0,1079.0,14.387,21.1,31.0,WR,128.0,0.562,27.3
2009,00-0021179,C.Portis,WAS,124.0,9.0,133.0,494.0,57.0,,1.0,1.0,2.0,-23.854000091552734,3.1470000743865967,-20.707000732421875,-0.156,0.0,0.0,1.0,551.0,4.143,10.9,6.9,RB,12.0,0.75,2.3
2009,00-0021314,C.Taylor,MIN,93.0,44.0,137.0,332.0,389.0,,1.0,1.0,2.0,-22.172000885009766,22.989999771118164,0.8190000057220459,0.006,3.878000020980835,0.0,0.0,721.0,5.263,11.4,3.8,RB,59.0,0.746,10.7
2009,00-0027007,C.Wells,ARI,176.0,12.0,188.0,793.0,143.0,,7.0,0.0,7.0,-6.750999927520752,8.970000267028809,2.2190001010894775,0.012,3.9790000915527344,3.0,2.0,936.0,4.979,16.5,16.3,RB,16.0,0.75,2.7
2009,00-0023440,C.Williams,TB,209.0,29.0,238.0,816.0,219.0,,4.0,3.0,7.0,-19.972999572753906,11.37399959564209,-8.598999977111816,-0.036,-5.248000144958496,2.0,0.0,1035.0,4.349,23.3,30.4,RB,40.0,0.725,7.7
2009,00-0026173,D.Avery,LA,4.0,47.0,51.0,30.0,589.0,,0.0,5.0,5.0,1.371999979019165,44.06399917602539,45.4370002746582,0.891,7.747000217437744,0.0,0.0,619.0,12.137,13.3,31.2,WR,97.0,0.485,18.1
2009,00-0026000,D.Bess,MIA,2.0,76.0,78.0,11.0,758.0,,0.0,2.0,2.0,-2.9619998931884766,67.79100036621094,64.83000183105469,0.831,13.925000190734863,1.0,1.0,769.0,9.859,13.7,5.4,TE,113.0,0.673,21.0
2009,00-0027003,D.Brown,IND,79.0,11.0,90.0,281.0,169.0,,3.0,0.0,3.0,-11.295000076293945,12.817999839782715,1.5230000019073486,0.017,-8.413000106811523,1.0,0.0,450.0,5.0,7.6,6.0,RB,14.0,0.786,2.3
2009,00-0022165,D.Clark,IND,2.0,100.0,102.0,11.0,1106.0,,0.0,10.0,10.0,0.8209999799728394,95.96700286865234,96.78700256347656,0.949,29.982999801635742,5.0,0.0,1117.0,10.951,18.9,20.0,WR,132.0,0.758,21.9
2009,00-0004541,D.Driver,GB,1.0,70.0,71.0,13.0,1061.0,,0.0,6.0,6.0,0.8690000176429749,81.5790023803711,82.447998046875,1.161,15.342000007629395,0.0,0.0,1074.0,15.127,17.3,12.5,WR,112.0,0.625,20.3
2009,00-0022929,D.Henderson,NO,4.0,51.0,55.0,13.0,804.0,,0.0,2.0,2.0,-0.6600000262260437,60.36199951171875,59.70199966430664,1.085,7.056000232696533,0.0,0.0,817.0,14.855,12.4,3.6,WR,83.0,0.614,15.4
2009,00-0024272,D.Hester,CHI,6.0,57.0,63.0,-1.0,757.0,,0.0,3.0,3.0,-3.122999906539917,51.11899948120117,47.99599838256836,0.762,6.4629998207092285,0.0,0.0,756.0,12.0,15.1,9.4,WR,91.0,0.626,16.3
2009,00-0026189,D.Jackson,PHI,11.0,63.0,74.0,137.0,1167.0,,1.0,9.0,10.0,8.88700008392334,87.7969970703125,96.68399810791016,1.307,29.871000289916992,3.0,0.0,1304.0,17.622,22.1,25.0,WR,118.0,0.534,21.7
2009,00-0010500,D.Mason,BAL,1.0,73.0,74.0,2.0,1028.0,,0.0,7.0,7.0,-0.3610000014305115,91.83699798583984,91.47599792480469,1.236,26.909000396728516,2.0,0.0,1030.0,13.919,17.8,16.3,WR,134.0,0.545,26.5
2009,00-0026144,D.McFadden,LV,104.0,21.0,125.0,356.0,245.0,,1.0,0.0,1.0,-31.065000534057617,13.800000190734863,-17.264999389648438,-0.138,-0.8560000061988831,0.0,3.0,601.0,4.808,13.6,5.9,RB,36.0,0.583,7.5
2009,00-0023564,D.Sproles,LAC,93.0,45.0,138.0,343.0,497.0,,3.0,4.0,7.0,-11.282999992370605,30.115999221801758,18.833999633789062,0.136,8.545000076293945,3.0,0.0,840.0,6.087,14.2,15.2,RB,57.0,0.789,11.2
2009,00-0022770,D.Ward,TB,115.0,20.0,135.0,414.0,150.0,,1.0,2.0,3.0,-23.902999877929688,9.003000259399414,-14.899999618530273,-0.11,-4.489999771118164,1.0,0.0,564.0,4.178,12.7,13.0,RB,24.0,0.833,4.6
2009,00-0024242,D.Williams,CAR,217.0,29.0,246.0,1117.0,252.0,,7.0,0.0,7.0,-2.4600000381469727,13.838000297546387,11.378000259399414,0.046,-4.419000148773193,0.0,3.0,1369.0,5.565,24.9,20.6,RB,41.0,0.707,9.0
2009,00-0026210,E.Bennett,,0.0,54.0,54.0,0.0,717.0,,0.0,2.0,2.0,0.0,51.31700134277344,51.31700134277344,0.95,9.24899959564209,1.0,0.0,717.0,13.278,71700.0,200.0,WR,89.0,0.607,8900.0
2009,00-0023500,F.Gore,SF,229.0,52.0,281.0,1120.0,406.0,,10.0,3.0,13.0,-12.4350004196167,33.39699935913086,20.961999893188477,0.075,2.86899995803833,4.0,2.0,1526.0,5.431,31.8,37.1,RB,75.0,0.693,14.4
2009,00-0024204,F.Jackson,BUF,238.0,46.0,284.0,1062.0,368.0,,2.0,2.0,4.0,-25.1299991607666,18.929000854492188,-6.201000213623047,-0.022,3.361999988555908,1.0,2.0,1430.0,5.035,32.2,18.2,RB,60.0,0.767,13.8
2009,00-0026162,F.Jones,DAL,116.0,19.0,135.0,685.0,119.0,,3.0,0.0,3.0,5.0980000495910645,1.3450000286102295,6.442999839782715,0.048,0.7329999804496765,1.0,1.0,804.0,5.956,12.4,7.5,RB,22.0,0.864,4.1
2009,00-0016098,F.Taylor,NE,63.0,2.0,65.0,269.0,17.0,,4.0,0.0,4.0,-4.408999919891357,0.8460000157356262,-3.563999891281128,-0.055,-3.378000020980835,2.0,1.0,286.0,4.4,4.5,8.5,RB,3.0,0.667,0.5
2009,00-0023408,G.Camarillo,,0.0,50.0,50.0,0.0,552.0,,0.0,0.0,0.0,0.0,44.547000885009766,44.547000885009766,0.891,14.718999862670898,0.0,0.0,552.0,11.04,55200.0,0.0,WR,72.0,0.694,7200.0
2009,00-0027048,G.Coffee,SF,83.0,11.0,94.0,226.0,76.0,,1.0,0.0,1.0,-20.136999130249023,-2.013000011444092,-22.149999618530273,-0.236,-2.180000066757202,0.0,0.0,302.0,3.213,6.3,2.9,RB,18.0,0.611,3.4
2009,00-0024267,G.Jennings,,0.0,69.0,69.0,0.0,1120.0,,0.0,4.0,4.0,0.0,104.60800170898438,104.60800170898438,1.516,30.10700035095215,1.0,0.0,1120.0,16.232,112000.0,400.0,WR,121.0,0.57,12100.0
2009,00-0025418,G.Olsen,,0.0,60.0,60.0,0.0,612.0,,0.0,8.0,8.0,0.0,51.266998291015625,51.266998291015625,0.854,15.361000061035156,2.0,0.0,612.0,10.2,61200.0,800.0,WR,108.0,0.556,10800.0
2009,00-0023465,H.Miller,,0.0,76.0,76.0,0.0,789.0,,0.0,6.0,6.0,0.0,57.27799987792969,57.27799987792969,0.754,19.243999481201172,1.0,0.0,789.0,10.382,78900.0,600.0,WR,98.0,0.776,9800.0
2009,00-0017162,H.Ward,,0.0,95.0,95.0,0.0,1167.0,,0.0,6.0,6.0,0.0,85.27100372314453,85.27100372314453,0.898,17.746999740600586,0.0,0.0,1167.0,12.284,116700.0,600.0,WR,137.0,0.693,13700.0
2009,00-0024245,J.Addai,IND,219.0,51.0,270.0,828.0,336.0,,10.0,3.0,13.0,-11.246999740600586,16.165000915527344,4.918000221252441,0.018,4.005000114440918,1.0,1.0,1164.0,4.311,19.7,26.0,RB,63.0,0.81,10.5
2009,00-0026178,J.Carlson,,0.0,51.0,51.0,0.0,574.0,,0.0,7.0,7.0,0.0,49.28900146484375,49.28900146484375,0.966,13.342000007629395,4.0,0.0,574.0,11.255,57400.0,700.0,WR,84.0,0.607,8400.0
2009,00-0026213,J.Charles,KC,190.0,40.0,230.0,1120.0,297.0,,7.0,1.0,8.0,22.452999114990234,5.479000091552734,27.930999755859375,0.121,31.954999923706055,4.0,2.0,1417.0,6.161,28.7,30.8,RB,57.0,0.702,10.8
2009,00-0022811,J.Cotchery,NYJ,2.0,57.0,59.0,7.0,821.0,,1.0,3.0,4.0,1.6269999742507935,71.21299743652344,72.83999633789062,1.235,16.724000930786133,1.0,0.0,828.0,14.034,15.7,12.5,WR,96.0,0.594,24.5
2009,00-0023176,J.Cribbs,CLE,55.0,20.0,75.0,381.0,135.0,,1.0,1.0,2.0,13.78499984741211,-3.5950000286102295,10.1899995803833,0.136,7.9079999923706055,1.0,0.0,516.0,6.88,12.0,9.5,RB,38.0,0.526,8.7
2009,00-0022093,J.Fargas,LV,129.0,17.0,146.0,491.0,113.0,,3.0,0.0,3.0,-13.918999671936035,-0.2290000021457672,-14.147000312805176,-0.097,-1.0160000324249268,1.0,0.0,604.0,4.137,13.6,17.6,RB,21.0,0.81,4.4
2009,00-0026231,J.Finley,,0.0,55.0,55.0,0.0,676.0,,0.0,5.0,5.0,0.0,56.013999938964844,56.013999938964844,1.018,22.292999267578125,2.0,0.0,676.0,12.291,67600.0,500.0,WR,71.0,0.775,7100.0
2009,00-0026373,J.Forsett,SEA,114.0,41.0,155.0,619.0,350.0,,4.0,1.0,5.0,-0.3799999952316284,10.083999633789062,9.704000473022461,0.063,-6.709000110626221,0.0,1.0,969.0,6.252,18.5,19.2,RB,57.0,0.719,9.4
2009,00-0021163,J.Gaffney,,0.0,54.0,54.0,0.0,732.0,,0.0,2.0,2.0,0.0,62.06700134277344,62.06700134277344,1.149,28.916000366210938,2.0,0.0,732.0,13.556,73200.0,200.0,WR,87.0,0.621,8700.0
2009,00-0024359,J.Harrison,CLE,194.0,34.0,228.0,862.0,220.0,,5.0,2.0,7.0,-16.922000885009766,8.375,-8.54699993133545,-0.037,5.426000118255615,5.0,2.0,1082.0,4.746,25.1,33.3,RB,50.0,0.68,11.4
2009,00-0022840,J.Jones,SEA,177.0,35.0,212.0,663.0,232.0,,2.0,2.0,4.0,-22.73699951171875,7.849999904632568,-14.88700008392334,-0.07,-2.0880000591278076,0.0,0.0,895.0,4.222,17.0,15.4,RB,43.0,0.814,7.1
2009,00-0019693,J.Lewis,CLE,144.0,8.0,152.0,500.0,88.0,,0.0,0.0,0.0,-21.913999557495117,6.39300012588501,-15.520999908447266,-0.102,0.0,0.0,0.0,588.0,3.868,13.7,0.0,RB,11.0,0.727,2.5
2009,00-0026995,J.Maclin,PHI,2.0,55.0,57.0,-7.0,762.0,,0.0,4.0,4.0,-1.972000002861023,59.53799819946289,57.566001892089844,1.01,8.977999687194824,0.0,0.0,755.0,13.246,12.8,10.0,WR,90.0,0.611,16.5
2009,00-0026314,J.Morgan,SF,5.0,52.0,57.0,61.0,527.0,,0.0,3.0,3.0,3.927000045776367,36.03300094604492,39.959999084472656,0.701,9.765999794006348,1.0,0.0,588.0,10.316,12.2,8.6,WR,81.0,0.642,15.5
2009,00-0024294,J.Norwood,ATL,76.0,19.0,95.0,252.0,186.0,,0.0,1.0,1.0,-14.61299991607666,9.390000343322754,-5.2230000495910645,-0.055,-0.10700000077486038,0.0,0.0,438.0,4.611,7.9,2.4,RB,22.0,0.864,4.0
2009,00-0025631,J.Snelling,ATL,142.0,30.0,172.0,613.0,259.0,,4.0,1.0,5.0,-2.861999988555908,15.305999755859375,12.444000244140625,0.072,1.5199999809265137,1.0,1.0,872.0,5.07,15.7,12.2,RB,40.0,0.75,7.3
2009,00-0026153,J.Stewart,CAR,221.0,18.0,239.0,1133.0,139.0,,10.0,1.0,11.0,14.368000030517578,9.28600025177002,23.65399932861328,0.099,19.259000778198242,4.0,2.0,1272.0,5.322,23.1,32.4,RB,26.0,0.692,5.7
2009,00-0022127,J.Witten,,0.0,94.0,94.0,0.0,1030.0,,0.0,2.0,2.0,0.0,72.23799896240234,72.23799896240234,0.768,20.43600082397461,1.0,0.0,1030.0,10.957,103000.0,200.0,WR,124.0,0.758,12400.0
2009,00-0005091,K.Faulk,NE,62.0,37.0,99.0,335.0,301.0,,2.0,1.0,3.0,3.8410000801086426,12.821999549865723,16.66200065612793,0.168,3.369999885559082,1.0,0.0,636.0,6.424,9.9,6.4,RB,53.0,0.698,9.0
2009,00-0026988,K.Moreno,DEN,248.0,28.0,276.0,947.0,213.0,,7.0,2.0,9.0,-28.518999099731445,0.5400000214576721,-27.979000091552734,-0.101,-11.788000106811523,3.0,2.0,1160.0,4.203,20.7,30.0,RB,41.0,0.683,7.4
2009,00-0026204,K.Smith,DET,217.0,40.0,257.0,747.0,409.0,,4.0,1.0,5.0,-32.178001403808594,22.066999435424805,-10.111000061035156,-0.039,-0.07599999755620956,0.0,2.0,1156.0,4.498,23.6,20.8,RB,56.0,0.714,9.7
2009,00-0021931,K.Walter,HOU,4.0,53.0,57.0,26.0,611.0,,0.0,2.0,2.0,2.822000026702881,47.88999938964844,50.71099853515625,0.89,10.307999610900879,1.0,0.0,637.0,11.175,10.2,4.8,WR,70.0,0.757,12.0
2009,00-0022922,K.Winslow,TB,1.0,77.0,78.0,7.0,887.0,,0.0,5.0,5.0,-0.5419999957084656,69.01599884033203,68.4749984741211,0.878,18.78499984741211,0.0,0.0,894.0,11.462,20.1,21.7,WR,128.0,0.602,24.6
2009,00-0021184,L.Betts,WAS,56.0,17.0,73.0,210.0,170.0,,2.0,0.0,2.0,-5.00600004196167,9.92300033569336,4.916999816894531,0.067,0.0,0.0,0.0,380.0,5.205,7.5,6.9,RB,20.0,0.85,3.8
2009,00-0022921,L.Fitzgerald,,0.0,97.0,97.0,0.0,1092.0,,0.0,13.0,13.0,0.0,97.69599914550781,97.69599914550781,1.007,12.112000465393066,3.0,0.0,1092.0,11.258,109200.0,1300.0,WR,153.0,0.634,15300.0
2009,00-0021976,L.Johnson,KC,178.0,15.0,193.0,562.0,80.0,,0.0,0.0,0.0,-34.07500076293945,-0.014000000432133675,-34.0890007019043,-0.177,-0.6579999923706055,0.0,1.0,642.0,3.326,13.0,0.0,RB,21.0,0.714,4.0
2009,00-0024236,L.Maroney,NE,194.0,14.0,208.0,757.0,99.0,,9.0,0.0,9.0,-8.715999603271484,4.376999855041504,-4.340000152587891,-0.021,-0.6230000257492065,1.0,3.0,856.0,4.115,13.3,19.1,RB,17.0,0.824,2.9
2009,00-0025524,L.McClain,BAL,46.0,21.0,67.0,180.0,141.0,,2.0,0.0,2.0,1.9040000438690186,5.693999767303467,7.5980000495910645,0.113,0.8410000205039978,1.0,0.0,321.0,4.791,5.5,4.7,RB,27.0,0.778,5.3
2009,00-0027029,L.McCoy,PHI,155.0,40.0,195.0,637.0,308.0,,4.0,0.0,4.0,-17.551000595092773,7.581999778747559,-9.968999862670898,-0.051,2.5959999561309814,1.0,1.0,945.0,4.846,16.0,10.0,RB,56.0,0.714,10.3
2009,00-0020536,L.Tomlinson,LAC,223.0,20.0,243.0,730.0,154.0,,12.0,0.0,12.0,-24.659000396728516,3.868000030517578,-20.791000366210938,-0.086,4.079999923706055,3.0,1.0,884.0,3.638,15.0,26.1,RB,30.0,0.667,5.9
2009,00-0024332,L.Washington,NYJ,71.0,15.0,86.0,330.0,131.0,,0.0,0.0,0.0,-8.053000450134277,4.179999828338623,-3.872999906539917,-0.045,0.0,0.0,1.0,461.0,5.36,8.7,0.0,RB,26.0,0.577,6.6
2009,00-0023063,L.Weaver,PHI,70.0,15.0,85.0,323.0,140.0,,2.0,2.0,4.0,2.2170000076293945,8.017000198364258,10.234000205993652,0.12,-4.783999919891357,1.0,0.0,463.0,5.447,7.9,10.0,RB,26.0,0.577,4.8
2009,00-0024260,L.White,TEN,64.0,3.0,67.0,222.0,14.0,,2.0,0.0,2.0,-6.998000144958496,-0.48500001430511475,-7.482999801635742,-0.112,-1.2630000114440918,0.0,1.0,236.0,3.522,4.3,5.9,RB,5.0,0.6,1.1
2009,00-0023921,M.Austin,DAL,2.0,81.0,83.0,-2.0,1320.0,,0.0,11.0,11.0,-0.7379999756813049,113.28199768066406,112.54399871826172,1.356,30.676000595092773,2.0,0.0,1318.0,15.88,20.2,27.5,WR,124.0,0.653,22.8
2009,00-0023544,M.Barber,DAL,214.0,26.0,240.0,932.0,221.0,,7.0,0.0,7.0,-17.875999450683594,2.816999912261963,-15.059000015258789,-0.063,-5.443999767303467,3.0,1.0,1153.0,4.804,17.7,17.5,RB,36.0,0.722,6.6
2009,00-0024011,M.Bell,NO,172.0,4.0,176.0,654.0,12.0,,5.0,0.0,5.0,-28.874000549316406,-0.49300000071525574,-29.367000579833984,-0.167,-9.626999855041504,1.0,2.0,666.0,3.784,10.1,9.1,RB,4.0,1.0,0.7
2009,00-0025487,M.Bush,LV,123.0,17.0,140.0,589.0,105.0,,3.0,0.0,3.0,-8.027000427246094,-3.6740000247955322,-11.701000213623047,-0.084,1.5119999647140503,1.0,1.0,694.0,4.957,15.7,17.6,RB,19.0,0.895,4.0
2009,00-0024466,M.Colston,NO,1.0,70.0,71.0,6.0,1074.0,,0.0,9.0,9.0,0.4090000092983246,82.52300262451172,82.93199920654297,1.168,13.777000427246094,1.0,0.0,1080.0,15.211,16.4,16.4,WR,107.0,0.654,19.8
2009,00-0026184,M.Forte,CHI,258.0,57.0,315.0,929.0,471.0,,4.0,0.0,4.0,-41.4630012512207,12.180000305175781,-29.283000946044922,-0.093,-8.36299991607666,0.0,3.0,1400.0,4.444,27.9,12.5,RB,73.0,0.781,13.1
2009,00-0022781,M.Jenkins,,0.0,50.0,50.0,0.0,635.0,,0.0,1.0,1.0,0.0,50.52399826049805,50.52399826049805,1.01,15.067000389099121,1.0,0.0,635.0,12.7,63500.0,100.0,WR,90.0,0.556,9000.0
2009,00-0024275,M.Jones-Drew,JAX,313.0,53.0,366.0,1391.0,374.0,,15.0,1.0,16.0,13.67199993133545,20.128999710083008,33.80099868774414,0.092,3.9809999465942383,3.0,1.0,1765.0,4.822,32.7,51.6,RB,71.0,0.746,13.8
2009,00-0025399,M.Lynch,BUF,120.0,28.0,148.0,450.0,179.0,,2.0,0.0,2.0,-21.415000915527344,0.5320000052452087,-20.882999420166016,-0.141,-1.5759999752044678,0.0,1.0,629.0,4.25,14.2,9.1,RB,37.0,0.757,8.5
2009,00-0026235,M.Manningham,,0.0,57.0,57.0,0.0,822.0,,0.0,5.0,5.0,0.0,63.68600082397461,63.68600082397461,1.117,9.366000175476074,1.0,0.0,822.0,14.421,82200.0,500.0,WR,99.0,0.576,9900.0
2009,00-0022217,M.Moore,PIT,35.0,21.0,56.0,118.0,153.0,,0.0,2.0,2.0,-6.201000213623047,12.90999984741211,6.709000110626221,0.12,2.26200008392334,1.0,0.0,271.0,4.839,4.4,5.3,RB,31.0,0.677,5.8
2009,00-0021182,M.Morris,DET,93.0,26.0,119.0,384.0,210.0,,2.0,0.0,2.0,-13.538000106811523,15.142999649047852,1.6050000190734863,0.013,-4.098999977111816,1.0,0.0,594.0,4.992,12.1,8.3,RB,39.0,0.667,6.8
2009,00-0011795,M.Muhammad,,0.0,53.0,53.0,0.0,581.0,,0.0,1.0,1.0,0.0,44.72700119018555,44.72700119018555,0.844,13.835000038146973,1.0,0.0,581.0,10.962,58100.0,100.0,WR,89.0,0.596,8900.0
2009,00-0025466,M.Sims-Walker,,0.0,63.0,63.0,0.0,869.0,,0.0,7.0,7.0,0.0,74.84600067138672,74.84600067138672,1.188,16.295000076293945,1.0,0.0,869.0,13.794,86900.0,700.0,WR,111.0,0.568,11100.0
2009,00-0027076,M.Thomas,JAX,11.0,48.0,59.0,85.0,453.0,,0.0,1.0,1.0,2.121000051498413,33.47600173950195,35.59700012207031,0.603,7.921999931335449,1.0,0.0,538.0,9.119,10.0,3.2,TE,62.0,0.774,12.1
2009,00-0022821,M.Turner,ATL,178.0,5.0,183.0,871.0,35.0,,10.0,0.0,10.0,6.229000091552734,1.409000039100647,7.638000011444092,0.042,0.5960000157356262,0.0,2.0,906.0,4.951,16.4,24.4,RB,7.0,0.714,1.3
2009,00-0021999,N.Burleson,SEA,2.0,63.0,65.0,4.0,812.0,,0.0,3.0,3.0,-0.7009999752044678,63.60300064086914,62.902000427246094,0.968,2.878000020980835,0.0,0.0,816.0,12.554,15.5,11.5,WR,103.0,0.612,17.0
2009,00-0026998,P.Harvin,MIN,15.0,60.0,75.0,135.0,790.0,,0.0,6.0,6.0,6.276000022888184,79.00499725341797,85.27999877929688,1.137,7.701000213623047,0.0,0.0,925.0,12.333,14.6,11.3,WR,91.0,0.659,16.6
2009,00-0024813,P.Thomas,NO,147.0,39.0,186.0,793.0,302.0,,6.0,2.0,8.0,6.501999855041504,12.45300006866455,18.954999923706055,0.102,6.433000087738037,1.0,1.0,1095.0,5.887,16.6,14.5,RB,45.0,0.867,8.3
2009,00-0024460,Q.Ganther,WAS,63.0,9.0,72.0,199.0,99.0,,3.0,0.0,3.0,-6.97599983215332,5.063000202178955,-1.9129999876022339,-0.027,-3.003999948501587,3.0,0.0,298.0,4.139,5.9,10.3,RB,10.0,0.9,1.9
2009,00-0023437,R.Brown,MIA,147.0,14.0,161.0,648.0,98.0,,8.0,0.0,8.0,7.172999858856201,3.3389999866485596,10.51200008392334,0.065,0.0,0.0,1.0,746.0,4.634,13.3,21.6,RB,20.0,0.7,3.7
2009,00-0024217,R.Bush,NO,70.0,47.0,117.0,390.0,335.0,,5.0,3.0,8.0,9.359999656677246,16.010000228881836,25.3700008392334,0.217,11.991999626159668,2.0,1.0,725.0,6.197,11.0,14.5,RB,68.0,0.691,12.6
2009,00-0021357,R.Cartwright,WAS,64.0,27.0,91.0,228.0,242.0,,0.0,1.0,1.0,-11.788000106811523,10.116999626159668,-1.6710000038146973,-0.018,5.281000137329102,0.0,0.0,470.0,5.165,9.3,3.4,RB,32.0,0.844,6.1
2009,00-0022984,R.Grant,GB,282.0,25.0,307.0,1253.0,197.0,,11.0,0.0,11.0,7.158999919891357,2.686000108718872,9.845000267028809,0.032,11.116000175476074,6.0,0.0,1450.0,4.723,23.3,22.9,RB,32.0,0.781,5.8
2009,00-0027155,R.Jennings,JAX,39.0,16.0,55.0,202.0,101.0,,1.0,0.0,1.0,0.921999990940094,0.7369999885559082,1.659000039100647,0.03,1.7120000123977661,0.0,0.0,303.0,5.509,5.6,3.2,RB,18.0,0.889,3.5
2009,00-0025414,R.Meachem,NO,6.0,45.0,51.0,82.0,722.0,,0.0,9.0,9.0,6.239999771118164,56.40700149536133,62.64699935913086,1.228,4.598999977111816,1.0,0.0,804.0,15.765,12.2,16.4,WR,64.0,0.703,11.9
2009,00-0026163,R.Mendenhall,PIT,242.0,25.0,267.0,1108.0,261.0,,7.0,1.0,8.0,-13.487000465393066,18.636999130249023,5.150000095367432,0.019,-1.684000015258789,2.0,3.0,1369.0,5.127,22.0,21.1,RB,32.0,0.781,6.0
2009,00-0023512,R.Moats,HOU,101.0,13.0,114.0,390.0,106.0,,4.0,1.0,5.0,-2.427999973297119,1.1779999732971191,-1.25,-0.011,-3.7679998874664307,1.0,1.0,496.0,4.351,8.0,11.9,RB,15.0,0.867,2.6
2009,00-0011754,R.Moss,,0.0,83.0,83.0,0.0,1264.0,,0.0,13.0,13.0,0.0,111.33499908447266,111.33499908447266,1.341,15.777000427246094,4.0,0.0,1264.0,15.229,126400.0,1300.0,WR,140.0,0.593,14000.0
2009,00-0026195,R.Rice,BAL,254.0,78.0,332.0,1339.0,702.0,,7.0,1.0,8.0,4.170000076293945,28.89299964904785,33.0629997253418,0.1,5.486999988555908,1.0,2.0,2041.0,6.148,35.2,18.6,RB,101.0,0.772,20.0
2009,00-0020498,R.Wayne,,0.0,100.0,100.0,0.0,1264.0,,0.0,10.0,10.0,0.0,117.5770034790039,117.5770034790039,1.176,19.583999633789062,1.0,0.0,1264.0,12.64,126400.0,1000.0,WR,149.0,0.671,14900.0
2009,00-0023462,R.White,ATL,1.0,85.0,86.0,2.0,1153.0,,0.0,11.0,11.0,-0.41100001335144043,111.18800354003906,110.7770004272461,1.288,28.636999130249023,3.0,0.0,1155.0,13.43,20.8,26.8,WR,165.0,0.515,30.1
2009,00-0017915,R.Williams,MIA,242.0,35.0,277.0,1121.0,264.0,,11.0,2.0,13.0,7.989999771118164,14.255000114440918,22.246000289916992,0.08,-12.175000190734863,2.0,2.0,1385.0,5.0,24.7,35.1,RB,53.0,0.66,9.9
2009,00-0025529,S.Breaston,ARI,2.0,55.0,57.0,44.0,712.0,,0.0,3.0,3.0,2.8489999771118164,55.56399917602539,58.41400146484375,1.025,9.262999534606934,0.0,0.0,756.0,13.263,13.3,7.0,WR,82.0,0.671,14.0
2009,00-0026899,S.Greene,NYJ,109.0,0.0,109.0,541.0,0.0,,2.0,0.0,2.0,-7.704999923706055,0.0,-7.704999923706055,-0.071,0.23800000548362732,0.0,3.0,541.0,4.963,10.3,6.2,RB,4.0,0.0,1.0
2009,00-0024240,S.Holmes,PIT,3.0,79.0,82.0,6.0,1248.0,,0.0,5.0,5.0,-1.1109999418258667,108.125,107.01399993896484,1.305,22.81599998474121,2.0,0.0,1254.0,15.293,20.1,13.2,WR,138.0,0.572,25.8
2009,00-0022736,S.Jackson,LA,325.0,50.0,375.0,1424.0,314.0,,4.0,0.0,4.0,-38.65700149536133,6.561999797821045,-32.095001220703125,-0.086,-12.444000244140625,0.0,2.0,1738.0,4.635,37.3,25.0,RB,74.0,0.676,13.8
2009,00-0019484,S.Morris,NE,73.0,19.0,92.0,319.0,180.0,,2.0,0.0,2.0,-10.378000259399414,12.836999893188477,2.4590001106262207,0.027,-11.237000465393066,1.0,1.0,499.0,5.424,7.8,4.3,RB,27.0,0.704,4.6
2009,00-0020494,S.Moss,WAS,2.0,70.0,72.0,8.0,902.0,,0.0,3.0,3.0,-0.041999999433755875,54.40299987792969,54.361000061035156,0.755,17.198999404907227,0.0,0.0,910.0,12.639,17.9,10.3,WR,120.0,0.583,22.9
2009,00-0025431,S.Rice,,0.0,84.0,84.0,0.0,1312.0,,0.0,8.0,8.0,0.0,118.8010025024414,118.8010025024414,1.414,30.10300064086914,4.0,0.0,1312.0,15.619,131200.0,800.0,WR,122.0,0.689,12200.0
2009,00-0026229,S.Slaton,HOU,131.0,44.0,175.0,437.0,417.0,,3.0,4.0,7.0,-35.888999938964844,26.863000869750977,-9.026000022888184,-0.052,0.0,0.0,3.0,854.0,4.88,13.7,16.7,RB,55.0,0.8,9.4
2009,00-0020337,S.Smith,CAR,5.0,65.0,70.0,22.0,954.0,,0.0,7.0,7.0,0.4569999873638153,84.43199920654297,84.88899993896484,1.213,26.371000289916992,3.0,0.0,976.0,13.943,17.7,20.6,WR,129.0,0.504,28.2
2009,00-0025438,S.Smith,,0.0,107.0,107.0,0.0,1220.0,,0.0,7.0,7.0,0.0,106.84700012207031,106.84700012207031,0.999,20.09600067138672,2.0,0.0,1220.0,11.402,122000.0,700.0,WR,157.0,0.682,15700.0
2009,00-0026262,T.Choice,DAL,65.0,15.0,80.0,349.0,132.0,,3.0,0.0,3.0,10.842000007629395,7.751999855041504,18.5939998626709,0.232,2.1549999713897705,0.0,0.0,481.0,6.012,7.4,7.5,RB,22.0,0.682,4.1
2009,00-0006101,T.Gonzalez,,0.0,83.0,83.0,0.0,867.0,,0.0,6.0,6.0,0.0,91.71199798583984,91.71199798583984,1.105,12.684000015258789,1.0,0.0,867.0,10.446,86700.0,600.0,WR,135.0,0.615,13500.0
2009,00-0020516,T.Heap,BAL,1.0,53.0,54.0,2.0,593.0,,0.0,6.0,6.0,-0.375,53.05099868774414,52.67599868774414,0.975,18.312999725341797,4.0,0.0,595.0,11.019,10.3,14.0,WR,75.0,0.707,14.8
2009,00-0026289,T.Hightower,ARI,143.0,63.0,206.0,598.0,428.0,,8.0,0.0,8.0,-26.12700080871582,13.48900032043457,-12.63700008392334,-0.061,-8.067000389099121,2.0,4.0,1026.0,4.981,18.1,18.6,RB,80.0,0.788,13.6
2009,00-0007681,T.Holt,,0.0,51.0,51.0,0.0,722.0,,0.0,0.0,0.0,0.0,53.361000061035156,53.361000061035156,1.046,10.130999565124512,0.0,0.0,722.0,14.157,72200.0,0.0,WR,103.0,0.495,10300.0
2009,00-0020438,T.Houshmandzadeh,,0.0,79.0,79.0,0.0,911.0,,0.0,3.0,3.0,0.0,72.60299682617188,72.60299682617188,0.919,14.593999862670898,0.0,0.0,911.0,11.532,91100.0,300.0,WR,135.0,0.585,13500.0
2009,00-0019641,T.Jones,NYJ,332.0,10.0,342.0,1402.0,58.0,,14.0,0.0,14.0,-0.08900000154972076,2.2660000324249268,2.177000045776367,0.006,-2.8329999446868896,5.0,0.0,1460.0,4.269,27.7,43.8,RB,18.0,0.556,4.6
2009,00-0012478,T.Owens,BUF,6.0,55.0,61.0,54.0,829.0,,1.0,5.0,6.0,2.4059998989105225,65.3479995727539,67.75399780273438,1.111,11.927000045776367,2.0,0.0,883.0,14.475,19.9,27.3,WR,109.0,0.505,25.0
2009,00-0024221,V.Davis,,0.0,78.0,78.0,0.0,965.0,,0.0,13.0,13.0,0.0,88.28800201416016,88.28800201416016,1.132,16.687000274658203,3.0,0.0,965.0,12.372,96500.0,1300.0,WR,129.0,0.605,12900.0
2009,00-0023496,V.Jackson,LAC,3.0,68.0,71.0,11.0,1167.0,,0.0,9.0,9.0,-1.3480000495910645,111.73799896240234,110.38999938964844,1.555,27.625,2.0,0.0,1178.0,16.592,20.0,19.6,WR,107.0,0.636,21.0
2009,00-0022054,V.Shiancoe,,0.0,56.0,56.0,0.0,566.0,,0.0,11.0,11.0,0.0,58.01100158691406,58.01100158691406,1.036,17.121999740600586,2.0,0.0,566.0,10.107,56600.0,1100.0,WR,79.0,0.709,7900.0
2009,00-0022178,W.McGahee,BAL,109.0,15.0,124.0,544.0,85.0,,12.0,2.0,14.0,11.121000289916992,3.928999900817871,15.050000190734863,0.121,12.79699993133545,5.0,1.0,629.0,5.073,10.9,32.6,RB,22.0,0.682,4.3
2009,00-0022250,W.Parker,PIT,98.0,6.0,104.0,389.0,64.0,,0.0,1.0,1.0,-14.789999961853027,5.1620001792907715,-9.628000259399414,-0.093,2.2829999923706055,0.0,1.0,453.0,4.356,7.3,2.6,RB,7.0,0.857,1.3
2009,00-0022427,W.Welker,NE,5.0,123.0,128.0,36.0,1348.0,,0.0,4.0,4.0,3.494999885559082,99.68099975585938,103.1760025024414,0.806,24.631000518798828,0.0,0.0,1384.0,10.812,21.6,8.5,WR,162.0,0.759,27.4
2009,00-0025425,Z.Miller,,0.0,66.0,66.0,0.0,805.0,,0.0,3.0,3.0,0.0,53.840999603271484,53.840999603271484,0.816,11.045999526977539,1.0,0.0,805.0,12.197,80500.0,300.0,WR,100.0,0.66,10000.0
2010,00-0022084,A.Boldin,BAL,2.0,64.0,66.0,2.0,837.0,,0.0,7.0,7.0,0.4359999895095825,74.43900299072266,74.8759994506836,1.134,4.849999904632568,0.0,0.0,839.0,12.712,15.6,19.4,WR,109.0,0.587,22.2
2010,00-0025637,A.Bradshaw,NYG,277.0,47.0,324.0,1235.0,314.0,,8.0,0.0,8.0,-32.340999603271484,12.986000061035156,-19.354999542236328,-0.06,-11.711000442504883,1.0,6.0,1549.0,4.781,25.2,16.7,RB,58.0,0.81,10.9
2010,00-0027092,A.Collie,,0.0,57.0,57.0,0.0,617.0,,0.0,8.0,8.0,0.0,57.54600143432617,57.54600143432617,1.01,8.36400032043457,2.0,0.0,617.0,10.825,61700.0,800.0,WR,70.0,0.814,7000.0
2010,00-0027772,A.Dixon,SF,70.0,5.0,75.0,237.0,11.0,,2.0,0.0,2.0,-12.512999534606934,-1.1019999980926514,-13.614999771118164,-0.182,-9.852999687194824,0.0,0.0,248.0,3.307,4.8,6.9,RB,5.0,1.0,1.0
2010,00-0026796,A.Foster,HOU,326.0,66.0,392.0,1614.0,604.0,,16.0,2.0,18.0,11.802000045776367,37.50299835205078,49.305999755859375,0.126,-2.697999954223633,3.0,2.0,2218.0,5.658,34.7,40.9,RB,84.0,0.786,14.8
2010,00-0021547,A.Gates,,0.0,50.0,50.0,0.0,782.0,,0.0,10.0,10.0,0.0,79.23899841308594,79.23899841308594,1.585,0.0,0.0,0.0,782.0,15.64,78200.0,1000.0,WR,65.0,0.769,6500.0
2010,00-0022044,A.Johnson,HOU,2.0,86.0,88.0,10.0,1216.0,,0.0,8.0,8.0,1.8760000467300415,98.30500030517578,100.18099975585938,1.138,23.447999954223633,3.0,0.0,1226.0,13.932,19.2,18.2,WR,138.0,0.623,24.4
2010,00-0025394,A.Peterson,MIN,283.0,36.0,319.0,1298.0,341.0,,12.0,1.0,13.0,-10.690999984741211,18.197999954223633,7.506999969482422,0.024,-10.442999839782715,1.0,1.0,1639.0,5.138,32.2,46.4,RB,50.0,0.72,9.9
2010,00-0023438,B.Edwards,NYJ,1.0,53.0,54.0,4.0,904.0,,0.0,7.0,7.0,0.09799999743700027,78.48699951171875,78.58499908447266,1.455,22.395000457763672,1.0,0.0,908.0,16.815,15.9,21.9,WR,102.0,0.52,19.7
2010,00-0026937,B.Gibson,LA,3.0,53.0,56.0,28.0,620.0,,0.0,2.0,2.0,1.3830000162124634,48.106998443603516,49.4900016784668,0.884,14.67199993133545,0.0,0.0,648.0,11.571,13.0,7.4,WR,91.0,0.582,15.7
2010,00-0025860,B.Green-Ellis,NE,229.0,12.0,241.0,1008.0,85.0,,13.0,0.0,13.0,23.577999114990234,6.835000038146973,30.413000106811523,0.126,7.2179999351501465,2.0,0.0,1093.0,4.535,18.2,23.2,RB,16.0,0.75,3.2
2010,00-0025450,B.Jackson,GB,190.0,43.0,233.0,703.0,342.0,,3.0,1.0,4.0,-17.7450008392334,17.825000762939453,0.08100000023841858,0.0,-3.4690001010894775,0.0,0.0,1045.0,4.485,18.6,9.8,RB,50.0,0.86,9.5
2010,00-0023545,B.Jacobs,NYG,147.0,7.0,154.0,823.0,59.0,,9.0,0.0,9.0,4.808000087738037,2.6110000610351562,7.419000148773193,0.048,-3.13100004196167,2.0,2.0,882.0,5.727,14.4,18.8,RB,13.0,0.538,2.4
2010,00-0022097,B.Lloyd,DEN,1.0,77.0,78.0,-18.0,1448.0,,0.0,11.0,11.0,-1.590999960899353,133.07000732421875,131.47900390625,1.686,26.452999114990234,2.0,0.0,1430.0,18.333,25.2,29.7,WR,153.0,0.503,26.5
2010,00-0024334,B.Marshall,MIA,2.0,86.0,88.0,3.0,1014.0,,0.0,3.0,3.0,-1.0440000295639038,84.52100372314453,83.47799682617188,0.949,32.16400146484375,2.0,0.0,1017.0,11.557,19.2,12.0,WR,146.0,0.589,26.4
2010,00-0026996,B.Pettigrew,,0.0,71.0,71.0,0.0,722.0,,0.0,4.0,4.0,0.0,54.42900085449219,54.42900085449219,0.767,9.885000228881836,1.0,0.0,722.0,10.169,72200.0,400.0,WR,113.0,0.628,11300.0
2010,00-0026941,B.Scott,CIN,61.0,11.0,72.0,299.0,60.0,,1.0,0.0,1.0,2.6710000038146973,1.8839999437332153,4.556000232696533,0.063,4.763999938964844,1.0,0.0,359.0,4.986,6.6,2.9,RB,13.0,0.846,2.2
2010,00-0022943,B.Watson,CLE,1.0,68.0,69.0,-1.0,763.0,,0.0,3.0,3.0,-1.3420000076293945,58.67399978637695,57.332000732421875,0.831,16.96500015258789,0.0,0.0,762.0,11.043,16.2,12.0,WR,103.0,0.66,22.0
2010,00-0021216,B.Westbrook,SF,77.0,16.0,93.0,340.0,150.0,,4.0,1.0,5.0,-0.7820000052452087,8.619000434875488,7.836999893188477,0.084,5.839000225067139,4.0,0.0,490.0,5.269,9.6,17.2,RB,24.0,0.667,4.9
2010,00-0023439,C.Benson,CIN,322.0,28.0,350.0,1111.0,178.0,,7.0,1.0,8.0,-63.54999923706055,7.36299991607666,-56.1870002746582,-0.161,-18.68000030517578,1.0,5.0,1289.0,3.683,23.7,23.5,RB,37.0,0.757,6.3
2010,00-0020270,C.Buckhalter,DEN,59.0,28.0,87.0,147.0,240.0,,2.0,2.0,4.0,-24.041000366210938,13.61299991607666,-10.428000450134277,-0.12,7.921999931335449,2.0,1.0,387.0,4.448,6.8,10.8,RB,39.0,0.718,6.8
2010,00-0022738,C.Cooley,,0.0,77.0,77.0,0.0,849.0,,0.0,3.0,3.0,0.0,52.18600082397461,52.18600082397461,0.678,14.798999786376953,1.0,0.0,849.0,11.026,84900.0,300.0,WR,127.0,0.606,12700.0
2010,00-0027531,C.Ivory,NO,137.0,1.0,138.0,716.0,17.0,,5.0,0.0,5.0,10.22700023651123,1.2869999408721924,11.513999938964844,0.083,1.0190000534057617,0.0,2.0,733.0,5.312,11.9,11.9,RB,1.0,1.0,0.2
2010,00-0025389,C.Johnson,DET,4.0,77.0,81.0,32.0,1120.0,,0.0,12.0,12.0,0.9430000185966492,116.06500244140625,117.00800323486328,1.445,24.55699920654297,0.0,0.0,1152.0,14.222,21.2,32.4,WR,138.0,0.558,22.0
2010,00-0026164,C.Johnson,TEN,316.0,44.0,360.0,1364.0,245.0,,11.0,1.0,12.0,-35.433998107910156,0.22200000286102295,-35.21200180053711,-0.098,-7.058000087738037,3.0,2.0,1609.0,4.469,32.8,32.4,RB,58.0,0.759,12.4
2010,00-0020397,C.Ochocinco,,0.0,67.0,67.0,0.0,831.0,,0.0,4.0,4.0,0.0,80.71700286865234,80.71700286865234,1.205,9.413000106811523,0.0,0.0,831.0,12.403,83100.0,400.0,WR,127.0,0.528,12700.0
2010,00-0021179,C.Portis,WAS,54.0,5.0,59.0,227.0,55.0,,2.0,0.0,2.0,-1.4630000591278076,6.544000148773193,5.080999851226807,0.086,0.0,0.0,0.0,282.0,4.78,5.1,6.7,RB,9.0,0.556,1.5
2010,00-0027861,C.Spiller,BUF,74.0,24.0,98.0,283.0,157.0,,0.0,1.0,1.0,-15.788999557495117,6.0879998207092285,-9.699999809265137,-0.099,-3.433000087738037,0.0,1.0,440.0,4.49,9.0,3.3,RB,32.0,0.75,6.2
2010,00-0021314,C.Taylor,CHI,112.0,20.0,132.0,267.0,139.0,,3.0,0.0,3.0,-24.819000244140625,4.695000171661377,-20.124000549316406,-0.152,-6.793000221252441,1.0,0.0,406.0,3.076,8.5,9.4,RB,26.0,0.769,5.7
2010,00-0027007,C.Wells,ARI,116.0,5.0,121.0,397.0,74.0,,2.0,0.0,2.0,-18.1560001373291,6.224999904632568,-11.930000305175781,-0.099,-7.353000164031982,0.0,0.0,471.0,3.893,10.3,10.5,RB,8.0,0.625,1.4
2010,00-0023440,C.Williams,TB,125.0,46.0,171.0,437.0,355.0,,2.0,1.0,3.0,-18.375999450683594,18.051000595092773,-0.32499998807907104,-0.002,4.328000068664551,0.0,1.0,792.0,4.632,15.2,8.6,RB,64.0,0.719,13.1
2010,00-0026035,D.Amendola,LA,7.0,84.0,91.0,81.0,682.0,,0.0,3.0,3.0,3.2119998931884766,44.78099822998047,47.99399948120117,0.527,6.640999794006348,0.0,0.0,763.0,8.385,15.3,11.1,TE,122.0,0.689,21.0
2010,00-0026000,D.Bess,MIA,1.0,80.0,81.0,0.0,817.0,,0.0,5.0,5.0,-0.48399999737739563,68.88300323486328,68.39800262451172,0.844,13.019000053405762,2.0,0.0,817.0,10.086,15.4,20.0,WR,126.0,0.635,22.8
2010,00-0025410,D.Bowe,KC,1.0,72.0,73.0,4.0,1162.0,,0.0,15.0,15.0,-0.4650000035762787,119.5260009765625,119.06199645996094,1.631,22.28700065612793,1.0,0.0,1166.0,15.973,20.5,37.5,WR,135.0,0.533,29.0
2010,00-0021192,D.Branch,,0.0,61.0,61.0,0.0,818.0,,0.0,6.0,6.0,0.0,71.35399627685547,71.35399627685547,1.17,21.635000228881836,1.0,0.0,818.0,13.41,81800.0,600.0,WR,92.0,0.663,9200.0
2010,00-0027003,D.Brown,IND,129.0,20.0,149.0,497.0,205.0,,2.0,0.0,2.0,-10.348999977111816,11.583999633789062,1.2350000143051147,0.008,4.999000072479248,1.0,0.0,702.0,4.711,11.3,4.3,RB,28.0,0.714,4.1
2010,00-0004541,D.Driver,,0.0,51.0,51.0,0.0,565.0,,0.0,4.0,4.0,0.0,41.63800048828125,41.63800048828125,0.816,4.314000129699707,0.0,0.0,565.0,11.078,56500.0,400.0,WR,85.0,0.6,8500.0
2010,00-0026189,D.Jackson,PHI,16.0,47.0,63.0,104.0,1056.0,,1.0,6.0,7.0,4.260000228881836,81.08200073242188,85.34200286865234,1.355,14.480999946594238,1.0,0.0,1160.0,18.413,19.5,15.9,RB,96.0,0.49,17.4
2010,00-0026170,D.Keller,,0.0,54.0,54.0,0.0,684.0,,0.0,4.0,4.0,0.0,51.625,51.625,0.956,8.690999984741211,0.0,0.0,684.0,12.667,68400.0,400.0,WR,99.0,0.545,9900.0
2010,00-0010500,D.Mason,,0.0,60.0,60.0,0.0,788.0,,0.0,7.0,7.0,0.0,75.81800079345703,75.81800079345703,1.264,24.12700080871582,3.0,0.0,788.0,13.133,78800.0,700.0,WR,99.0,0.606,9900.0
2010,00-0026144,D.McFadden,LV,223.0,47.0,270.0,1157.0,507.0,,7.0,3.0,10.0,-7.159999847412109,33.2599983215332,26.100000381469727,0.097,6.906000137329102,3.0,2.0,1664.0,6.163,29.0,27.0,RB,61.0,0.77,12.5
2010,00-0023564,D.Sproles,LAC,51.0,59.0,110.0,270.0,520.0,,0.0,2.0,2.0,-12.053999900817871,30.076000213623047,18.02199935913086,0.164,12.401000022888184,0.0,1.0,790.0,7.182,12.1,4.2,RB,75.0,0.787,14.1
2010,00-0022770,D.Ward,HOU,51.0,7.0,58.0,317.0,61.0,,4.0,0.0,4.0,11.618000030517578,2.4790000915527344,14.097000122070312,0.243,7.978000164031982,1.0,0.0,378.0,6.517,5.9,9.1,RB,11.0,0.636,1.9
2010,00-0024242,D.Williams,CAR,87.0,11.0,98.0,361.0,61.0,,1.0,0.0,1.0,-18.538000106811523,2.005000114440918,-16.534000396728516,-0.169,0.0,0.0,1.0,422.0,4.306,9.6,6.2,RB,13.0,0.846,2.8
2010,00-0026019,D.Woodhead,NE,97.0,34.0,131.0,547.0,379.0,,5.0,1.0,6.0,19.948999404907227,22.20800018310547,42.15700149536133,0.322,3.453000068664551,2.0,1.0,926.0,7.069,15.4,10.7,RB,44.0,0.773,8.7
2010,00-0026182,E.Royal,DEN,6.0,59.0,65.0,61.0,627.0,,0.0,3.0,3.0,-0.8339999914169312,49.178001403808594,48.34400177001953,0.744,1.5169999599456787,0.0,1.0,688.0,10.585,12.1,8.1,WR,105.0,0.562,18.2
2010,00-0023500,F.Gore,SF,203.0,45.0,248.0,853.0,449.0,,3.0,2.0,5.0,-21.277999877929688,30.95400047302246,9.675999641418457,0.039,0.0,0.0,2.0,1302.0,5.25,25.4,17.2,RB,71.0,0.634,14.5
2010,00-0024204,F.Jackson,BUF,223.0,31.0,254.0,927.0,215.0,,5.0,2.0,7.0,-18.533000946044922,5.425000190734863,-13.107999801635742,-0.052,-7.98799991607666,0.0,1.0,1142.0,4.496,23.3,23.3,RB,55.0,0.564,10.7
2010,00-0026162,F.Jones,DAL,185.0,48.0,233.0,800.0,450.0,,1.0,1.0,2.0,-12.786999702453613,19.604999542236328,6.817999839782715,0.029,8.163999557495117,1.0,1.0,1250.0,5.365,21.7,5.1,RB,52.0,0.923,9.1
2010,00-0024267,G.Jennings,GB,1.0,76.0,77.0,-1.0,1265.0,,0.0,12.0,12.0,-0.7580000162124634,107.75299835205078,106.99400329589844,1.39,23.18199920654297,1.0,0.0,1264.0,16.416,22.5,29.3,WR,125.0,0.608,23.6
2010,00-0027005,H.Nicks,,0.0,79.0,79.0,0.0,1052.0,,0.0,11.0,11.0,0.0,96.03199768066406,96.03199768066406,1.216,23.506999969482422,2.0,0.0,1052.0,13.316,105200.0,1100.0,WR,128.0,0.617,12800.0
2010,00-0017162,H.Ward,PIT,1.0,59.0,60.0,-2.0,755.0,,0.0,5.0,5.0,-0.9139999747276306,64.35600280761719,63.44200134277344,1.057,20.461999893188477,1.0,0.0,753.0,12.55,13.4,13.9,WR,93.0,0.634,19.9
2010,00-0026566,I.Redman,PIT,52.0,9.0,61.0,247.0,72.0,,0.0,2.0,2.0,1.6540000438690186,9.829999923706055,11.484000205993652,0.188,4.954999923706055,0.0,0.0,319.0,5.23,5.7,5.6,RB,10.0,0.9,2.1
2010,00-0024245,J.Addai,IND,116.0,19.0,135.0,495.0,124.0,,4.0,0.0,4.0,3.7230000495910645,5.0329999923706055,8.755999565124512,0.065,2.250999927520752,1.0,1.0,619.0,4.585,10.0,8.7,RB,26.0,0.731,3.8
2010,00-0024324,J.Avant,,0.0,51.0,51.0,0.0,574.0,,0.0,1.0,1.0,0.0,48.98500061035156,48.98500061035156,0.96,8.930000305175781,0.0,0.0,574.0,11.255,57400.0,100.0,WR,77.0,0.662,7700.0
2010,00-0027880,J.Best,DET,172.0,58.0,230.0,563.0,487.0,,4.0,2.0,6.0,-40.49399948120117,19.576000213623047,-20.917999267578125,-0.091,-4.90500020980835,1.0,1.0,1050.0,4.565,19.3,16.2,RB,80.0,0.725,12.8
2010,00-0026213,J.Charles,KC,230.0,45.0,275.0,1467.0,468.0,,5.0,3.0,8.0,38.362998962402344,34.86899948120117,73.23200225830078,0.266,21.62299919128418,4.0,1.0,1935.0,7.036,33.9,20.0,RB,64.0,0.703,13.7
2010,00-0026373,J.Forsett,SEA,118.0,33.0,151.0,523.0,249.0,,2.0,0.0,2.0,-13.664999961853027,14.097000122070312,0.4320000112056732,0.003,0.3190000057220459,0.0,0.0,772.0,5.113,16.0,8.7,RB,50.0,0.66,9.3
2010,00-0021163,J.Gaffney,,0.0,64.0,64.0,0.0,864.0,,0.0,2.0,2.0,0.0,66.38400268554688,66.38400268554688,1.037,12.817999839782715,0.0,0.0,864.0,13.5,86400.0,200.0,WR,112.0,0.571,11200.0
2010,00-0027873,J.Gresham,,0.0,50.0,50.0,0.0,444.0,,0.0,4.0,4.0,0.0,29.62700080871582,29.62700080871582,0.593,6.50600004196167,1.0,0.0,444.0,8.88,44400.0,400.0,TE,82.0,0.61,8200.0
2010,00-0024359,J.Harrison,PHI,71.0,12.0,83.0,330.0,85.0,,1.0,0.0,1.0,-10.27400016784668,0.007000000216066837,-10.267999649047852,-0.124,-2.997999906539917,0.0,1.0,415.0,5.0,7.0,2.3,RB,13.0,0.923,2.4
2010,00-0027467,J.James,IND,46.0,9.0,55.0,112.0,63.0,,6.0,0.0,6.0,1.3580000400543213,-3.25600004196167,-1.8969999551773071,-0.034,-0.3009999990463257,1.0,0.0,175.0,3.182,2.8,13.0,RB,11.0,0.818,1.6
2010,00-0022840,J.Jones,NO,60.0,17.0,77.0,223.0,59.0,,0.0,0.0,0.0,-13.390000343322754,-2.0759999752044678,-15.465999603271484,-0.201,-6.961999893188477,0.0,1.0,282.0,3.662,4.6,0.0,RB,23.0,0.739,3.5
2010,00-0025460,J.Jones,HOU,2.0,50.0,52.0,7.0,561.0,,0.0,3.0,3.0,-0.052000001072883606,41.72700119018555,41.67499923706055,0.801,23.14299964904785,1.0,0.0,568.0,10.923,8.9,6.8,WR,78.0,0.641,13.8
2010,00-0025465,J.Jones,,0.0,50.0,50.0,0.0,679.0,,0.0,5.0,5.0,0.0,64.99400329589844,64.99400329589844,1.3,18.895000457763672,2.0,0.0,679.0,13.58,67900.0,500.0,WR,87.0,0.575,8700.0
2010,00-0026913,J.Knox,CHI,1.0,50.0,51.0,2.0,925.0,,0.0,5.0,5.0,-0.5479999780654907,70.43399810791016,69.88600158691406,1.37,10.27299976348877,3.0,0.0,927.0,18.176,19.5,15.6,WR,98.0,0.51,21.4
2010,00-0022999,J.Kuhn,GB,84.0,15.0,99.0,281.0,97.0,,4.0,2.0,6.0,-0.5709999799728394,10.369999885559082,9.800000190734863,0.099,11.35200023651123,4.0,0.0,378.0,3.818,6.7,14.6,RB,18.0,0.833,3.4
2010,00-0026995,J.Maclin,PHI,3.0,70.0,73.0,36.0,964.0,,0.0,10.0,10.0,2.9709999561309814,79.03700256347656,82.00800323486328,1.123,9.404000282287598,2.0,0.0,1000.0,13.699,16.8,22.7,WR,115.0,0.609,20.9
2010,00-0027120,J.Ringer,TEN,51.0,7.0,58.0,239.0,44.0,,2.0,0.0,2.0,-0.3070000112056732,1.753000020980835,1.4459999799728394,0.025,3.3499999046325684,1.0,0.0,283.0,4.879,5.8,5.4,RB,8.0,0.875,1.7
2010,00-0027687,J.Shipley,,0.0,52.0,52.0,0.0,600.0,,0.0,3.0,3.0,0.0,50.33399963378906,50.33399963378906,0.968,4.909999847412109,1.0,0.0,600.0,11.538,60000.0,300.0,WR,74.0,0.703,7400.0
2010,00-0025631,J.Snelling,ATL,87.0,44.0,131.0,324.0,303.0,,2.0,3.0,5.0,-5.861000061035156,15.145999908447266,9.28499984741211,0.071,0.5799999833106995,1.0,0.0,627.0,4.786,11.4,11.9,RB,52.0,0.846,9.0
2010,00-0026153,J.Stewart,CAR,178.0,8.0,186.0,770.0,103.0,,2.0,1.0,3.0,-38.40700149536133,7.63700008392334,-30.770000457763672,-0.165,-16.48699951171875,0.0,4.0,873.0,4.694,19.8,18.8,RB,14.0,0.571,3.0
2010,00-0026267,J.Tamme,,0.0,67.0,67.0,0.0,631.0,,0.0,4.0,4.0,0.0,45.63800048828125,45.63800048828125,0.681,14.178999900817871,1.0,0.0,631.0,9.418,63100.0,400.0,TE,93.0,0.72,9300.0
2010,00-0022127,J.Witten,,0.0,94.0,94.0,0.0,1002.0,,0.0,9.0,9.0,0.0,79.09600067138672,79.09600067138672,0.841,29.583999633789062,5.0,0.0,1002.0,10.66,100200.0,900.0,WR,129.0,0.729,12900.0
2010,00-0026988,K.Moreno,DEN,182.0,37.0,219.0,779.0,372.0,,5.0,3.0,8.0,-10.307000160217285,17.84000015258789,7.5320000648498535,0.034,-1.4670000076293945,1.0,2.0,1151.0,5.256,20.3,21.6,RB,48.0,0.771,8.3
2010,00-0021931,K.Walter,,0.0,51.0,51.0,0.0,621.0,,0.0,5.0,5.0,0.0,51.7400016784668,51.7400016784668,1.015,18.15999984741211,1.0,0.0,621.0,12.176,62100.0,500.0,WR,80.0,0.638,8000.0
2010,00-0027214,K.Williams,WAS,65.0,39.0,104.0,261.0,309.0,,3.0,2.0,5.0,-3.808000087738037,3.5880000591278076,-0.2199999988079071,-0.002,6.289000034332275,0.0,0.0,570.0,5.481,10.2,16.7,RB,58.0,0.672,9.7
2010,00-0022922,K.Winslow,,0.0,66.0,66.0,0.0,730.0,,0.0,5.0,5.0,0.0,62.560001373291016,62.560001373291016,0.948,20.746000289916992,3.0,0.0,730.0,11.061,73000.0,500.0,WR,98.0,0.673,9800.0
2010,00-0021184,L.Betts,NO,45.0,23.0,68.0,150.0,141.0,,2.0,0.0,2.0,-10.425000190734863,1.0099999904632568,-9.414999961853027,-0.138,0.0,0.0,1.0,291.0,4.279,4.7,4.8,RB,31.0,0.742,4.8
2010,00-0027325,L.Blount,TB,201.0,5.0,206.0,1007.0,14.0,,6.0,0.0,6.0,-20.433000564575195,-5.414000034332275,-25.847000122070312,-0.125,-5.534999847412109,1.0,2.0,1021.0,4.956,19.5,17.1,RB,7.0,0.714,1.4
2010,00-0022921,L.Fitzgerald,,0.0,90.0,90.0,0.0,1137.0,,0.0,6.0,6.0,0.0,90.7969970703125,90.7969970703125,1.009,23.049999237060547,1.0,0.0,1137.0,12.633,113700.0,600.0,WR,174.0,0.517,17400.0
2010,00-0027029,L.McCoy,PHI,207.0,78.0,285.0,1080.0,577.0,,7.0,2.0,9.0,12.289999961853027,27.089000701904297,39.37900161743164,0.138,8.704999923706055,0.0,1.0,1657.0,5.814,27.9,20.5,RB,90.0,0.867,16.3
2010,00-0023310,L.Moore,,0.0,66.0,66.0,0.0,763.0,,0.0,8.0,8.0,0.0,71.53900146484375,71.53900146484375,1.084,23.02199935913086,2.0,0.0,763.0,11.561,76300.0,800.0,WR,94.0,0.702,9400.0
2010,00-0020536,L.Tomlinson,NYJ,219.0,52.0,271.0,914.0,368.0,,6.0,0.0,6.0,-6.302000045776367,15.758000373840332,9.456000328063965,0.035,-5.144999980926514,1.0,0.0,1282.0,4.731,22.5,18.8,RB,79.0,0.658,15.2
2010,00-0023921,M.Austin,DAL,7.0,69.0,76.0,93.0,1041.0,,1.0,7.0,8.0,4.0929999351501465,93.55400085449219,97.64700317382812,1.285,23.094999313354492,2.0,0.0,1134.0,14.921,19.6,20.5,WR,119.0,0.58,20.9
2010,00-0023544,M.Barber,DAL,113.0,11.0,124.0,374.0,49.0,,4.0,0.0,4.0,-10.210000038146973,-2.8350000381469727,-13.045999526977539,-0.105,0.7009999752044678,1.0,0.0,423.0,3.411,7.3,10.3,RB,15.0,0.733,2.6
2010,00-0024011,M.Bell,CLE,47.0,7.0,54.0,99.0,67.0,,0.0,0.0,0.0,-15.378000259399414,3.181999921798706,-12.196000099182129,-0.226,2.941999912261963,0.0,0.0,166.0,3.074,3.5,0.0,RB,10.0,0.7,2.1
2010,00-0025487,M.Bush,LV,158.0,18.0,176.0,655.0,194.0,,8.0,0.0,8.0,1.878000020980835,14.402000427246094,16.280000686645508,0.092,3.5490000247955322,3.0,0.0,849.0,4.824,14.8,21.6,RB,24.0,0.75,4.9
2010,00-0024466,M.Colston,NO,1.0,84.0,85.0,1.0,1023.0,,0.0,7.0,7.0,-0.4620000123977661,94.63200378417969,94.16999816894531,1.108,17.69099998474121,2.0,0.0,1024.0,12.047,16.6,16.7,WR,132.0,0.636,20.3
2010,00-0026986,M.Crabtree,,0.0,55.0,55.0,0.0,741.0,,0.0,6.0,6.0,0.0,63.26599884033203,63.26599884033203,1.15,10.437999725341797,1.0,0.0,741.0,13.473,74100.0,600.0,WR,101.0,0.545,10100.0
2010,00-0026184,M.Forte,CHI,237.0,51.0,288.0,1069.0,547.0,,6.0,3.0,9.0,-18.926000595092773,21.204999923706055,2.2790000438690186,0.008,14.991999626159668,1.0,0.0,1616.0,5.611,34.0,28.1,RB,71.0,0.718,15.5
2010,00-0027080,M.Goodson,CAR,103.0,40.0,143.0,452.0,310.0,,3.0,0.0,3.0,-13.82800006866455,11.644000053405762,-2.184000015258789,-0.015,-5.289000034332275,1.0,2.0,762.0,5.329,17.3,18.8,RB,57.0,0.702,12.2
2010,00-0024275,M.Jones-Drew,JAX,299.0,34.0,333.0,1324.0,317.0,,5.0,2.0,7.0,-5.7230000495910645,16.979000091552734,11.255999565124512,0.034,-0.5550000071525574,1.0,2.0,1641.0,4.928,29.4,17.9,RB,44.0,0.773,9.5
2010,00-0024243,M.Lewis,,0.0,58.0,58.0,0.0,700.0,,0.0,10.0,10.0,0.0,53.88100051879883,53.88100051879883,0.929,10.138999938964844,2.0,0.0,700.0,12.069,70000.0,1000.0,WR,89.0,0.652,8900.0
2010,00-0025399,M.Lynch,SEA,202.0,22.0,224.0,737.0,145.0,,6.0,0.0,6.0,-39.70500183105469,-3.614000082015991,-43.31999969482422,-0.193,-12.121000289916992,1.0,2.0,882.0,3.938,18.3,26.1,RB,28.0,0.786,5.2
2010,00-0026235,M.Manningham,NYG,1.0,60.0,61.0,2.0,944.0,,0.0,9.0,9.0,-0.6119999885559082,71.61000061035156,70.99800109863281,1.164,22.38800048828125,4.0,0.0,946.0,15.508,15.4,18.8,WR,92.0,0.652,17.2
2010,00-0022217,M.Moore,PIT,35.0,26.0,61.0,99.0,205.0,,0.0,0.0,0.0,-5.302999973297119,7.230000019073486,1.9270000457763672,0.032,-6.1519999504089355,0.0,0.0,304.0,4.984,5.4,0.0,RB,32.0,0.812,6.9
2010,00-0021182,M.Morris,DET,90.0,25.0,115.0,336.0,170.0,,5.0,0.0,5.0,-7.0370001792907715,6.789999961853027,-0.24699999392032623,-0.002,0.42500001192092896,3.0,0.0,506.0,4.4,9.3,13.5,RB,31.0,0.806,4.9
2010,00-0026393,M.Reece,LV,30.0,25.0,55.0,122.0,333.0,,1.0,3.0,4.0,-5.366000175476074,24.267000198364258,18.900999069213867,0.344,5.690000057220459,1.0,1.0,455.0,8.273,7.9,10.8,RB,43.0,0.581,8.8
2010,00-0027076,M.Thomas,JAX,12.0,66.0,78.0,114.0,816.0,,0.0,4.0,4.0,5.015999794006348,70.64099884033203,75.65699768066406,0.97,14.35200023651123,1.0,0.0,930.0,11.923,16.7,10.3,WR,101.0,0.653,21.8
2010,00-0026069,M.Tolbert,LAC,183.0,25.0,208.0,735.0,216.0,,11.0,0.0,11.0,-11.713000297546387,13.8100004196167,2.0959999561309814,0.01,-2.944000005722046,2.0,3.0,951.0,4.572,14.6,22.9,RB,29.0,0.862,5.5
2010,00-0022821,M.Turner,ATL,334.0,12.0,346.0,1371.0,85.0,,12.0,0.0,12.0,-17.177000045776367,3.007999897003174,-14.168999671936035,-0.041,-10.51200008392334,4.0,2.0,1456.0,4.208,26.4,28.6,RB,20.0,0.6,3.5
2010,00-0026901,M.Wallace,PIT,5.0,60.0,65.0,39.0,1257.0,,0.0,10.0,10.0,1.534000039100647,105.55500030517578,107.08899688720703,1.648,32.9109992980957,2.0,0.0,1296.0,19.938,23.1,27.8,WR,98.0,0.612,21.0
2010,00-0023452,M.Williams,SEA,1.0,65.0,66.0,0.0,751.0,,0.0,2.0,2.0,-2.746000051498413,75.14700317382812,72.4010009765625,1.097,6.736000061035156,1.0,0.0,751.0,11.379,15.6,8.7,WR,110.0,0.591,20.5
2010,00-0027702,M.Williams,,0.0,65.0,65.0,0.0,964.0,,0.0,11.0,11.0,0.0,75.9540023803711,75.9540023803711,1.169,18.792999267578125,4.0,0.0,964.0,14.831,96400.0,1100.0,WR,129.0,0.504,12900.0
2010,00-0021999,N.Burleson,DET,7.0,55.0,62.0,81.0,625.0,,0.0,6.0,6.0,3.7660000324249268,45.45600128173828,49.22200012207031,0.794,13.788999557495117,2.0,0.0,706.0,11.387,13.0,16.2,WR,87.0,0.632,13.9
2010,00-0026345,P.Garcon,IND,2.0,68.0,70.0,6.0,816.0,,0.0,6.0,6.0,-0.5270000100135803,74.42900085449219,73.9020004272461,1.056,22.85700035095215,4.0,0.0,822.0,11.743,13.3,13.0,WR,120.0,0.567,17.7
2010,00-0026998,P.Harvin,MIN,18.0,71.0,89.0,107.0,868.0,,1.0,5.0,6.0,6.317999839782715,67.21800231933594,73.53500366210938,0.826,16.83799934387207,1.0,0.0,975.0,10.955,19.1,21.4,RB,110.0,0.645,21.8
2010,00-0026367,P.Hillis,CLE,270.0,61.0,331.0,1177.0,477.0,,11.0,2.0,13.0,-22.98699951171875,27.832000732421875,4.84499979019165,0.015,-10.07800006866455,0.0,5.0,1654.0,4.997,35.1,52.0,RB,77.0,0.792,16.4
2010,00-0024813,P.Thomas,NO,83.0,29.0,112.0,269.0,201.0,,2.0,0.0,2.0,-8.772000312805176,5.945000171661377,-2.8269999027252197,-0.025,-3.555000066757202,1.0,0.0,470.0,4.196,7.6,4.8,RB,29.0,1.0,4.5
2010,00-0023437,R.Brown,MIA,201.0,33.0,234.0,734.0,242.0,,5.0,0.0,5.0,-31.638999938964844,2.993000030517578,-28.64699935913086,-0.122,-7.770999908447266,2.0,2.0,976.0,4.171,18.4,20.0,RB,42.0,0.786,7.6
2010,00-0024217,R.Bush,NO,36.0,34.0,70.0,150.0,208.0,,0.0,1.0,1.0,-7.581999778747559,10.003000259399414,2.4210000038146973,0.035,1.1670000553131104,0.0,0.0,358.0,5.114,5.8,2.4,RB,42.0,0.81,6.5
2010,00-0027155,R.Jennings,JAX,84.0,26.0,110.0,459.0,222.0,,4.0,0.0,4.0,12.218000411987305,7.63700008392334,19.854999542236328,0.18,11.847000122070312,2.0,0.0,681.0,6.191,12.2,10.3,RB,34.0,0.765,7.3
2010,00-0027864,R.Mathews,LAC,157.0,22.0,179.0,675.0,145.0,,7.0,0.0,7.0,-10.064000129699707,-0.7260000109672546,-10.789999961853027,-0.06,3.5799999237060547,5.0,2.0,820.0,4.581,12.6,14.6,RB,26.0,0.846,4.9
2010,00-0026163,R.Mendenhall,PIT,324.0,22.0,346.0,1273.0,162.0,,13.0,0.0,13.0,-26.993999481201172,6.72599983215332,-20.268999099731445,-0.059,1.3209999799728394,4.0,2.0,1435.0,4.147,25.6,36.1,RB,33.0,0.667,7.1
2010,00-0026195,R.Rice,BAL,307.0,63.0,370.0,1220.0,556.0,,5.0,1.0,6.0,-21.0,25.03700065612793,4.0370001792907715,0.011,3.9079999923706055,3.0,0.0,1776.0,4.8,33.0,16.7,RB,82.0,0.768,16.7
2010,00-0026279,R.Torain,WAS,164.0,18.0,182.0,742.0,125.0,,4.0,2.0,6.0,-20.30299949645996,9.111000061035156,-11.192000389099121,-0.061,0.6460000276565552,2.0,1.0,867.0,4.764,15.5,20.0,RB,26.0,0.692,4.3
2010,00-0020498,R.Wayne,,0.0,111.0,111.0,0.0,1355.0,,0.0,6.0,6.0,0.0,106.93399810791016,106.93399810791016,0.963,20.763999938964844,1.0,0.0,1355.0,12.207,135500.0,600.0,WR,175.0,0.634,17500.0
2010,00-0023462,R.White,ATL,1.0,115.0,116.0,3.0,1389.0,,0.0,10.0,10.0,-0.3140000104904175,115.0009994506836,114.68699645996094,0.989,23.736000061035156,3.0,0.0,1392.0,12.0,25.3,23.8,WR,181.0,0.635,31.5
2010,00-0017915,R.Williams,MIA,159.0,19.0,178.0,673.0,141.0,,2.0,1.0,3.0,-14.590999603271484,2.697000026702881,-11.894000053405762,-0.067,-6.364999771118164,0.0,2.0,814.0,4.573,15.3,12.0,RB,30.0,0.633,5.4
2010,00-0025529,S.Breaston,ARI,3.0,47.0,50.0,35.0,718.0,,0.0,1.0,1.0,1.8819999694824219,59.00899887084961,60.89099884033203,1.218,6.8429999351501465,0.0,0.0,753.0,15.06,16.5,5.3,WR,87.0,0.54,15.7
2010,00-0026899,S.Greene,NYJ,185.0,16.0,201.0,766.0,120.0,,2.0,0.0,2.0,-5.064000129699707,9.263999938964844,4.199999809265137,0.021,-0.035999998450279236,1.0,2.0,886.0,4.408,15.6,6.2,RB,24.0,0.667,4.6
2010,00-0024240,S.Holmes,NYJ,2.0,52.0,54.0,17.0,746.0,,0.0,6.0,6.0,-8.645000457763672,65.31300354003906,56.667999267578125,1.049,12.060999870300293,2.0,2.0,763.0,14.13,13.4,18.8,WR,96.0,0.542,18.5
2010,00-0022736,S.Jackson,LA,330.0,46.0,376.0,1241.0,374.0,,6.0,0.0,6.0,-49.733001708984375,15.333000183105469,-34.400001525878906,-0.091,-8.79800033569336,2.0,1.0,1615.0,4.295,32.4,22.2,RB,61.0,0.754,10.5
2010,00-0020494,S.Moss,WAS,5.0,93.0,98.0,-6.0,1115.0,,0.0,6.0,6.0,-0.11800000071525574,80.55599975585938,80.43800354003906,0.821,27.625,3.0,0.0,1109.0,11.316,19.9,20.0,WR,145.0,0.641,24.2
2010,00-0026364,St. Johnson,,0.0,82.0,82.0,0.0,1073.0,,0.0,10.0,10.0,0.0,109.16600036621094,109.16600036621094,1.331,19.357999801635742,1.0,0.0,1073.0,13.085,107300.0,1000.0,WR,143.0,0.573,14300.0
2010,00-0026262,T.Choice,DAL,66.0,17.0,83.0,243.0,109.0,,3.0,0.0,3.0,-7.7210001945495605,-2.2980000972747803,-10.019000053405762,-0.121,-4.086999893188477,1.0,0.0,352.0,4.241,6.1,7.7,RB,22.0,0.773,3.9
2010,00-0027888,T.Gerhart,MIN,81.0,21.0,102.0,322.0,167.0,,1.0,0.0,1.0,-10.998000144958496,-1.9980000257492065,-12.996999740600586,-0.127,-7.801000118255615,0.0,1.0,489.0,4.794,9.6,3.6,RB,29.0,0.724,5.7
2010,00-0006101,T.Gonzalez,,0.0,70.0,70.0,0.0,656.0,,0.0,6.0,6.0,0.0,66.08000183105469,66.08000183105469,0.944,7.88100004196167,2.0,0.0,656.0,9.371,65600.0,600.0,TE,108.0,0.648,10800.0
2010,00-0026289,T.Hightower,ARI,154.0,21.0,175.0,736.0,136.0,,5.0,0.0,5.0,-22.809999465942383,0.8650000095367432,-21.94499969482422,-0.125,-2.1540000438690186,2.0,4.0,872.0,4.983,19.1,26.3,RB,42.0,0.5,7.6
2010,00-0019641,T.Jones,KC,245.0,14.0,259.0,896.0,122.0,,6.0,0.0,6.0,-34.18899917602539,6.99399995803833,-27.19499969482422,-0.105,-21.66699981689453,1.0,1.0,1018.0,3.931,17.9,15.0,RB,20.0,0.7,4.3
2010,00-0012478,T.Owens,,0.0,72.0,72.0,0.0,983.0,,0.0,9.0,9.0,0.0,81.01200103759766,81.01200103759766,1.125,2.188999891281128,0.0,0.0,983.0,13.653,98300.0,900.0,WR,139.0,0.518,13900.0
2010,00-0024221,V.Davis,,0.0,56.0,56.0,0.0,914.0,,0.0,7.0,7.0,0.0,69.53600311279297,69.53600311279297,1.242,18.934999465942383,2.0,0.0,914.0,16.321,91400.0,700.0,WR,94.0,0.596,9400.0
2010,00-0022178,W.McGahee,BAL,100.0,14.0,114.0,380.0,55.0,,5.0,1.0,6.0,-10.720999717712402,-3.121999979019165,-13.843000411987305,-0.121,0.6880000233650208,1.0,2.0,435.0,3.816,8.1,16.7,RB,18.0,0.778,3.7
2010,00-0022427,W.Welker,,0.0,86.0,86.0,0.0,848.0,,0.0,7.0,7.0,0.0,70.29399871826172,70.29399871826172,0.817,11.187999725341797,0.0,0.0,848.0,9.86,84800.0,700.0,TE,123.0,0.699,12300.0
2010,00-0025425,Z.Miller,,0.0,60.0,60.0,0.0,685.0,,0.0,5.0,5.0,0.0,56.856998443603516,56.856998443603516,0.948,13.944000244140625,1.0,0.0,685.0,11.417,68500.0,500.0,WR,92.0,0.652,9200.0
2011,00-0022084,A.Boldin,,0.0,57.0,57.0,0.0,887.0,,0.0,3.0,3.0,0.0,74.7229995727539,74.7229995727539,1.311,9.093999862670898,0.0,0.0,887.0,15.561,88700.0,300.0,WR,106.0,0.538,10600.0
2011,00-0025637,A.Bradshaw,NYG,172.0,34.0,206.0,659.0,267.0,,9.0,2.0,11.0,-9.145000457763672,12.968999862670898,3.8239998817443848,0.019,1.305999994277954,5.0,0.0,926.0,4.495,14.6,24.4,RB,44.0,0.773,7.5
2011,00-0027793,A.Brown,PIT,5.0,69.0,74.0,30.0,1108.0,,0.0,2.0,2.0,1.4190000295639038,98.9020004272461,100.31999969482422,1.356,27.993999481201172,1.0,0.0,1138.0,15.378,18.5,5.9,WR,124.0,0.556,23.1
2011,00-0027092,A.Collie,,0.0,54.0,54.0,0.0,514.0,,0.0,1.0,1.0,0.0,50.20399856567383,50.20399856567383,0.93,14.739999771118164,1.0,0.0,514.0,9.519,51400.0,100.0,TE,98.0,0.551,9800.0
2011,00-0026796,A.Foster,HOU,278.0,53.0,331.0,1224.0,617.0,,10.0,2.0,12.0,-20.238000869750977,32.24700164794922,12.008000373840332,0.036,2.1600000858306885,2.0,2.0,1841.0,5.562,30.2,32.4,RB,72.0,0.736,15.8
2011,00-0021547,A.Gates,,0.0,64.0,64.0,0.0,778.0,,0.0,7.0,7.0,0.0,84.68199920654297,84.68199920654297,1.323,31.402999877929688,3.0,0.0,778.0,12.156,77800.0,700.0,WR,88.0,0.727,8800.0
2011,00-0027942,A.Green,CIN,5.0,65.0,70.0,53.0,1057.0,,0.0,7.0,7.0,2.940999984741211,95.4469985961914,98.38800048828125,1.406,20.381000518798828,0.0,0.0,1110.0,15.857,21.5,22.6,WR,115.0,0.565,21.9
2011,00-0027713,A.Hernandez,NE,5.0,79.0,84.0,45.0,910.0,,0.0,7.0,7.0,2.492000102996826,70.93099975585938,73.4219970703125,0.874,39.374000549316406,2.0,0.0,955.0,11.369,13.9,12.3,WR,113.0,0.699,18.6
2011,00-0025394,A.Peterson,MIN,208.0,18.0,226.0,970.0,131.0,,12.0,1.0,13.0,10.515999794006348,4.354000091552734,14.869999885559082,0.066,-3.0759999752044678,1.0,0.0,1101.0,4.872,21.3,36.1,RB,23.0,0.783,4.6
2011,00-0027691,A.Roberts,ARI,3.0,51.0,54.0,27.0,586.0,,0.0,2.0,2.0,2.3550000190734863,44.604000091552734,46.95800018310547,0.87,15.236000061035156,2.0,0.0,613.0,11.352,11.4,6.1,WR,98.0,0.52,18.0
2011,00-0025549,B.Celek,,0.0,62.0,62.0,0.0,811.0,,0.0,5.0,5.0,0.0,59.27000045776367,59.27000045776367,0.956,25.739999771118164,3.0,0.0,811.0,13.081,81100.0,500.0,WR,97.0,0.639,9700.0
2011,00-0025860,B.Green-Ellis,NE,181.0,9.0,190.0,667.0,159.0,,11.0,0.0,11.0,2.9170000553131104,9.711999893188477,12.628999710083008,0.066,4.5289998054504395,3.0,0.0,826.0,4.347,12.0,19.3,RB,13.0,0.692,2.1
2011,00-0023545,B.Jacobs,NYG,153.0,15.0,168.0,571.0,128.0,,7.0,1.0,8.0,-15.163000106811523,7.309999942779541,-7.853000164031982,-0.047,-1.2350000143051147,2.0,0.0,699.0,4.161,11.0,17.8,RB,23.0,0.652,3.9
2011,00-0022097,B.Lloyd,,0.0,70.0,70.0,0.0,966.0,,0.0,5.0,5.0,0.0,86.10800170898438,86.10800170898438,1.23,23.67300033569336,1.0,0.0,966.0,13.8,96600.0,500.0,WR,149.0,0.47,14900.0
2011,00-0024334,B.Marshall,MIA,1.0,81.0,82.0,13.0,1214.0,,0.0,6.0,6.0,0.8199999928474426,95.65699768066406,96.47699737548828,1.177,22.2549991607666,3.0,0.0,1227.0,14.963,23.4,19.4,WR,143.0,0.566,30.7
2011,00-0026996,B.Pettigrew,,0.0,83.0,83.0,0.0,777.0,,0.0,5.0,5.0,0.0,59.66299819946289,59.66299819946289,0.719,26.134000778198242,2.0,0.0,777.0,9.361,77700.0,500.0,TE,126.0,0.659,12600.0
2011,00-0026941,B.Scott,CIN,112.0,13.0,125.0,380.0,38.0,,3.0,0.0,3.0,-8.29800033569336,-4.281000137329102,-12.579000473022461,-0.101,-0.6179999709129333,2.0,0.0,418.0,3.344,8.1,9.7,RB,17.0,0.765,3.2
2011,00-0027890,B.Tate,HOU,175.0,13.0,188.0,942.0,98.0,,4.0,0.0,4.0,0.765999972820282,4.4770002365112305,5.243000030517578,0.028,-3.125,1.0,3.0,1040.0,5.532,17.1,10.8,RB,19.0,0.684,4.2
2011,00-0023439,C.Benson,CIN,273.0,15.0,288.0,1067.0,82.0,,6.0,0.0,6.0,-28.14900016784668,0.9509999752044678,-27.198999404907227,-0.094,-12.314000129699707,1.0,2.0,1149.0,3.99,22.3,19.4,RB,22.0,0.682,4.2
2011,00-0027531,C.Ivory,NO,79.0,0.0,79.0,374.0,0.0,,1.0,0.0,1.0,-2.877000093460083,0.0,-2.877000093460083,-0.036,-0.6790000200271606,1.0,0.0,374.0,4.734,4.9,1.6,RB,1.0,0.0,0.2
2011,00-0025389,C.Johnson,DET,1.0,97.0,98.0,11.0,1686.0,,0.0,16.0,16.0,-0.04800000041723251,135.90899658203125,135.86099243164062,1.386,48.707000732421875,4.0,0.0,1697.0,17.316,25.7,31.4,WR,162.0,0.599,24.1
2011,00-0026164,C.Johnson,TEN,262.0,57.0,319.0,1047.0,418.0,,4.0,0.0,4.0,-32.7400016784668,10.1850004196167,-22.55500030517578,-0.071,-0.6959999799728394,0.0,1.0,1465.0,4.592,27.1,13.8,RB,79.0,0.722,13.7
2011,00-0027939,C.Newton,CAR,72.0,1.0,73.0,349.0,27.0,,13.0,0.0,13.0,30.916000366210938,2.319000005722046,33.23500061035156,0.455,8.439000129699707,1.0,0.0,376.0,5.151,6.1,28.3,RB,1.0,1.0,0.2
2011,00-0027140,C.Ogbonnaya,CLE,76.0,23.0,99.0,340.0,165.0,,1.0,0.0,1.0,-6.455999851226807,3.4590001106262207,-2.996999979019165,-0.03,5.135000228881836,0.0,1.0,505.0,5.101,11.2,5.0,RB,31.0,0.742,5.5
2011,00-0027861,C.Spiller,BUF,107.0,39.0,146.0,561.0,271.0,,4.0,2.0,6.0,10.718000411987305,12.621000289916992,23.33799934387207,0.16,20.36400032043457,4.0,0.0,832.0,5.699,14.9,16.7,RB,53.0,0.736,9.3
2011,00-0027007,C.Wells,ARI,245.0,10.0,255.0,1047.0,52.0,,10.0,0.0,10.0,-11.262999534606934,-0.4339999854564667,-11.696000099182129,-0.046,-4.6529998779296875,1.0,2.0,1099.0,4.31,20.4,30.3,RB,16.0,0.625,2.9
2011,00-0023440,C.Williams,LA,87.0,14.0,101.0,361.0,93.0,,1.0,0.0,1.0,-5.584000110626221,-0.49900001287460327,-6.083000183105469,-0.06,-0.6690000295639038,1.0,0.0,454.0,4.495,9.4,6.7,RB,23.0,0.609,4.2
2011,00-0028434,D.Baldwin,SEA,1.0,51.0,52.0,-2.0,788.0,,0.0,4.0,4.0,-0.7369999885559082,76.45899963378906,75.72200012207031,1.456,18.451000213623047,2.0,0.0,786.0,15.115,15.4,13.8,WR,87.0,0.586,17.3
2011,00-0026000,D.Bess,MIA,2.0,51.0,53.0,9.0,537.0,,0.0,3.0,3.0,0.0689999982714653,29.070999145507812,29.138999938964844,0.55,5.290999889373779,1.0,0.0,546.0,10.302,10.4,9.7,WR,86.0,0.593,18.5
2011,00-0025410,D.Bowe,KC,1.0,81.0,82.0,12.0,1159.0,,0.0,5.0,5.0,0.9610000252723694,96.47100067138672,97.43299865722656,1.188,21.065000534057617,1.0,0.0,1171.0,14.28,23.1,27.8,WR,141.0,0.574,28.4
2011,00-0021192,D.Branch,,0.0,51.0,51.0,0.0,702.0,,0.0,5.0,5.0,0.0,61.27000045776367,61.27000045776367,1.201,2.2119998931884766,1.0,0.0,702.0,13.765,70200.0,500.0,WR,90.0,0.567,9000.0
2011,00-0027003,D.Brown,IND,134.0,16.0,150.0,645.0,86.0,,5.0,0.0,5.0,0.9750000238418579,0.781000018119812,1.75600004196167,0.012,1.1699999570846558,1.0,0.0,731.0,4.873,15.5,22.7,RB,19.0,0.842,3.6
2011,00-0027902,D.Bryant,DAL,1.0,63.0,64.0,5.0,928.0,,0.0,9.0,9.0,0.08299999684095383,88.12799835205078,88.21099853515625,1.378,21.43199920654297,2.0,0.0,933.0,14.578,15.0,23.7,WR,103.0,0.612,18.3
2011,00-0028057,D.Carter,IND,101.0,5.0,106.0,377.0,18.0,,2.0,0.0,2.0,-31.656999588012695,-1.3630000352859497,-33.02000045776367,-0.312,-8.583000183105469,0.0,3.0,395.0,3.726,8.4,9.1,RB,8.0,0.625,1.5
2011,00-0026983,D.Heyward-Bey,,0.0,62.0,62.0,0.0,957.0,,0.0,4.0,4.0,0.0,78.19000244140625,78.19000244140625,1.261,30.920000076293945,2.0,0.0,957.0,15.435,95700.0,400.0,WR,107.0,0.579,10700.0
2011,00-0026189,D.Jackson,PHI,7.0,58.0,65.0,41.0,961.0,,0.0,4.0,4.0,1.2330000400543213,76.13999938964844,77.37300109863281,1.19,24.023000717163086,2.0,0.0,1002.0,15.415,16.8,9.8,WR,104.0,0.558,19.2
2011,00-0027779,D.Karim,JAX,63.0,14.0,77.0,130.0,120.0,,0.0,0.0,0.0,-17.099000930786133,4.645999908447266,-12.45300006866455,-0.162,0.5770000219345093,0.0,0.0,250.0,3.247,5.7,0.0,RB,19.0,0.737,4.1
2011,00-0026170,D.Keller,,0.0,65.0,65.0,0.0,815.0,,0.0,5.0,5.0,0.0,56.244998931884766,56.244998931884766,0.865,16.916000366210938,1.0,0.0,815.0,12.538,81500.0,500.0,WR,115.0,0.565,11500.0
2011,00-0027651,D.McCluster,KC,114.0,46.0,160.0,516.0,328.0,,1.0,1.0,2.0,-5.3520002365112305,10.694999694824219,5.3429999351501465,0.033,8.569000244140625,1.0,1.0,844.0,5.275,16.7,11.1,RB,64.0,0.719,12.9
2011,00-0026144,D.McFadden,LV,113.0,19.0,132.0,614.0,154.0,,4.0,1.0,5.0,3.752000093460083,8.36299991607666,12.114999771118164,0.092,0.0,0.0,1.0,768.0,5.818,12.7,13.9,RB,23.0,0.826,4.6
2011,00-0028009,D.Murray,DAL,164.0,26.0,190.0,897.0,183.0,,2.0,0.0,2.0,9.170000076293945,6.271999835968018,15.440999984741211,0.081,0.9039999842643738,0.0,0.0,1080.0,5.684,17.4,5.3,RB,35.0,0.743,6.2
2011,00-0027322,D.Nelson,,0.0,61.0,61.0,0.0,658.0,,0.0,5.0,5.0,0.0,55.220001220703125,55.220001220703125,0.905,8.836000442504883,0.0,0.0,658.0,10.787,65800.0,500.0,WR,98.0,0.622,9800.0
2011,00-0023564,D.Sproles,NO,88.0,86.0,174.0,604.0,710.0,,2.0,7.0,9.0,20.618000030517578,44.74700164794922,65.36499786376953,0.376,21.229999542236328,3.0,0.0,1314.0,7.552,17.2,14.8,RB,112.0,0.768,16.9
2011,00-0028000,D.Thomas,MIA,165.0,12.0,177.0,581.0,72.0,,0.0,1.0,1.0,-33.30699920654297,4.736000061035156,-28.570999145507812,-0.161,-11.8149995803833,0.0,1.0,653.0,3.689,12.4,3.2,RB,16.0,0.75,3.4
2011,00-0024559,D.Ware,NYG,48.0,26.0,74.0,163.0,163.0,,0.0,0.0,0.0,-7.492000102996826,2.671999931335449,-4.820000171661377,-0.065,0.5230000019073486,0.0,0.0,326.0,4.405,5.2,0.0,RB,36.0,0.722,6.2
2011,00-0024242,D.Williams,CAR,155.0,16.0,171.0,831.0,135.0,,7.0,0.0,7.0,5.533999919891357,6.491000175476074,12.026000022888184,0.07,15.795000076293945,4.0,0.0,966.0,5.649,15.7,15.2,RB,25.0,0.64,4.9
2011,00-0026019,D.Woodhead,NE,79.0,18.0,97.0,351.0,157.0,,1.0,0.0,1.0,4.585999965667725,8.616999626159668,13.204000473022461,0.136,9.579000473022461,1.0,0.0,508.0,5.237,7.4,1.8,RB,31.0,0.581,5.1
2011,00-0027675,E.Dickson,,0.0,54.0,54.0,0.0,528.0,,0.0,5.0,5.0,0.0,51.59700012207031,51.59700012207031,0.955,13.673999786376953,2.0,0.0,528.0,9.778,52800.0,500.0,TE,89.0,0.607,8900.0
2011,00-0026221,E.Doucet,,0.0,54.0,54.0,0.0,689.0,,0.0,5.0,5.0,0.0,54.96699905395508,54.96699905395508,1.018,13.848999977111816,1.0,0.0,689.0,12.759,68900.0,500.0,WR,98.0,0.551,9800.0
2011,00-0021755,E.Graham,TB,37.0,26.0,63.0,206.0,163.0,,0.0,0.0,0.0,-5.5980000495910645,1.8639999628067017,-3.7339999675750732,-0.059,0.0,0.0,0.0,369.0,5.857,7.3,0.0,RB,31.0,0.839,5.3
2011,00-0028115,E.Royster,WAS,56.0,9.0,65.0,328.0,68.0,,0.0,0.0,0.0,11.178000450134277,5.548999786376953,16.726999282836914,0.257,17.584999084472656,0.0,0.0,396.0,6.092,7.1,0.0,RB,13.0,0.692,2.2
2011,00-0026188,F.Davis,,0.0,59.0,59.0,0.0,796.0,,0.0,3.0,3.0,0.0,54.15800094604492,54.15800094604492,0.918,0.0,0.0,0.0,796.0,13.492,79600.0,300.0,WR,88.0,0.67,8800.0
2011,00-0023500,F.Gore,SF,282.0,17.0,299.0,1211.0,114.0,,8.0,0.0,8.0,-33.349998474121094,4.198999881744385,-29.150999069213867,-0.097,-2.178999900817871,3.0,2.0,1325.0,4.431,26.0,25.8,RB,31.0,0.548,6.9
2011,00-0024204,F.Jackson,BUF,170.0,38.0,208.0,934.0,433.0,,6.0,0.0,6.0,-2.1519999504089355,20.55500030517578,18.402999877929688,0.088,0.0,0.0,2.0,1367.0,6.572,24.5,16.7,RB,48.0,0.792,8.5
2011,00-0026162,F.Jones,DAL,127.0,33.0,160.0,575.0,231.0,,1.0,0.0,1.0,-12.864999771118164,8.727999687194824,-4.13700008392334,-0.026,1.0800000429153442,0.0,1.0,806.0,5.038,13.0,2.6,RB,44.0,0.75,7.8
2011,00-0024267,G.Jennings,,0.0,66.0,66.0,0.0,937.0,,0.0,9.0,9.0,0.0,85.28399658203125,85.28399658203125,1.292,0.28299999237060547,0.0,0.0,937.0,14.197,93700.0,900.0,WR,98.0,0.673,9800.0
2011,00-0027997,G.Little,CLE,3.0,61.0,64.0,15.0,709.0,,0.0,2.0,2.0,-1.0950000286102295,54.97100067138672,53.87699890136719,0.842,16.18899917602539,1.0,0.0,724.0,11.312,16.0,10.0,WR,121.0,0.504,21.5
2011,00-0023465,H.Miller,PIT,1.0,51.0,52.0,6.0,631.0,,0.0,2.0,2.0,0.5619999766349792,51.58300018310547,52.14500045776367,1.003,7.696000099182129,0.0,0.0,637.0,12.25,10.3,5.9,WR,75.0,0.68,14.0
2011,00-0027005,H.Nicks,,0.0,76.0,76.0,0.0,1192.0,,0.0,7.0,7.0,0.0,103.61900329589844,103.61900329589844,1.363,28.628000259399414,1.0,0.0,1192.0,15.684,119200.0,700.0,WR,133.0,0.571,13300.0
2011,00-0026566,I.Redman,PIT,110.0,18.0,128.0,479.0,78.0,,3.0,0.0,3.0,-5.426000118255615,1.7200000286102295,-3.7049999237060547,-0.029,-4.310999870300293,2.0,2.0,557.0,4.352,9.0,8.8,RB,22.0,0.818,4.1
2011,00-0024245,J.Addai,IND,118.0,15.0,133.0,433.0,93.0,,1.0,0.0,1.0,-16.60099983215332,-0.3720000088214874,-16.972999572753906,-0.128,-13.13700008392334,0.0,0.0,526.0,3.955,11.2,4.5,RB,22.0,0.682,4.2
2011,00-0024324,J.Avant,,0.0,52.0,52.0,0.0,679.0,,0.0,1.0,1.0,0.0,55.069000244140625,55.069000244140625,1.059,6.260000228881836,0.0,0.0,679.0,13.058,67900.0,100.0,WR,81.0,0.642,8100.0
2011,00-0025701,J.Battle,KC,149.0,9.0,158.0,597.0,68.0,,2.0,0.0,2.0,-13.727999687194824,-0.5139999985694885,-14.241999626159668,-0.09,-5.63700008392334,1.0,0.0,665.0,4.209,13.1,11.1,RB,13.0,0.692,2.6
2011,00-0027880,J.Best,DET,84.0,27.0,111.0,390.0,287.0,,2.0,1.0,3.0,-2.8450000286102295,15.069999694824219,12.225000381469727,0.11,0.0,0.0,0.0,677.0,6.099,10.3,5.9,RB,40.0,0.675,6.0
2011,00-0026231,J.Finley,,0.0,55.0,55.0,0.0,767.0,,0.0,8.0,8.0,0.0,82.20800018310547,82.20800018310547,1.495,19.46500015258789,2.0,0.0,767.0,13.945,76700.0,800.0,WR,93.0,0.591,9300.0
2011,00-0026373,J.Forsett,SEA,46.0,23.0,69.0,145.0,128.0,,1.0,0.0,1.0,-11.682000160217285,1.3289999961853027,-10.352999687194824,-0.15,-4.954999923706055,0.0,0.0,273.0,3.957,5.4,3.4,RB,34.0,0.676,6.8
2011,00-0021163,J.Gaffney,,0.0,68.0,68.0,0.0,947.0,,0.0,5.0,5.0,0.0,81.41999816894531,81.41999816894531,1.197,25.350000381469727,2.0,0.0,947.0,13.926,94700.0,500.0,WR,115.0,0.591,11500.0
2011,00-0027696,J.Graham,,0.0,99.0,99.0,0.0,1310.0,,0.0,11.0,11.0,0.0,105.625,105.625,1.067,18.606000900268555,3.0,0.0,1310.0,13.232,131000.0,1100.0,WR,149.0,0.664,14900.0
2011,00-0027873,J.Gresham,,0.0,56.0,56.0,0.0,596.0,,0.0,6.0,6.0,0.0,39.957000732421875,39.957000732421875,0.714,9.682999610900879,1.0,0.0,596.0,10.643,59600.0,600.0,WR,92.0,0.609,9200.0
2011,00-0027944,J.Jones,ATL,6.0,54.0,60.0,56.0,959.0,,0.0,8.0,8.0,2.25,78.00299835205078,80.25299835205078,1.338,33.98699951171875,6.0,0.0,1015.0,16.917,16.6,18.6,WR,95.0,0.568,16.3
2011,00-0026995,J.Maclin,PHI,1.0,63.0,64.0,1.0,859.0,,0.0,5.0,5.0,-0.5090000033378601,64.09300231933594,63.58300018310547,0.993,22.106000900268555,1.0,0.0,860.0,13.438,14.4,12.2,WR,97.0,0.649,17.9
2011,00-0027712,J.McKnight,NYJ,43.0,13.0,56.0,134.0,139.0,,0.0,0.0,0.0,-6.802000045776367,7.376999855041504,0.574999988079071,0.01,1.4459999799728394,0.0,0.0,273.0,4.875,5.3,0.0,RB,18.0,0.722,3.3
2011,00-0026176,J.Nelson,,0.0,65.0,65.0,0.0,1182.0,,0.0,14.0,14.0,0.0,105.2959976196289,105.2959976196289,1.62,27.836000442504883,5.0,0.0,1182.0,18.185,118200.0,1400.0,WR,92.0,0.707,9200.0
2011,00-0027120,J.Ringer,TEN,59.0,28.0,87.0,185.0,187.0,,1.0,0.0,1.0,-14.845999717712402,2.8340001106262207,-12.012999534606934,-0.138,-0.45399999618530273,0.0,0.0,372.0,4.276,6.9,3.4,RB,36.0,0.778,6.2
2011,00-0028083,J.Rodgers,ATL,57.0,21.0,78.0,205.0,188.0,,1.0,1.0,2.0,-6.735000133514404,3.0429999828338623,-3.691999912261963,-0.047,-11.034000396728516,2.0,1.0,393.0,5.038,6.4,4.7,RB,27.0,0.778,4.6
2011,00-0026186,J.Simpson,,0.0,50.0,50.0,0.0,725.0,,0.0,4.0,4.0,0.0,65.71099853515625,65.71099853515625,1.314,15.991999626159668,2.0,0.0,725.0,14.5,72500.0,400.0,WR,106.0,0.472,10600.0
2011,00-0025631,J.Snelling,ATL,44.0,26.0,70.0,151.0,179.0,,0.0,1.0,1.0,-12.04800033569336,6.052999973297119,-5.994999885559082,-0.086,-4.802000045776367,0.0,0.0,330.0,4.714,5.4,2.3,RB,32.0,0.812,5.5
2011,00-0027791,J.Starks,GB,133.0,29.0,162.0,578.0,216.0,,1.0,0.0,1.0,-12.272000312805176,6.301000118255615,-5.9710001945495605,-0.037,-1.7519999742507935,0.0,1.0,794.0,4.901,12.7,1.7,RB,37.0,0.784,7.1
2011,00-0026153,J.Stewart,CAR,142.0,47.0,189.0,761.0,413.0,,4.0,1.0,5.0,16.673999786376953,17.548999786376953,34.222999572753906,0.181,11.305000305175781,2.0,0.0,1174.0,6.212,19.1,10.9,RB,60.0,0.783,11.7
2011,00-0022127,J.Witten,,0.0,79.0,79.0,0.0,942.0,,0.0,5.0,5.0,0.0,75.18099975585938,75.18099975585938,0.952,11.263999938964844,0.0,0.0,942.0,11.924,94200.0,500.0,WR,117.0,0.675,11700.0
2011,00-0026579,K.Bell,CHI,79.0,19.0,98.0,337.0,133.0,,0.0,1.0,1.0,-11.347999572753906,5.828000068664551,-5.519999980926514,-0.056,-2.6449999809265137,1.0,1.0,470.0,4.796,9.1,3.6,RB,23.0,0.826,4.9
2011,00-0028053,K.Hunter,SF,112.0,16.0,128.0,473.0,195.0,,2.0,0.0,2.0,-6.400000095367432,16.14299964904785,9.743000030517578,0.076,4.789999961853027,0.0,0.0,668.0,5.219,13.1,6.5,RB,26.0,0.615,5.8
2011,00-0026029,K.Lumpkin,TB,31.0,41.0,72.0,105.0,291.0,,0.0,0.0,0.0,-5.314000129699707,11.847000122070312,6.5329999923706055,0.091,8.423999786376953,0.0,0.0,396.0,5.5,7.8,0.0,RB,53.0,0.774,9.1
2011,00-0026204,K.Smith,DET,74.0,24.0,98.0,364.0,202.0,,5.0,3.0,8.0,1.9129999876022339,6.197999954223633,8.111000061035156,0.083,-9.338000297546387,3.0,0.0,566.0,5.776,8.6,15.7,RB,30.0,0.8,4.5
2011,00-0027214,K.Williams,DET,58.0,8.0,66.0,195.0,62.0,,2.0,0.0,2.0,-11.163999557495117,2.9140000343322754,-8.24899959564209,-0.125,-3.7130000591278076,0.0,1.0,257.0,3.894,3.9,3.9,RB,8.0,1.0,1.2
2011,00-0022922,K.Winslow,,0.0,74.0,74.0,0.0,758.0,,0.0,2.0,2.0,0.0,50.801998138427734,50.801998138427734,0.687,6.9730000495910645,0.0,0.0,758.0,10.243,75800.0,200.0,WR,122.0,0.607,12200.0
2011,00-0026432,L.Ball,DEN,96.0,16.0,112.0,402.0,148.0,,1.0,1.0,2.0,-7.747000217437744,6.336999893188477,-1.409999966621399,-0.013,0.6660000085830688,1.0,1.0,550.0,4.911,10.8,6.5,RB,31.0,0.516,7.3
2011,00-0027325,L.Blount,TB,184.0,15.0,199.0,781.0,148.0,,5.0,0.0,5.0,-23.18899917602539,3.578000068664551,-19.611000061035156,-0.099,-6.860000133514404,1.0,2.0,929.0,4.668,18.4,20.0,RB,25.0,0.6,4.3
2011,00-0022921,L.Fitzgerald,,0.0,80.0,80.0,0.0,1411.0,,0.0,8.0,8.0,0.0,121.61199951171875,121.61199951171875,1.52,35.637001037597656,2.0,0.0,1411.0,17.638,141100.0,800.0,WR,154.0,0.519,15400.0
2011,00-0027029,L.McCoy,PHI,273.0,48.0,321.0,1309.0,315.0,,17.0,3.0,20.0,17.687000274658203,19.19499969482422,36.88199996948242,0.115,-8.059000015258789,5.0,1.0,1624.0,5.059,27.3,48.8,RB,69.0,0.696,12.7
2011,00-0023310,L.Moore,,0.0,52.0,52.0,0.0,627.0,,0.0,8.0,8.0,0.0,61.66699981689453,61.66699981689453,1.186,15.536999702453613,2.0,0.0,627.0,12.058,62700.0,800.0,WR,75.0,0.693,7500.0
2011,00-0025462,L.Robinson,,0.0,54.0,54.0,0.0,858.0,,0.0,11.0,11.0,0.0,75.36699676513672,75.36699676513672,1.396,23.18600082397461,4.0,0.0,858.0,15.889,85800.0,1100.0,WR,81.0,0.667,8100.0
2011,00-0026956,L.Stephens-Howling,ARI,43.0,13.0,56.0,167.0,234.0,,0.0,2.0,2.0,-8.230999946594238,18.535999298095703,10.305000305175781,0.184,-3.5439999103546143,0.0,0.0,401.0,7.161,7.4,6.1,RB,17.0,0.765,3.1
2011,00-0020536,L.Tomlinson,NYJ,75.0,42.0,117.0,280.0,449.0,,1.0,2.0,3.0,-8.567000389099121,20.83300018310547,12.265999794006348,0.105,-0.1940000057220459,1.0,0.0,729.0,6.231,14.2,7.5,RB,61.0,0.689,11.3
2011,00-0024332,L.Washington,SEA,53.0,10.0,63.0,248.0,48.0,,1.0,0.0,1.0,-5.300000190734863,-0.05400000140070915,-5.355000019073486,-0.085,1.2660000324249268,1.0,0.0,296.0,4.698,5.8,3.4,RB,14.0,0.714,2.8
2011,00-0023544,M.Barber,CHI,114.0,5.0,119.0,422.0,50.0,,6.0,0.0,6.0,-11.972999572753906,0.9980000257492065,-10.975000381469727,-0.092,-5.374000072479248,1.0,1.0,472.0,3.966,9.2,21.4,RB,9.0,0.556,1.9
2011,00-0025487,M.Bush,LV,256.0,37.0,293.0,977.0,418.0,,7.0,1.0,8.0,-30.740999221801758,21.83300018310547,-8.906999588012695,-0.03,-7.520999908447266,1.0,1.0,1395.0,4.761,23.1,22.2,RB,46.0,0.804,9.1
2011,00-0024466,M.Colston,,0.0,82.0,82.0,0.0,1164.0,,0.0,8.0,8.0,0.0,101.96499633789062,101.96499633789062,1.243,45.332000732421875,5.0,0.0,1164.0,14.195,116400.0,800.0,WR,109.0,0.752,10900.0
2011,00-0026986,M.Crabtree,SF,1.0,72.0,73.0,6.0,874.0,,0.0,4.0,4.0,0.44699999690055847,69.03800201416016,69.48600006103516,0.952,23.709999084472656,2.0,0.0,880.0,12.055,17.3,12.9,WR,115.0,0.626,25.6
2011,00-0026184,M.Forte,CHI,203.0,52.0,255.0,997.0,490.0,,3.0,1.0,4.0,-10.293000221252441,14.11400032043457,3.821000099182129,0.015,0.0,0.0,1.0,1487.0,5.831,28.9,14.3,RB,76.0,0.684,16.3
2011,00-0027666,M.Hardesty,CLE,88.0,14.0,102.0,266.0,122.0,,0.0,0.0,0.0,-19.683000564575195,9.102999687194824,-10.579999923706055,-0.104,-5.302999973297119,0.0,0.0,388.0,3.804,8.6,0.0,RB,21.0,0.667,3.7
2011,00-0027966,M.Ingram,NO,123.0,11.0,134.0,478.0,46.0,,5.0,0.0,5.0,-15.015999794006348,-0.6650000214576721,-15.680999755859375,-0.117,0.0,0.0,1.0,524.0,3.91,6.9,8.2,RB,13.0,0.846,2.0
2011,00-0024275,M.Jones-Drew,JAX,343.0,43.0,386.0,1606.0,374.0,,8.0,3.0,11.0,-14.467000007629395,28.636999130249023,14.170999526977539,0.037,6.801000118255615,5.0,1.0,1980.0,5.13,45.4,52.4,RB,63.0,0.683,13.5
2011,00-0025399,M.Lynch,SEA,284.0,28.0,312.0,1204.0,212.0,,12.0,1.0,13.0,-8.154000282287598,3.796999931335449,-4.35699987411499,-0.014,0.9919999837875366,4.0,2.0,1416.0,4.538,27.8,44.8,RB,41.0,0.683,8.2
2011,00-0021182,M.Morris,DET,82.0,27.0,109.0,319.0,241.0,,1.0,1.0,2.0,-9.01099967956543,7.638000011444092,-1.3739999532699585,-0.013,-1.4930000305175781,0.0,0.0,560.0,5.138,8.5,3.9,RB,36.0,0.75,5.4
2011,00-0026069,M.Tolbert,LAC,121.0,54.0,175.0,490.0,433.0,,8.0,2.0,10.0,-7.119999885559082,20.18600082397461,13.065999984741211,0.075,0.47699999809265137,3.0,1.0,923.0,5.274,14.3,23.8,RB,79.0,0.684,13.9
2011,00-0022821,M.Turner,ATL,301.0,17.0,318.0,1340.0,168.0,,11.0,0.0,11.0,-16.836999893188477,11.586999893188477,-5.25,-0.017,9.276000022888184,3.0,2.0,1508.0,4.742,24.6,25.6,RB,26.0,0.654,4.5
2011,00-0026901,M.Wallace,PIT,5.0,72.0,77.0,57.0,1193.0,,0.0,8.0,8.0,2.8399999141693115,101.5270004272461,104.36699676513672,1.355,18.73900032043457,0.0,0.0,1250.0,16.234,20.3,23.5,WR,113.0,0.637,21.0
2011,00-0027702,M.Williams,TB,1.0,65.0,66.0,3.0,771.0,,0.0,3.0,3.0,-0.3619999885559082,59.73099899291992,59.36899948120117,0.9,5.374000072479248,0.0,0.0,774.0,11.727,15.3,12.0,WR,126.0,0.516,21.6
2011,00-0021999,N.Burleson,DET,11.0,74.0,85.0,85.0,771.0,,0.0,3.0,3.0,4.822999954223633,59.784000396728516,64.60700225830078,0.76,25.54400062561035,1.0,0.0,856.0,10.071,13.0,5.9,WR,112.0,0.661,16.7
2011,00-0023367,N.Washington,TEN,2.0,72.0,74.0,5.0,997.0,,1.0,7.0,8.0,2.5899999141693115,86.2249984741211,88.81500244140625,1.2,29.292999267578125,3.0,0.0,1002.0,13.541,18.6,27.6,WR,119.0,0.605,20.6
2011,00-0024313,O.Daniels,,0.0,54.0,54.0,0.0,677.0,,0.0,3.0,3.0,0.0,56.073001861572266,56.073001861572266,1.038,8.425000190734863,0.0,0.0,677.0,12.537,67700.0,300.0,WR,85.0,0.635,8500.0
2011,00-0026345,P.Garcon,IND,4.0,70.0,74.0,28.0,947.0,,0.0,6.0,6.0,1.5740000009536743,58.185001373291016,59.7599983215332,0.808,6.65500020980835,0.0,0.0,975.0,13.176,20.7,27.3,WR,134.0,0.522,25.5
2011,00-0026998,P.Harvin,MIN,52.0,87.0,139.0,345.0,961.0,,2.0,6.0,8.0,7.257999897003174,74.14399719238281,81.4020004272461,0.586,21.992000579833984,3.0,0.0,1306.0,9.396,25.3,22.2,RB,122.0,0.713,24.2
2011,00-0026367,P.Hillis,CLE,161.0,22.0,183.0,587.0,130.0,,3.0,0.0,3.0,-18.033000946044922,-1.0870000123977661,-19.1200008392334,-0.104,-10.800999641418457,1.0,1.0,717.0,3.918,15.9,15.0,RB,34.0,0.647,6.0
2011,00-0024813,P.Thomas,NO,111.0,50.0,161.0,562.0,425.0,,5.0,1.0,6.0,11.312999725341797,19.874000549316406,31.18600082397461,0.194,11.062000274658203,2.0,1.0,987.0,6.13,12.9,9.8,RB,59.0,0.847,8.9
2011,00-0024217,R.Bush,MIA,216.0,43.0,259.0,1086.0,296.0,,6.0,1.0,7.0,-7.059999942779541,12.161999702453613,5.1020002365112305,0.02,8.571999549865723,1.0,2.0,1382.0,5.336,26.3,22.6,RB,52.0,0.827,11.2
2011,00-0022984,R.Grant,GB,134.0,18.0,152.0,559.0,255.0,,2.0,1.0,3.0,-14.680999755859375,19.058000564575195,4.376999855041504,0.029,14.83899974822998,3.0,1.0,814.0,5.355,13.0,5.2,RB,23.0,0.783,4.4
2011,00-0027656,R.Gronkowski,NE,1.0,90.0,91.0,2.0,1327.0,,1.0,17.0,18.0,1.1790000200271606,124.84200286865234,126.02100372314453,1.385,29.944000244140625,4.0,0.0,1329.0,14.604,19.3,31.6,WR,124.0,0.726,20.4
2011,00-0028043,R.Helu,WAS,151.0,49.0,200.0,640.0,379.0,,2.0,1.0,3.0,-9.791000366210938,7.309999942779541,-2.4809999465942383,-0.012,-5.181000232696533,1.0,1.0,1019.0,5.095,18.2,11.5,RB,59.0,0.831,10.1
2011,00-0027864,R.Mathews,LAC,222.0,50.0,272.0,1091.0,455.0,,6.0,0.0,6.0,-4.806000232696533,24.972999572753906,20.16699981689453,0.074,2.3589999675750732,2.0,2.0,1546.0,5.684,24.0,14.3,RB,59.0,0.847,10.4
2011,00-0026163,R.Mendenhall,PIT,228.0,18.0,246.0,928.0,154.0,,9.0,0.0,9.0,-13.628000259399414,7.013000011444092,-6.614999771118164,-0.027,5.085999965667725,1.0,1.0,1082.0,4.398,17.6,26.5,RB,28.0,0.643,5.2
2011,00-0026195,R.Rice,BAL,291.0,76.0,367.0,1364.0,704.0,,12.0,3.0,15.0,-15.746000289916992,44.816001892089844,29.070999145507812,0.079,5.335000038146973,4.0,2.0,2068.0,5.635,37.2,41.7,RB,104.0,0.731,19.2
2011,00-0026279,R.Torain,WAS,59.0,6.0,65.0,200.0,23.0,,1.0,0.0,1.0,-10.217000007629395,-1.184000015258789,-11.402000427246094,-0.175,-2.7339999675750732,0.0,0.0,223.0,3.431,4.0,3.8,RB,9.0,0.667,1.5
2011,00-0020498,R.Wayne,,0.0,75.0,75.0,0.0,960.0,,0.0,4.0,4.0,0.0,81.0739974975586,81.0739974975586,1.081,21.503999710083008,2.0,0.0,960.0,12.8,96000.0,400.0,WR,131.0,0.573,13100.0
2011,00-0023462,R.White,,0.0,100.0,100.0,0.0,1296.0,,0.0,8.0,8.0,0.0,117.80899810791016,117.80899810791016,1.178,39.685001373291016,3.0,0.0,1296.0,12.96,129600.0,800.0,WR,180.0,0.556,18000.0
2011,00-0017915,R.Williams,BAL,108.0,13.0,121.0,444.0,83.0,,2.0,0.0,2.0,-11.810999870300293,5.160999774932861,-6.651000022888184,-0.055,1.5360000133514404,0.0,2.0,527.0,4.355,9.5,5.6,RB,20.0,0.65,3.7
2011,00-0025529,S.Breaston,KC,1.0,61.0,62.0,25.0,785.0,,0.0,2.0,2.0,1.5759999752044678,59.45600128173828,61.03200149536133,0.984,11.96399974822998,0.0,0.0,810.0,13.065,16.0,11.1,WR,98.0,0.622,19.7
2011,00-0026899,S.Greene,NYJ,253.0,30.0,283.0,1054.0,211.0,,6.0,0.0,6.0,-6.53000020980835,10.35099983215332,3.819999933242798,0.013,5.861000061035156,1.0,0.0,1265.0,4.47,24.6,15.0,RB,41.0,0.732,7.6
2011,00-0024240,S.Holmes,NYJ,3.0,50.0,53.0,27.0,654.0,,0.0,8.0,8.0,1.3530000448226929,54.000999450683594,55.354000091552734,1.044,1.809999942779541,2.0,0.0,681.0,12.849,13.2,20.0,WR,100.0,0.5,18.5
2011,00-0022736,S.Jackson,LA,260.0,42.0,302.0,1145.0,333.0,,5.0,1.0,6.0,-18.007999420166016,6.702000141143799,-11.305999755859375,-0.037,4.861000061035156,1.0,0.0,1478.0,4.894,30.6,40.0,RB,58.0,0.724,10.6
2011,00-0028011,S.Ridley,NE,87.0,3.0,90.0,441.0,13.0,,1.0,0.0,1.0,-0.03400000184774399,-0.30000001192092896,-0.33399999141693115,-0.004,1.8630000352859497,0.0,0.0,454.0,5.044,6.6,1.8,RB,5.0,0.6,0.8
2011,00-0020337,S.Smith,CAR,6.0,79.0,85.0,56.0,1394.0,,0.0,7.0,7.0,4.236000061035156,101.93199920654297,106.16799926757812,1.249,21.666000366210938,2.0,0.0,1450.0,17.059,23.6,15.2,WR,130.0,0.608,25.3
2011,00-0026364,St.Johnson,,0.0,76.0,76.0,0.0,1004.0,,0.0,7.0,7.0,0.0,86.18000030517578,86.18000030517578,1.134,26.590999603271484,1.0,0.0,1004.0,13.211,100400.0,700.0,WR,134.0,0.567,13400.0
2011,00-0026262,T.Choice,DAL,57.0,19.0,76.0,152.0,124.0,,1.0,0.0,1.0,-23.554000854492188,-3.194000005722046,-26.749000549316406,-0.352,-5.039000034332275,1.0,2.0,276.0,3.632,4.5,2.6,RB,30.0,0.633,5.3
2011,00-0027888,T.Gerhart,MIN,109.0,23.0,132.0,531.0,190.0,,1.0,3.0,4.0,-4.627999782562256,12.435999870300293,7.808000087738037,0.059,14.050000190734863,3.0,0.0,721.0,5.462,14.0,11.1,RB,28.0,0.821,5.5
2011,00-0006101,T.Gonzalez,,0.0,80.0,80.0,0.0,875.0,,0.0,7.0,7.0,0.0,80.76300048828125,80.76300048828125,1.01,12.151000022888184,0.0,0.0,875.0,10.938,87500.0,700.0,WR,116.0,0.69,11600.0
2011,00-0026289,T.Hightower,WAS,83.0,10.0,93.0,299.0,78.0,,1.0,1.0,2.0,-10.416999816894531,3.9010000228881836,-6.515999794006348,-0.07,0.0,0.0,0.0,377.0,4.054,6.7,7.7,RB,15.0,0.667,2.6
2011,00-0019641,T.Jones,KC,153.0,5.0,158.0,478.0,43.0,,0.0,0.0,0.0,-31.452999114990234,1.3270000219345093,-30.125999450683594,-0.191,-7.118000030517578,0.0,0.0,521.0,3.297,10.3,0.0,RB,7.0,0.714,1.4
2011,00-0027996,T.Smith,BAL,4.0,50.0,54.0,39.0,841.0,,0.0,7.0,7.0,2.874000072479248,73.33300018310547,76.20700073242188,1.411,17.584999084472656,2.0,0.0,880.0,16.296,15.8,19.4,WR,96.0,0.521,17.7
2011,00-0027876,T.Tebow,DEN,89.0,0.0,89.0,415.0,0.0,,6.0,0.0,6.0,1.8550000190734863,0.0,1.8550000190734863,0.021,-6.085000038146973,3.0,2.0,415.0,4.663,8.2,19.4,RB,0.0,0.0,0.0
2011,00-0027982,T.Young,DET,2.0,50.0,52.0,15.0,616.0,,0.0,6.0,6.0,0.7170000076293945,55.08300018310547,55.79999923706055,1.073,17.628999710083008,4.0,0.0,631.0,12.135,9.6,11.8,WR,88.0,0.568,13.1
2011,00-0027265,V.Cruz,NYG,1.0,82.0,83.0,3.0,1536.0,,0.0,9.0,9.0,-0.2409999966621399,129.27200317382812,129.031005859375,1.555,39.70600128173828,2.0,0.0,1539.0,18.542,24.3,20.0,WR,131.0,0.626,22.5
2011,00-0024221,V.Davis,SF,2.0,67.0,69.0,-5.0,792.0,,0.0,6.0,6.0,-1.8250000476837158,51.6879997253418,49.862998962402344,0.723,22.687999725341797,1.0,0.0,787.0,11.406,15.5,19.4,WR,95.0,0.705,21.2
2011,00-0023496,V.Jackson,LAC,3.0,60.0,63.0,51.0,1106.0,,0.0,9.0,9.0,2.503000020980835,98.91000366210938,101.41400146484375,1.61,20.054000854492188,1.0,0.0,1157.0,18.365,17.9,21.4,WR,115.0,0.522,20.2
2011,00-0022178,W.McGahee,DEN,250.0,12.0,262.0,1199.0,51.0,,4.0,1.0,5.0,-16.299999237060547,3.4779999256134033,-12.821999549865723,-0.049,-3.424999952316284,0.0,3.0,1250.0,4.771,24.6,16.1,RB,20.0,0.6,4.7
2011,00-0022427,W.Welker,NE,4.0,121.0,125.0,30.0,1496.0,,0.0,9.0,9.0,0.8460000157356262,138.6739959716797,139.5189971923828,1.116,28.259000778198242,1.0,0.0,1526.0,12.208,22.2,15.8,WR,172.0,0.703,28.3
2012,00-0022084,A.Boldin,BAL,1.0,65.0,66.0,3.0,921.0,,0.0,4.0,4.0,-0.15700000524520874,81.16899871826172,81.01200103759766,1.227,19.621000289916992,2.0,0.0,924.0,14.0,15.9,10.5,WR,113.0,0.575,20.3
2012,00-0025637,A.Bradshaw,NYG,221.0,23.0,244.0,1015.0,245.0,,6.0,0.0,6.0,-0.7829999923706055,9.534000396728516,8.75,0.036,7.401000022888184,1.0,3.0,1260.0,5.164,21.7,13.6,RB,31.0,0.742,5.8
2012,00-0027094,A.Brown,NYG,74.0,12.0,86.0,385.0,86.0,,8.0,0.0,8.0,18.969999313354492,5.304999828338623,24.275999069213867,0.282,0.0,0.0,0.0,471.0,5.477,8.1,18.2,RB,17.0,0.706,3.2
2012,00-0027793,A.Brown,PIT,7.0,66.0,73.0,24.0,787.0,,0.0,5.0,5.0,0.8759999871253967,64.86199951171875,65.73799896240234,0.901,21.422000885009766,4.0,0.0,811.0,11.11,14.9,14.7,WR,106.0,0.623,18.8
2012,00-0026796,A.Foster,HOU,351.0,40.0,391.0,1424.0,217.0,,15.0,2.0,17.0,-19.788000106811523,0.7889999747276306,-19.0,-0.049,-6.464000225067139,2.0,2.0,1641.0,4.197,26.6,41.5,RB,58.0,0.69,10.6
2012,00-0027942,A.Green,CIN,4.0,97.0,101.0,38.0,1350.0,,0.0,11.0,11.0,1.503000020980835,109.677001953125,111.18000030517578,1.101,14.552000045776367,1.0,0.0,1388.0,13.743,25.4,28.9,WR,164.0,0.591,31.0
2012,00-0028034,A.Green,GB,135.0,18.0,153.0,464.0,125.0,,0.0,0.0,0.0,-25.5310001373291,3.2190001010894775,-22.31100082397461,-0.146,-3.4660000801086426,0.0,0.0,589.0,3.85,10.1,0.0,RB,29.0,0.621,5.3
2012,00-0027918,A.Hawkins,CIN,6.0,51.0,57.0,30.0,533.0,,0.0,4.0,4.0,0.9369999766349792,40.35900115966797,41.29600143432617,0.724,8.694000244140625,1.0,0.0,563.0,9.877,10.3,10.5,WR,80.0,0.638,15.1
2012,00-0027713,A.Hernandez,NE,1.0,51.0,52.0,5.0,483.0,,0.0,5.0,5.0,1.034999966621399,46.41600036621094,47.45100021362305,0.913,18.819000244140625,3.0,0.0,488.0,9.385,7.0,8.6,TE,83.0,0.614,13.1
2012,00-0022044,A.Johnson,,0.0,112.0,112.0,0.0,1598.0,,0.0,4.0,4.0,0.0,125.7509994506836,125.7509994506836,1.123,32.51100158691406,1.0,0.0,1598.0,14.268,159800.0,400.0,WR,163.0,0.687,16300.0
2012,00-0029141,A.Morris,WAS,335.0,11.0,346.0,1613.0,77.0,,13.0,0.0,13.0,-1.2990000247955322,2.556999921798706,1.2569999694824219,0.004,4.715000152587891,7.0,3.0,1690.0,4.884,27.9,28.3,RB,16.0,0.688,3.7
2012,00-0025394,A.Peterson,MIN,349.0,40.0,389.0,2097.0,217.0,,12.0,1.0,13.0,25.017000198364258,4.992000102996826,30.009000778198242,0.077,4.5289998054504395,5.0,2.0,2314.0,5.949,43.5,40.6,RB,51.0,0.784,10.6
2012,00-0027691,A.Roberts,ARI,4.0,64.0,68.0,29.0,759.0,,0.0,5.0,5.0,0.8799999952316284,63.68199920654297,64.56099700927734,0.949,6.039999961853027,0.0,0.0,788.0,11.588,17.6,23.8,WR,114.0,0.561,18.8
2012,00-0029239,B.Bolden,NE,56.0,2.0,58.0,274.0,11.0,,2.0,0.0,2.0,3.513000011444092,0.1860000044107437,3.6989998817443848,0.064,-3.3369998931884766,0.0,0.0,285.0,4.914,4.1,3.4,RB,2.0,1.0,0.3
2012,00-0029429,B.Brown,PHI,115.0,13.0,128.0,564.0,56.0,,4.0,0.0,4.0,-21.590999603271484,-1.3309999704360962,-22.922000885009766,-0.179,-16.174999237060547,0.0,3.0,620.0,4.844,11.1,14.8,RB,19.0,0.684,3.2
2012,00-0025549,B.Celek,,0.0,57.0,57.0,0.0,684.0,,0.0,1.0,1.0,0.0,46.30699920654297,46.30699920654297,0.812,4.263000011444092,0.0,0.0,684.0,12.0,68400.0,100.0,WR,88.0,0.648,8800.0
2012,00-0026937,B.Gibson,,0.0,51.0,51.0,0.0,691.0,,0.0,5.0,5.0,0.0,67.89600372314453,67.89600372314453,1.331,23.082000732421875,1.0,0.0,691.0,13.549,69100.0,500.0,WR,82.0,0.622,8200.0
2012,00-0025860,B.Green-Ellis,CIN,278.0,22.0,300.0,1094.0,104.0,,6.0,0.0,6.0,-14.282999992370605,0.5669999718666077,-13.717000007629395,-0.046,-3.203000068664551,1.0,2.0,1198.0,3.993,22.0,15.8,RB,29.0,0.759,5.5
2012,00-0027077,B.Hartline,,0.0,74.0,74.0,0.0,1083.0,,0.0,1.0,1.0,0.0,86.06500244140625,86.06500244140625,1.163,10.739999771118164,0.0,0.0,1083.0,14.635,108300.0,100.0,WR,131.0,0.565,13100.0
2012,00-0022097,B.Lloyd,,0.0,74.0,74.0,0.0,911.0,,0.0,4.0,4.0,0.0,80.98100280761719,80.98100280761719,1.094,28.097999572753906,1.0,0.0,911.0,12.311,91100.0,400.0,WR,130.0,0.569,13000.0
2012,00-0024334,B.Marshall,CHI,1.0,118.0,119.0,-2.0,1508.0,,0.0,11.0,11.0,-0.8960000276565552,134.1790008544922,133.2830047607422,1.12,30.27400016784668,3.0,0.0,1506.0,12.655,30.1,34.4,WR,195.0,0.605,40.2
2012,00-0027135,B.Myers,,0.0,79.0,79.0,0.0,806.0,,0.0,4.0,4.0,0.0,59.915000915527344,59.915000915527344,0.758,4.191999912261963,0.0,0.0,806.0,10.203,80600.0,400.0,WR,105.0,0.752,10500.0
2012,00-0026996,B.Pettigrew,,0.0,59.0,59.0,0.0,567.0,,0.0,3.0,3.0,0.0,33.45399856567383,33.45399856567383,0.567,0.17100000381469727,0.0,0.0,567.0,9.61,56700.0,300.0,TE,102.0,0.578,10200.0
2012,00-0029264,B.Pierce,BAL,108.0,7.0,115.0,532.0,47.0,,1.0,0.0,1.0,-10.26099967956543,3.6110000610351562,-6.650000095367432,-0.058,3.500999927520752,0.0,0.0,579.0,5.035,9.9,2.6,RB,11.0,0.636,2.0
2012,00-0028064,B.Powell,NYJ,110.0,17.0,127.0,437.0,140.0,,4.0,0.0,4.0,-3.8540000915527344,5.769000053405762,1.9149999618530273,0.015,-1.406999945640564,1.0,0.0,577.0,4.543,11.5,15.4,RB,36.0,0.472,7.4
2012,00-0027890,B.Tate,HOU,65.0,11.0,76.0,279.0,49.0,,2.0,0.0,2.0,1.3480000495910645,-0.7850000262260437,0.5630000233650208,0.007,-3.805999994277954,0.0,1.0,328.0,4.316,5.3,4.9,RB,11.0,1.0,2.0
2012,00-0023439,C.Benson,GB,71.0,14.0,85.0,248.0,97.0,,1.0,0.0,1.0,-6.747000217437744,6.968999862670898,0.22200000286102295,0.003,0.0,0.0,0.0,345.0,4.059,5.9,2.1,RB,15.0,0.933,2.7
2012,00-0026745,C.Brinkley,LAC,39.0,12.0,51.0,115.0,77.0,,0.0,0.0,0.0,-7.940000057220459,0.7239999771118164,-7.216000080108643,-0.141,-2.0399999618530273,0.0,0.0,192.0,3.765,3.8,0.0,RB,15.0,0.8,2.9
2012,00-0025389,C.Johnson,,0.0,122.0,122.0,0.0,1964.0,,0.0,5.0,5.0,0.0,154.322998046875,154.322998046875,1.265,36.29999923706055,0.0,0.0,1964.0,16.098,196400.0,500.0,WR,204.0,0.598,20400.0
2012,00-0026164,C.Johnson,TEN,276.0,36.0,312.0,1243.0,239.0,,6.0,0.0,6.0,-32.9739990234375,-0.13300000131130219,-33.106998443603516,-0.106,-14.012999534606934,2.0,3.0,1482.0,4.75,29.8,22.2,RB,49.0,0.735,9.1
2012,00-0027939,C.Newton,CAR,82.0,0.0,82.0,462.0,0.0,,7.0,0.0,7.0,22.906999588012695,0.0,22.906999588012695,0.279,8.663000106811523,1.0,1.0,462.0,5.634,8.1,17.9,RB,0.0,0.0,0.0
2012,00-0028052,C.Shorts,JAX,1.0,55.0,56.0,-4.0,979.0,,0.0,7.0,7.0,-1.121000051498413,84.62699890136719,83.50599670410156,1.491,10.616999626159668,0.0,0.0,975.0,17.411,19.4,28.0,WR,105.0,0.524,17.9
2012,00-0027861,C.Spiller,BUF,207.0,43.0,250.0,1244.0,459.0,,6.0,2.0,8.0,21.766000747680664,19.851999282836914,41.61800003051758,0.166,5.389999866485596,2.0,2.0,1703.0,6.812,31.1,22.2,RB,57.0,0.754,11.2
2012,00-0027007,C.Wells,ARI,88.0,1.0,89.0,234.0,24.0,,5.0,0.0,5.0,-27.639999389648438,1.649999976158142,-25.989999771118164,-0.292,-6.85699987411499,3.0,1.0,258.0,2.899,5.8,23.8,RB,1.0,1.0,0.2
2012,00-0026035,D.Amendola,LA,2.0,63.0,65.0,8.0,666.0,,0.0,3.0,3.0,-0.1850000023841858,50.025001525878906,49.840999603271484,0.767,7.3480000495910645,1.0,0.0,674.0,10.369,12.6,11.1,WR,102.0,0.618,18.5
2012,00-0026173,D.Avery,IND,4.0,60.0,64.0,9.0,781.0,,0.0,3.0,3.0,-1.0800000429153442,66.5530014038086,65.47200012207031,1.023,6.193999767303467,0.0,0.0,790.0,12.344,13.6,9.4,WR,126.0,0.476,20.4
2012,00-0026000,D.Bess,,0.0,61.0,61.0,0.0,778.0,,0.0,1.0,1.0,0.0,57.641998291015625,57.641998291015625,0.945,4.197999954223633,0.0,0.0,778.0,12.754,77800.0,100.0,WR,105.0,0.581,10500.0
2012,00-0025410,D.Bowe,,0.0,59.0,59.0,0.0,801.0,,0.0,3.0,3.0,0.0,68.97200012207031,68.97200012207031,1.169,6.958000183105469,0.0,0.0,801.0,13.576,80100.0,300.0,WR,114.0,0.518,11400.0
2012,00-0027003,D.Brown,IND,109.0,9.0,118.0,417.0,93.0,,1.0,0.0,1.0,-10.343000411987305,3.13700008392334,-7.205999851226807,-0.061,0.0,0.0,0.0,510.0,4.322,8.8,3.1,RB,13.0,0.692,2.1
2012,00-0027902,D.Bryant,DAL,2.0,92.0,94.0,-5.0,1382.0,,0.0,12.0,12.0,-1.284000039100647,103.69400024414062,102.41000366210938,1.089,29.985000610351562,4.0,0.0,1377.0,14.649,22.2,32.4,WR,140.0,0.657,21.4
2012,00-0029613,D.Martin,TB,319.0,49.0,368.0,1454.0,472.0,,11.0,1.0,12.0,-4.39900016784668,23.65999984741211,19.261999130249023,0.052,-5.60699987411499,2.0,1.0,1926.0,5.234,32.9,30.0,RB,70.0,0.7,12.4
2012,00-0027651,D.McCluster,KC,12.0,52.0,64.0,70.0,452.0,,0.0,1.0,1.0,0.5339999794960022,20.368999481201172,20.902999877929688,0.327,2.1530001163482666,0.0,0.0,522.0,8.156,10.2,5.9,TE,76.0,0.684,16.3
2012,00-0026144,D.McFadden,LV,216.0,42.0,258.0,707.0,258.0,,2.0,1.0,3.0,-53.779998779296875,1.5449999570846558,-52.23500061035156,-0.202,-19.0310001373291,1.0,1.0,965.0,3.74,17.1,10.7,RB,62.0,0.677,9.9
2012,00-0028086,D.Moore,LV,1.0,51.0,52.0,-5.0,741.0,,0.0,7.0,7.0,-1.3930000066757202,67.2959976196289,65.90299987792969,1.267,9.777000427246094,1.0,0.0,736.0,14.154,13.0,25.0,WR,115.0,0.443,18.3
2012,00-0028009,D.Murray,DAL,161.0,35.0,196.0,663.0,251.0,,4.0,0.0,4.0,-6.918000221252441,9.842000007629395,2.9240000247955322,0.015,-0.05900000035762787,2.0,2.0,914.0,4.663,14.7,10.8,RB,43.0,0.814,6.6
2012,00-0027714,D.Pitta,,0.0,61.0,61.0,0.0,669.0,,0.0,7.0,7.0,0.0,53.332000732421875,53.332000732421875,0.874,19.086999893188477,3.0,0.0,669.0,10.967,66900.0,700.0,WR,94.0,0.649,9400.0
2012,00-0029612,D.Richardson,LA,99.0,24.0,123.0,475.0,163.0,,0.0,0.0,0.0,-6.611000061035156,-2.890000104904175,-9.50100040435791,-0.077,-7.888000011444092,0.0,2.0,638.0,5.187,11.9,0.0,RB,36.0,0.667,6.5
2012,00-0023564,D.Sproles,NO,49.0,75.0,124.0,244.0,667.0,,1.0,7.0,8.0,-1.3949999809265137,45.78099822998047,44.38600158691406,0.358,16.2450008392334,4.0,0.0,911.0,7.347,13.5,15.1,RB,104.0,0.721,15.9
2012,00-0027874,D.Thomas,,0.0,94.0,94.0,0.0,1430.0,,0.0,10.0,10.0,0.0,111.59500122070312,111.59500122070312,1.187,23.000999450683594,2.0,0.0,1430.0,15.213,143000.0,1000.0,WR,141.0,0.667,14100.0
2012,00-0028000,D.Thomas,MIA,91.0,15.0,106.0,325.0,156.0,,4.0,0.0,4.0,-11.140000343322754,6.293000221252441,-4.8460001945495605,-0.046,-0.75,0.0,2.0,481.0,4.538,9.4,14.3,RB,22.0,0.682,4.4
2012,00-0024242,D.Williams,CAR,173.0,13.0,186.0,723.0,187.0,,5.0,2.0,7.0,-14.574999809265137,11.557999610900879,-3.0169999599456787,-0.016,14.593000411987305,4.0,2.0,910.0,4.892,16.0,17.9,RB,20.0,0.65,4.1
2012,00-0029251,D.Wilson,NYG,71.0,4.0,75.0,358.0,34.0,,4.0,1.0,5.0,-4.307000160217285,2.5789999961853027,-1.7280000448226929,-0.023,7.198999881744385,4.0,1.0,392.0,5.227,6.8,11.4,RB,9.0,0.444,1.7
2012,00-0026019,D.Woodhead,NE,76.0,40.0,116.0,301.0,446.0,,4.0,3.0,7.0,4.25600004196167,36.07400131225586,40.33000183105469,0.348,20.06599998474121,3.0,0.0,747.0,6.44,10.6,12.1,RB,55.0,0.727,8.7
2012,00-0027690,E.Decker,,0.0,85.0,85.0,0.0,1064.0,,0.0,13.0,13.0,0.0,104.12699890136719,104.12699890136719,1.225,42.42900085449219,5.0,0.0,1064.0,12.518,106400.0,1300.0,WR,123.0,0.691,12300.0
2012,00-0023500,F.Gore,SF,258.0,28.0,286.0,1214.0,234.0,,8.0,1.0,9.0,-2.010999917984009,10.456999778747559,8.446000099182129,0.03,3.5290000438690186,2.0,1.0,1448.0,5.063,25.2,22.5,RB,36.0,0.778,8.4
2012,00-0024204,F.Jackson,BUF,115.0,34.0,149.0,437.0,217.0,,3.0,1.0,4.0,-25.2549991607666,8.404000282287598,-16.85099983215332,-0.113,-8.062000274658203,0.0,4.0,654.0,4.389,12.0,11.1,RB,42.0,0.81,8.2
2012,00-0026162,F.Jones,DAL,111.0,25.0,136.0,402.0,262.0,,3.0,2.0,5.0,-9.795999526977539,13.866000175476074,4.070000171661377,0.03,0.2290000021457672,0.0,1.0,664.0,4.882,10.7,13.5,RB,36.0,0.694,5.5
2012,00-0027997,G.Little,CLE,2.0,53.0,55.0,15.0,641.0,,0.0,4.0,4.0,1.9919999837875366,54.74599838256836,56.737998962402344,1.032,25.43400001525879,2.0,0.0,656.0,11.927,12.8,14.3,WR,92.0,0.576,16.4
2012,00-0025418,G.Olsen,,0.0,69.0,69.0,0.0,843.0,,0.0,5.0,5.0,0.0,68.33699798583984,68.33699798583984,0.99,20.26300048828125,1.0,0.0,843.0,12.217,84300.0,500.0,WR,104.0,0.663,10400.0
2012,00-0023465,H.Miller,,0.0,71.0,71.0,0.0,816.0,,0.0,8.0,8.0,0.0,77.4520034790039,77.4520034790039,1.091,16.909000396728516,1.0,0.0,816.0,11.493,81600.0,800.0,WR,102.0,0.696,10200.0
2012,00-0027005,H.Nicks,,0.0,53.0,53.0,0.0,692.0,,0.0,3.0,3.0,0.0,53.013999938964844,53.013999938964844,1.0,9.482999801635742,1.0,0.0,692.0,13.057,69200.0,300.0,WR,100.0,0.53,10000.0
2012,00-0026566,I.Redman,PIT,110.0,19.0,129.0,410.0,244.0,,2.0,0.0,2.0,-15.355999946594238,11.795000076293945,-3.561000108718872,-0.028,-0.7749999761581421,0.0,2.0,654.0,5.07,12.0,5.9,RB,23.0,0.826,4.1
2012,00-0024324,J.Avant,,0.0,53.0,53.0,0.0,634.0,,0.0,0.0,0.0,0.0,53.073001861572266,53.073001861572266,1.001,24.381999969482422,0.0,0.0,634.0,11.962,63400.0,0.0,WR,77.0,0.688,7700.0
2012,00-0025701,J.Battle,LAC,95.0,15.0,110.0,311.0,108.0,,3.0,1.0,4.0,-16.07900047302246,8.310999870300293,-7.76800012588501,-0.071,-12.73799991607666,0.0,0.0,419.0,3.809,8.3,13.3,RB,15.0,1.0,2.9
2012,00-0027218,J.Bell,DET,82.0,52.0,134.0,414.0,485.0,,3.0,0.0,3.0,-1.190000057220459,26.742000579833984,25.551000595092773,0.191,3.696000099182129,0.0,1.0,899.0,6.709,13.5,7.7,RB,69.0,0.754,9.4
2012,00-0029707,J.Blackmon,JAX,2.0,64.0,66.0,23.0,865.0,,0.0,5.0,5.0,1.3930000066757202,84.7239990234375,86.11599731445312,1.305,28.43199920654297,2.0,0.0,888.0,13.455,17.7,20.0,WR,134.0,0.478,22.9
2012,00-0026213,J.Charles,KC,285.0,35.0,320.0,1509.0,236.0,,5.0,1.0,6.0,-3.200000047683716,4.117000102996826,0.9179999828338623,0.003,5.105999946594238,2.0,3.0,1745.0,5.453,34.0,35.3,RB,48.0,0.729,10.3
2012,00-0027786,J.Dwyer,PIT,156.0,18.0,174.0,623.0,106.0,,2.0,0.0,2.0,-16.166000366210938,6.854000091552734,-9.312000274658203,-0.054,-4.034999847412109,1.0,2.0,729.0,4.19,13.4,5.9,RB,25.0,0.72,4.4
2012,00-0026231,J.Finley,,0.0,61.0,61.0,0.0,667.0,,0.0,2.0,2.0,0.0,43.00899887084961,43.00899887084961,0.705,13.770000457763672,0.0,0.0,667.0,10.934,66700.0,200.0,WR,87.0,0.701,8700.0
2012,00-0026373,J.Forsett,HOU,63.0,3.0,66.0,374.0,38.0,,1.0,0.0,1.0,3.992000102996826,2.5260000228881836,6.51800012588501,0.099,-1.277999997138977,0.0,0.0,412.0,6.242,6.7,2.4,RB,5.0,0.6,0.9
2012,00-0029664,J.Gordon,,0.0,50.0,50.0,0.0,797.0,,0.0,5.0,5.0,0.0,62.176998138427734,62.176998138427734,1.244,8.791999816894531,0.0,0.0,797.0,15.94,79700.0,500.0,WR,95.0,0.526,9500.0
2012,00-0027696,J.Graham,,0.0,85.0,85.0,0.0,982.0,,0.0,9.0,9.0,0.0,85.42900085449219,85.42900085449219,1.005,26.91900062561035,1.0,0.0,982.0,11.553,98200.0,900.0,WR,135.0,0.63,13500.0
2012,00-0027873,J.Gresham,,0.0,64.0,64.0,0.0,737.0,,0.0,5.0,5.0,0.0,60.415000915527344,60.415000915527344,0.944,12.918999671936035,0.0,0.0,737.0,11.516,73700.0,500.0,WR,94.0,0.681,9400.0
2012,00-0027944,J.Jones,ATL,6.0,79.0,85.0,30.0,1198.0,,0.0,10.0,10.0,1.2029999494552612,106.03800201416016,107.23999786376953,1.262,23.19700050354004,4.0,0.0,1228.0,14.447,20.5,23.3,WR,129.0,0.612,21.1
2012,00-0028091,J.Kerley,NYJ,5.0,56.0,61.0,8.0,827.0,,0.0,2.0,2.0,-1.9739999771118164,57.71799850463867,55.74399948120117,0.914,5.208000183105469,0.0,0.0,835.0,13.689,16.7,7.7,WR,96.0,0.583,19.6
2012,00-0026995,J.Maclin,,0.0,69.0,69.0,0.0,856.0,,0.0,7.0,7.0,0.0,64.46800231933594,64.46800231933594,0.934,20.090999603271484,3.0,0.0,856.0,12.406,85600.0,700.0,WR,122.0,0.566,12200.0
2012,00-0026314,J.Morgan,WAS,3.0,48.0,51.0,25.0,510.0,,0.0,2.0,2.0,1.4359999895095825,40.53300094604492,41.96900177001953,0.823,12.803999900817871,2.0,0.0,535.0,10.49,8.8,4.3,WR,73.0,0.658,16.8
2012,00-0027791,J.Starks,GB,71.0,4.0,75.0,255.0,31.0,,1.0,0.0,1.0,-7.304999828338623,1.531999945640564,-5.7729997634887695,-0.077,0.0,0.0,0.0,286.0,3.813,4.9,2.1,RB,6.0,0.667,1.1
2012,00-0026153,J.Stewart,CAR,93.0,17.0,110.0,336.0,157.0,,1.0,1.0,2.0,-15.53600025177002,8.942000389099121,-6.59499979019165,-0.06,0.0,0.0,0.0,493.0,4.482,8.6,5.1,RB,23.0,0.739,4.7
2012,00-0026267,J.Tamme,,0.0,52.0,52.0,0.0,555.0,,0.0,2.0,2.0,0.0,47.46500015258789,47.46500015258789,0.913,7.76800012588501,0.0,0.0,555.0,10.673,55500.0,200.0,WR,84.0,0.619,8400.0
2012,00-0022127,J.Witten,,0.0,110.0,110.0,0.0,1039.0,,0.0,3.0,3.0,0.0,85.88500213623047,85.88500213623047,0.781,18.799999237060547,2.0,0.0,1039.0,9.445,103900.0,300.0,TE,149.0,0.738,14900.0
2012,00-0025465,Ja.Jones,,0.0,64.0,64.0,0.0,784.0,,0.0,14.0,14.0,0.0,83.23400115966797,83.23400115966797,1.301,27.940000534057617,5.0,0.0,784.0,12.25,78400.0,1400.0,WR,100.0,0.64,10000.0
2012,00-0028083,Jz. Rodgers,ATL,94.0,53.0,147.0,362.0,402.0,,1.0,1.0,2.0,-18.816999435424805,18.18000030517578,-0.6370000243186951,-0.004,0.8389999866485596,0.0,0.0,764.0,5.197,12.8,4.7,RB,59.0,0.898,9.6
2012,00-0028053,K.Hunter,SF,72.0,9.0,81.0,371.0,60.0,,2.0,0.0,2.0,10.954999923706055,-1.003000020980835,9.95199966430664,0.123,0.0,0.0,0.0,431.0,5.321,7.5,5.0,RB,12.0,0.75,2.8
2012,00-0026988,K.Moreno,DEN,138.0,21.0,159.0,525.0,167.0,,4.0,0.0,4.0,-5.171000003814697,11.996000289916992,6.824999809265137,0.043,10.286999702453613,3.0,1.0,692.0,4.352,10.6,8.2,RB,26.0,0.808,4.4
2012,00-0027981,K.Rudolph,,0.0,53.0,53.0,0.0,493.0,,0.0,9.0,9.0,0.0,55.88199996948242,55.88199996948242,1.054,8.772000312805176,1.0,0.0,493.0,9.302,49300.0,900.0,TE,95.0,0.558,9500.0
2012,00-0029708,K.Wright,TEN,1.0,64.0,65.0,4.0,626.0,,0.0,4.0,4.0,-0.13199999928474426,45.4109992980957,45.27899932861328,0.697,5.491000175476074,0.0,0.0,630.0,9.692,12.7,14.8,TE,104.0,0.615,19.3
2012,00-0022921,L.Fitzgerald,,0.0,71.0,71.0,0.0,798.0,,0.0,4.0,4.0,0.0,63.82899856567383,63.82899856567383,0.899,11.838000297546387,0.0,0.0,798.0,11.239,79800.0,400.0,WR,156.0,0.455,15600.0
2012,00-0027029,L.McCoy,PHI,200.0,54.0,254.0,840.0,373.0,,2.0,3.0,5.0,-16.266000747680664,18.586999893188477,2.321000099182129,0.009,7.921999931335449,0.0,3.0,1213.0,4.776,21.7,18.5,RB,67.0,0.806,11.2
2012,00-0029615,L.Miller,MIA,51.0,6.0,57.0,250.0,45.0,,1.0,0.0,1.0,0.7210000157356262,2.680999994277954,3.4019999504089355,0.06,1.5640000104904175,0.0,0.0,295.0,5.175,5.8,3.6,RB,9.0,0.667,1.8
2012,00-0023310,L.Moore,,0.0,65.0,65.0,0.0,1041.0,,0.0,6.0,6.0,0.0,96.59700012207031,96.59700012207031,1.486,23.41900062561035,2.0,0.0,1041.0,16.015,104100.0,600.0,WR,104.0,0.625,10400.0
2012,00-0026956,L.Stephens-Howling,ARI,110.0,17.0,127.0,356.0,106.0,,4.0,0.0,4.0,-25.98699951171875,-2.128000020980835,-28.11400032043457,-0.221,-9.875,0.0,0.0,462.0,3.638,10.3,19.0,RB,30.0,0.567,5.0
2012,00-0023921,M.Austin,,0.0,66.0,66.0,0.0,943.0,,0.0,6.0,6.0,0.0,82.48300170898438,82.48300170898438,1.25,15.303999900817871,1.0,0.0,943.0,14.288,94300.0,600.0,WR,119.0,0.555,11900.0
2012,00-0026201,M.Bennett,,0.0,55.0,55.0,0.0,626.0,,0.0,5.0,5.0,0.0,52.185001373291016,52.185001373291016,0.949,6.809999942779541,1.0,0.0,626.0,11.382,62600.0,500.0,WR,90.0,0.611,9000.0
2012,00-0025487,M.Bush,CHI,114.0,9.0,123.0,411.0,83.0,,5.0,0.0,5.0,-10.586000442504883,7.872000217437744,-2.7139999866485596,-0.022,-0.12099999934434891,0.0,1.0,494.0,4.016,9.9,15.6,RB,11.0,0.818,2.3
2012,00-0024466,M.Colston,,0.0,83.0,83.0,0.0,1154.0,,0.0,10.0,10.0,0.0,108.95600128173828,108.95600128173828,1.313,24.649999618530273,2.0,0.0,1154.0,13.904,115400.0,1000.0,WR,130.0,0.638,13000.0
2012,00-0026986,M.Crabtree,SF,1.0,85.0,86.0,8.0,1105.0,,0.0,9.0,9.0,-0.41499999165534973,104.9209976196289,104.50599670410156,1.215,41.858001708984375,4.0,0.0,1113.0,12.942,19.3,22.5,WR,126.0,0.675,29.2
2012,00-0022414,M.Floyd,,0.0,56.0,56.0,0.0,814.0,,0.0,5.0,5.0,0.0,74.57499694824219,74.57499694824219,1.332,4.815999984741211,1.0,0.0,814.0,14.536,81400.0,500.0,WR,85.0,0.659,8500.0
2012,00-0026184,M.Forte,CHI,248.0,44.0,292.0,1094.0,340.0,,5.0,1.0,6.0,-10.345999717712402,9.979000091552734,-0.367000013589859,-0.001,3.808000087738037,2.0,1.0,1434.0,4.911,28.6,18.8,RB,60.0,0.733,12.4
2012,00-0027080,M.Goodson,LV,35.0,16.0,51.0,221.0,195.0,,0.0,1.0,1.0,-0.2879999876022339,14.185999870300293,13.89799976348877,0.273,3.1519999504089355,0.0,0.0,416.0,8.157,7.4,3.6,RB,16.0,1.0,2.6
2012,00-0027666,M.Hardesty,CLE,65.0,2.0,67.0,271.0,16.0,,1.0,0.0,1.0,-2.371999979019165,1.5069999694824219,-0.8650000095367432,-0.013,-2.1010000705718994,0.0,0.0,287.0,4.284,5.6,3.6,RB,5.0,0.4,0.9
2012,00-0027966,M.Ingram,NO,156.0,6.0,162.0,602.0,29.0,,5.0,0.0,5.0,-11.055000305175781,0.4169999957084656,-10.637999534606934,-0.066,-4.454999923706055,2.0,0.0,631.0,3.895,9.3,9.4,RB,10.0,0.6,1.5
2012,00-0024275,M.Jones-Drew,JAX,87.0,14.0,101.0,414.0,86.0,,1.0,1.0,2.0,-0.9559999704360962,-1.5460000038146973,-2.502000093460083,-0.025,0.0,0.0,0.0,500.0,4.95,10.0,8.0,RB,18.0,0.778,3.1
2012,00-0027995,M.Leshoure,DET,215.0,34.0,249.0,798.0,214.0,,9.0,0.0,9.0,-32.79800033569336,5.9629998207092285,-26.834999084472656,-0.108,-13.402999877929688,2.0,3.0,1012.0,4.064,15.2,23.1,RB,48.0,0.708,6.6
2012,00-0024243,M.Lewis,,0.0,52.0,52.0,0.0,540.0,,0.0,4.0,4.0,0.0,38.09600067138672,38.09600067138672,0.733,5.313000202178955,0.0,0.0,540.0,10.385,54000.0,400.0,WR,77.0,0.675,7700.0
2012,00-0025399,M.Lynch,SEA,315.0,23.0,338.0,1590.0,196.0,,11.0,1.0,12.0,12.375,13.70199966430664,26.07699966430664,0.077,24.058000564575195,6.0,2.0,1786.0,5.284,32.5,29.3,RB,30.0,0.767,7.5
2012,00-0024103,M.Owens,JAX,43.0,8.0,51.0,209.0,113.0,,1.0,0.0,1.0,-0.9160000085830688,7.849999904632568,6.933000087738037,0.136,6.610000133514404,1.0,0.0,322.0,6.314,6.4,4.0,RB,10.0,0.8,1.7
2012,00-0026393,M.Reece,LV,59.0,52.0,111.0,271.0,496.0,,0.0,1.0,1.0,-3.9100000858306885,29.016000747680664,25.106000900268555,0.226,-1.0800000429153442,0.0,0.0,767.0,6.91,13.6,3.6,RB,73.0,0.712,11.6
2012,00-0026069,M.Tolbert,CAR,54.0,27.0,81.0,183.0,268.0,,7.0,0.0,7.0,8.348999977111816,18.198999404907227,26.54800033569336,0.328,13.416999816894531,5.0,0.0,451.0,5.568,7.9,17.9,RB,39.0,0.692,8.0
2012,00-0022821,M.Turner,ATL,222.0,19.0,241.0,800.0,128.0,,10.0,1.0,11.0,-32.512001037597656,2.2239999771118164,-30.28700065612793,-0.126,-7.4629998207092285,3.0,1.0,928.0,3.851,15.5,25.6,RB,30.0,0.633,4.9
2012,00-0026901,M.Wallace,PIT,5.0,64.0,69.0,7.0,836.0,,0.0,8.0,8.0,-2.743000030517578,69.7979965209961,67.05500030517578,0.972,18.391000747680664,2.0,0.0,843.0,12.217,15.5,23.5,WR,119.0,0.538,21.1
2012,00-0027702,M.Williams,,0.0,63.0,63.0,0.0,996.0,,0.0,9.0,9.0,0.0,90.05999755859375,90.05999755859375,1.43,25.85099983215332,3.0,0.0,996.0,15.81,99600.0,900.0,WR,129.0,0.488,12900.0
2012,00-0024313,O.Daniels,,0.0,62.0,62.0,0.0,716.0,,0.0,6.0,6.0,0.0,61.45100021362305,61.45100021362305,0.991,9.480999946594238,0.0,0.0,716.0,11.548,71600.0,600.0,WR,104.0,0.596,10400.0
2012,00-0026998,P.Harvin,MIN,22.0,62.0,84.0,96.0,677.0,,1.0,3.0,4.0,-1.9819999933242798,55.49300003051758,53.51100158691406,0.637,0.0,0.0,1.0,773.0,9.202,14.5,12.5,RB,85.0,0.729,17.7
2012,00-0026367,P.Hillis,KC,85.0,10.0,95.0,309.0,62.0,,1.0,0.0,1.0,-10.906999588012695,-0.7160000205039978,-11.62399959564209,-0.122,0.296999990940094,0.0,2.0,371.0,3.905,7.2,5.9,RB,14.0,0.714,3.0
2012,00-0024813,P.Thomas,NO,105.0,39.0,144.0,473.0,354.0,,1.0,1.0,2.0,2.9240000247955322,20.259000778198242,23.18400001525879,0.161,8.63599967956543,1.0,0.0,827.0,5.743,12.2,3.8,RB,53.0,0.736,8.1
2012,00-0023437,R.Brown,LAC,46.0,49.0,95.0,220.0,371.0,,0.0,0.0,0.0,-2.944999933242798,7.045000076293945,4.099999904632568,0.043,-0.05299999937415123,0.0,0.0,591.0,6.221,11.8,0.0,RB,60.0,0.817,11.7
2012,00-0024217,R.Bush,MIA,227.0,35.0,262.0,986.0,292.0,,6.0,2.0,8.0,-18.593000411987305,22.190000534057617,3.5969998836517334,0.014,9.553000450134277,3.0,2.0,1278.0,4.878,25.0,28.6,RB,51.0,0.686,10.2
2012,00-0028002,R.Cobb,GB,10.0,80.0,90.0,132.0,954.0,,0.0,8.0,8.0,8.866999626159668,82.84100341796875,91.70700073242188,1.019,23.32200050354004,1.0,0.0,1086.0,12.067,18.7,16.7,WR,104.0,0.769,19.0
2012,00-0029665,R.Griffin III,WAS,70.0,0.0,70.0,517.0,0.0,,7.0,0.0,7.0,25.54199981689453,0.0,25.54199981689453,0.365,3.5799999237060547,1.0,2.0,517.0,7.386,8.5,15.2,RB,1.0,0.0,0.2
2012,00-0027656,R.Gronkowski,,0.0,55.0,55.0,0.0,790.0,,0.0,11.0,11.0,0.0,74.4729995727539,74.4729995727539,1.354,3.7049999237060547,1.0,0.0,790.0,14.364,79000.0,1100.0,WR,81.0,0.679,8100.0
2012,00-0029683,R.Hillman,DEN,85.0,10.0,95.0,330.0,62.0,,1.0,0.0,1.0,-17.042999267578125,1.75600004196167,-15.286999702453613,-0.161,-9.534000396728516,0.0,1.0,392.0,4.126,6.0,2.0,RB,12.0,0.833,2.0
2012,00-0027155,R.Jennings,JAX,101.0,19.0,120.0,283.0,130.0,,2.0,0.0,2.0,-22.540000915527344,-2.2219998836517334,-24.76300048828125,-0.206,0.0,0.0,1.0,413.0,3.442,8.2,8.0,RB,27.0,0.704,4.6
2012,00-0027864,R.Mathews,LAC,184.0,39.0,223.0,707.0,252.0,,1.0,0.0,1.0,-16.874000549316406,6.4730000495910645,-10.401000022888184,-0.047,-6.103000164031982,0.0,2.0,959.0,4.3,19.1,3.3,RB,57.0,0.684,11.1
2012,00-0026163,R.Mendenhall,PIT,51.0,9.0,60.0,182.0,62.0,,0.0,1.0,1.0,-11.829000473022461,3.8970000743865967,-7.932000160217285,-0.132,-3.871000051498413,0.0,1.0,244.0,4.067,4.5,2.9,RB,11.0,0.818,1.9
2012,00-0026195,R.Rice,BAL,256.0,61.0,317.0,1138.0,478.0,,9.0,1.0,10.0,-0.9660000205039978,22.948999404907227,21.982999801635742,0.069,1.2269999980926514,2.0,0.0,1616.0,5.098,27.7,26.3,RB,83.0,0.735,14.9
2012,00-0029273,R.Turbin,SEA,80.0,19.0,99.0,354.0,181.0,,0.0,0.0,0.0,-9.17199993133545,8.184000015258789,-0.9879999756813049,-0.01,-3.11299991607666,0.0,0.0,535.0,5.404,9.7,0.0,RB,23.0,0.826,5.7
2012,00-0020498,R.Wayne,IND,1.0,106.0,107.0,-5.0,1355.0,,0.0,5.0,5.0,-1.3370000123977661,115.74800109863281,114.41100311279297,1.069,21.336999893188477,2.0,0.0,1350.0,12.617,23.2,15.6,WR,196.0,0.541,31.7
2012,00-0023462,R.White,,0.0,92.0,92.0,0.0,1351.0,,0.0,7.0,7.0,0.0,119.0510025024414,119.0510025024414,1.294,33.4119987487793,3.0,0.0,1351.0,14.685,135100.0,700.0,WR,144.0,0.639,14400.0
2012,00-0027976,R.Williams,ARI,58.0,7.0,65.0,164.0,44.0,,0.0,0.0,0.0,-21.468000411987305,2.431999921798706,-19.035999298095703,-0.293,0.0,0.0,2.0,208.0,3.2,4.6,0.0,RB,10.0,0.7,1.7
2012,00-0028202,S.Draughn,KC,59.0,24.0,83.0,233.0,158.0,,2.0,0.0,2.0,-2.5439999103546143,-2.2690000534057617,-4.813000202178955,-0.058,-1.9179999828338623,0.0,1.0,391.0,4.711,7.6,11.8,RB,30.0,0.8,6.4
2012,00-0026899,S.Greene,NYJ,276.0,19.0,295.0,1063.0,151.0,,8.0,0.0,8.0,-5.201000213623047,5.748000144958496,0.546999990940094,0.002,4.9679999351501465,3.0,1.0,1214.0,4.115,24.2,30.8,RB,31.0,0.613,6.3
2012,00-0022736,S.Jackson,LA,258.0,38.0,296.0,1045.0,321.0,,4.0,0.0,4.0,-21.490999221801758,19.17099952697754,-2.319999933242798,-0.008,2.6470000743865967,2.0,0.0,1366.0,4.615,25.5,14.8,RB,54.0,0.704,9.8
2012,00-0025431,S.Rice,SEA,2.0,50.0,52.0,6.0,748.0,,0.0,7.0,7.0,-0.6470000147819519,77.83599853515625,77.18900299072266,1.484,13.54800033569336,0.0,0.0,754.0,14.5,13.7,17.1,WR,82.0,0.61,20.4
2012,00-0028011,S.Ridley,NE,290.0,6.0,296.0,1263.0,51.0,,12.0,0.0,12.0,3.9739999771118164,1.4199999570846558,5.394000053405762,0.018,-9.854000091552734,3.0,2.0,1314.0,4.439,18.7,20.7,RB,14.0,0.429,2.2
2012,00-0020337,S.Smith,CAR,3.0,73.0,76.0,27.0,1174.0,,0.0,4.0,4.0,-3.8589999675750732,88.62300109863281,84.76399993896484,1.115,28.947999954223633,2.0,1.0,1201.0,15.803,21.1,10.3,WR,138.0,0.529,28.5
2012,00-0027994,S.Vereen,NE,62.0,8.0,70.0,251.0,149.0,,3.0,1.0,4.0,4.938000202178955,11.595000267028809,16.533000946044922,0.236,-1.8509999513626099,0.0,0.0,400.0,5.714,5.7,6.9,RB,13.0,0.615,2.0
2012,00-0026364,St.Johnson,,0.0,79.0,79.0,0.0,1046.0,,0.0,6.0,6.0,0.0,91.10800170898438,91.10800170898438,1.153,20.600000381469727,1.0,0.0,1046.0,13.241,104600.0,600.0,WR,149.0,0.53,14900.0
2012,00-0026262,T.Choice,BUF,47.0,4.0,51.0,193.0,9.0,,1.0,0.0,1.0,-0.6990000009536743,-1.4359999895095825,-2.135999917984009,-0.042,2.6540000438690186,1.0,0.0,202.0,3.961,3.7,2.8,RB,9.0,0.444,1.8
2012,00-0027888,T.Gerhart,MIN,50.0,20.0,70.0,169.0,155.0,,1.0,0.0,1.0,-11.36299991607666,1.4160000085830688,-9.946999549865723,-0.142,-2.2300000190734863,1.0,2.0,324.0,4.629,6.1,3.1,RB,27.0,0.741,5.6
2012,00-0006101,T.Gonzalez,,0.0,93.0,93.0,0.0,930.0,,0.0,8.0,8.0,0.0,98.46099853515625,98.46099853515625,1.059,17.070999145507812,1.0,0.0,930.0,10.0,93000.0,800.0,WR,124.0,0.75,12400.0
2012,00-0029608,T.Hilton,IND,5.0,50.0,55.0,29.0,861.0,,0.0,7.0,7.0,-0.5540000200271606,76.64600372314453,76.09200286865234,1.383,25.583999633789062,2.0,0.0,890.0,16.182,15.3,21.9,WR,90.0,0.556,14.5
2012,00-0029675,T.Richardson,CLE,267.0,51.0,318.0,950.0,367.0,,11.0,1.0,12.0,-31.06399917602539,24.93600082397461,-6.127999782562256,-0.019,0.3869999945163727,4.0,0.0,1317.0,4.142,25.6,42.9,RB,70.0,0.729,12.5
2012,00-0027996,T.Smith,BAL,3.0,49.0,52.0,9.0,855.0,,0.0,8.0,8.0,-0.8659999966621399,74.33399963378906,73.46800231933594,1.413,10.553999900817871,1.0,0.0,864.0,16.615,14.8,21.1,WR,110.0,0.445,19.7
2012,00-0029547,V.Ballard,IND,211.0,17.0,228.0,814.0,152.0,,2.0,1.0,3.0,-16.88599967956543,11.560999870300293,-5.323999881744385,-0.023,-2.5220000743865967,1.0,0.0,966.0,4.237,16.6,9.4,RB,27.0,0.63,4.4
2012,00-0027265,V.Cruz,,0.0,86.0,86.0,0.0,1092.0,,0.0,10.0,10.0,0.0,106.48799896240234,106.48799896240234,1.238,19.922000885009766,2.0,0.0,1092.0,12.698,109200.0,1000.0,WR,143.0,0.601,14300.0
2012,00-0023496,V.Jackson,,0.0,72.0,72.0,0.0,1384.0,,0.0,8.0,8.0,0.0,131.91799926757812,131.91799926757812,1.832,34.518001556396484,1.0,0.0,1384.0,19.222,138400.0,800.0,WR,148.0,0.486,14800.0
2012,00-0022178,W.McGahee,DEN,168.0,26.0,194.0,731.0,221.0,,4.0,0.0,4.0,-10.621999740600586,13.626999855041504,3.005000114440918,0.015,0.0,0.0,4.0,952.0,4.907,14.6,8.2,RB,34.0,0.765,5.8
2012,00-0028736,W.Powell,ARI,60.0,19.0,79.0,217.0,132.0,,0.0,0.0,0.0,-5.395999908447266,0.5,-4.895999908447266,-0.062,-5.060999870300293,0.0,0.0,349.0,4.418,7.8,0.0,RB,25.0,0.76,4.1
2012,00-0022427,W.Welker,NE,2.0,118.0,120.0,20.0,1354.0,,0.0,6.0,6.0,1.6799999475479126,109.78900146484375,111.46900177001953,0.929,31.385000228881836,2.0,0.0,1374.0,11.45,19.6,10.3,WR,175.0,0.674,27.6
2013,00-0022084,A.Boldin,SF,2.0,85.0,87.0,11.0,1179.0,,0.0,7.0,7.0,0.26899999380111694,118.48600006103516,118.75499725341797,1.365,33.32899856567383,2.0,0.0,1190.0,13.678,23.7,17.9,WR,129.0,0.659,31.4
2013,00-0027094,A.Brown,NYG,140.0,20.0,160.0,492.0,103.0,,3.0,0.0,3.0,-29.53700065612793,-0.08100000023841858,-29.618000030517578,-0.185,-28.482999801635742,0.0,3.0,595.0,3.719,11.5,10.3,RB,29.0,0.69,5.2
2013,00-0027793,A.Brown,PIT,7.0,110.0,117.0,4.0,1443.0,,0.0,8.0,8.0,-2.7360000610351562,113.35099792480469,110.61499786376953,0.945,25.384000778198242,2.0,0.0,1447.0,12.368,26.1,22.2,WR,166.0,0.663,28.6
2013,00-0030287,A.Ellington,ARI,118.0,39.0,157.0,652.0,371.0,,3.0,1.0,4.0,7.668000221252441,24.229000091552734,31.89699935913086,0.203,5.151000022888184,1.0,0.0,1023.0,6.516,17.6,11.1,RB,57.0,0.684,10.1
2013,00-0026796,A.Foster,HOU,122.0,22.0,144.0,542.0,183.0,,1.0,1.0,2.0,-1.1200000047683716,5.973999977111816,4.854000091552734,0.034,0.0,0.0,0.0,725.0,5.035,12.4,7.7,RB,35.0,0.629,5.6
2013,00-0021547,A.Gates,,0.0,77.0,77.0,0.0,872.0,,0.0,4.0,4.0,0.0,61.1879997253418,61.1879997253418,0.795,20.225000381469727,1.0,0.0,872.0,11.325,87200.0,400.0,WR,113.0,0.681,11300.0
2013,00-0027942,A.Green,,0.0,98.0,98.0,0.0,1426.0,,0.0,11.0,11.0,0.0,127.91000366210938,127.91000366210938,1.305,34.0,4.0,0.0,1426.0,14.551,142600.0,1100.0,WR,178.0,0.551,17800.0
2013,00-0029137,A.Jeffery,CHI,16.0,89.0,105.0,105.0,1421.0,,0.0,7.0,7.0,1.3830000162124634,115.63800048828125,117.02100372314453,1.114,25.670000076293945,2.0,0.0,1526.0,14.533,25.0,15.9,WR,151.0,0.589,26.3
2013,00-0022044,A.Johnson,,0.0,109.0,109.0,0.0,1407.0,,0.0,5.0,5.0,0.0,99.73100280761719,99.73100280761719,0.915,18.3799991607666,0.0,0.0,1407.0,12.908,140700.0,500.0,WR,181.0,0.602,18100.0
2013,00-0029141,A.Morris,WAS,276.0,9.0,285.0,1275.0,78.0,,7.0,0.0,7.0,-16.84600067138672,3.5989999771118164,-13.246999740600586,-0.046,-19.509000778198242,1.0,4.0,1353.0,4.747,22.8,20.6,RB,12.0,0.75,2.0
2013,00-0025394,A.Peterson,MIN,279.0,29.0,308.0,1266.0,171.0,,10.0,1.0,11.0,-4.322999954223633,5.0320000648498535,0.7089999914169312,0.002,-4.26200008392334,0.0,2.0,1437.0,4.666,26.0,28.9,RB,40.0,0.725,7.5
2013,00-0030550,A.Sanders,JAX,2.0,51.0,53.0,4.0,484.0,,0.0,1.0,1.0,0.0430000014603138,21.525999069213867,21.569000244140625,0.407,4.117000102996826,1.0,0.0,488.0,9.208,9.9,4.3,TE,86.0,0.593,14.7
2013,00-0029239,B.Bolden,NE,55.0,21.0,76.0,271.0,152.0,,3.0,0.0,3.0,-3.01200008392334,1.2400000095367432,-1.7719999551773071,-0.023,0.5239999890327454,0.0,0.0,423.0,5.566,6.6,6.8,RB,29.0,0.724,4.7
2013,00-0029429,B.Brown,PHI,76.0,8.0,84.0,314.0,84.0,,2.0,0.0,2.0,-6.453000068664551,3.506999969482422,-2.946000099182129,-0.035,5.179999828338623,2.0,0.0,398.0,4.738,6.0,3.9,RB,13.0,0.615,2.6
2013,00-0029795,B.Cunningham,LA,48.0,6.0,54.0,261.0,59.0,,1.0,0.0,1.0,-6.757999897003174,3.359999895095825,-3.3980000019073486,-0.063,-2.9600000381469727,0.0,1.0,320.0,5.926,6.4,3.1,RB,10.0,0.6,2.0
2013,00-0025860,B.Green-Ellis,CIN,220.0,4.0,224.0,756.0,22.0,,7.0,0.0,7.0,-23.445999145507812,-0.6629999876022339,-24.108999252319336,-0.108,1.2389999628067017,3.0,2.0,778.0,3.473,13.1,15.2,RB,8.0,0.5,1.4
2013,00-0027077,B.Hartline,,0.0,76.0,76.0,0.0,1016.0,,0.0,4.0,4.0,0.0,77.54000091552734,77.54000091552734,1.02,16.8799991607666,1.0,0.0,1016.0,13.368,101600.0,400.0,WR,133.0,0.571,13300.0
2013,00-0023545,B.Jacobs,NYG,58.0,2.0,60.0,238.0,13.0,,4.0,0.0,4.0,-0.39500001072883606,0.7699999809265137,0.37400001287460327,0.006,0.0,0.0,1.0,251.0,4.183,4.9,13.8,RB,7.0,0.286,1.2
2013,00-0027681,B.LaFell,CAR,2.0,49.0,51.0,15.0,627.0,,0.0,5.0,5.0,1.5010000467300415,52.08599853515625,53.58700180053711,1.051,8.319999694824219,0.0,0.0,642.0,12.588,12.7,13.9,WR,85.0,0.576,18.2
2013,00-0025439,B.Leonard,TB,47.0,29.0,76.0,182.0,179.0,,0.0,0.0,0.0,-1.3819999694824219,5.25600004196167,3.872999906539917,0.051,-2.3489999771118164,0.0,0.0,361.0,4.75,7.6,0.0,RB,37.0,0.784,7.5
2013,00-0024334,B.Marshall,,0.0,100.0,100.0,0.0,1295.0,,0.0,12.0,12.0,0.0,120.1050033569336,120.1050033569336,1.201,29.304000854492188,3.0,0.0,1295.0,12.95,129500.0,1200.0,WR,165.0,0.606,16500.0
2013,00-0029264,B.Pierce,BAL,152.0,20.0,172.0,436.0,104.0,,2.0,0.0,2.0,-38.39899826049805,-0.9169999957084656,-39.316001892089844,-0.229,-3.1659998893737793,0.0,0.0,540.0,3.14,10.6,7.7,RB,25.0,0.8,4.1
2013,00-0028064,B.Powell,NYJ,176.0,36.0,212.0,697.0,272.0,,1.0,0.0,1.0,-20.31399917602539,8.564000129699707,-11.75,-0.055,-4.090000152587891,0.0,0.0,969.0,4.571,18.8,4.3,RB,57.0,0.632,11.9
2013,00-0029384,B.Rainey,TB,150.0,15.0,165.0,566.0,46.0,,5.0,1.0,6.0,-22.20800018310547,-2.996999979019165,-25.204999923706055,-0.153,-21.895000457763672,2.0,1.0,612.0,3.709,12.9,21.4,RB,19.0,0.789,3.8
2013,00-0027890,B.Tate,HOU,181.0,34.0,215.0,771.0,140.0,,4.0,0.0,4.0,-16.426000595092773,-2.3450000286102295,-18.770999908447266,-0.087,-3.628999948501587,0.0,2.0,911.0,4.237,15.6,15.4,RB,49.0,0.694,7.9
2013,00-0028112,C.Clay,MIA,7.0,69.0,76.0,15.0,759.0,,1.0,6.0,7.0,-4.03000020980835,65.50199890136719,61.47200012207031,0.809,16.174999237060547,2.0,0.0,774.0,10.184,14.7,21.9,WR,102.0,0.676,17.5
2013,00-0029697,C.Fleener,,0.0,52.0,52.0,0.0,608.0,,0.0,4.0,4.0,0.0,45.069000244140625,45.069000244140625,0.867,2.496000051498413,0.0,0.0,608.0,11.692,60800.0,400.0,WR,89.0,0.584,8900.0
2013,00-0027531,C.Ivory,NYJ,182.0,2.0,184.0,833.0,10.0,,3.0,0.0,3.0,-9.331000328063965,-0.3179999887943268,-9.64900016784668,-0.052,-1.5809999704360962,1.0,0.0,843.0,4.582,16.4,13.0,RB,7.0,0.286,1.5
2013,00-0025389,C.Johnson,,0.0,84.0,84.0,0.0,1492.0,,0.0,12.0,12.0,0.0,135.4530029296875,135.4530029296875,1.613,18.121999740600586,0.0,0.0,1492.0,17.762,149200.0,1200.0,WR,158.0,0.532,15800.0
2013,00-0026164,C.Johnson,TEN,279.0,42.0,321.0,1077.0,345.0,,6.0,4.0,10.0,-23.13800048828125,14.74899959564209,-8.388999938964844,-0.026,0.22300000488758087,3.0,1.0,1422.0,4.43,27.0,27.8,RB,52.0,0.808,9.9
2013,00-0027939,C.Newton,CAR,62.0,0.0,62.0,239.0,0.0,,4.0,0.0,4.0,9.902999877929688,0.0,9.902999877929688,0.16,-2.2320001125335693,0.0,0.0,239.0,3.855,4.7,11.1,RB,0.0,0.0,0.0
2013,00-0027140,C.Ogbonnaya,CLE,50.0,48.0,98.0,240.0,343.0,,0.0,2.0,2.0,2.0290000438690186,9.822999954223633,11.85200023651123,0.121,-0.47999998927116394,0.0,1.0,583.0,5.949,10.4,6.7,RB,75.0,0.64,11.2
2013,00-0030578,C.Patterson,MIN,12.0,45.0,57.0,158.0,469.0,,3.0,4.0,7.0,14.642000198364258,26.3799991607666,41.02199935913086,0.72,26.674999237060547,5.0,0.0,627.0,11.0,11.4,18.4,RB,77.0,0.584,14.4
2013,00-0028052,C.Shorts,,0.0,66.0,66.0,0.0,777.0,,0.0,3.0,3.0,0.0,60.31999969482422,60.31999969482422,0.914,2.115999937057495,1.0,0.0,777.0,11.773,77700.0,300.0,WR,125.0,0.528,12500.0
2013,00-0027861,C.Spiller,BUF,202.0,33.0,235.0,933.0,185.0,,2.0,0.0,2.0,-15.625,1.6330000162124634,-13.991999626159668,-0.06,-3.6050000190734863,0.0,1.0,1118.0,4.757,20.3,6.5,RB,40.0,0.825,7.7
2013,00-0026035,D.Amendola,NE,1.0,54.0,55.0,1.0,633.0,,0.0,2.0,2.0,-1.1779999732971191,52.297000885009766,51.11899948120117,0.929,18.490999221801758,1.0,0.0,634.0,11.527,9.9,4.5,WR,83.0,0.651,13.4
2013,00-0028434,D.Baldwin,SEA,2.0,50.0,52.0,6.0,778.0,,0.0,5.0,5.0,-0.3319999873638153,73.50299835205078,73.1709976196289,1.407,9.32800006866455,1.0,0.0,784.0,15.077,14.8,12.2,WR,74.0,0.676,18.0
2013,00-0025410,D.Bowe,,0.0,57.0,57.0,0.0,673.0,,0.0,5.0,5.0,0.0,62.75600051879883,62.75600051879883,1.101,11.701000213623047,1.0,0.0,673.0,11.807,67300.0,500.0,WR,103.0,0.553,10300.0
2013,00-0027003,D.Brown,IND,102.0,27.0,129.0,537.0,214.0,,6.0,2.0,8.0,10.619999885559082,9.23900032043457,19.858999252319336,0.154,2.299999952316284,3.0,0.0,751.0,5.822,14.1,22.9,RB,35.0,0.771,6.0
2013,00-0027902,D.Bryant,DAL,1.0,93.0,94.0,1.0,1233.0,,0.0,13.0,13.0,-0.3970000147819519,106.93099975585938,106.53299713134766,1.133,33.77299880981445,4.0,0.0,1234.0,13.128,21.7,28.9,WR,162.0,0.574,27.8
2013,00-0030564,D.Hopkins,,0.0,52.0,52.0,0.0,802.0,,0.0,2.0,2.0,0.0,57.60100173950195,57.60100173950195,1.108,12.321000099182129,0.0,0.0,802.0,15.423,80200.0,200.0,WR,91.0,0.571,9100.0
2013,00-0026189,D.Jackson,PHI,3.0,82.0,85.0,2.0,1332.0,,0.0,9.0,9.0,-1.4630000591278076,111.63700103759766,110.17400360107422,1.296,28.35300064086914,2.0,0.0,1334.0,15.694,20.0,17.6,WR,126.0,0.651,25.3
2013,00-0030236,D.Johnson,HOU,49.0,8.0,57.0,183.0,46.0,,0.0,0.0,0.0,-8.78600025177002,0.8849999904632568,-7.901000022888184,-0.139,-4.815000057220459,0.0,0.0,229.0,4.018,3.9,0.0,RB,12.0,0.667,1.9
2013,00-0029613,D.Martin,TB,127.0,12.0,139.0,456.0,66.0,,1.0,0.0,1.0,-17.785999298095703,-0.6200000047683716,-18.4060001373291,-0.132,0.0,0.0,0.0,522.0,3.755,11.0,3.6,RB,24.0,0.5,4.9
2013,00-0027651,D.McCluster,KC,8.0,53.0,61.0,5.0,511.0,,0.0,2.0,2.0,-4.961999893188477,36.36899948120117,31.406999588012695,0.515,7.544000148773193,1.0,0.0,516.0,8.459,9.8,4.9,TE,83.0,0.639,15.5
2013,00-0026144,D.McFadden,LV,114.0,17.0,131.0,379.0,108.0,,5.0,0.0,5.0,-23.15399932861328,6.144000053405762,-17.01099967956543,-0.13,-4.677000045776367,1.0,1.0,487.0,3.718,9.2,15.2,RB,25.0,0.68,4.9
2013,00-0028009,D.Murray,DAL,217.0,53.0,270.0,1121.0,350.0,,9.0,1.0,10.0,16.23200035095215,17.774999618530273,34.00699996948242,0.126,10.956999778747559,3.0,1.0,1471.0,5.448,25.9,22.2,RB,66.0,0.803,11.3
2013,00-0029612,D.Richardson,LA,69.0,14.0,83.0,215.0,121.0,,0.0,0.0,0.0,-13.182999610900879,2.825000047683716,-10.357999801635742,-0.125,0.0,0.0,0.0,336.0,4.048,6.7,0.0,RB,18.0,0.778,3.6
2013,00-0023564,D.Sproles,NO,53.0,71.0,124.0,220.0,604.0,,2.0,2.0,4.0,-2.9119999408721924,36.4109992980957,33.499000549316406,0.27,3.006999969482422,0.0,1.0,824.0,6.645,12.5,8.5,RB,89.0,0.798,13.8
2013,00-0027874,D.Thomas,,0.0,92.0,92.0,0.0,1430.0,,0.0,14.0,14.0,0.0,123.10600280761719,123.10600280761719,1.338,31.663000106811523,4.0,0.0,1430.0,15.543,143000.0,1400.0,WR,143.0,0.643,14300.0
2013,00-0028000,D.Thomas,MIA,109.0,15.0,124.0,406.0,63.0,,4.0,2.0,6.0,-8.210000038146973,3.884999990463257,-4.324999809265137,-0.035,-2.0789999961853027,2.0,0.0,469.0,3.782,8.9,18.8,RB,17.0,0.882,2.9
2013,00-0024389,D.Walker,,0.0,60.0,60.0,0.0,571.0,,0.0,6.0,6.0,0.0,51.9119987487793,51.9119987487793,0.865,9.736000061035156,1.0,0.0,571.0,9.517,57100.0,600.0,TE,86.0,0.698,8600.0
2013,00-0026019,D.Woodhead,LAC,106.0,76.0,182.0,429.0,609.0,,2.0,6.0,8.0,-6.502999782562256,43.78900146484375,37.2859992980957,0.205,11.937999725341797,1.0,1.0,1038.0,5.703,16.2,19.5,RB,87.0,0.874,16.3
2013,00-0024242,De.Williams,CAR,201.0,26.0,227.0,843.0,333.0,,3.0,1.0,4.0,-14.680000305175781,14.387999534606934,-0.2919999957084656,-0.001,11.357000350952148,2.0,1.0,1176.0,5.181,23.2,11.1,RB,36.0,0.722,7.7
2013,00-0029317,E.Baker,CLE,43.0,8.0,51.0,171.0,57.0,,2.0,0.0,2.0,0.10499999672174454,2.7869999408721924,2.8919999599456787,0.057,2.8919999599456787,2.0,0.0,228.0,4.471,4.1,6.7,RB,9.0,0.889,1.3
2013,00-0027690,E.Decker,,0.0,87.0,87.0,0.0,1288.0,,0.0,11.0,11.0,0.0,107.1449966430664,107.1449966430664,1.232,26.391000747680664,4.0,0.0,1288.0,14.805,128800.0,1100.0,WR,136.0,0.64,13600.0
2013,00-0030485,E.Lacy,GB,284.0,35.0,319.0,1178.0,257.0,,11.0,0.0,11.0,-2.4600000381469727,3.3269999027252197,0.8669999837875366,0.003,4.38700008392334,5.0,1.0,1435.0,4.498,22.2,26.2,RB,44.0,0.795,7.9
2013,00-0026182,E.Royal,LAC,3.0,47.0,50.0,21.0,625.0,,0.0,8.0,8.0,0.2549999952316284,62.869998931884766,63.125,1.262,13.347999572753906,1.0,0.0,646.0,12.92,10.1,19.5,WR,67.0,0.701,12.5
2013,00-0027685,E.Sanders,PIT,2.0,67.0,69.0,25.0,733.0,,0.0,6.0,6.0,2.5490000247955322,52.93199920654297,55.48099899291992,0.804,9.692999839782715,2.0,0.0,758.0,10.986,13.7,16.7,WR,113.0,0.593,19.4
2013,00-0023500,F.Gore,SF,276.0,16.0,292.0,1128.0,141.0,,9.0,0.0,9.0,-32.70399856567383,1.6030000448226929,-31.100000381469727,-0.107,-6.703999996185303,1.0,3.0,1269.0,4.346,25.3,23.1,RB,26.0,0.615,6.3
2013,00-0024204,F.Jackson,BUF,206.0,47.0,253.0,890.0,387.0,,9.0,1.0,10.0,2.9820001125335693,17.917999267578125,20.899999618530273,0.083,6.514999866485596,2.0,0.0,1277.0,5.047,23.2,32.3,RB,66.0,0.712,12.7
2013,00-0026162,F.Jones,PIT,48.0,9.0,57.0,184.0,63.0,,0.0,0.0,0.0,-8.57800006866455,2.078000068664551,-6.5,-0.114,-0.503000020980835,0.0,1.0,247.0,4.333,4.5,0.0,RB,13.0,0.692,2.2
2013,00-0030456,G.Bernard,CIN,170.0,56.0,226.0,695.0,514.0,,5.0,3.0,8.0,-12.692999839782715,27.42799949645996,14.734000205993652,0.065,-0.7910000085830688,1.0,1.0,1209.0,5.35,20.3,17.4,RB,70.0,0.8,12.1
2013,00-0024267,G.Jennings,,0.0,68.0,68.0,0.0,804.0,,0.0,4.0,4.0,0.0,64.19300079345703,64.19300079345703,0.944,18.049999237060547,1.0,0.0,804.0,11.824,80400.0,400.0,WR,106.0,0.642,10600.0
2013,00-0025418,G.Olsen,,0.0,73.0,73.0,0.0,816.0,,0.0,6.0,6.0,0.0,64.52300262451172,64.52300262451172,0.884,12.67199993133545,1.0,0.0,816.0,11.178,81600.0,600.0,WR,111.0,0.658,11100.0
2013,00-0027891,G.Tate,SEA,3.0,64.0,67.0,31.0,898.0,,0.0,5.0,5.0,1.4149999618530273,73.60099792480469,75.01499938964844,1.12,20.69099998474121,1.0,0.0,929.0,13.866,17.6,12.2,WR,98.0,0.653,23.9
2013,00-0026224,H.Douglas,,0.0,85.0,85.0,0.0,1067.0,,0.0,2.0,2.0,0.0,75.41899871826172,75.41899871826172,0.887,12.765000343322754,0.0,0.0,1067.0,12.553,106700.0,200.0,WR,132.0,0.644,13200.0
2013,00-0023465,H.Miller,,0.0,58.0,58.0,0.0,593.0,,0.0,1.0,1.0,0.0,36.48699951171875,36.48699951171875,0.629,7.446000099182129,0.0,0.0,593.0,10.224,59300.0,100.0,WR,78.0,0.744,7800.0
2013,00-0027005,H.Nicks,,0.0,56.0,56.0,0.0,896.0,,0.0,0.0,0.0,0.0,60.62300109863281,60.62300109863281,1.083,13.47700023651123,0.0,0.0,896.0,16.0,89600.0,0.0,WR,101.0,0.554,10100.0
2013,00-0027218,J.Bell,DET,166.0,53.0,219.0,650.0,547.0,,8.0,0.0,8.0,-7.480000019073486,30.683000564575195,23.20400047302246,0.106,-1.36899995803833,2.0,3.0,1197.0,5.466,18.7,18.2,RB,70.0,0.757,11.1
2013,00-0028040,J.Cameron,,0.0,80.0,80.0,0.0,917.0,,0.0,7.0,7.0,0.0,73.79499816894531,73.79499816894531,0.922,16.722000122070312,1.0,0.0,917.0,11.462,91700.0,700.0,WR,118.0,0.678,11800.0
2013,00-0026213,J.Charles,KC,259.0,70.0,329.0,1287.0,693.0,,12.0,7.0,19.0,4.205999851226807,51.01300048828125,55.21799850463867,0.168,36.15399932861328,8.0,2.0,1980.0,6.018,37.7,46.3,RB,104.0,0.673,19.4
2013,00-0027061,J.Cook,,0.0,51.0,51.0,0.0,671.0,,0.0,5.0,5.0,0.0,52.40800094604492,52.40800094604492,1.028,8.414999961853027,1.0,0.0,671.0,13.157,67100.0,500.0,WR,88.0,0.58,8800.0
2013,00-0027786,J.Dwyer,PIT,49.0,8.0,57.0,197.0,64.0,,0.0,0.0,0.0,-7.377999782562256,3.2179999351501465,-4.159999847412109,-0.073,1.187000036239624,0.0,0.0,261.0,4.579,4.7,0.0,RB,11.0,0.727,1.9
2013,00-0027150,J.Edelman,NE,2.0,105.0,107.0,11.0,1056.0,,0.0,6.0,6.0,1.0729999542236328,76.3759994506836,77.447998046875,0.724,23.128999710083008,2.0,0.0,1067.0,9.972,16.7,13.6,WR,153.0,0.686,24.6
2013,00-0029664,J.Gordon,CLE,5.0,87.0,92.0,88.0,1646.0,,0.0,9.0,9.0,5.0320000648498535,131.62600708007812,136.6580047607422,1.485,35.332000732421875,2.0,0.0,1734.0,18.848,31.0,30.0,WR,159.0,0.547,23.7
2013,00-0027696,J.Graham,,0.0,86.0,86.0,0.0,1215.0,,0.0,16.0,16.0,0.0,116.74199676513672,116.74199676513672,1.357,24.250999450683594,4.0,0.0,1215.0,14.128,121500.0,1600.0,WR,143.0,0.601,14300.0
2013,00-0025465,J.Jones,,0.0,59.0,59.0,0.0,817.0,,0.0,3.0,3.0,0.0,60.150001525878906,60.150001525878906,1.019,12.967000007629395,1.0,0.0,817.0,13.847,81700.0,300.0,WR,94.0,0.628,9400.0
2013,00-0026176,J.Nelson,,0.0,85.0,85.0,0.0,1314.0,,0.0,8.0,8.0,0.0,114.16799926757812,114.16799926757812,1.343,31.033000946044922,1.0,0.0,1314.0,15.459,131400.0,800.0,WR,127.0,0.669,12700.0
2013,00-0030388,J.Randle,DAL,54.0,8.0,62.0,164.0,61.0,,2.0,0.0,2.0,-4.421000003814697,2.568000078201294,-1.8530000448226929,-0.03,5.539999961853027,1.0,0.0,225.0,3.629,4.0,4.4,RB,10.0,0.8,1.7
2013,00-0028083,J.Rodgers,ATL,96.0,52.0,148.0,332.0,340.0,,2.0,2.0,4.0,-12.050000190734863,6.309000015258789,-5.742000102996826,-0.039,-1.190000057220459,0.0,0.0,672.0,4.541,11.7,10.8,RB,62.0,0.839,9.6
2013,00-0025631,J.Snelling,ATL,44.0,28.0,72.0,164.0,224.0,,1.0,3.0,4.0,-4.875,11.503999710083008,6.627999782562256,0.092,0.006000000052154064,1.0,0.0,388.0,5.389,6.8,10.8,RB,33.0,0.848,5.1
2013,00-0027791,J.Starks,GB,89.0,10.0,99.0,493.0,89.0,,3.0,1.0,4.0,14.458000183105469,6.020999908447266,20.479000091552734,0.207,11.262999534606934,1.0,0.0,582.0,5.879,9.0,9.5,RB,13.0,0.769,2.3
2013,00-0026153,J.Stewart,CAR,48.0,7.0,55.0,180.0,44.0,,0.0,0.0,0.0,-5.313000202178955,1.7259999513626099,-3.5869998931884766,-0.065,2.743000030517578,0.0,0.0,224.0,4.073,4.4,0.0,RB,7.0,1.0,1.5
2013,00-0028067,J.Thomas,,0.0,65.0,65.0,0.0,788.0,,0.0,12.0,12.0,0.0,72.30500030517578,72.30500030517578,1.112,12.593000411987305,2.0,0.0,788.0,12.123,78800.0,1200.0,WR,90.0,0.722,9000.0
2013,00-0028121,J.Todman,JAX,76.0,14.0,90.0,256.0,116.0,,2.0,1.0,3.0,-4.5980000495910645,7.124000072479248,2.5260000228881836,0.028,2.565000057220459,1.0,0.0,372.0,4.133,7.6,13.0,RB,26.0,0.538,4.4
2013,00-0022127,J.Witten,,0.0,73.0,73.0,0.0,851.0,,0.0,8.0,8.0,0.0,69.1780014038086,69.1780014038086,0.948,14.39799976348877,2.0,0.0,851.0,11.658,85100.0,800.0,WR,111.0,0.658,11100.0
2013,00-0030279,K.Allen,,0.0,71.0,71.0,0.0,1053.0,,0.0,8.0,8.0,0.0,95.9280014038086,95.9280014038086,1.351,25.32900047302246,5.0,0.0,1053.0,14.831,105300.0,800.0,WR,104.0,0.683,10400.0
2013,00-0030280,K.Davis,KC,70.0,11.0,81.0,242.0,75.0,,4.0,0.0,4.0,-9.595999717712402,4.636000156402588,-4.960000038146973,-0.061,-6.336999893188477,4.0,1.0,317.0,3.914,6.0,9.8,RB,15.0,0.733,2.8
2013,00-0028053,K.Hunter,SF,78.0,2.0,80.0,358.0,13.0,,3.0,0.0,3.0,-5.196000099182129,0.4000000059604645,-4.796000003814697,-0.06,1.621999979019165,0.0,1.0,371.0,4.638,7.4,7.7,RB,4.0,0.5,1.0
2013,00-0026988,K.Moreno,DEN,241.0,60.0,301.0,1038.0,548.0,,10.0,3.0,13.0,8.345999717712402,46.51599884033203,54.86199951171875,0.182,16.773000717163086,2.0,0.0,1586.0,5.269,21.3,18.3,RB,74.0,0.811,11.0
2013,00-0030348,K.Robinson,NO,54.0,0.0,54.0,224.0,0.0,,1.0,0.0,1.0,-6.64300012588501,0.0,-6.64300012588501,-0.123,-4.449999809265137,0.0,0.0,224.0,4.148,3.4,2.1,RB,0.0,0.0,0.0
2013,00-0029708,K.Wright,,0.0,94.0,94.0,0.0,1079.0,,0.0,2.0,2.0,0.0,78.35600280761719,78.35600280761719,0.834,17.36400032043457,0.0,0.0,1079.0,11.479,107900.0,200.0,WR,140.0,0.671,14000.0
2013,00-0030496,L.Bell,PIT,244.0,45.0,289.0,860.0,408.0,,8.0,0.0,8.0,-25.268999099731445,25.29400062561035,0.02500000037252903,0.0,-0.028999999165534973,3.0,1.0,1268.0,4.388,22.9,22.2,RB,66.0,0.682,11.4
2013,00-0027325,L.Blount,NE,153.0,2.0,155.0,772.0,38.0,,7.0,0.0,7.0,1.6970000267028809,2.197000026702881,3.8940000534057617,0.025,18.035999298095703,4.0,2.0,810.0,5.226,12.7,15.9,RB,5.0,0.4,0.8
2013,00-0022921,L.Fitzgerald,ARI,2.0,82.0,84.0,8.0,954.0,,0.0,10.0,10.0,-0.24400000274181366,81.32099914550781,81.0770034790039,0.965,23.67300033569336,1.0,0.0,962.0,11.452,16.5,27.8,WR,135.0,0.607,23.9
2013,00-0027029,L.McCoy,PHI,314.0,52.0,366.0,1607.0,539.0,,9.0,2.0,11.0,11.236000061035156,27.54599952697754,38.78300094604492,0.106,19.308000564575195,5.0,1.0,2146.0,5.863,32.2,21.6,RB,65.0,0.8,13.0
2013,00-0029615,L.Miller,MIA,177.0,26.0,203.0,709.0,170.0,,2.0,0.0,2.0,-28.527000427246094,-0.6840000152587891,-29.211000442504883,-0.144,-5.258999824523926,0.0,1.0,879.0,4.33,16.7,6.2,RB,35.0,0.743,6.0
2013,00-0030522,M.Ball,DEN,119.0,20.0,139.0,557.0,145.0,,4.0,0.0,4.0,2.062999963760376,4.673999786376953,6.736999988555908,0.048,9.822999954223633,1.0,1.0,702.0,5.05,9.4,5.6,RB,27.0,0.741,4.0
2013,00-0026201,M.Bennett,,0.0,65.0,65.0,0.0,759.0,,0.0,5.0,5.0,0.0,51.77399826049805,51.77399826049805,0.797,9.28600025177002,0.0,0.0,759.0,11.677,75900.0,500.0,WR,94.0,0.691,9400.0
2013,00-0030400,M.Brown,BAL,1.0,49.0,50.0,-2.0,524.0,,0.0,7.0,7.0,-0.8050000071525574,48.09600067138672,47.29100036621094,0.946,15.696000099182129,2.0,0.0,522.0,10.44,10.3,26.9,WR,84.0,0.583,13.6
2013,00-0025487,M.Bush,CHI,63.0,4.0,67.0,197.0,48.0,,3.0,1.0,4.0,-11.88700008392334,4.921000003814697,-6.966000080108643,-0.104,5.15500020980835,2.0,0.0,245.0,3.657,4.0,9.1,RB,8.0,0.5,1.4
2013,00-0024466,M.Colston,,0.0,75.0,75.0,0.0,943.0,,0.0,5.0,5.0,0.0,88.54199981689453,88.54199981689453,1.181,39.9109992980957,3.0,0.0,943.0,12.573,94300.0,500.0,WR,110.0,0.682,11000.0
2013,00-0029638,M.Floyd,,0.0,65.0,65.0,0.0,1041.0,,0.0,5.0,5.0,0.0,96.63999938964844,96.63999938964844,1.487,17.025999069213867,1.0,0.0,1041.0,16.015,104100.0,500.0,WR,114.0,0.57,11400.0
2013,00-0026184,M.Forte,CHI,291.0,74.0,365.0,1339.0,594.0,,9.0,3.0,12.0,-4.6620001792907715,36.606998443603516,31.945999145507812,0.088,16.849000930786133,4.0,2.0,1933.0,5.296,31.7,27.3,RB,94.0,0.787,16.4
2013,00-0027966,M.Ingram,NO,78.0,7.0,85.0,386.0,68.0,,1.0,0.0,1.0,-7.164999961853027,2.2179999351501465,-4.947999954223633,-0.058,0.9440000057220459,0.0,0.0,454.0,5.341,6.9,2.1,RB,11.0,0.636,1.7
2013,00-0030391,M.James,TB,60.0,10.0,70.0,295.0,43.0,,0.0,0.0,0.0,5.519999980926514,-0.6809999942779541,4.8379998207092285,0.069,0.0,0.0,0.0,338.0,4.829,7.1,0.0,RB,11.0,0.909,2.2
2013,00-0029293,M.Jones,CIN,8.0,51.0,59.0,65.0,712.0,,0.0,10.0,10.0,5.118000030517578,82.66500091552734,87.78299713134766,1.488,30.18600082397461,3.0,0.0,777.0,13.169,13.1,21.7,WR,80.0,0.638,13.9
2013,00-0024275,M.Jones-Drew,JAX,234.0,43.0,277.0,803.0,314.0,,5.0,0.0,5.0,-27.003000259399414,14.128999710083008,-12.87399959564209,-0.046,2.822999954223633,0.0,1.0,1117.0,4.032,22.7,21.7,RB,60.0,0.717,10.2
2013,00-0025399,M.Lynch,SEA,301.0,36.0,337.0,1257.0,316.0,,12.0,2.0,14.0,-6.466000080108643,15.265000343322754,8.798999786376953,0.026,0.3330000042915344,3.0,1.0,1573.0,4.668,29.8,34.1,RB,44.0,0.818,10.7
2013,00-0026393,M.Reece,LV,46.0,32.0,78.0,218.0,331.0,,2.0,2.0,4.0,2.3450000286102295,23.066999435424805,25.41200065612793,0.326,10.501999855041504,1.0,0.0,549.0,7.038,10.4,12.1,RB,54.0,0.593,10.6
2013,00-0029632,M.Sanu,CIN,4.0,47.0,51.0,16.0,455.0,,0.0,2.0,2.0,-0.6669999957084656,32.28900146484375,31.621999740600586,0.62,6.432000160217285,1.0,0.0,471.0,9.235,7.9,4.3,TE,78.0,0.603,13.5
2013,00-0026069,M.Tolbert,CAR,101.0,27.0,128.0,361.0,184.0,,5.0,2.0,7.0,-1.6790000200271606,12.4350004196167,10.755999565124512,0.084,-5.770999908447266,1.0,0.0,545.0,4.258,10.8,19.4,RB,32.0,0.844,6.9
2013,00-0026901,M.Wallace,MIA,3.0,73.0,76.0,33.0,930.0,,0.0,5.0,5.0,2.3499999046325684,64.9739990234375,67.3239974975586,0.886,18.422000885009766,2.0,0.0,963.0,12.671,18.3,15.6,WR,142.0,0.514,24.4
2013,00-0023367,N.Washington,,0.0,58.0,58.0,0.0,919.0,,0.0,3.0,3.0,0.0,83.3280029296875,83.3280029296875,1.437,24.55699920654297,1.0,0.0,919.0,15.845,91900.0,300.0,WR,104.0,0.558,10400.0
2013,00-0026345,P.Garcon,WAS,2.0,113.0,115.0,19.0,1346.0,,0.0,5.0,5.0,1.7039999961853027,106.4260025024414,108.12999725341797,0.94,29.89699935913086,2.0,0.0,1365.0,11.87,23.0,14.7,WR,182.0,0.621,30.1
2013,00-0026367,P.Hillis,NYG,73.0,13.0,86.0,247.0,96.0,,2.0,0.0,2.0,-7.189000129699707,2.4240000247955322,-4.764999866485596,-0.055,1.7979999780654907,1.0,0.0,343.0,3.988,6.6,6.9,RB,21.0,0.619,3.8
2013,00-0024813,P.Thomas,NO,148.0,77.0,225.0,549.0,513.0,,2.0,3.0,5.0,-6.223999977111816,16.988000869750977,10.763999938964844,0.048,-6.079999923706055,1.0,0.0,1062.0,4.72,16.2,10.6,RB,84.0,0.917,13.0
2013,00-0023437,R.Brown,LAC,45.0,8.0,53.0,157.0,60.0,,1.0,0.0,1.0,-1.680999994277954,4.75600004196167,3.075000047683716,0.058,1.062000036239624,0.0,0.0,217.0,4.094,3.4,2.4,RB,8.0,1.0,1.5
2013,00-0024217,R.Bush,DET,223.0,54.0,277.0,1006.0,506.0,,4.0,3.0,7.0,-27.56100082397461,37.00299835205078,9.440999984741211,0.034,-6.185999870300293,2.0,4.0,1512.0,5.458,23.7,15.9,RB,80.0,0.675,12.7
2013,00-0028043,R.Helu,WAS,62.0,31.0,93.0,274.0,251.0,,4.0,0.0,4.0,-4.354000091552734,3.48799991607666,-0.8659999966621399,-0.009,-8.338000297546387,0.0,0.0,525.0,5.645,8.8,11.8,RB,42.0,0.738,7.0
2013,00-0029683,R.Hillman,DEN,55.0,12.0,67.0,218.0,119.0,,1.0,0.0,1.0,-4.578999996185303,7.556000232696533,2.9779999256134033,0.044,-2.9210000038146973,0.0,1.0,337.0,5.03,4.5,1.4,RB,14.0,0.857,2.1
2013,00-0027155,R.Jennings,LV,163.0,36.0,199.0,733.0,292.0,,6.0,0.0,6.0,3.9790000915527344,10.199000358581543,14.178000450134277,0.071,1.2100000381469727,2.0,0.0,1025.0,5.151,19.4,18.2,RB,47.0,0.766,9.3
2013,00-0027864,R.Mathews,LAC,285.0,26.0,311.0,1255.0,189.0,,6.0,1.0,7.0,-3.8510000705718994,11.402000427246094,7.552000045776367,0.024,2.9790000915527344,3.0,1.0,1444.0,4.643,22.6,17.1,RB,33.0,0.788,6.2
2013,00-0026163,R.Mendenhall,ARI,218.0,18.0,236.0,687.0,134.0,,8.0,0.0,8.0,-30.900999069213867,6.107999801635742,-24.79199981689453,-0.105,-5.466000080108643,3.0,3.0,821.0,3.479,14.1,22.2,RB,21.0,0.857,3.7
2013,00-0026195,R.Rice,BAL,215.0,58.0,273.0,660.0,321.0,,4.0,0.0,4.0,-51.71200180053711,1.5099999904632568,-50.20199966430664,-0.184,-5.223999977111816,0.0,2.0,981.0,3.593,19.3,15.4,RB,73.0,0.795,11.9
2013,00-0029129,R.Streater,LV,2.0,60.0,62.0,17.0,882.0,,0.0,4.0,4.0,-0.6019999980926514,74.197998046875,73.59600067138672,1.187,24.684999465942383,2.0,0.0,899.0,14.5,17.0,12.1,WR,99.0,0.606,19.5
2013,00-0029273,R.Turbin,SEA,77.0,8.0,85.0,264.0,60.0,,0.0,0.0,0.0,-13.390999794006348,-0.6759999990463257,-14.067000389099121,-0.165,-3.634999990463257,0.0,0.0,324.0,3.812,6.1,0.0,RB,12.0,0.667,2.9
2013,00-0023462,R.White,,0.0,63.0,63.0,0.0,711.0,,0.0,3.0,3.0,0.0,63.97600173950195,63.97600173950195,1.015,34.72200012207031,2.0,0.0,711.0,11.286,71100.0,300.0,WR,97.0,0.649,9700.0
2013,00-0025516,S.Chandler,,0.0,53.0,53.0,0.0,655.0,,0.0,2.0,2.0,0.0,48.016998291015625,48.016998291015625,0.906,13.289999961853027,0.0,0.0,655.0,12.358,65500.0,200.0,WR,81.0,0.654,8100.0
2013,00-0026899,S.Greene,TEN,77.0,6.0,83.0,295.0,39.0,,4.0,0.0,4.0,-0.6100000143051147,-1.1490000486373901,-1.7589999437332153,-0.021,0.46799999475479126,3.0,0.0,334.0,4.024,6.3,11.1,RB,7.0,0.857,1.3
2013,00-0022736,S.Jackson,ATL,157.0,33.0,190.0,543.0,191.0,,6.0,1.0,7.0,-21.99799919128418,3.0420000553131104,-18.95599937438965,-0.1,-6.3429999351501465,3.0,0.0,734.0,3.863,12.8,18.9,RB,49.0,0.673,7.6
2013,00-0026364,S.Johnson,BUF,1.0,52.0,53.0,10.0,597.0,,0.0,3.0,3.0,1.149999976158142,47.801998138427734,48.95100021362305,0.924,5.997000217437744,0.0,0.0,607.0,11.453,11.0,9.7,WR,102.0,0.51,19.6
2013,00-0028011,S.Ridley,NE,178.0,10.0,188.0,773.0,62.0,,7.0,0.0,7.0,-19.243000030517578,-2.7090001106262207,-21.95199966430664,-0.117,2.1630001068115234,0.0,3.0,835.0,4.441,13.0,15.9,RB,12.0,0.833,1.9
2013,00-0020337,S.Smith,,0.0,64.0,64.0,0.0,745.0,,0.0,4.0,4.0,0.0,76.58599853515625,76.58599853515625,1.197,10.402000427246094,1.0,0.0,745.0,11.641,74500.0,400.0,WR,110.0,0.582,11000.0
2013,00-0027994,S.Vereen,NE,45.0,47.0,92.0,208.0,427.0,,1.0,3.0,4.0,1.6699999570846558,31.339000701904297,33.00899887084961,0.359,12.720999717712402,3.0,0.0,635.0,6.902,9.9,9.1,RB,69.0,0.681,11.1
2013,00-0026262,T.Choice,BUF,46.0,5.0,51.0,170.0,15.0,,0.0,0.0,0.0,-3.946000099182129,-2.0889999866485596,-6.034999847412109,-0.118,-2.7890000343322754,0.0,0.0,185.0,3.627,3.4,0.0,RB,9.0,0.556,1.7
2013,00-0006101,T.Gonzalez,,0.0,83.0,83.0,0.0,859.0,,0.0,8.0,8.0,0.0,84.12699890136719,84.12699890136719,1.014,16.347000122070312,3.0,0.0,859.0,10.349,85900.0,800.0,WR,122.0,0.68,12200.0
2013,00-0029608,T.Hilton,IND,2.0,82.0,84.0,6.0,1083.0,,0.0,5.0,5.0,-0.5630000233650208,86.04299926757812,85.4800033569336,1.018,21.163999557495117,0.0,0.0,1089.0,12.964,20.4,14.3,WR,138.0,0.594,23.7
2013,00-0029675,T.Richardson,IND,188.0,35.0,223.0,563.0,316.0,,3.0,1.0,4.0,-36.49599838256836,19.197999954223633,-17.29800033569336,-0.078,3.193000078201294,2.0,1.0,879.0,3.942,16.5,11.4,RB,52.0,0.673,8.9
2013,00-0027996,T.Smith,,0.0,65.0,65.0,0.0,1128.0,,0.0,4.0,4.0,0.0,98.55999755859375,98.55999755859375,1.516,13.888999938964844,0.0,0.0,1128.0,17.354,112800.0,400.0,WR,138.0,0.471,13800.0
2013,00-0029910,T.Wright,TB,1.0,54.0,55.0,2.0,571.0,,0.0,5.0,5.0,-0.49399998784065247,55.32899856567383,54.834999084472656,0.997,18.534000396728516,3.0,0.0,573.0,10.418,12.1,17.9,WR,75.0,0.72,15.2
2013,00-0027265,V.Cruz,,0.0,73.0,73.0,0.0,998.0,,0.0,4.0,4.0,0.0,73.7490005493164,73.7490005493164,1.01,7.816999912261963,0.0,0.0,998.0,13.671,99800.0,400.0,WR,122.0,0.598,12200.0
2013,00-0024221,V.Davis,,0.0,52.0,52.0,0.0,850.0,,0.0,13.0,13.0,0.0,70.61399841308594,70.61399841308594,1.358,12.399999618530273,3.0,0.0,850.0,16.346,85000.0,1300.0,WR,84.0,0.619,8400.0
2013,00-0023496,V.Jackson,TB,1.0,78.0,79.0,0.0,1224.0,,0.0,7.0,7.0,-0.6449999809265137,111.4729995727539,110.8280029296875,1.403,30.089000701904297,2.0,0.0,1224.0,15.494,25.8,25.0,WR,160.0,0.488,32.4
2013,00-0022178,W.McGahee,CLE,138.0,8.0,146.0,377.0,20.0,,2.0,0.0,2.0,-24.775999069213867,-3.7709999084472656,-28.547000885009766,-0.196,-3.5299999713897705,0.0,1.0,397.0,2.719,7.1,6.7,RB,11.0,0.727,1.6
2013,00-0022427,W.Welker,,0.0,73.0,73.0,0.0,778.0,,0.0,10.0,10.0,0.0,77.8550033569336,77.8550033569336,1.067,9.626999855041504,1.0,0.0,778.0,10.658,77800.0,1000.0,WR,111.0,0.658,11100.0
2013,00-0030536,Z.Stacy,LA,250.0,26.0,276.0,973.0,141.0,,7.0,1.0,8.0,-26.000999450683594,4.2820000648498535,-21.718000411987305,-0.079,-19.86199951171875,3.0,1.0,1114.0,4.036,22.2,25.0,RB,35.0,0.743,6.9
2014,00-0031075,A.Blue,HOU,169.0,15.0,184.0,528.0,113.0,,2.0,1.0,3.0,-24.459999084472656,7.960999965667725,-16.499000549316406,-0.09,-9.89799976348877,2.0,0.0,641.0,3.484,11.8,9.1,RB,18.0,0.833,3.8
2014,00-0022084,A.Boldin,SF,1.0,83.0,84.0,4.0,1062.0,,0.0,5.0,5.0,-0.028999999165534973,96.12999725341797,96.10099792480469,1.144,18.899999618530273,1.0,0.0,1066.0,12.69,21.0,17.2,WR,131.0,0.634,27.1
2014,00-0025637,A.Bradshaw,IND,90.0,38.0,128.0,425.0,300.0,,2.0,6.0,8.0,-14.77299976348877,28.44300079345703,13.670000076293945,0.107,0.0,0.0,2.0,725.0,5.664,11.3,16.7,RB,47.0,0.809,7.3
2014,00-0027793,A.Brown,PIT,4.0,129.0,133.0,13.0,1698.0,,0.0,13.0,13.0,-1.5859999656677246,143.54600524902344,141.9600067138672,1.067,33.185001373291016,2.0,0.0,1711.0,12.865,25.4,30.2,WR,182.0,0.709,30.1
2014,00-0027772,A.Dixon,BUF,105.0,8.0,113.0,432.0,49.0,,2.0,0.0,2.0,-8.157999992370605,2.3340001106262207,-5.823999881744385,-0.052,0.8650000095367432,1.0,0.0,481.0,4.257,9.1,6.7,RB,9.0,0.889,1.6
2014,00-0030287,A.Ellington,ARI,201.0,46.0,247.0,660.0,395.0,,3.0,2.0,5.0,-35.8489990234375,18.030000686645508,-17.819000244140625,-0.072,0.0,0.0,2.0,1055.0,4.271,20.3,18.5,RB,64.0,0.719,11.4
2014,00-0026796,A.Foster,HOU,260.0,38.0,298.0,1246.0,327.0,,8.0,5.0,13.0,-4.010000228881836,23.52199935913086,19.511999130249023,0.065,1.5839999914169312,2.0,2.0,1573.0,5.279,29.0,39.4,RB,59.0,0.644,12.3
2014,00-0021547,A.Gates,,0.0,69.0,69.0,0.0,821.0,,0.0,12.0,12.0,0.0,86.822998046875,86.822998046875,1.258,18.895000457763672,3.0,0.0,821.0,11.899,82100.0,1200.0,WR,98.0,0.704,9800.0
2014,00-0027942,A.Green,CIN,2.0,69.0,71.0,2.0,1041.0,,0.0,6.0,6.0,-0.9160000085830688,79.68599700927734,78.76899719238281,1.109,25.486000061035156,1.0,0.0,1043.0,14.69,18.5,15.4,WR,116.0,0.595,23.5
2014,00-0027918,A.Hawkins,CLE,3.0,63.0,66.0,15.0,824.0,,0.0,2.0,2.0,-0.04800000041723251,64.75900268554688,64.71099853515625,0.98,6.822000026702881,0.0,0.0,839.0,12.712,15.8,7.1,WR,112.0,0.562,22.4
2014,00-0030821,A.Hurns,,0.0,51.0,51.0,0.0,677.0,,0.0,6.0,6.0,0.0,50.23699951171875,50.23699951171875,0.985,6.877999782562256,1.0,0.0,677.0,13.275,67700.0,600.0,WR,97.0,0.526,9700.0
2014,00-0029137,A.Jeffery,CHI,6.0,85.0,91.0,33.0,1133.0,,0.0,10.0,10.0,1.878000020980835,103.25299835205078,105.13099670410156,1.155,27.610000610351562,3.0,0.0,1166.0,12.813,22.0,27.8,WR,145.0,0.586,23.7
2014,00-0022044,A.Johnson,,0.0,85.0,85.0,0.0,936.0,,0.0,3.0,3.0,0.0,52.25899887084961,52.25899887084961,0.615,10.112000465393066,1.0,0.0,936.0,11.012,93600.0,300.0,WR,147.0,0.578,14700.0
2014,00-0029141,A.Morris,WAS,265.0,17.0,282.0,1074.0,155.0,,8.0,0.0,8.0,-23.833999633789062,7.182000160217285,-16.652000427246094,-0.059,-6.85699987411499,1.0,0.0,1229.0,4.358,20.4,25.0,RB,26.0,0.654,4.8
2014,00-0031055,A.Williams,NYG,217.0,18.0,235.0,721.0,130.0,,7.0,0.0,7.0,-34.81999969482422,4.875999927520752,-29.94300079345703,-0.127,-9.854999542236328,2.0,0.0,851.0,3.621,14.1,16.7,RB,37.0,0.486,6.2
2014,00-0029429,B.Brown,BUF,36.0,16.0,52.0,126.0,176.0,,0.0,0.0,0.0,-12.454000473022461,11.45199966430664,-1.0010000467300415,-0.019,4.228000164031982,0.0,1.0,302.0,5.808,5.7,0.0,RB,25.0,0.64,4.4
2014,00-0031236,B.Cooks,NO,7.0,53.0,60.0,73.0,550.0,,1.0,3.0,4.0,4.11299991607666,37.04600143432617,41.159000396728516,0.686,0.0,0.0,0.0,623.0,10.383,9.3,8.2,WR,69.0,0.768,10.6
2014,00-0029795,B.Cunningham,LA,66.0,45.0,111.0,246.0,352.0,,3.0,1.0,4.0,-10.880999565124512,15.28600025177002,4.406000137329102,0.04,-8.64900016784668,0.0,0.0,598.0,5.387,11.3,12.9,RB,53.0,0.849,10.5
2014,00-0027681,B.LaFell,NE,2.0,74.0,76.0,13.0,953.0,,0.0,7.0,7.0,0.6069999933242798,69.88500213623047,70.49199676513672,0.928,8.46500015258789,0.0,0.0,966.0,12.711,16.2,14.9,WR,119.0,0.622,19.8
2014,00-0024334,B.Marshall,,0.0,61.0,61.0,0.0,721.0,,0.0,8.0,8.0,0.0,64.60700225830078,64.60700225830078,1.059,6.826000213623047,0.0,0.0,721.0,11.82,72100.0,800.0,WR,106.0,0.575,10600.0
2014,00-0031277,B.Oliver,LAC,160.0,36.0,196.0,582.0,271.0,,3.0,1.0,4.0,-23.260000228881836,10.531000137329102,-12.729000091552734,-0.065,-1.6200000047683716,1.0,0.0,853.0,4.352,15.4,10.8,RB,45.0,0.8,7.9
2014,00-0029264,B.Pierce,BAL,93.0,2.0,95.0,366.0,13.0,,2.0,0.0,2.0,-12.901000022888184,-0.23600000143051147,-13.13700008392334,-0.138,0.08399999886751175,0.0,1.0,379.0,3.989,6.3,4.7,RB,6.0,0.333,1.1
2014,00-0029384,B.Rainey,TB,94.0,33.0,127.0,406.0,315.0,,1.0,1.0,2.0,-9.138999938964844,6.714000225067139,-2.4260001182556152,-0.019,0.0,0.0,1.0,721.0,5.677,14.9,7.7,RB,45.0,0.733,8.6
2014,00-0031413,B.Sankey,TEN,152.0,18.0,170.0,569.0,133.0,,2.0,0.0,2.0,-26.16699981689453,6.019000053405762,-20.148000717163086,-0.119,-9.373000144958496,0.0,2.0,702.0,4.129,14.3,8.0,RB,23.0,0.783,4.5
2014,00-0027890,B.Tate,CLE,119.0,9.0,128.0,371.0,60.0,,4.0,0.0,4.0,-21.94499969482422,-1.9789999723434448,-23.92300033569336,-0.187,-2.5360000133514404,0.0,0.0,431.0,3.367,8.1,14.3,RB,12.0,0.75,2.4
2014,00-0029854,C.Anderson,DEN,179.0,34.0,213.0,849.0,324.0,,8.0,2.0,10.0,6.120999813079834,22.597999572753906,28.7189998626709,0.135,-1.847000002861023,7.0,0.0,1173.0,5.507,17.8,18.2,RB,44.0,0.773,7.3
2014,00-0028112,C.Clay,,0.0,58.0,58.0,0.0,605.0,,0.0,3.0,3.0,0.0,40.520999908447266,40.520999908447266,0.699,17.590999603271484,1.0,0.0,605.0,10.431,60500.0,300.0,WR,84.0,0.69,8400.0
2014,00-0029697,C.Fleener,,0.0,51.0,51.0,0.0,774.0,,0.0,8.0,8.0,0.0,70.55400085449219,70.55400085449219,1.383,16.39699935913086,2.0,0.0,774.0,15.176,77400.0,800.0,WR,92.0,0.554,9200.0
2014,00-0031045,C.Hyde,SF,83.0,12.0,95.0,333.0,68.0,,4.0,0.0,4.0,-11.244000434875488,-2.0320000648498535,-13.276000022888184,-0.14,1.6660000085830688,0.0,1.0,401.0,4.221,7.9,13.8,RB,16.0,0.75,3.3
2014,00-0027531,C.Ivory,NYJ,198.0,18.0,216.0,821.0,123.0,,6.0,1.0,7.0,-16.68400001525879,5.7210001945495605,-10.963000297546387,-0.051,-14.529000282287598,2.0,1.0,944.0,4.37,18.4,26.9,RB,27.0,0.667,5.6
2014,00-0025389,C.Johnson,,0.0,71.0,71.0,0.0,1077.0,,0.0,8.0,8.0,0.0,103.1500015258789,103.1500015258789,1.453,34.32500076293945,3.0,0.0,1077.0,15.169,107700.0,800.0,WR,128.0,0.555,12800.0
2014,00-0026164,C.Johnson,NYJ,155.0,24.0,179.0,663.0,151.0,,1.0,1.0,2.0,-13.782999992370605,2.622999906539917,-11.15999984741211,-0.062,-5.440000057220459,0.0,1.0,814.0,4.547,15.9,7.7,RB,34.0,0.706,7.0
2014,00-0027939,C.Newton,CAR,65.0,0.0,65.0,348.0,0.0,,4.0,0.0,4.0,13.916000366210938,0.0,13.916000366210938,0.214,12.100000381469727,3.0,1.0,348.0,5.354,6.2,12.5,RB,0.0,0.0,0.0
2014,00-0028052,C.Shorts,,0.0,53.0,53.0,0.0,557.0,,0.0,1.0,1.0,0.0,32.7239990234375,32.7239990234375,0.617,11.980999946594238,0.0,0.0,557.0,10.509,55700.0,100.0,WR,111.0,0.477,11100.0
2014,00-0031390,C.Sims,TB,66.0,19.0,85.0,185.0,190.0,,1.0,0.0,1.0,-15.642999649047852,12.081999778747559,-3.561000108718872,-0.042,1.2769999504089355,1.0,1.0,375.0,4.412,7.8,3.8,RB,27.0,0.704,5.2
2014,00-0027861,C.Spiller,BUF,78.0,19.0,97.0,300.0,125.0,,0.0,1.0,1.0,-16.910999298095703,5.133999824523926,-11.777999877929688,-0.121,-4.513999938964844,0.0,1.0,425.0,4.381,8.0,3.3,RB,22.0,0.864,3.8
2014,00-0028434,D.Baldwin,SEA,1.0,66.0,67.0,8.0,825.0,,0.0,3.0,3.0,0.6110000014305115,61.78300094604492,62.39400100708008,0.931,22.683000564575195,1.0,0.0,833.0,12.433,14.4,7.5,WR,98.0,0.673,22.6
2014,00-0025410,D.Bowe,,0.0,60.0,60.0,0.0,754.0,,0.0,0.0,0.0,0.0,69.14199829101562,69.14199829101562,1.152,15.805000305175781,0.0,0.0,754.0,12.567,75400.0,0.0,WR,96.0,0.625,9600.0
2014,00-0027003,D.Brown,LAC,85.0,29.0,114.0,223.0,211.0,,0.0,0.0,0.0,-19.833999633789062,5.109000205993652,-14.725000381469727,-0.129,0.39899998903274536,0.0,0.0,434.0,3.807,7.8,0.0,RB,41.0,0.707,7.2
2014,00-0027902,D.Bryant,,0.0,88.0,88.0,0.0,1320.0,,0.0,16.0,16.0,0.0,124.33300018310547,124.33300018310547,1.413,37.60300064086914,6.0,0.0,1320.0,15.0,132000.0,1600.0,WR,137.0,0.642,13700.0
2014,00-0031285,D.Freeman,ATL,65.0,30.0,95.0,248.0,225.0,,1.0,1.0,2.0,-25.722999572753906,7.76800012588501,-17.95400047302246,-0.189,1.6469999551773071,1.0,1.0,473.0,4.979,7.7,5.1,RB,37.0,0.811,5.9
2014,00-0029588,D.Herron,IND,78.0,21.0,99.0,351.0,173.0,,1.0,0.0,1.0,-6.815000057220459,2.4000000953674316,-4.414999961853027,-0.045,3.6730000972747803,0.0,1.0,524.0,5.293,8.2,2.1,RB,26.0,0.808,4.0
2014,00-0030564,D.Hopkins,,0.0,76.0,76.0,0.0,1210.0,,0.0,6.0,6.0,0.0,99.51000213623047,99.51000213623047,1.309,11.651000022888184,0.0,0.0,1210.0,15.921,121000.0,600.0,WR,127.0,0.598,12700.0
2014,00-0026189,D.Jackson,WAS,4.0,56.0,60.0,7.0,1169.0,,0.0,6.0,6.0,-0.30399999022483826,87.72899627685547,87.42500305175781,1.457,15.166999816894531,1.0,0.0,1176.0,19.6,19.5,18.8,WR,95.0,0.589,17.5
2014,00-0029613,D.Martin,TB,134.0,13.0,147.0,494.0,64.0,,2.0,0.0,2.0,-16.16699981689453,0.164000004529953,-16.003000259399414,-0.109,-3.244999885559082,0.0,0.0,558.0,3.796,11.6,7.7,RB,20.0,0.65,3.8
2014,00-0027651,D.McCluster,TEN,40.0,26.0,66.0,131.0,197.0,,0.0,1.0,1.0,-8.581000328063965,9.508999824523926,0.9279999732971191,0.014,-2.243000030517578,0.0,0.0,328.0,4.97,6.7,4.0,RB,37.0,0.703,7.3
2014,00-0026144,D.McFadden,LV,155.0,36.0,191.0,534.0,212.0,,2.0,0.0,2.0,-31.56800079345703,3.240999937057495,-28.32699966430664,-0.148,-2.440000057220459,0.0,1.0,746.0,3.906,16.1,7.7,RB,56.0,0.643,9.0
2014,00-0028009,D.Murray,DAL,392.0,57.0,449.0,1845.0,416.0,,13.0,0.0,13.0,-4.335999965667725,4.769999980926514,0.4350000023841858,0.001,2.25600004196167,5.0,3.0,2261.0,5.036,35.9,24.5,RB,64.0,0.891,13.6
2014,00-0030547,D.Robinson,JAX,135.0,23.0,158.0,582.0,124.0,,4.0,0.0,4.0,-18.97100067138672,3.7920000553131104,-15.178999900817871,-0.096,-3.8289999961853027,0.0,2.0,706.0,4.468,14.6,16.7,RB,31.0,0.742,5.6
2014,00-0023564,D.Sproles,PHI,57.0,40.0,97.0,329.0,387.0,,6.0,0.0,6.0,4.5929999351501465,24.402999877929688,28.9950008392334,0.299,0.9509999752044678,1.0,1.0,716.0,7.381,11.1,14.0,RB,62.0,0.645,10.1
2014,00-0027874,D.Thomas,,0.0,111.0,111.0,0.0,1619.0,,0.0,11.0,11.0,0.0,130.35299682617188,130.35299682617188,1.174,26.93899917602539,1.0,0.0,1619.0,14.586,161900.0,1100.0,WR,185.0,0.6,18500.0
2014,00-0024389,D.Walker,,0.0,63.0,63.0,0.0,857.0,,0.0,4.0,4.0,0.0,59.00299835205078,59.00299835205078,0.937,9.196999549865723,0.0,0.0,857.0,13.603,85700.0,400.0,WR,106.0,0.594,10600.0
2014,00-0024242,D.Williams,CAR,62.0,5.0,67.0,219.0,44.0,,0.0,0.0,0.0,-11.538999557495117,1.565000057220459,-9.973999977111816,-0.149,0.0,0.0,1.0,263.0,3.925,4.7,0.0,RB,6.0,0.833,1.1
2014,00-0030874,D.Williams,MIA,36.0,21.0,57.0,122.0,187.0,,0.0,1.0,1.0,-7.3429999351501465,14.354000091552734,7.011000156402588,0.123,7.710999965667725,1.0,0.0,309.0,5.421,5.2,2.6,RB,27.0,0.778,4.6
2014,00-0028000,Dn.Thomas,MIA,45.0,13.0,58.0,168.0,121.0,,2.0,0.0,2.0,-6.218999862670898,4.714000225067139,-1.5049999952316284,-0.026,-1.5740000009536743,1.0,1.0,289.0,4.983,4.9,5.1,RB,19.0,0.684,3.2
2014,00-0027690,E.Decker,,0.0,74.0,74.0,0.0,962.0,,0.0,5.0,5.0,0.0,83.87300109863281,83.87300109863281,1.133,36.500999450683594,1.0,0.0,962.0,13.0,96200.0,500.0,WR,115.0,0.643,11500.0
2014,00-0030485,E.Lacy,GB,246.0,42.0,288.0,1139.0,427.0,,9.0,4.0,13.0,-21.649999618530273,29.604999542236328,7.954999923706055,0.028,-0.9620000123977661,4.0,2.0,1566.0,5.438,25.5,25.5,RB,55.0,0.764,10.3
2014,00-0026182,E.Royal,LAC,3.0,62.0,65.0,14.0,778.0,,0.0,7.0,7.0,-0.47600001096725464,61.74599838256836,61.27000045776367,0.943,21.510000228881836,1.0,0.0,792.0,12.185,14.3,18.9,WR,91.0,0.681,16.0
2014,00-0027685,E.Sanders,DEN,8.0,101.0,109.0,44.0,1404.0,,0.0,9.0,9.0,0.7260000109672546,120.15499877929688,120.88099670410156,1.109,22.075000762939453,2.0,0.0,1448.0,13.284,22.0,16.4,WR,142.0,0.711,23.5
2014,00-0023500,F.Gore,SF,255.0,11.0,266.0,1106.0,111.0,,4.0,1.0,5.0,-24.917999267578125,5.952000141143799,-18.965999603271484,-0.071,1.340000033378601,2.0,2.0,1217.0,4.575,23.9,17.2,RB,19.0,0.579,3.9
2014,00-0024204,F.Jackson,BUF,142.0,66.0,208.0,525.0,501.0,,2.0,1.0,3.0,-13.38599967956543,15.968000411987305,2.5810000896453857,0.012,-5.204999923706055,0.0,0.0,1026.0,4.933,19.4,10.0,RB,90.0,0.733,15.7
2014,00-0030456,G.Bernard,CIN,168.0,43.0,211.0,680.0,349.0,,5.0,2.0,7.0,-11.89799976348877,14.553000450134277,2.6559998989105225,0.013,0.9570000171661377,2.0,0.0,1029.0,4.877,18.3,17.9,RB,59.0,0.729,11.9
2014,00-0024267,G.Jennings,,0.0,59.0,59.0,0.0,742.0,,0.0,6.0,6.0,0.0,67.75900268554688,67.75900268554688,1.148,21.753999710083008,2.0,0.0,742.0,12.576,74200.0,600.0,WR,92.0,0.641,9200.0
2014,00-0025418,G.Olsen,,0.0,84.0,84.0,0.0,1009.0,,0.0,6.0,6.0,0.0,86.19999694824219,86.19999694824219,1.026,18.415000915527344,1.0,0.0,1009.0,12.012,100900.0,600.0,WR,123.0,0.683,12300.0
2014,00-0027891,G.Tate,DET,5.0,99.0,104.0,30.0,1331.0,,0.0,4.0,4.0,1.0800000429153442,103.70800018310547,104.78700256347656,1.008,15.595000267028809,1.0,0.0,1361.0,13.087,24.2,12.9,WR,145.0,0.683,24.5
2014,00-0026224,H.Douglas,,0.0,51.0,51.0,0.0,556.0,,0.0,2.0,2.0,0.0,43.9379997253418,43.9379997253418,0.862,18.10700035095215,1.0,0.0,556.0,10.902,55600.0,200.0,WR,75.0,0.68,7500.0
2014,00-0023465,H.Miller,,0.0,66.0,66.0,0.0,761.0,,0.0,3.0,3.0,0.0,58.50600051879883,58.50600051879883,0.886,14.758999824523926,1.0,0.0,761.0,11.53,76100.0,300.0,WR,91.0,0.725,9100.0
2014,00-0030656,I.Crowell,CLE,148.0,9.0,157.0,607.0,87.0,,8.0,0.0,8.0,-9.989999771118164,3.319999933242798,-6.671000003814697,-0.042,-6.659999847412109,1.0,2.0,694.0,4.42,13.0,28.6,RB,14.0,0.643,2.8
2014,00-0027218,J.Bell,DET,224.0,34.0,258.0,860.0,322.0,,7.0,1.0,8.0,-25.881999969482422,20.166000366210938,-5.716000080108643,-0.022,2.4019999504089355,3.0,1.0,1182.0,4.581,21.0,25.8,RB,53.0,0.642,9.0
2014,00-0026213,J.Charles,KC,206.0,40.0,246.0,1033.0,291.0,,9.0,5.0,14.0,7.633999824523926,13.555999755859375,21.190000534057617,0.086,-1.6069999933242798,2.0,2.0,1324.0,5.382,26.0,38.9,RB,59.0,0.678,12.1
2014,00-0027061,J.Cook,LA,1.0,52.0,53.0,0.0,634.0,,0.0,3.0,3.0,-0.6819999814033508,47.57500076293945,46.891998291015625,0.885,12.690999984741211,2.0,0.0,634.0,11.962,12.0,9.7,WR,99.0,0.525,19.5
2014,00-0027150,J.Edelman,NE,10.0,92.0,102.0,94.0,972.0,,0.0,4.0,4.0,7.10099983215332,80.75199890136719,87.85299682617188,0.861,22.54800033569336,2.0,0.0,1066.0,10.451,17.8,8.5,WR,135.0,0.681,22.4
2014,00-0026373,J.Forsett,BAL,237.0,44.0,281.0,1266.0,263.0,,8.0,0.0,8.0,7.386000156402588,2.4030001163482666,9.788000106811523,0.035,-11.984999656677246,1.0,0.0,1529.0,5.441,25.6,18.6,RB,59.0,0.746,10.9
2014,00-0027696,J.Graham,,0.0,85.0,85.0,0.0,889.0,,0.0,10.0,10.0,0.0,71.35199737548828,71.35199737548828,0.839,9.20199966430664,1.0,0.0,889.0,10.459,88900.0,1000.0,WR,124.0,0.685,12400.0
2014,00-0029104,J.Gray,NE,89.0,1.0,90.0,412.0,7.0,,5.0,0.0,5.0,7.3480000495910645,0.27000001072883606,7.618000030517578,0.085,-1.0260000228881836,1.0,0.0,419.0,4.656,7.0,10.6,RB,3.0,0.333,0.5
2014,00-0027873,J.Gresham,,0.0,62.0,62.0,0.0,460.0,,0.0,5.0,5.0,0.0,26.091999053955078,26.091999053955078,0.421,7.591000080108643,3.0,0.0,460.0,7.419,46000.0,500.0,TE,79.0,0.785,7900.0
2014,00-0031301,J.Hill,CIN,222.0,27.0,249.0,1124.0,215.0,,9.0,0.0,9.0,3.7720000743865967,5.827000141143799,9.598999977111816,0.039,6.455999851226807,3.0,2.0,1339.0,5.378,23.8,23.1,RB,32.0,0.844,6.5
2014,00-0025465,J.Jones,,0.0,73.0,73.0,0.0,666.0,,0.0,6.0,6.0,0.0,48.91600036621094,48.91600036621094,0.67,6.013000011444092,2.0,0.0,666.0,9.123,66600.0,600.0,TE,112.0,0.652,11200.0
2014,00-0027944,J.Jones,ATL,1.0,104.0,105.0,1.0,1593.0,,0.0,6.0,6.0,-0.7490000128746033,123.66000366210938,122.91200256347656,1.171,38.736000061035156,1.0,0.0,1594.0,15.181,26.1,15.4,WR,163.0,0.638,26.1
2014,00-0031382,J.Landry,MIA,2.0,84.0,86.0,-4.0,758.0,,0.0,5.0,5.0,-1.9329999685287476,60.000999450683594,58.069000244140625,0.675,14.42199993133545,0.0,0.0,754.0,8.767,12.7,12.8,TE,112.0,0.75,18.9
2014,00-0026995,J.Maclin,,0.0,85.0,85.0,0.0,1318.0,,0.0,10.0,10.0,0.0,109.79100036621094,109.79100036621094,1.292,19.64699935913086,1.0,0.0,1318.0,15.506,131800.0,1000.0,WR,143.0,0.594,14300.0
2014,00-0031299,J.Matthews,,0.0,67.0,67.0,0.0,872.0,,0.0,8.0,8.0,0.0,76.3219985961914,76.3219985961914,1.139,16.01300048828125,1.0,0.0,872.0,13.015,87200.0,800.0,WR,103.0,0.65,10300.0
2014,00-0031376,J.McKinnon,MIN,113.0,27.0,140.0,538.0,135.0,,0.0,0.0,0.0,-4.771999835968018,-0.4009999930858612,-5.173999786376953,-0.037,0.0,0.0,0.0,673.0,4.807,13.1,0.0,RB,41.0,0.659,8.0
2014,00-0026176,J.Nelson,,0.0,98.0,98.0,0.0,1519.0,,0.0,13.0,13.0,0.0,137.53700256347656,137.53700256347656,1.403,39.1879997253418,3.0,0.0,1519.0,15.5,151900.0,1300.0,WR,151.0,0.649,15100.0
2014,00-0030388,J.Randle,DAL,51.0,4.0,55.0,343.0,23.0,,3.0,0.0,3.0,0.8220000267028809,0.6069999933242798,1.4290000200271606,0.026,0.7459999918937683,2.0,2.0,366.0,6.655,5.8,5.7,RB,5.0,0.8,1.1
2014,00-0030472,J.Reed,,0.0,50.0,50.0,0.0,465.0,,0.0,0.0,0.0,0.0,21.41699981689453,21.41699981689453,0.428,-2.2190001010894775,0.0,0.0,465.0,9.3,46500.0,0.0,TE,65.0,0.769,6500.0
2014,00-0028083,J.Rodgers,ATL,59.0,29.0,88.0,217.0,173.0,,1.0,1.0,2.0,-6.9720001220703125,1.812999963760376,-5.159999847412109,-0.059,-4.4039998054504395,0.0,0.0,390.0,4.432,6.4,5.1,RB,40.0,0.725,6.4
2014,00-0027791,J.Starks,GB,85.0,18.0,103.0,333.0,140.0,,2.0,0.0,2.0,-11.20300006866455,3.799999952316284,-7.4029998779296875,-0.072,-0.08399999886751175,1.0,0.0,473.0,4.592,7.7,3.9,RB,29.0,0.621,5.5
2014,00-0026153,J.Stewart,CAR,175.0,25.0,200.0,809.0,181.0,,3.0,1.0,4.0,-16.21500015258789,6.723999977111816,-9.491000175476074,-0.047,-4.960000038146973,2.0,1.0,990.0,4.95,17.5,12.5,RB,31.0,0.806,5.7
2014,00-0030705,J.Thompson,DEN,54.0,4.0,58.0,272.0,25.0,,3.0,0.0,3.0,9.182999610900879,0.42399999499320984,9.607000350952148,0.166,4.374000072479248,0.0,0.0,297.0,5.121,4.5,5.5,RB,7.0,0.571,1.2
2014,00-0028121,J.Todman,JAX,32.0,25.0,57.0,186.0,198.0,,1.0,1.0,2.0,-0.25,2.934000015258789,2.684000015258789,0.047,5.275000095367432,2.0,0.0,384.0,6.737,7.9,8.3,RB,37.0,0.676,6.6
2014,00-0022127,J.Witten,,0.0,64.0,64.0,0.0,703.0,,0.0,5.0,5.0,0.0,69.41600036621094,69.41600036621094,1.085,23.139999389648438,1.0,0.0,703.0,10.984,70300.0,500.0,WR,90.0,0.711,9000.0
2014,00-0031051,Jo. Brown,ARI,3.0,48.0,51.0,-6.0,696.0,,0.0,5.0,5.0,-3.260999917984009,57.694000244140625,54.433998107910156,1.067,9.107000350952148,0.0,0.0,690.0,13.529,13.3,18.5,WR,103.0,0.466,18.3
2014,00-0030279,K.Allen,,0.0,77.0,77.0,0.0,783.0,,0.0,4.0,4.0,0.0,51.763999938964844,51.763999938964844,0.672,-0.012000000104308128,0.0,0.0,783.0,10.169,78300.0,400.0,WR,122.0,0.631,12200.0
2014,00-0031359,K.Benjamin,,0.0,73.0,73.0,0.0,1008.0,,0.0,9.0,9.0,0.0,86.93599700927734,86.93599700927734,1.191,16.368000030517578,1.0,0.0,1008.0,13.808,100800.0,900.0,WR,146.0,0.5,14600.0
2014,00-0027006,K.Britt,LA,2.0,48.0,50.0,14.0,748.0,,0.0,3.0,3.0,0.5559999942779541,60.53300094604492,61.0880012512207,1.222,18.417999267578125,0.0,0.0,762.0,15.24,14.4,9.7,WR,84.0,0.571,16.6
2014,00-0030280,K.Davis,KC,134.0,16.0,150.0,463.0,147.0,,6.0,1.0,7.0,-28.983999252319336,9.77400016784668,-19.209999084472656,-0.128,-2.2839999198913574,2.0,2.0,610.0,4.067,12.0,19.4,RB,25.0,0.64,5.1
2014,00-0030348,K.Robinson,NO,76.0,8.0,84.0,362.0,63.0,,3.0,0.0,3.0,-3.614000082015991,3.2820000648498535,-0.3319999873638153,-0.004,0.47600001096725464,1.0,1.0,425.0,5.06,6.3,6.1,RB,11.0,0.727,1.7
2014,00-0030085,K.Stills,NO,1.0,63.0,64.0,-2.0,931.0,,0.0,3.0,3.0,-0.890999972820282,85.75800323486328,84.86699676513672,1.326,27.32200050354004,0.0,0.0,929.0,14.516,13.9,6.1,WR,84.0,0.75,12.9
2014,00-0030117,K.Williams,ARI,53.0,2.0,55.0,246.0,11.0,,0.0,0.0,0.0,-0.2549999952316284,-0.6480000019073486,-0.9020000100135803,-0.016,-0.9020000100135803,0.0,0.0,257.0,4.673,4.9,0.0,RB,6.0,0.333,1.1
2014,00-0029708,K.Wright,TEN,4.0,57.0,61.0,54.0,715.0,,0.0,6.0,6.0,2.4030001163482666,48.49100112915039,50.89400100708008,0.834,7.215000152587891,1.0,0.0,769.0,12.607,15.7,24.0,WR,93.0,0.613,18.4
2014,00-0030496,L.Bell,PIT,290.0,83.0,373.0,1361.0,854.0,,8.0,3.0,11.0,4.942999839782715,58.492000579833984,63.435001373291016,0.17,17.458999633789062,6.0,0.0,2215.0,5.938,32.8,25.6,RB,105.0,0.79,17.4
2014,00-0027325,L.Blount,PIT,125.0,10.0,135.0,547.0,54.0,,5.0,0.0,5.0,-10.005000114440918,2.7839999198913574,-7.2210001945495605,-0.053,-2.99399995803833,1.0,1.0,601.0,4.452,8.9,11.6,RB,12.0,0.833,2.0
2014,00-0028838,L.Donnell,,0.0,63.0,63.0,0.0,623.0,,0.0,6.0,6.0,0.0,34.422000885009766,34.422000885009766,0.546,5.4679999351501465,0.0,0.0,623.0,9.889,62300.0,600.0,TE,92.0,0.685,9200.0
2014,00-0022921,L.Fitzgerald,,0.0,63.0,63.0,0.0,784.0,,0.0,2.0,2.0,0.0,65.53500366210938,65.53500366210938,1.04,8.920999526977539,0.0,0.0,784.0,12.444,78400.0,200.0,WR,105.0,0.6,10500.0
2014,00-0027029,L.McCoy,PHI,312.0,28.0,340.0,1319.0,155.0,,5.0,0.0,5.0,-27.573999404907227,-0.578000009059906,-28.152000427246094,-0.083,-4.40500020980835,1.0,2.0,1474.0,4.335,22.8,11.6,RB,37.0,0.757,6.0
2014,00-0029615,L.Miller,MIA,216.0,38.0,254.0,1099.0,262.0,,8.0,1.0,9.0,0.5170000195503235,8.26200008392334,8.779000282287598,0.035,8.166000366210938,2.0,2.0,1361.0,5.358,23.0,23.1,RB,52.0,0.731,8.8
2014,00-0030513,L.Murray,LV,82.0,17.0,99.0,424.0,143.0,,2.0,0.0,2.0,0.19200000166893005,3.184000015258789,3.375999927520752,0.034,-6.558000087738037,0.0,0.0,567.0,5.727,12.2,7.7,RB,23.0,0.739,3.7
2014,00-0031066,L.Taliaferro,BAL,68.0,8.0,76.0,292.0,114.0,,4.0,0.0,4.0,-7.431000232696533,2.7100000381469727,-4.7210001945495605,-0.062,0.16500000655651093,0.0,1.0,406.0,5.342,6.8,9.3,RB,11.0,0.727,2.0
2014,00-0028198,M.Asiata,MIN,165.0,44.0,209.0,570.0,312.0,,9.0,1.0,10.0,-13.133999824523926,5.98199987411499,-7.1519999504089355,-0.034,-1.2089999914169312,3.0,1.0,882.0,4.22,17.1,37.0,RB,63.0,0.698,12.3
2014,00-0030522,M.Ball,DEN,55.0,9.0,64.0,172.0,62.0,,1.0,0.0,1.0,-9.984000205993652,0.6899999976158142,-9.293999671936035,-0.145,0.0,0.0,1.0,234.0,3.656,3.6,1.8,RB,13.0,0.692,2.1
2014,00-0026201,M.Bennett,,0.0,90.0,90.0,0.0,916.0,,0.0,6.0,6.0,0.0,59.14799880981445,59.14799880981445,0.657,9.347000122070312,1.0,0.0,916.0,10.178,91600.0,600.0,WR,130.0,0.692,13000.0
2014,00-0024466,M.Colston,,0.0,59.0,59.0,0.0,902.0,,0.0,5.0,5.0,0.0,76.97799682617188,76.97799682617188,1.305,23.31800079345703,2.0,0.0,902.0,15.288,90200.0,500.0,WR,99.0,0.596,9900.0
2014,00-0026986,M.Crabtree,SF,1.0,68.0,69.0,4.0,698.0,,0.0,4.0,4.0,-0.012000000104308128,55.797000885009766,55.78499984741211,0.808,9.656000137329102,0.0,0.0,702.0,10.174,13.8,13.8,WR,108.0,0.63,22.3
2014,00-0031408,M.Evans,,0.0,68.0,68.0,0.0,1051.0,,0.0,12.0,12.0,0.0,97.97000122070312,97.97000122070312,1.441,23.381999969482422,4.0,0.0,1051.0,15.456,105100.0,1200.0,WR,123.0,0.553,12300.0
2014,00-0022414,M.Floyd,,0.0,52.0,52.0,0.0,856.0,,0.0,6.0,6.0,0.0,76.77300262451172,76.77300262451172,1.476,18.38599967956543,2.0,0.0,856.0,16.462,85600.0,600.0,WR,92.0,0.565,9200.0
2014,00-0026184,M.Forte,CHI,267.0,102.0,369.0,1038.0,808.0,,6.0,4.0,10.0,-16.986000061035156,27.506999969482422,10.520999908447266,0.029,-12.20300006866455,2.0,1.0,1846.0,5.003,34.9,27.8,RB,131.0,0.779,21.4
2014,00-0027966,M.Ingram,NO,226.0,29.0,255.0,964.0,145.0,,9.0,0.0,9.0,-2.313999891281128,-7.869999885559082,-10.184000015258789,-0.04,-10.574000358581543,3.0,0.0,1109.0,4.349,16.5,18.4,RB,36.0,0.806,5.5
2014,00-0024275,M.Jones-Drew,LV,43.0,11.0,54.0,96.0,71.0,,0.0,0.0,0.0,-14.802000045776367,2.2799999713897705,-12.522000312805176,-0.232,-0.6299999952316284,0.0,0.0,167.0,3.093,3.6,0.0,RB,16.0,0.688,2.6
2014,00-0025399,M.Lynch,SEA,280.0,37.0,317.0,1306.0,367.0,,13.0,4.0,17.0,11.154999732971191,15.364999771118164,26.520000457763672,0.084,7.728000164031982,5.0,0.0,1673.0,5.278,29.0,42.5,RB,48.0,0.771,11.1
2014,00-0026393,M.Reece,LV,21.0,37.0,58.0,85.0,265.0,,0.0,1.0,1.0,-7.414000034332275,14.932999610900879,7.519000053405762,0.13,8.178000450134277,1.0,1.0,350.0,6.034,7.5,3.8,RB,59.0,0.627,9.5
2014,00-0030514,M.Rivera,,0.0,58.0,58.0,0.0,534.0,,0.0,4.0,4.0,0.0,38.827999114990234,38.827999114990234,0.669,16.882999420166016,1.0,0.0,534.0,9.207,53400.0,400.0,TE,99.0,0.586,9900.0
2014,00-0029632,M.Sanu,CIN,7.0,56.0,63.0,51.0,790.0,,0.0,5.0,5.0,1.4910000562667847,65.48600006103516,66.97699737548828,1.063,3.1570000648498535,0.0,0.0,841.0,13.349,14.9,12.8,WR,99.0,0.566,20.0
2014,00-0026901,M.Wallace,MIA,4.0,67.0,71.0,16.0,862.0,,0.0,10.0,10.0,-0.2840000092983246,74.00199890136719,73.71800231933594,1.038,22.274999618530273,3.0,0.0,878.0,12.366,14.8,25.6,WR,115.0,0.583,19.4
2014,00-0030460,M.Wheaton,PIT,4.0,53.0,57.0,19.0,654.0,,0.0,2.0,2.0,-0.843999981880188,48.215999603271484,47.37200164794922,0.831,10.746000289916992,0.0,0.0,673.0,11.807,10.0,4.7,WR,86.0,0.616,14.2
2014,00-0031235,O.Beckham,NYG,7.0,91.0,98.0,35.0,1305.0,,0.0,12.0,12.0,-2.447000026702881,111.7229995727539,109.2760009765625,1.115,45.64799880981445,7.0,0.0,1340.0,13.673,22.2,28.6,WR,130.0,0.7,21.7
2014,00-0026345,P.Garcon,,0.0,68.0,68.0,0.0,752.0,,0.0,3.0,3.0,0.0,45.27399826049805,45.27399826049805,0.666,16.264999389648438,0.0,0.0,752.0,11.059,75200.0,300.0,WR,105.0,0.648,10500.0
2014,00-0026998,P.Harvin,NYJ,33.0,51.0,84.0,202.0,483.0,,1.0,1.0,2.0,7.392000198364258,30.36199951171875,37.75400161743164,0.449,14.057999610900879,1.0,0.0,685.0,8.155,13.3,7.7,RB,78.0,0.654,16.0
2014,00-0024813,P.Thomas,NO,45.0,45.0,90.0,222.0,378.0,,2.0,1.0,3.0,-0.7450000047683716,19.886999130249023,19.142000198364258,0.213,8.383999824523926,0.0,0.0,600.0,6.667,8.9,6.1,RB,55.0,0.818,8.5
2014,00-0024217,R.Bush,DET,76.0,40.0,116.0,297.0,253.0,,2.0,0.0,2.0,-12.270999908447266,11.338000297546387,-0.9330000281333923,-0.008,2.48799991607666,1.0,0.0,550.0,4.741,9.8,6.5,RB,56.0,0.714,9.5
2014,00-0028002,R.Cobb,GB,11.0,91.0,102.0,37.0,1287.0,,0.0,12.0,12.0,-2.1710000038146973,118.61900329589844,116.4489974975586,1.142,31.44300079345703,2.0,0.0,1324.0,12.98,21.6,23.5,WR,127.0,0.717,23.9
2014,00-0027758,R.Cooper,,0.0,55.0,55.0,0.0,577.0,,0.0,3.0,3.0,0.0,44.83399963378906,44.83399963378906,0.815,10.970000267028809,2.0,0.0,577.0,10.491,57700.0,300.0,WR,95.0,0.579,9500.0
2014,00-0027656,R.Gronkowski,,0.0,82.0,82.0,0.0,1124.0,,0.0,12.0,12.0,0.0,105.86900329589844,105.86900329589844,1.291,15.850000381469727,3.0,0.0,1124.0,13.707,112400.0,1200.0,WR,131.0,0.626,13100.0
2014,00-0028043,R.Helu,WAS,40.0,42.0,82.0,216.0,477.0,,1.0,2.0,3.0,-2.9100000858306885,17.507999420166016,14.597999572753906,0.178,2.805999994277954,0.0,0.0,693.0,8.451,11.5,9.4,RB,47.0,0.894,8.6
2014,00-0029683,R.Hillman,DEN,106.0,21.0,127.0,434.0,139.0,,3.0,1.0,4.0,-5.611999988555908,5.639999866485596,0.02800000086426735,0.0,0.531000018119812,0.0,0.0,573.0,4.512,8.7,7.3,RB,34.0,0.618,5.6
2014,00-0027155,R.Jennings,NYG,167.0,30.0,197.0,639.0,226.0,,4.0,0.0,4.0,-12.368000030517578,-0.10100000351667404,-12.468999862670898,-0.063,1.2259999513626099,0.0,0.0,865.0,4.391,14.3,9.5,RB,41.0,0.732,6.8
2014,00-0029262,R.Randle,,0.0,71.0,71.0,0.0,938.0,,0.0,3.0,3.0,0.0,77.78500366210938,77.78500366210938,1.096,30.958999633789062,1.0,0.0,938.0,13.211,93800.0,300.0,WR,127.0,0.559,12700.0
2014,00-0029273,R.Turbin,SEA,74.0,16.0,90.0,310.0,186.0,,0.0,2.0,2.0,-7.822999954223633,16.025999069213867,8.20300006866455,0.091,3.2920000553131104,0.0,1.0,496.0,5.511,8.6,5.0,RB,20.0,0.8,4.6
2014,00-0020498,R.Wayne,,0.0,64.0,64.0,0.0,779.0,,0.0,2.0,2.0,0.0,59.875999450683594,59.875999450683594,0.936,6.163000106811523,0.0,0.0,779.0,12.172,77900.0,200.0,WR,116.0,0.552,11600.0
2014,00-0023462,R.White,,0.0,80.0,80.0,0.0,921.0,,0.0,7.0,7.0,0.0,78.14199829101562,78.14199829101562,0.977,13.442999839782715,2.0,0.0,921.0,11.512,92100.0,700.0,WR,125.0,0.64,12500.0
2014,00-0030431,R.Woods,,0.0,65.0,65.0,0.0,699.0,,0.0,5.0,5.0,0.0,53.9640007019043,53.9640007019043,0.83,12.732999801635742,2.0,0.0,699.0,10.754,69900.0,500.0,WR,105.0,0.619,10500.0
2014,00-0027864,Ry.Mathews,LAC,74.0,9.0,83.0,330.0,69.0,,3.0,0.0,3.0,2.9130001068115234,3.0859999656677246,6.0,0.072,-0.004999999888241291,0.0,0.0,399.0,4.807,7.2,8.1,RB,10.0,0.9,1.8
2014,00-0026899,S.Greene,TEN,94.0,1.0,95.0,392.0,13.0,,2.0,0.0,2.0,-5.288000106811523,0.8109999895095825,-4.4770002365112305,-0.047,3.869999885559082,0.0,1.0,405.0,4.263,8.3,8.0,RB,3.0,0.333,0.6
2014,00-0022736,S.Jackson,ATL,190.0,20.0,210.0,707.0,148.0,,6.0,0.0,6.0,-16.423999786376953,5.992000102996826,-10.432000160217285,-0.05,-1.4950000047683716,1.0,0.0,855.0,4.071,14.0,15.4,RB,27.0,0.741,4.3
2014,00-0028011,S.Ridley,NE,94.0,4.0,98.0,340.0,20.0,,2.0,0.0,2.0,-6.750999927520752,0.19099999964237213,-6.559999942779541,-0.067,0.0,0.0,0.0,360.0,3.673,6.0,4.3,RB,5.0,0.8,0.8
2014,00-0020337,S.Smith,,0.0,79.0,79.0,0.0,1065.0,,0.0,6.0,6.0,0.0,88.40699768066406,88.40699768066406,1.119,19.398000717163086,1.0,0.0,1065.0,13.481,106500.0,600.0,WR,134.0,0.59,13400.0
2014,00-0030282,S.Taylor,ARI,64.0,11.0,75.0,208.0,79.0,,1.0,3.0,4.0,-7.563000202178955,7.685999870300293,0.12200000137090683,0.002,-1.5460000038146973,0.0,0.0,287.0,3.827,5.5,14.8,RB,15.0,0.733,2.7
2014,00-0027994,S.Vereen,NE,96.0,52.0,148.0,391.0,447.0,,2.0,3.0,5.0,-6.328999996185303,30.850000381469727,24.520999908447266,0.166,5.269999980926514,1.0,0.0,838.0,5.662,14.0,10.6,RB,77.0,0.675,12.8
2014,00-0031325,S.Watkins,BUF,2.0,65.0,67.0,8.0,982.0,,0.0,6.0,6.0,0.07999999821186066,86.46700286865234,86.5459976196289,1.292,21.71299934387207,1.0,0.0,990.0,14.776,18.7,20.0,WR,128.0,0.508,22.3
2014,00-0030525,T.Austin,LA,36.0,31.0,67.0,224.0,242.0,,2.0,0.0,2.0,8.92199993133545,12.38700008392334,21.30900001525879,0.318,4.894000053405762,0.0,0.0,466.0,6.955,8.8,6.5,RB,44.0,0.705,8.7
2014,00-0027888,T.Gerhart,JAX,101.0,20.0,121.0,326.0,186.0,,2.0,0.0,2.0,-20.801000595092773,8.041999816894531,-12.758999824523926,-0.105,0.6859999895095825,1.0,1.0,512.0,4.231,10.6,8.3,RB,24.0,0.833,4.3
2014,00-0029608,T.Hilton,IND,3.0,82.0,85.0,20.0,1345.0,,0.0,7.0,7.0,0.028999999165534973,108.4990005493164,108.52799987792969,1.277,11.833999633789062,2.0,0.0,1365.0,16.059,21.3,14.6,WR,131.0,0.626,20.2
2014,00-0030506,T.Kelce,,0.0,67.0,67.0,0.0,862.0,,0.0,5.0,5.0,0.0,64.58399963378906,64.58399963378906,0.964,14.079999923706055,1.0,0.0,862.0,12.866,86200.0,500.0,WR,87.0,0.77,8700.0
2014,00-0031391,T.Mason,LA,179.0,16.0,195.0,765.0,148.0,,4.0,1.0,5.0,-25.707000732421875,8.791999816894531,-16.915000915527344,-0.087,-7.729000091552734,1.0,1.0,913.0,4.682,17.3,16.1,RB,26.0,0.615,5.1
2014,00-0029675,T.Richardson,IND,159.0,27.0,186.0,519.0,229.0,,3.0,0.0,3.0,-26.9950008392334,10.137999534606934,-16.856000900268555,-0.091,-5.104000091552734,0.0,1.0,748.0,4.022,11.7,6.2,RB,34.0,0.794,5.3
2014,00-0030107,T.Riddick,DET,20.0,34.0,54.0,51.0,316.0,,0.0,4.0,4.0,-7.544000148773193,21.5049991607666,13.961000442504883,0.259,3.0209999084472656,1.0,0.0,367.0,6.796,6.5,12.9,RB,50.0,0.68,8.4
2014,00-0031375,T.West,CLE,171.0,11.0,182.0,673.0,64.0,,4.0,1.0,5.0,-13.482000350952148,0.9210000038146973,-12.560999870300293,-0.069,-2.315999984741211,1.0,1.0,737.0,4.049,13.9,17.9,RB,13.0,0.846,2.6
2014,00-0023496,V.Jackson,,0.0,70.0,70.0,0.0,1002.0,,0.0,2.0,2.0,0.0,82.29399871826172,82.29399871826172,1.176,22.930999755859375,0.0,0.0,1002.0,14.314,100200.0,200.0,WR,143.0,0.49,14300.0
2014,00-0030061,Z.Ertz,,0.0,58.0,58.0,0.0,702.0,,0.0,3.0,3.0,0.0,61.71799850463867,61.71799850463867,1.064,17.614999771118164,1.0,0.0,702.0,12.103,70200.0,300.0,WR,89.0,0.652,8900.0
2014,00-0030536,Z.Stacy,LA,76.0,18.0,94.0,293.0,152.0,,1.0,0.0,1.0,-18.165000915527344,8.00100040435791,-10.163999557495117,-0.108,-0.8169999718666077,0.0,2.0,445.0,4.734,8.4,3.2,RB,23.0,0.783,4.5
2015,00-0032104,A.Abdullah,DET,143.0,25.0,168.0,597.0,183.0,,2.0,1.0,3.0,-15.128000259399414,7.245999813079834,-7.881999969482422,-0.047,1.1790000200271606,1.0,2.0,780.0,4.643,13.8,7.5,RB,38.0,0.658,6.1
2015,00-0030789,A.Andrews,TEN,143.0,21.0,164.0,520.0,174.0,,3.0,0.0,3.0,-28.687000274658203,6.563000202178955,-22.124000549316406,-0.135,-17.48200035095215,0.0,1.0,694.0,4.232,13.3,8.8,RB,29.0,0.724,5.3
2015,00-0031075,A.Blue,HOU,183.0,15.0,198.0,698.0,109.0,,2.0,1.0,3.0,-29.569000244140625,3.869999885559082,-25.698999404907227,-0.13,-5.295000076293945,0.0,1.0,807.0,4.076,14.0,8.8,RB,16.0,0.938,2.6
2015,00-0022084,A.Boldin,,0.0,69.0,69.0,0.0,789.0,,0.0,4.0,4.0,0.0,48.42499923706055,48.42499923706055,0.702,2.7209999561309814,2.0,0.0,789.0,11.435,78900.0,400.0,WR,112.0,0.616,11200.0
2015,00-0027793,A.Brown,PIT,3.0,136.0,139.0,28.0,1841.0,,0.0,10.0,10.0,1.9600000381469727,140.85899353027344,142.81900024414062,1.027,39.04499816894531,3.0,0.0,1869.0,13.446,29.0,23.8,WR,197.0,0.69,33.2
2015,00-0031544,A.Cooper,LV,3.0,72.0,75.0,-3.0,1082.0,,0.0,6.0,6.0,-1.7940000295639038,88.72200012207031,86.927001953125,1.159,13.732999801635742,2.0,0.0,1079.0,14.387,19.7,14.6,WR,130.0,0.554,21.5
2015,00-0030287,A.Ellington,ARI,45.0,15.0,60.0,289.0,148.0,,3.0,0.0,3.0,2.184000015258789,10.864999771118164,13.048999786376953,0.217,-0.6150000095367432,0.0,1.0,437.0,7.283,6.5,6.0,RB,24.0,0.625,4.4
2015,00-0026796,A.Foster,HOU,63.0,22.0,85.0,163.0,227.0,,1.0,2.0,3.0,-19.926000595092773,18.100000381469727,-1.8259999752044678,-0.021,0.0,0.0,1.0,390.0,4.588,6.8,8.8,RB,28.0,0.786,4.5
2015,00-0021547,A.Gates,,0.0,56.0,56.0,0.0,630.0,,0.0,5.0,5.0,0.0,55.5989990234375,55.5989990234375,0.993,20.615999221801758,1.0,0.0,630.0,11.25,63000.0,500.0,WR,85.0,0.659,8500.0
2015,00-0027942,A.Green,,0.0,86.0,86.0,0.0,1297.0,,0.0,10.0,10.0,0.0,115.1989974975586,115.1989974975586,1.34,26.400999069213867,3.0,0.0,1297.0,15.081,129700.0,1000.0,WR,132.0,0.652,13200.0
2015,00-0030821,A.Hurns,,0.0,64.0,64.0,0.0,1031.0,,0.0,10.0,10.0,0.0,92.06500244140625,92.06500244140625,1.439,21.48699951171875,3.0,0.0,1031.0,16.109,103100.0,1000.0,WR,106.0,0.604,10600.0
2015,00-0029137,A.Jeffery,,0.0,54.0,54.0,0.0,807.0,,0.0,4.0,4.0,0.0,71.88600158691406,71.88600158691406,1.331,11.758000373840332,2.0,0.0,807.0,14.944,80700.0,400.0,WR,94.0,0.574,9400.0
2015,00-0029141,A.Morris,WAS,202.0,10.0,212.0,751.0,55.0,,1.0,0.0,1.0,-29.679000854492188,1.156999945640564,-28.52199935913086,-0.135,-4.824999809265137,1.0,0.0,806.0,3.802,13.8,2.6,RB,13.0,0.769,2.3
2015,00-0025394,A.Peterson,MIN,327.0,30.0,357.0,1485.0,222.0,,11.0,0.0,11.0,-15.861000061035156,4.426000118255615,-11.4350004196167,-0.032,-5.178999900817871,3.0,3.0,1707.0,4.782,32.3,36.7,RB,36.0,0.833,8.1
2015,00-0031428,A.Robinson,,0.0,80.0,80.0,0.0,1400.0,,0.0,14.0,14.0,0.0,121.35600280761719,121.35600280761719,1.517,24.815000534057617,3.0,0.0,1400.0,17.5,140000.0,1400.0,WR,151.0,0.53,15100.0
2015,00-0031055,A.Williams,NYG,89.0,1.0,90.0,257.0,7.0,,1.0,0.0,1.0,-22.55900001525879,0.2680000066757202,-22.291000366210938,-0.248,-2.2330000400543213,0.0,0.0,264.0,2.933,4.4,2.4,RB,3.0,0.333,0.5
2015,00-0029239,B.Bolden,NE,63.0,19.0,82.0,207.0,180.0,,0.0,2.0,2.0,-16.402999877929688,10.210000038146973,-6.192999839782715,-0.076,-10.222000122070312,0.0,0.0,387.0,4.72,6.3,4.0,RB,30.0,0.633,4.8
2015,00-0031236,B.Cooks,NO,8.0,84.0,92.0,18.0,1138.0,,0.0,9.0,9.0,-2.6489999294281006,81.01399993896484,78.36499786376953,0.852,23.533000946044922,2.0,0.0,1156.0,12.565,17.3,18.8,WR,129.0,0.651,19.4
2015,00-0029795,B.Cunningham,LA,37.0,26.0,63.0,140.0,250.0,,0.0,0.0,0.0,-8.098999977111816,11.694000244140625,3.5950000286102295,0.057,2.253999948501587,0.0,0.0,390.0,6.19,8.0,0.0,RB,36.0,0.722,7.7
2015,00-0024334,B.Marshall,,0.0,109.0,109.0,0.0,1502.0,,0.0,14.0,14.0,0.0,123.53399658203125,123.53399658203125,1.133,37.999000549316406,4.0,0.0,1502.0,13.78,150200.0,1400.0,WR,173.0,0.63,17300.0
2015,00-0028064,B.Powell,NYJ,70.0,47.0,117.0,313.0,388.0,,1.0,2.0,3.0,-0.28299999237060547,16.049999237060547,15.767000198364258,0.135,11.918000221252441,2.0,0.0,701.0,5.991,12.1,7.0,RB,63.0,0.746,10.5
2015,00-0031413,B.Sankey,TEN,47.0,14.0,61.0,193.0,139.0,,1.0,1.0,2.0,-4.896999835968018,6.258999824523926,1.3619999885559082,0.022,0.8450000286102295,0.0,0.0,332.0,5.443,6.4,5.9,RB,22.0,0.636,4.0
2015,00-0022943,B.Watson,,0.0,74.0,74.0,0.0,825.0,,0.0,6.0,6.0,0.0,71.64600372314453,71.64600372314453,0.968,20.19700050354004,2.0,0.0,825.0,11.149,82500.0,600.0,WR,110.0,0.673,11000.0
2015,00-0029854,C.Anderson,DEN,152.0,25.0,177.0,720.0,183.0,,5.0,0.0,5.0,-16.514999389648438,1.8279999494552612,-14.685999870300293,-0.083,-7.236000061035156,2.0,2.0,903.0,5.102,15.3,16.1,RB,36.0,0.694,6.0
2015,00-0031599,C.Artis-Payne,CAR,45.0,5.0,50.0,183.0,58.0,,1.0,0.0,1.0,-5.067999839782715,4.394000053405762,-0.675000011920929,-0.013,3.742000102996826,1.0,0.0,241.0,4.82,4.0,1.9,RB,5.0,1.0,1.0
2015,00-0029000,C.Beasley,,0.0,52.0,52.0,0.0,536.0,,0.0,5.0,5.0,0.0,40.38399887084961,40.38399887084961,0.777,17.18199920654297,2.0,0.0,536.0,10.308,53600.0,500.0,WR,75.0,0.693,7500.0
2015,00-0028112,C.Clay,,0.0,51.0,51.0,0.0,528.0,,0.0,3.0,3.0,0.0,35.67900085449219,35.67900085449219,0.7,1.0520000457763672,0.0,0.0,528.0,10.353,52800.0,300.0,WR,77.0,0.662,7700.0
2015,00-0029697,C.Fleener,,0.0,54.0,54.0,0.0,491.0,,0.0,3.0,3.0,0.0,30.024999618530273,30.024999618530273,0.556,9.611000061035156,1.0,0.0,491.0,9.093,49100.0,300.0,TE,85.0,0.635,8500.0
2015,00-0031045,C.Hyde,SF,115.0,11.0,126.0,470.0,53.0,,3.0,0.0,3.0,-5.989999771118164,0.23100000619888306,-5.760000228881836,-0.046,0.0,0.0,0.0,523.0,4.151,10.8,13.6,RB,15.0,0.733,2.8
2015,00-0027531,C.Ivory,NYJ,247.0,30.0,277.0,1070.0,217.0,,7.0,1.0,8.0,-33.92499923706055,9.824000358581543,-24.10099983215332,-0.087,-7.908999919891357,0.0,2.0,1287.0,4.646,22.3,18.6,RB,37.0,0.811,6.1
2015,00-0025389,C.Johnson,,0.0,88.0,88.0,0.0,1214.0,,0.0,9.0,9.0,0.0,98.03900146484375,98.03900146484375,1.114,20.39699935913086,2.0,0.0,1214.0,13.795,121400.0,900.0,WR,149.0,0.591,14900.0
2015,00-0026164,C.Johnson,ARI,196.0,6.0,202.0,814.0,58.0,,3.0,0.0,3.0,-22.280000686645508,1.8339999914169312,-20.44700050354004,-0.101,0.0,0.0,2.0,872.0,4.317,13.1,6.0,RB,13.0,0.462,2.4
2015,00-0030432,C.Michael,SEA,54.0,3.0,57.0,243.0,16.0,,0.0,0.0,0.0,-2.1530001163482666,-0.04399999976158142,-2.197000026702881,-0.039,0.7319999933242798,0.0,0.0,259.0,4.544,4.4,0.0,RB,6.0,0.5,1.3
2015,00-0027939,C.Newton,CAR,91.0,0.0,91.0,449.0,0.0,,10.0,0.0,10.0,13.862000465393066,0.0,13.862000465393066,0.152,5.730999946594238,3.0,3.0,449.0,4.934,7.5,18.5,RB,0.0,0.0,0.0
2015,00-0029438,C.Polk,HOU,99.0,16.0,115.0,334.0,109.0,,1.0,1.0,2.0,-18.833999633789062,4.920000076293945,-13.913000106811523,-0.121,-5.703999996185303,0.0,0.0,443.0,3.852,7.7,5.9,RB,28.0,0.571,4.5
2015,00-0028052,C.Shorts III,HOU,10.0,42.0,52.0,47.0,484.0,,0.0,2.0,2.0,0.41100001335144043,27.5939998626709,28.003999710083008,0.539,-2.6589999198913574,0.0,0.0,531.0,10.212,9.2,5.9,WR,75.0,0.56,12.2
2015,00-0031390,C.Sims,TB,107.0,51.0,158.0,529.0,561.0,,0.0,4.0,4.0,-8.987000465393066,26.95400047302246,17.966999053955078,0.114,7.980999946594238,1.0,1.0,1090.0,6.899,18.1,12.5,RB,70.0,0.729,13.2
2015,00-0027861,C.Spiller,NO,36.0,34.0,70.0,112.0,239.0,,0.0,2.0,2.0,-10.836999893188477,9.597999572753906,-1.2389999628067017,-0.018,-1.906999945640564,0.0,0.0,351.0,5.014,5.2,4.2,RB,44.0,0.773,6.6
2015,00-0030404,C.Thompson,WAS,35.0,35.0,70.0,216.0,240.0,,0.0,2.0,2.0,-3.6389999389648438,14.156000137329102,10.517000198364258,0.15,-0.16300000250339508,1.0,0.0,456.0,6.514,7.8,5.3,RB,48.0,0.729,8.6
2015,00-0030668,C.West,KC,160.0,20.0,180.0,634.0,214.0,,4.0,1.0,5.0,-17.677000045776367,11.963000297546387,-5.714000225067139,-0.032,-6.642000198364258,1.0,1.0,848.0,4.711,16.6,13.5,RB,34.0,0.588,7.3
2015,00-0031381,D.Adams,,0.0,50.0,50.0,0.0,495.0,,0.0,1.0,1.0,0.0,29.992000579833984,29.992000579833984,0.6,5.640999794006348,0.0,0.0,495.0,9.9,49500.0,100.0,TE,95.0,0.526,9500.0
2015,00-0026035,D.Amendola,NE,2.0,65.0,67.0,11.0,648.0,,0.0,3.0,3.0,0.36899998784065247,45.52399826049805,45.893001556396484,0.685,2.489000082015991,0.0,0.0,659.0,9.836,10.7,6.0,TE,87.0,0.747,13.9
2015,00-0028434,D.Baldwin,,0.0,78.0,78.0,0.0,1069.0,,0.0,14.0,14.0,0.0,94.04900360107422,94.04900360107422,1.206,35.88999938964844,6.0,0.0,1069.0,13.705,106900.0,1400.0,WR,103.0,0.757,10300.0
2015,00-0027003,D.Brown,LAC,59.0,8.0,67.0,229.0,88.0,,1.0,0.0,1.0,-7.835999965667725,5.572999954223633,-2.263000011444092,-0.034,-3.119999885559082,1.0,0.0,317.0,4.731,5.1,2.9,RB,13.0,0.615,2.0
2015,00-0032133,D.Cobb,TEN,52.0,1.0,53.0,146.0,-2.0,,1.0,0.0,1.0,-10.463000297546387,-1.1690000295639038,-11.631999969482422,-0.219,-5.439000129699707,1.0,0.0,144.0,2.717,2.8,2.9,RB,2.0,0.5,0.4
2015,00-0031285,D.Freeman,ATL,265.0,73.0,338.0,1056.0,578.0,,11.0,3.0,14.0,-11.550000190734863,33.1510009765625,21.600000381469727,0.064,-19.71500015258789,3.0,1.0,1634.0,4.834,26.6,41.2,RB,97.0,0.753,15.7
2015,00-0028409,D.Harris,SF,48.0,9.0,57.0,189.0,97.0,,0.0,0.0,0.0,-8.63599967956543,6.400000095367432,-2.236999988555908,-0.039,-0.9169999957084656,0.0,1.0,286.0,5.018,5.9,0.0,RB,14.0,0.643,2.7
2015,00-0030564,D.Hopkins,,0.0,111.0,111.0,0.0,1521.0,,0.0,11.0,11.0,0.0,139.32000732421875,139.32000732421875,1.255,28.663999557495117,1.0,0.0,1521.0,13.703,152100.0,1100.0,WR,193.0,0.575,19300.0
2015,00-0032187,D.Johnson,ARI,125.0,36.0,161.0,581.0,457.0,,8.0,4.0,12.0,10.857000350952148,36.689998626708984,47.547000885009766,0.295,28.690000534057617,4.0,0.0,1038.0,6.447,15.5,24.0,RB,57.0,0.632,10.4
2015,00-0032257,D.Johnson,CLE,104.0,61.0,165.0,379.0,534.0,,0.0,2.0,2.0,-15.894000053405762,21.475000381469727,5.580999851226807,0.034,4.868000030517578,0.0,0.0,913.0,5.533,17.0,8.3,RB,74.0,0.824,12.2
2015,00-0028087,D.Lewis,NE,49.0,36.0,85.0,234.0,388.0,,2.0,2.0,4.0,8.567000389099121,23.715999603271484,32.28300094604492,0.38,0.0,0.0,0.0,622.0,7.318,10.1,8.0,RB,50.0,0.72,8.0
2015,00-0029613,D.Martin,TB,288.0,33.0,321.0,1402.0,271.0,,6.0,1.0,7.0,-19.979999542236328,10.788000106811523,-9.192999839782715,-0.029,-4.63100004196167,2.0,4.0,1673.0,5.212,27.9,21.9,RB,44.0,0.75,8.3
2015,00-0027651,D.McCluster,TEN,55.0,31.0,86.0,247.0,260.0,,1.0,1.0,2.0,-8.54800033569336,9.722999572753906,1.1740000247955322,0.014,1.9190000295639038,0.0,1.0,507.0,5.895,9.7,5.9,RB,41.0,0.756,7.5
2015,00-0026144,D.McFadden,DAL,239.0,40.0,279.0,1089.0,328.0,,3.0,0.0,3.0,-13.175999641418457,10.406999588012695,-2.7679998874664307,-0.01,6.507999897003174,0.0,3.0,1417.0,5.079,26.0,12.5,RB,54.0,0.741,10.4
2015,00-0031339,D.Moncrief,,0.0,64.0,64.0,0.0,733.0,,0.0,6.0,6.0,0.0,77.48799896240234,77.48799896240234,1.211,10.989999771118164,1.0,0.0,733.0,11.453,73300.0,600.0,WR,105.0,0.61,10500.0
2015,00-0028009,D.Murray,PHI,193.0,44.0,237.0,702.0,322.0,,6.0,1.0,7.0,-14.70300006866455,14.234999656677246,-0.46799999475479126,-0.002,-3.825000047683716,2.0,2.0,1024.0,4.321,17.0,18.4,RB,55.0,0.8,8.9
2015,00-0030547,D.Robinson,JAX,67.0,21.0,88.0,266.0,164.0,,1.0,0.0,1.0,-16.4689998626709,4.427999973297119,-12.041000366210938,-0.137,-8.33899974822998,1.0,1.0,430.0,4.886,7.6,2.5,RB,30.0,0.7,5.0
2015,00-0023564,D.Sproles,PHI,83.0,55.0,138.0,317.0,388.0,,3.0,1.0,4.0,3.740000009536743,19.41699981689453,23.156999588012695,0.168,9.782999992370605,2.0,0.0,705.0,5.109,11.7,10.5,RB,83.0,0.663,13.4
2015,00-0027874,D.Thomas,,0.0,105.0,105.0,0.0,1304.0,,0.0,6.0,6.0,0.0,97.41100311279297,97.41100311279297,0.928,22.764999389648438,3.0,0.0,1304.0,12.419,130400.0,600.0,WR,177.0,0.593,17700.0
2015,00-0024389,D.Walker,TEN,1.0,94.0,95.0,36.0,1088.0,,0.0,6.0,6.0,2.6429998874664307,82.53700256347656,85.17900085449219,0.897,27.610000610351562,2.0,0.0,1124.0,11.832,21.6,17.6,WR,134.0,0.701,24.5
2015,00-0026019,D.Woodhead,LAC,98.0,80.0,178.0,336.0,755.0,,3.0,6.0,9.0,-14.098999977111816,47.08700180053711,32.987998962402344,0.185,8.786999702453613,4.0,0.0,1091.0,6.129,17.6,26.5,RB,106.0,0.755,16.0
2015,00-0024242,De.Williams,PIT,200.0,40.0,240.0,907.0,367.0,,11.0,0.0,11.0,-2.193000078201294,15.62399959564209,13.430999755859375,0.056,-2.134000062942505,5.0,1.0,1274.0,5.308,19.8,26.2,RB,48.0,0.833,8.1
2015,00-0027690,E.Decker,,0.0,80.0,80.0,0.0,1027.0,,0.0,12.0,12.0,0.0,100.70700073242188,100.70700073242188,1.259,26.090999603271484,4.0,0.0,1027.0,12.838,102700.0,1200.0,WR,132.0,0.606,13200.0
2015,00-0030485,E.Lacy,GB,187.0,20.0,207.0,758.0,188.0,,3.0,2.0,5.0,-20.559999465942383,11.239999771118164,-9.319999694824219,-0.045,1.9559999704360962,2.0,2.0,946.0,4.57,17.6,13.2,RB,28.0,0.714,4.9
2015,00-0027685,E.Sanders,DEN,3.0,76.0,79.0,29.0,1135.0,,0.0,6.0,6.0,-1.9520000219345093,94.7229995727539,92.77100372314453,1.174,27.54199981689453,2.0,0.0,1164.0,14.734,19.8,19.4,WR,137.0,0.555,22.7
2015,00-0023500,F.Gore,IND,260.0,34.0,294.0,967.0,267.0,,6.0,1.0,7.0,-49.75299835205078,14.802000045776367,-34.95100021362305,-0.119,-10.640000343322754,2.0,3.0,1234.0,4.197,24.0,21.9,RB,58.0,0.586,9.6
2015,00-0024204,F.Jackson,SEA,26.0,32.0,58.0,100.0,257.0,,0.0,2.0,2.0,-4.784999847412109,15.255999565124512,10.470999717712402,0.181,4.228000164031982,0.0,0.0,357.0,6.155,6.0,4.7,RB,41.0,0.78,8.6
2015,00-0026281,G.Barnidge,,0.0,79.0,79.0,0.0,1043.0,,0.0,9.0,9.0,0.0,96.7040023803711,96.7040023803711,1.224,18.819000244140625,2.0,0.0,1043.0,13.203,104300.0,900.0,WR,125.0,0.632,12500.0
2015,00-0030456,G.Bernard,CIN,154.0,49.0,203.0,730.0,472.0,,2.0,0.0,2.0,-12.809000015258789,27.402000427246094,14.592000007629395,0.072,-4.495999813079834,0.0,0.0,1202.0,5.921,20.8,4.2,RB,66.0,0.742,13.3
2015,00-0025418,G.Olsen,,0.0,77.0,77.0,0.0,1104.0,,0.0,7.0,7.0,0.0,90.14299774169922,90.14299774169922,1.171,16.16699981689453,1.0,0.0,1104.0,14.338,110400.0,700.0,WR,124.0,0.621,12400.0
2015,00-0027891,G.Tate,DET,6.0,90.0,96.0,41.0,813.0,,0.0,6.0,6.0,0.32899999618530273,55.45800018310547,55.7869987487793,0.581,17.57699966430664,4.0,0.0,854.0,8.896,15.1,15.0,TE,129.0,0.698,20.7
2015,00-0023465,H.Miller,PIT,1.0,60.0,61.0,2.0,535.0,,0.0,2.0,2.0,-0.45100000500679016,37.970001220703125,37.51900100708008,0.615,10.572999954223633,1.0,0.0,537.0,8.803,8.3,4.8,TE,82.0,0.732,13.8
2015,00-0030656,I.Crowell,CLE,185.0,19.0,204.0,706.0,182.0,,4.0,1.0,5.0,-20.974000930786133,11.76200008392334,-9.211999893188477,-0.045,2.6600000858306885,3.0,0.0,888.0,4.353,16.5,20.8,RB,22.0,0.864,3.6
2015,00-0031590,J.Ajayi,MIA,50.0,7.0,57.0,187.0,90.0,,1.0,0.0,1.0,-2.888000011444092,5.0929999351501465,2.2049999237060547,0.039,-4.817999839782715,1.0,0.0,277.0,4.86,4.9,2.9,RB,11.0,0.636,1.9
2015,00-0031577,J.Allen,BAL,137.0,45.0,182.0,514.0,343.0,,1.0,2.0,3.0,-28.275999069213867,16.457000732421875,-11.819000244140625,-0.065,-16.304000854492188,1.0,2.0,857.0,4.709,14.6,10.3,RB,62.0,0.726,9.2
2015,00-0027218,J.Bell,DET,92.0,22.0,114.0,311.0,286.0,,4.0,0.0,4.0,-5.026000022888184,17.368999481201172,12.343000411987305,0.108,12.23799991607666,2.0,0.0,597.0,5.237,10.6,10.0,RB,27.0,0.815,4.3
2015,00-0026213,J.Charles,KC,71.0,21.0,92.0,364.0,177.0,,4.0,1.0,5.0,1.8949999809265137,7.908999919891357,9.803000450134277,0.107,0.0,0.0,1.0,541.0,5.88,10.6,13.5,RB,30.0,0.7,6.4
2015,00-0031941,J.Crowder,WAS,2.0,59.0,61.0,2.0,604.0,,0.0,2.0,2.0,-0.6639999747276306,49.084999084472656,48.41999816894531,0.794,17.87700080871582,1.0,0.0,606.0,9.934,10.4,5.3,WR,80.0,0.738,14.3
2015,00-0027150,J.Edelman,NE,3.0,61.0,64.0,23.0,692.0,,0.0,7.0,7.0,3.746000051498413,59.858001708984375,63.604000091552734,0.994,0.0,0.0,0.0,715.0,11.172,11.6,14.0,WR,88.0,0.693,14.1
2015,00-0026373,J.Forsett,BAL,151.0,31.0,182.0,641.0,153.0,,2.0,0.0,2.0,-12.364999771118164,-0.04399999976158142,-12.409000396728516,-0.068,0.0,0.0,0.0,794.0,4.363,13.5,6.9,RB,42.0,0.738,6.3
2015,00-0029104,J.Gray,MIA,45.0,7.0,52.0,176.0,76.0,,0.0,0.0,0.0,-5.25600004196167,1.3179999589920044,-3.937999963760376,-0.076,-1.850000023841858,0.0,0.0,252.0,4.846,4.4,0.0,RB,8.0,0.875,1.4
2015,00-0029510,J.Grimes,HOU,57.0,26.0,83.0,282.0,173.0,,1.0,1.0,2.0,-1.965999960899353,5.056000232696533,3.0899999141693115,0.037,4.288000106811523,2.0,0.0,455.0,5.482,7.9,5.9,RB,32.0,0.812,5.2
2015,00-0031301,J.Hill,CIN,224.0,15.0,239.0,794.0,79.0,,11.0,1.0,12.0,-25.670000076293945,4.794000148773193,-20.875999450683594,-0.087,-7.458000183105469,3.0,3.0,873.0,3.653,15.1,25.0,RB,19.0,0.789,3.8
2015,00-0025465,J.Jones,,0.0,50.0,50.0,0.0,890.0,,0.0,8.0,8.0,0.0,85.16600036621094,85.16600036621094,1.703,26.736000061035156,1.0,0.0,890.0,17.8,89000.0,800.0,WR,101.0,0.495,10100.0
2015,00-0027944,J.Jones,,0.0,136.0,136.0,0.0,1871.0,,0.0,8.0,8.0,0.0,144.77099609375,144.77099609375,1.064,46.6150016784668,2.0,0.0,1871.0,13.757,187100.0,800.0,WR,203.0,0.67,20300.0
2015,00-0031382,J.Landry,MIA,18.0,110.0,128.0,113.0,1157.0,,1.0,4.0,5.0,2.180999994277954,74.7969970703125,76.97799682617188,0.601,22.143999099731445,0.0,0.0,1270.0,9.922,22.4,14.3,WR,167.0,0.659,28.6
2015,00-0031569,J.Langford,CHI,150.0,22.0,172.0,537.0,279.0,,6.0,1.0,7.0,-6.493000030517578,20.479000091552734,13.986000061035156,0.081,-0.2070000022649765,0.0,0.0,816.0,4.744,14.7,21.2,RB,42.0,0.524,8.0
2015,00-0026995,J.Maclin,KC,3.0,87.0,90.0,14.0,1088.0,,0.0,8.0,8.0,-0.5410000085830688,82.2760009765625,81.73500061035156,0.908,19.30699920654297,3.0,0.0,1102.0,12.244,21.5,21.6,WR,124.0,0.702,26.6
2015,00-0031299,J.Matthews,,0.0,85.0,85.0,0.0,997.0,,0.0,8.0,8.0,0.0,82.11799621582031,82.11799621582031,0.966,34.42599868774414,4.0,0.0,997.0,11.729,99700.0,800.0,WR,128.0,0.664,12800.0
2015,00-0031376,J.McKinnon,MIN,52.0,21.0,73.0,271.0,173.0,,2.0,1.0,3.0,6.796000003814697,6.953000068664551,13.75,0.188,13.704000473022461,3.0,0.0,444.0,6.082,8.4,10.0,RB,29.0,0.724,6.5
2015,00-0030388,J.Randle,DAL,76.0,10.0,86.0,315.0,86.0,,4.0,0.0,4.0,-6.535999774932861,5.21999979019165,-1.315999984741211,-0.015,0.0,0.0,0.0,401.0,4.663,7.4,16.7,RB,10.0,1.0,1.9
2015,00-0030472,J.Reed,,0.0,87.0,87.0,0.0,952.0,,0.0,11.0,11.0,0.0,77.60700225830078,77.60700225830078,0.892,35.8849983215332,5.0,0.0,952.0,10.943,95200.0,1100.0,WR,114.0,0.763,11400.0
2015,00-0027791,J.Starks,GB,148.0,43.0,191.0,601.0,392.0,,2.0,3.0,5.0,-16.922000885009766,14.09000015258789,-2.8320000171661377,-0.015,-2.5350000858306885,2.0,2.0,993.0,5.199,18.5,13.2,RB,53.0,0.811,9.3
2015,00-0026153,J.Stewart,CAR,242.0,16.0,258.0,989.0,99.0,,6.0,1.0,7.0,-14.732999801635742,5.789000034332275,-8.944000244140625,-0.035,3.453000068664551,1.0,2.0,1088.0,4.217,18.2,13.0,RB,21.0,0.762,4.3
2015,00-0026267,J.Tamme,,0.0,59.0,59.0,0.0,657.0,,0.0,1.0,1.0,0.0,51.12300109863281,51.12300109863281,0.866,8.26099967956543,0.0,0.0,657.0,11.136,65700.0,100.0,WR,81.0,0.728,8100.0
2015,00-0031062,J.White,NE,22.0,40.0,62.0,56.0,410.0,,2.0,4.0,6.0,-4.702000141143799,34.77399826049805,30.07200050354004,0.485,14.105999946594238,3.0,0.0,466.0,7.516,7.5,12.0,RB,54.0,0.741,8.7
2015,00-0022127,J.Witten,,0.0,77.0,77.0,0.0,713.0,,0.0,3.0,3.0,0.0,39.00899887084961,39.00899887084961,0.507,9.800999641418457,1.0,0.0,713.0,9.26,71300.0,300.0,TE,104.0,0.74,10400.0
2015,00-0031051,Jo.Brown,ARI,3.0,65.0,68.0,22.0,1003.0,,0.0,7.0,7.0,0.6169999837875366,85.09300231933594,85.70999908447266,1.26,20.100000381469727,3.0,0.0,1025.0,15.074,15.3,14.0,WR,101.0,0.644,18.4
2015,00-0028497,K.Aiken,,0.0,75.0,75.0,0.0,944.0,,0.0,5.0,5.0,0.0,79.81999969482422,79.81999969482422,1.064,26.878000259399414,1.0,0.0,944.0,12.587,94400.0,500.0,WR,128.0,0.586,12800.0
2015,00-0030279,K.Allen,,0.0,67.0,67.0,0.0,725.0,,0.0,4.0,4.0,0.0,59.165000915527344,59.165000915527344,0.883,0.0,0.0,0.0,725.0,10.821,72500.0,400.0,WR,90.0,0.744,9000.0
2015,00-0030348,K.Robinson,NO,56.0,17.0,73.0,180.0,115.0,,4.0,0.0,4.0,-4.333000183105469,3.8580000400543213,-0.4749999940395355,-0.007,0.0,0.0,0.0,295.0,4.041,4.4,8.3,RB,20.0,0.85,3.0
2015,00-0032152,Ka.Williams,BUF,93.0,11.0,104.0,517.0,96.0,,7.0,2.0,9.0,17.02899932861328,-3.4749999046325684,13.555000305175781,0.13,0.2329999953508377,2.0,0.0,613.0,5.894,10.9,22.0,RB,14.0,0.786,3.0
2015,00-0030496,L.Bell,PIT,113.0,24.0,137.0,556.0,136.0,,3.0,0.0,3.0,0.07599999755620956,-1.3849999904632568,-1.309999942779541,-0.01,0.0,0.0,0.0,692.0,5.051,10.8,7.1,RB,26.0,0.923,4.4
2015,00-0027325,L.Blount,NE,165.0,6.0,171.0,703.0,43.0,,6.0,1.0,7.0,-4.7789998054504395,2.6429998874664307,-2.135999917984009,-0.012,1.1460000276565552,0.0,0.0,746.0,4.363,12.1,14.0,RB,7.0,0.857,1.1
2015,00-0022921,L.Fitzgerald,,0.0,109.0,109.0,0.0,1215.0,,0.0,9.0,9.0,0.0,89.38400268554688,89.38400268554688,0.82,14.524999618530273,2.0,0.0,1215.0,11.147,121500.0,900.0,WR,145.0,0.752,14500.0
2015,00-0027029,L.McCoy,BUF,203.0,32.0,235.0,895.0,292.0,,3.0,2.0,5.0,-10.236000061035156,17.351999282836914,7.116000175476074,0.03,0.5320000052452087,0.0,1.0,1187.0,5.051,21.1,12.2,RB,50.0,0.64,10.8
2015,00-0029615,L.Miller,MIA,194.0,47.0,241.0,872.0,397.0,,8.0,2.0,10.0,-15.335000038146973,19.684999465942383,4.35099983215332,0.018,-6.386000156402588,3.0,1.0,1269.0,5.266,22.4,28.6,RB,57.0,0.825,9.8
2015,00-0030513,L.Murray,LV,266.0,41.0,307.0,1066.0,232.0,,6.0,0.0,6.0,-32.54899978637695,1.9129999876022339,-30.63599967956543,-0.1,-12.960000038146973,1.0,1.0,1298.0,4.228,23.7,14.6,RB,53.0,0.774,8.8
2015,00-0026201,M.Bennett,,0.0,53.0,53.0,0.0,439.0,,0.0,3.0,3.0,0.0,34.03900146484375,34.03900146484375,0.642,0.0,0.0,0.0,439.0,8.283,43900.0,300.0,TE,80.0,0.662,8000.0
2015,00-0031373,M.Bryant,PIT,5.0,50.0,55.0,37.0,765.0,,1.0,6.0,7.0,3.509000062942505,54.255001068115234,57.763999938964844,1.05,6.9029998779296875,0.0,0.0,802.0,14.582,12.5,16.7,WR,92.0,0.543,15.5
2015,00-0026986,M.Crabtree,,0.0,85.0,85.0,0.0,922.0,,0.0,9.0,9.0,0.0,80.3239974975586,80.3239974975586,0.945,12.97599983215332,2.0,0.0,922.0,10.847,92200.0,900.0,WR,146.0,0.582,14600.0
2015,00-0031408,M.Evans,,0.0,74.0,74.0,0.0,1211.0,,0.0,3.0,3.0,0.0,100.38200378417969,100.38200378417969,1.357,29.530000686645508,0.0,0.0,1211.0,16.365,121100.0,300.0,WR,148.0,0.5,14800.0
2015,00-0029638,M.Floyd,,0.0,52.0,52.0,0.0,849.0,,0.0,6.0,6.0,0.0,74.81600189208984,74.81600189208984,1.439,24.450000762939453,1.0,0.0,849.0,16.327,84900.0,600.0,WR,89.0,0.584,8900.0
2015,00-0026184,M.Forte,CHI,218.0,44.0,262.0,898.0,389.0,,4.0,3.0,7.0,-15.729999542236328,20.753000259399414,5.0229997634887695,0.019,11.284000396728516,3.0,1.0,1287.0,4.912,23.1,21.2,RB,60.0,0.733,11.5
2015,00-0030433,M.Gillislee,BUF,47.0,6.0,53.0,267.0,29.0,,3.0,0.0,3.0,0.08399999886751175,0.47200000286102295,0.5550000071525574,0.01,1.6929999589920044,3.0,1.0,296.0,5.585,5.3,7.3,RB,7.0,0.857,1.5
2015,00-0032144,M.Gordon,LAC,184.0,33.0,217.0,641.0,192.0,,0.0,0.0,0.0,-44.61800003051758,3.359999895095825,-41.257999420166016,-0.19,-7.7170000076293945,0.0,4.0,833.0,3.839,13.5,0.0,RB,37.0,0.892,5.6
2015,00-0027966,M.Ingram,NO,167.0,50.0,217.0,769.0,405.0,,6.0,0.0,6.0,3.365999937057495,9.012999534606934,12.378999710083008,0.057,0.0,0.0,0.0,1174.0,5.41,17.6,12.5,RB,60.0,0.833,9.0
2015,00-0029293,M.Jones,CIN,5.0,65.0,70.0,33.0,816.0,,0.0,4.0,4.0,-1.0130000114440918,64.07499694824219,63.0620002746582,0.901,19.198999404907227,0.0,0.0,849.0,12.129,14.7,8.3,WR,103.0,0.631,20.8
2015,00-0031939,M.Jones,WAS,144.0,19.0,163.0,490.0,304.0,,3.0,1.0,4.0,-35.895999908447266,18.27899932861328,-17.617000579833984,-0.108,-1.781999945640564,0.0,4.0,794.0,4.871,13.6,10.5,RB,25.0,0.76,4.5
2015,00-0025399,M.Lynch,SEA,112.0,13.0,125.0,417.0,80.0,,3.0,0.0,3.0,-12.892000198364258,1.5,-11.392000198364258,-0.091,0.0,0.0,0.0,497.0,3.976,8.4,7.0,RB,21.0,0.619,4.4
2015,00-0026069,M.Tolbert,CAR,62.0,18.0,80.0,256.0,154.0,,1.0,3.0,4.0,0.050999999046325684,11.380000114440918,11.430999755859375,0.143,0.23899999260902405,0.0,0.0,410.0,5.125,6.9,7.4,RB,23.0,0.783,4.7
2015,00-0031235,O.Beckham Jr.,NYG,1.0,96.0,97.0,3.0,1454.0,,0.0,13.0,13.0,-1.0399999618530273,146.01199340820312,144.9720001220703,1.495,30.767000198364258,3.0,0.0,1457.0,15.021,24.1,31.7,WR,158.0,0.608,25.7
2015,00-0026345,P.Garcon,,0.0,72.0,72.0,0.0,777.0,,0.0,6.0,6.0,0.0,71.75599670410156,71.75599670410156,0.997,22.83300018310547,3.0,0.0,777.0,10.792,77700.0,600.0,WR,112.0,0.643,11200.0
2015,00-0028002,R.Cobb,GB,13.0,79.0,92.0,50.0,829.0,,0.0,6.0,6.0,-1.6369999647140503,61.834999084472656,60.196998596191406,0.654,7.71999979019165,0.0,0.0,879.0,9.554,16.4,15.8,WR,129.0,0.612,22.7
2015,00-0027656,R.Gronkowski,,0.0,72.0,72.0,0.0,1176.0,,0.0,11.0,11.0,0.0,102.90299987792969,102.90299987792969,1.429,25.70800018310547,2.0,0.0,1176.0,16.333,117600.0,1100.0,WR,120.0,0.6,12000.0
2015,00-0029683,R.Hillman,DEN,207.0,24.0,231.0,863.0,111.0,,7.0,0.0,7.0,-16.95599937438965,-2.561000108718872,-19.517000198364258,-0.084,-5.261000156402588,1.0,1.0,974.0,4.216,16.5,22.6,RB,35.0,0.686,5.8
2015,00-0027155,R.Jennings,NYG,195.0,29.0,224.0,863.0,296.0,,3.0,1.0,4.0,-4.669000148773193,13.065999984741211,8.397000312805176,0.037,12.012999534606934,2.0,1.0,1159.0,5.174,19.1,9.8,RB,40.0,0.725,6.5
2015,00-0027864,R.Mathews,PHI,106.0,20.0,126.0,539.0,146.0,,6.0,1.0,7.0,-6.47599983215332,6.673999786376953,0.1979999989271164,0.002,-12.414999961853027,1.0,3.0,685.0,5.437,11.4,18.4,RB,28.0,0.714,4.5
2015,00-0029262,R.Randle,,0.0,57.0,57.0,0.0,801.0,,0.0,8.0,8.0,0.0,71.54399871826172,71.54399871826172,1.255,20.13599967956543,4.0,0.0,801.0,14.053,80100.0,800.0,WR,90.0,0.633,9000.0
2015,00-0031384,R.Rodgers,GB,1.0,58.0,59.0,11.0,526.0,,0.0,8.0,8.0,0.8410000205039978,40.5880012512207,41.42900085449219,0.702,3.8380000591278076,2.0,0.0,537.0,9.102,10.0,21.1,TE,86.0,0.674,15.1
2015,00-0029273,R.Turbin,DAL,50.0,7.0,57.0,199.0,23.0,,1.0,0.0,1.0,-5.188000202178955,-2.984999895095825,-8.17300033569336,-0.143,-2.502000093460083,1.0,0.0,222.0,3.895,4.1,4.2,RB,10.0,0.7,1.9
2015,00-0031588,S.Diggs,MIN,3.0,52.0,55.0,13.0,720.0,,0.0,4.0,4.0,0.0820000022649765,59.90800094604492,59.9900016784668,1.091,7.504000186920166,2.0,0.0,733.0,13.327,13.9,13.3,WR,84.0,0.619,19.0
2015,00-0028202,S.Draughn,SF,78.0,27.0,105.0,273.0,176.0,,1.0,0.0,1.0,-11.595000267028809,1.7599999904632568,-9.833999633789062,-0.094,-3.6040000915527344,0.0,0.0,449.0,4.276,9.3,4.5,RB,35.0,0.771,6.6
2015,00-0027994,S.Vereen,NYG,61.0,59.0,120.0,260.0,494.0,,0.0,4.0,4.0,-5.877999782562256,24.035999298095703,18.158000946044922,0.151,6.7170000076293945,1.0,0.0,754.0,6.283,12.5,9.8,RB,81.0,0.728,13.2
2015,00-0030414,S.Ware,KC,72.0,6.0,78.0,403.0,5.0,,6.0,0.0,6.0,9.89799976348877,-4.741000175476074,5.1570000648498535,0.066,-0.28600001335144043,1.0,0.0,408.0,5.231,8.0,16.2,RB,6.0,1.0,1.3
2015,00-0031325,S.Watkins,BUF,1.0,60.0,61.0,1.0,1047.0,,0.0,9.0,9.0,-0.32899999618530273,99.052001953125,98.7229995727539,1.618,38.22999954223633,3.0,0.0,1048.0,17.18,18.6,22.0,WR,96.0,0.625,20.7
2015,00-0030525,T.Austin,LA,52.0,52.0,104.0,434.0,473.0,,4.0,5.0,9.0,19.98699951171875,21.166000366210938,41.15299987792969,0.396,8.699000358581543,2.0,0.0,907.0,8.721,18.6,34.6,RB,87.0,0.598,18.6
2015,00-0029269,T.Benjamin,CLE,4.0,68.0,72.0,12.0,966.0,,0.0,5.0,5.0,0.12099999934434891,65.86499786376953,65.98600006103516,0.916,10.192000389099121,0.0,0.0,978.0,13.583,18.2,20.8,WR,127.0,0.535,21.0
2015,00-0032058,T.Coleman,ATL,87.0,2.0,89.0,392.0,14.0,,1.0,0.0,1.0,-17.559999465942383,0.5360000133514404,-17.024999618530273,-0.191,1.4930000305175781,0.0,3.0,406.0,4.562,6.6,2.9,RB,11.0,0.182,1.8
2015,00-0030549,T.Eifert,,0.0,52.0,52.0,0.0,615.0,,0.0,13.0,13.0,0.0,70.60099792480469,70.60099792480469,1.358,11.222000122070312,1.0,0.0,615.0,11.827,61500.0,1300.0,WR,74.0,0.703,7400.0
2015,00-0032241,T.Gurley,LA,230.0,21.0,251.0,1106.0,188.0,,10.0,0.0,10.0,-13.840999603271484,6.711999893188477,-7.129000186920166,-0.028,6.081999778747559,4.0,1.0,1294.0,5.155,26.6,38.5,RB,26.0,0.808,5.5
2015,00-0026289,T.Hightower,NO,96.0,12.0,108.0,375.0,129.0,,4.0,0.0,4.0,-5.767000198364258,5.408999919891357,-0.3580000102519989,-0.003,3.4809999465942383,4.0,0.0,504.0,4.667,7.5,8.3,RB,13.0,0.923,2.0
2015,00-0029608,T.Hilton,,0.0,69.0,69.0,0.0,1124.0,,0.0,5.0,5.0,0.0,93.91500091552734,93.91500091552734,1.361,22.83099937438965,0.0,0.0,1124.0,16.29,112400.0,500.0,WR,134.0,0.515,13400.0
2015,00-0030506,T.Kelce,,0.0,72.0,72.0,0.0,875.0,,0.0,5.0,5.0,0.0,57.172000885009766,57.172000885009766,0.794,9.142999649047852,1.0,0.0,875.0,12.153,87500.0,500.0,WR,105.0,0.686,10500.0
2015,00-0032211,T.Lockett,SEA,5.0,51.0,56.0,20.0,664.0,,0.0,6.0,6.0,-0.45100000500679016,66.75499725341797,66.30400085449219,1.184,23.323999404907227,3.0,0.0,684.0,12.214,11.5,14.0,WR,69.0,0.739,14.5
2015,00-0031391,T.Mason,LA,75.0,18.0,93.0,207.0,88.0,,1.0,0.0,1.0,-32.724998474121094,0.675000011920929,-32.05099868774414,-0.345,-9.84000015258789,1.0,1.0,295.0,3.172,6.1,3.8,RB,21.0,0.857,4.5
2015,00-0031897,T.Rawls,SEA,148.0,9.0,157.0,830.0,76.0,,4.0,1.0,5.0,6.449999809265137,3.7909998893737793,10.241000175476074,0.065,1.9809999465942383,0.0,1.0,906.0,5.771,15.2,11.6,RB,11.0,0.818,2.3
2015,00-0030107,T.Riddick,DET,43.0,80.0,123.0,133.0,697.0,,0.0,3.0,3.0,-14.767999649047852,38.62699890136719,23.860000610351562,0.194,4.127999782562256,0.0,1.0,830.0,6.748,14.7,7.5,RB,99.0,0.808,15.9
2015,00-0031375,T.West,BAL,62.0,4.0,66.0,231.0,21.0,,0.0,0.0,0.0,-17.93199920654297,0.5059999823570251,-17.424999237060547,-0.264,-6.818999767303467,0.0,2.0,252.0,3.818,4.3,0.0,RB,5.0,0.8,0.7
2015,00-0030542,T.Williams,,0.0,52.0,52.0,0.0,840.0,,0.0,3.0,3.0,0.0,68.98400115966797,68.98400115966797,1.327,20.187999725341797,0.0,0.0,840.0,16.154,84000.0,300.0,WR,93.0,0.559,9300.0
2015,00-0032209,T.Yeldon,JAX,182.0,36.0,218.0,740.0,279.0,,2.0,1.0,3.0,-19.86400032043457,16.858999252319336,-3.005000114440918,-0.014,-0.9890000224113464,0.0,0.0,1019.0,4.674,18.0,7.5,RB,46.0,0.783,7.6
2015,00-0030663,W.Snead,,0.0,69.0,69.0,0.0,984.0,,0.0,3.0,3.0,0.0,75.47699737548828,75.47699737548828,1.094,20.733999252319336,0.0,0.0,984.0,14.261,98400.0,300.0,WR,102.0,0.676,10200.0
2015,00-0030061,Z.Ertz,,0.0,75.0,75.0,0.0,853.0,,0.0,2.0,2.0,0.0,52.14500045776367,52.14500045776367,0.695,24.93000030517578,1.0,0.0,853.0,11.373,85300.0,200.0,WR,112.0,0.67,11200.0
2016,00-0031075,A.Blue,HOU,100.0,12.0,112.0,420.0,40.0,,1.0,0.0,1.0,-9.725000381469727,-1.9700000286102295,-11.696000099182129,-0.104,-7.764999866485596,1.0,1.0,460.0,4.107,8.9,4.5,RB,16.0,0.75,2.8
2016,00-0022084,A.Boldin,,0.0,67.0,67.0,0.0,584.0,,0.0,8.0,8.0,0.0,66.50499725341797,66.50499725341797,0.993,19.257999420166016,2.0,0.0,584.0,8.716,58400.0,800.0,TE,95.0,0.705,9500.0
2016,00-0027793,A.Brown,PIT,3.0,106.0,109.0,9.0,1284.0,,0.0,12.0,12.0,-0.4950000047683716,104.99700164794922,104.50199890136719,0.959,18.589000701904297,1.0,0.0,1293.0,11.862,21.1,26.7,WR,157.0,0.675,26.2
2016,00-0031544,A.Cooper,LV,1.0,83.0,84.0,0.0,1153.0,,0.0,5.0,5.0,-0.5049999952316284,83.71800231933594,83.21299743652344,0.991,10.175000190734863,1.0,0.0,1153.0,13.726,19.2,10.9,WR,135.0,0.615,22.7
2016,00-0021547,A.Gates,,0.0,53.0,53.0,0.0,548.0,,0.0,7.0,7.0,0.0,56.018001556396484,56.018001556396484,1.057,19.53499984741211,2.0,0.0,548.0,10.34,54800.0,700.0,WR,94.0,0.564,9400.0
2016,00-0027942,A.Green,,0.0,66.0,66.0,0.0,964.0,,0.0,4.0,4.0,0.0,74.39199829101562,74.39199829101562,1.127,0.0,0.0,0.0,964.0,14.606,96400.0,400.0,WR,100.0,0.66,10000.0
2016,00-0032009,A.Humphries,TB,5.0,55.0,60.0,18.0,622.0,,0.0,2.0,2.0,-0.37700000405311584,48.51300048828125,48.13600158691406,0.802,11.416000366210938,1.0,0.0,640.0,10.667,11.4,5.6,WR,84.0,0.655,14.6
2016,00-0029137,A.Jeffery,,0.0,52.0,52.0,0.0,821.0,,0.0,2.0,2.0,0.0,64.55999755859375,64.55999755859375,1.242,17.551000595092773,1.0,0.0,821.0,15.788,82100.0,200.0,WR,94.0,0.553,9400.0
2016,00-0029141,A.Morris,DAL,69.0,3.0,72.0,243.0,11.0,,2.0,0.0,2.0,-3.121999979019165,-0.3970000147819519,-3.5190000534057617,-0.049,-2.4539999961853027,0.0,0.0,254.0,3.528,4.2,4.2,RB,6.0,0.5,1.2
2016,00-0031428,A.Robinson,,0.0,73.0,73.0,0.0,883.0,,0.0,6.0,6.0,0.0,84.76300048828125,84.76300048828125,1.161,23.33099937438965,0.0,0.0,883.0,12.096,88300.0,600.0,WR,152.0,0.48,15200.0
2016,00-0030035,A.Thielen,MIN,2.0,69.0,71.0,15.0,967.0,,0.0,5.0,5.0,0.8370000123977661,85.25499725341797,86.09300231933594,1.213,30.833999633789062,2.0,0.0,982.0,13.831,18.6,17.2,WR,92.0,0.75,15.7
2016,00-0031236,B.Cooks,NO,6.0,78.0,84.0,30.0,1173.0,,0.0,8.0,8.0,-0.3179999887943268,91.66100311279297,91.34400177001953,1.087,30.040000915527344,2.0,0.0,1203.0,14.321,17.2,14.5,WR,117.0,0.667,17.6
2016,00-0027681,B.LaFell,CIN,1.0,64.0,65.0,-2.0,862.0,,0.0,6.0,6.0,-0.8230000138282776,69.125,68.302001953125,1.051,22.899999618530273,1.0,0.0,860.0,13.231,14.8,17.1,WR,107.0,0.598,19.7
2016,00-0024334,B.Marshall,,0.0,59.0,59.0,0.0,788.0,,0.0,4.0,4.0,0.0,75.02100372314453,75.02100372314453,1.272,7.058000087738037,0.0,0.0,788.0,13.356,78800.0,400.0,WR,128.0,0.461,12800.0
2016,00-0028064,B.Powell,NYJ,131.0,58.0,189.0,714.0,384.0,,3.0,1.0,4.0,8.09000015258789,6.026000022888184,14.116000175476074,0.075,3.0390000343322754,3.0,0.0,1098.0,5.81,20.7,15.4,RB,74.0,0.784,13.6
2016,00-0029854,C.Anderson,DEN,110.0,16.0,126.0,437.0,128.0,,4.0,1.0,5.0,-14.680999755859375,4.90500020980835,-9.776000022888184,-0.078,0.0,0.0,0.0,565.0,4.484,10.6,16.1,RB,24.0,0.667,4.3
2016,00-0029000,C.Beasley,DAL,1.0,75.0,76.0,7.0,833.0,,0.0,5.0,5.0,0.2809999883174896,75.85199737548828,76.13300323486328,1.002,11.654000282287598,0.0,0.0,840.0,11.053,14.0,10.4,WR,98.0,0.765,20.4
2016,00-0031273,C.Brate,,0.0,57.0,57.0,0.0,660.0,,0.0,8.0,8.0,0.0,59.571998596191406,59.571998596191406,1.045,13.324000358581543,2.0,0.0,660.0,11.579,66000.0,800.0,WR,81.0,0.704,8100.0
2016,00-0028112,C.Clay,,0.0,57.0,57.0,0.0,552.0,,0.0,4.0,4.0,0.0,45.4739990234375,45.4739990234375,0.798,25.96500015258789,4.0,0.0,552.0,9.684,55200.0,400.0,TE,87.0,0.655,8700.0
2016,00-0031302,C.Fiedorowicz,,0.0,54.0,54.0,0.0,559.0,,0.0,4.0,4.0,0.0,45.770999908447266,45.770999908447266,0.848,10.227999687194824,1.0,0.0,559.0,10.352,55900.0,400.0,WR,89.0,0.607,8900.0
2016,00-0029697,C.Fleener,NO,1.0,50.0,51.0,2.0,631.0,,1.0,3.0,4.0,2.6470000743865967,45.31999969482422,47.96799850463867,0.941,7.756999969482422,0.0,0.0,633.0,12.412,9.0,7.3,WR,82.0,0.61,12.3
2016,00-0031045,C.Hyde,SF,218.0,27.0,245.0,988.0,163.0,,6.0,3.0,9.0,-17.363000869750977,-0.5899999737739563,-17.952999114990234,-0.073,-2.2060000896453857,2.0,2.0,1151.0,4.698,24.2,25.7,RB,33.0,0.818,6.8
2016,00-0027531,C.Ivory,JAX,117.0,20.0,137.0,439.0,186.0,,3.0,0.0,3.0,-33.90599822998047,12.934000015258789,-20.97100067138672,-0.153,-1.465000033378601,1.0,3.0,625.0,4.562,11.9,10.0,RB,28.0,0.714,4.5
2016,00-0031912,C.Meredith,CHI,1.0,66.0,67.0,6.0,888.0,,0.0,4.0,4.0,-1.0520000457763672,60.81700134277344,59.76499938964844,0.892,30.738000869750977,2.0,0.0,894.0,13.343,15.3,13.8,WR,97.0,0.68,17.6
2016,00-0030432,C.Michael,SEA,148.0,22.0,170.0,583.0,107.0,,7.0,1.0,8.0,-11.180000305175781,-1.3350000381469727,-12.515000343322754,-0.074,-1.1239999532699585,1.0,0.0,690.0,4.059,11.8,22.2,RB,29.0,0.759,5.3
2016,00-0027939,C.Newton,CAR,74.0,0.0,74.0,307.0,0.0,,5.0,0.0,5.0,9.885000228881836,0.0,9.885000228881836,0.134,3.1659998893737793,0.0,0.0,307.0,4.149,5.4,13.5,RB,0.0,0.0,0.0
2016,00-0030578,C.Patterson,MIN,7.0,52.0,59.0,43.0,453.0,,0.0,2.0,2.0,-0.46799999475479126,27.48699951171875,27.018999099731445,0.458,4.61899995803833,0.0,0.0,496.0,8.407,9.4,6.9,TE,70.0,0.743,11.9
2016,00-0031390,C.Sims,TB,51.0,24.0,75.0,149.0,190.0,,1.0,1.0,2.0,-13.440999984741211,10.197999954223633,-3.242000102996826,-0.043,1.062999963760376,0.0,1.0,339.0,4.52,6.0,5.6,RB,32.0,0.75,5.5
2016,00-0030404,C.Thompson,WAS,69.0,49.0,118.0,356.0,349.0,,3.0,2.0,5.0,4.806000232696533,14.116999626159668,18.922000885009766,0.16,10.781999588012695,3.0,1.0,705.0,5.975,10.7,11.9,RB,62.0,0.79,10.4
2016,00-0030668,C.West,KC,88.0,28.0,116.0,293.0,188.0,,1.0,2.0,3.0,-16.63599967956543,13.998000144958496,-2.63700008392334,-0.023,2.7200000286102295,3.0,0.0,481.0,4.147,8.6,9.4,RB,34.0,0.824,6.3
2016,00-0031381,D.Adams,,0.0,75.0,75.0,0.0,997.0,,0.0,12.0,12.0,0.0,82.2040023803711,82.2040023803711,1.096,16.952999114990234,4.0,0.0,997.0,13.293,99700.0,1200.0,WR,123.0,0.61,12300.0
2016,00-0028434,D.Baldwin,SEA,3.0,94.0,97.0,2.0,1128.0,,0.0,7.0,7.0,-1.7699999809265137,90.28299713134766,88.51200103759766,0.912,17.554000854492188,2.0,0.0,1130.0,11.649,19.4,19.4,WR,126.0,0.746,22.9
2016,00-0032972,D.Booker,DEN,174.0,31.0,205.0,612.0,265.0,,4.0,1.0,5.0,-27.572999954223633,-0.15199999511241913,-27.725000381469727,-0.135,-2.7860000133514404,2.0,1.0,877.0,4.278,16.5,16.1,RB,45.0,0.689,8.1
2016,00-0027902,D.Bryant,,0.0,50.0,50.0,0.0,796.0,,0.0,8.0,8.0,0.0,73.5770034790039,73.5770034790039,1.472,10.760000228881836,2.0,0.0,796.0,15.92,79600.0,800.0,WR,98.0,0.51,9800.0
2016,00-0031285,D.Freeman,ATL,227.0,54.0,281.0,1079.0,462.0,,11.0,2.0,13.0,4.889999866485596,22.850000381469727,27.739999771118164,0.099,7.232999801635742,4.0,1.0,1541.0,5.484,22.7,22.4,RB,66.0,0.818,12.4
2016,00-0032764,D.Henry,TEN,110.0,13.0,123.0,490.0,137.0,,5.0,0.0,5.0,-0.2930000126361847,4.547999858856201,4.255000114440918,0.035,5.01200008392334,3.0,0.0,627.0,5.098,10.9,11.1,RB,15.0,0.867,3.0
2016,00-0030564,D.Hopkins,,0.0,78.0,78.0,0.0,954.0,,0.0,4.0,4.0,0.0,91.51599884033203,91.51599884033203,1.173,24.768999099731445,0.0,0.0,954.0,12.231,95400.0,400.0,WR,151.0,0.517,15100.0
2016,00-0028411,D.Inman,,0.0,58.0,58.0,0.0,810.0,,0.0,4.0,4.0,0.0,66.58899688720703,66.58899688720703,1.148,21.989999771118164,1.0,0.0,810.0,13.966,81000.0,400.0,WR,97.0,0.598,9700.0
2016,00-0026189,D.Jackson,,0.0,56.0,56.0,0.0,1005.0,,0.0,4.0,4.0,0.0,75.14800262451172,75.14800262451172,1.342,26.433000564575195,1.0,0.0,1005.0,17.946,100500.0,400.0,WR,100.0,0.56,10000.0
2016,00-0032187,D.Johnson,ARI,293.0,80.0,373.0,1239.0,879.0,,16.0,4.0,20.0,-18.826000213623047,58.433998107910156,39.608001708984375,0.106,-7.543000221252441,5.0,3.0,2118.0,5.678,34.6,41.7,RB,121.0,0.661,18.9
2016,00-0032257,D.Johnson Jr.,CLE,73.0,53.0,126.0,358.0,514.0,,1.0,0.0,1.0,-12.090999603271484,24.642000198364258,12.550999641418457,0.1,3.3369998931884766,0.0,1.0,872.0,6.921,16.7,3.8,RB,74.0,0.716,13.2
2016,00-0028087,D.Lewis,NE,64.0,17.0,81.0,283.0,94.0,,0.0,0.0,0.0,2.0429999828338623,0.49900001287460327,2.5429999828338623,0.031,0.07000000029802322,0.0,0.0,377.0,4.654,6.0,0.0,RB,24.0,0.708,4.4
2016,00-0029613,D.Martin,TB,144.0,14.0,158.0,421.0,134.0,,3.0,0.0,3.0,-36.23699951171875,2.4230000972747803,-33.81399917602539,-0.214,-9.996000289916992,1.0,1.0,555.0,3.513,9.9,8.3,RB,16.0,0.875,2.8
2016,00-0028009,D.Murray,TEN,293.0,53.0,346.0,1287.0,377.0,,9.0,3.0,12.0,-12.737000465393066,21.15999984741211,8.423999786376953,0.024,4.921000003814697,1.0,1.0,1664.0,4.809,29.0,26.7,RB,68.0,0.779,13.8
2016,00-0031547,D.Parker,,0.0,56.0,56.0,0.0,744.0,,0.0,4.0,4.0,0.0,53.86899948120117,53.86899948120117,0.962,14.435999870300293,1.0,0.0,744.0,13.286,74400.0,400.0,WR,87.0,0.644,8700.0
2016,00-0027714,D.Pitta,,0.0,86.0,86.0,0.0,729.0,,0.0,2.0,2.0,0.0,33.75400161743164,33.75400161743164,0.392,13.767000198364258,0.0,0.0,729.0,8.477,72900.0,200.0,TE,121.0,0.711,12100.0
2016,00-0023564,D.Sproles,PHI,94.0,52.0,146.0,438.0,427.0,,2.0,2.0,4.0,-2.677999973297119,13.487000465393066,10.809000015258789,0.074,0.5220000147819519,2.0,0.0,865.0,5.925,15.8,13.3,RB,71.0,0.732,11.7
2016,00-0027874,D.Thomas,,0.0,90.0,90.0,0.0,1083.0,,0.0,5.0,5.0,0.0,82.64700317382812,82.64700317382812,0.918,20.73699951171875,0.0,0.0,1083.0,12.033,108300.0,500.0,WR,145.0,0.621,14500.0
2016,00-0024389,D.Walker,TEN,2.0,65.0,67.0,11.0,800.0,,0.0,7.0,7.0,0.5849999785423279,64.01000213623047,64.59500122070312,0.964,15.164999961853027,1.0,0.0,811.0,12.104,14.1,15.6,WR,102.0,0.637,20.7
2016,00-0032450,D.Washington,DET,90.0,10.0,100.0,265.0,62.0,,1.0,0.0,1.0,-22.04599952697754,1.1399999856948853,-20.906999588012695,-0.209,-8.416999816894531,0.0,0.0,327.0,3.27,6.0,3.1,RB,15.0,0.667,2.6
2016,00-0032940,D.Washington,LV,87.0,17.0,104.0,467.0,115.0,,2.0,0.0,2.0,0.10199999809265137,1.8609999418258667,1.9630000591278076,0.019,8.767000198364258,2.0,1.0,582.0,5.596,9.7,4.3,RB,23.0,0.739,3.9
2016,00-0024242,D.Williams,PIT,98.0,18.0,116.0,343.0,118.0,,4.0,2.0,6.0,-6.638000011444092,7.539000034332275,0.9010000228881836,0.008,1.8489999771118164,2.0,0.0,461.0,3.974,7.5,13.3,RB,27.0,0.667,4.5
2016,00-0030874,D.Williams,MIA,35.0,23.0,58.0,115.0,249.0,,3.0,3.0,6.0,-5.875,8.621000289916992,2.746000051498413,0.047,-8.053999900817871,1.0,0.0,364.0,6.276,6.7,14.6,RB,32.0,0.719,6.8
2016,00-0031387,E.Ebron,DET,1.0,61.0,62.0,1.0,711.0,,1.0,1.0,2.0,0.796999990940094,58.86800003051758,59.665000915527344,0.962,19.084999084472656,0.0,0.0,712.0,11.484,13.1,6.2,WR,85.0,0.718,14.6
2016,00-0033045,E.Elliott,DAL,322.0,32.0,354.0,1631.0,363.0,,15.0,1.0,16.0,12.951000213623047,17.88800048828125,30.839000701904297,0.087,6.302000045776367,3.0,1.0,1994.0,5.633,33.3,33.3,RB,40.0,0.8,8.3
2016,00-0030485,E.Lacy,GB,71.0,4.0,75.0,360.0,28.0,,0.0,0.0,0.0,2.056999921798706,0.03200000151991844,2.0889999866485596,0.028,0.0,0.0,0.0,388.0,5.173,6.7,0.0,RB,7.0,0.571,1.1
2016,00-0027685,E.Sanders,DEN,1.0,79.0,80.0,4.0,1032.0,,0.0,5.0,5.0,-0.04800000041723251,84.34400177001953,84.2959976196289,1.054,12.909000396728516,1.0,0.0,1036.0,12.95,19.5,16.1,WR,137.0,0.577,24.6
2016,00-0023500,F.Gore,IND,263.0,38.0,301.0,1025.0,277.0,,4.0,4.0,8.0,-24.409000396728516,15.496000289916992,-8.913000106811523,-0.03,-2.6679999828338623,1.0,1.0,1302.0,4.326,22.4,18.6,RB,47.0,0.809,8.2
2016,00-0029731,F.Whittaker,CAR,57.0,25.0,82.0,265.0,226.0,,0.0,0.0,0.0,-8.001999855041504,9.467000007629395,1.465000033378601,0.018,0.8970000147819519,0.0,1.0,491.0,5.988,8.6,0.0,RB,33.0,0.758,5.9
2016,00-0026281,G.Barnidge,,0.0,55.0,55.0,0.0,612.0,,0.0,2.0,2.0,0.0,51.29999923706055,51.29999923706055,0.933,15.647000312805176,1.0,0.0,612.0,11.127,61200.0,200.0,WR,83.0,0.663,8300.0
2016,00-0030456,G.Bernard,CIN,91.0,39.0,130.0,337.0,336.0,,2.0,1.0,3.0,-9.980999946594238,15.020999908447266,5.039999961853027,0.039,0.0,0.0,0.0,673.0,5.177,11.6,8.6,RB,51.0,0.765,9.4
2016,00-0025418,G.Olsen,,0.0,80.0,80.0,0.0,1073.0,,0.0,3.0,3.0,0.0,87.30999755859375,87.30999755859375,1.091,16.785999298095703,0.0,0.0,1073.0,13.412,107300.0,300.0,WR,132.0,0.606,13200.0
2016,00-0027891,G.Tate,DET,10.0,91.0,101.0,4.0,1077.0,,0.0,4.0,4.0,-9.989999771118164,71.83799743652344,61.84700012207031,0.612,22.87700080871582,1.0,1.0,1081.0,10.703,19.9,12.5,WR,136.0,0.669,23.4
2016,00-0030656,I.Crowell,CLE,198.0,40.0,238.0,952.0,319.0,,7.0,0.0,7.0,-19.783000946044922,12.744999885559082,-7.038000106811523,-0.03,-0.3529999852180481,2.0,2.0,1271.0,5.34,24.4,26.9,RB,53.0,0.755,9.4
2016,00-0031590,J.Ajayi,MIA,260.0,27.0,287.0,1272.0,151.0,,8.0,0.0,8.0,7.269000053405762,2.6659998893737793,9.9350004196167,0.035,-4.210000038146973,1.0,1.0,1423.0,4.958,26.2,19.5,RB,35.0,0.771,7.5
2016,00-0031941,J.Crowder,WAS,2.0,67.0,69.0,-2.0,847.0,,0.0,7.0,7.0,-0.9100000262260437,70.80599975585938,69.89600372314453,1.013,3.6470000743865967,0.0,0.0,845.0,12.246,12.9,16.7,WR,99.0,0.677,16.6
2016,00-0030181,J.Doyle,,0.0,59.0,59.0,0.0,584.0,,0.0,5.0,5.0,0.0,37.37799835205078,37.37799835205078,0.634,8.380999565124512,1.0,0.0,584.0,9.898,58400.0,500.0,TE,76.0,0.776,7600.0
2016,00-0027150,J.Edelman,NE,12.0,98.0,110.0,57.0,1106.0,,0.0,3.0,3.0,0.6629999876022339,89.63400268554688,90.2969970703125,0.821,36.676998138427734,1.0,0.0,1163.0,10.573,18.7,5.9,WR,159.0,0.616,29.1
2016,00-0026373,J.Forsett,DEN,87.0,20.0,107.0,291.0,85.0,,1.0,0.0,1.0,-28.158000946044922,0.9620000123977661,-27.195999145507812,-0.254,-16.336000442504883,1.0,1.0,376.0,3.514,7.1,3.2,RB,27.0,0.741,4.8
2016,00-0027696,J.Graham,SEA,1.0,65.0,66.0,0.0,923.0,,0.0,6.0,6.0,-0.4659999907016754,64.0009994506836,63.5359992980957,0.963,11.479999542236328,1.0,0.0,923.0,13.985,15.8,16.7,WR,95.0,0.684,17.3
2016,00-0031301,J.Hill,CIN,222.0,21.0,243.0,839.0,174.0,,9.0,0.0,9.0,-7.631999969482422,9.057000160217285,1.4249999523162842,0.006,-4.089000225067139,2.0,0.0,1013.0,4.169,17.4,25.7,RB,27.0,0.778,5.0
2016,00-0032780,J.Howard,CHI,252.0,29.0,281.0,1313.0,298.0,,6.0,1.0,7.0,-1.059000015258789,21.98900032043457,20.93000030517578,0.074,9.256999969482422,1.0,1.0,1611.0,5.733,27.5,24.1,RB,50.0,0.58,9.1
2016,00-0027944,J.Jones,,0.0,83.0,83.0,0.0,1409.0,,0.0,6.0,6.0,0.0,108.36900329589844,108.36900329589844,1.306,14.8149995803833,1.0,0.0,1409.0,16.976,140900.0,600.0,WR,130.0,0.638,13000.0
2016,00-0028091,J.Kerley,,0.0,64.0,64.0,0.0,667.0,,0.0,3.0,3.0,0.0,46.784000396728516,46.784000396728516,0.731,10.062000274658203,0.0,0.0,667.0,10.422,66700.0,300.0,WR,115.0,0.557,11500.0
2016,00-0031382,J.Landry,MIA,5.0,94.0,99.0,17.0,1136.0,,0.0,4.0,4.0,-1.7569999694824219,79.43399810791016,77.677001953125,0.785,21.95400047302246,2.0,0.0,1153.0,11.646,21.2,9.8,WR,133.0,0.707,28.4
2016,00-0031569,J.Langford,CHI,62.0,19.0,81.0,200.0,142.0,,4.0,0.0,4.0,-18.226999282836914,5.38700008392334,-12.84000015258789,-0.159,-6.0269999504089355,1.0,2.0,342.0,4.222,5.8,13.8,RB,27.0,0.704,4.9
2016,00-0031299,J.Matthews,,0.0,73.0,73.0,0.0,804.0,,0.0,3.0,3.0,0.0,63.5629997253418,63.5629997253418,0.871,7.427000045776367,0.0,0.0,804.0,11.014,80400.0,300.0,WR,119.0,0.613,11900.0
2016,00-0031376,J.McKinnon,MIN,161.0,43.0,204.0,539.0,255.0,,2.0,2.0,4.0,-32.05400085449219,6.110000133514404,-25.944000244140625,-0.127,2.506999969482422,2.0,0.0,794.0,3.892,15.1,13.8,RB,53.0,0.811,9.0
2016,00-0026176,J.Nelson,,0.0,97.0,97.0,0.0,1257.0,,0.0,14.0,14.0,0.0,115.05699920654297,115.05699920654297,1.186,31.88599967956543,4.0,0.0,1257.0,12.959,125700.0,1400.0,WR,152.0,0.638,15200.0
2016,00-0030472,J.Reed,,0.0,66.0,66.0,0.0,686.0,,0.0,6.0,6.0,0.0,49.40700149536133,49.40700149536133,0.749,-1.6369999647140503,1.0,0.0,686.0,10.394,68600.0,600.0,WR,90.0,0.733,9000.0
2016,00-0033025,J.Richard,LV,83.0,29.0,112.0,491.0,194.0,,1.0,2.0,3.0,2.244999885559082,9.081000328063965,11.326000213623047,0.101,2.6449999809265137,1.0,0.0,685.0,6.116,11.4,6.5,RB,39.0,0.744,6.6
2016,00-0028083,J.Rodgers,TB,129.0,13.0,142.0,560.0,98.0,,2.0,0.0,2.0,-4.343999862670898,3.6530001163482666,-0.6909999847412109,-0.005,-1.3020000457763672,1.0,0.0,658.0,4.634,11.7,5.6,RB,16.0,0.812,2.8
2016,00-0027791,J.Starks,GB,64.0,19.0,83.0,145.0,134.0,,0.0,2.0,2.0,-23.395999908447266,4.611000061035156,-18.78499984741211,-0.226,-0.7609999775886536,0.0,0.0,279.0,3.361,4.8,4.3,RB,25.0,0.76,4.1
2016,00-0026153,J.Stewart,CAR,218.0,8.0,226.0,824.0,60.0,,9.0,0.0,9.0,-16.84000015258789,1.2910000085830688,-15.550000190734863,-0.069,-4.067999839782715,2.0,2.0,884.0,3.912,15.5,24.3,RB,21.0,0.381,3.8
2016,00-0031062,J.White,NE,39.0,60.0,99.0,166.0,551.0,,0.0,5.0,5.0,-2.8320000171661377,33.51499938964844,30.683000564575195,0.31,10.560999870300293,1.0,0.0,717.0,7.242,11.5,9.8,RB,87.0,0.69,15.9
2016,00-0022127,J.Witten,,0.0,69.0,69.0,0.0,673.0,,0.0,3.0,3.0,0.0,41.941001892089844,41.941001892089844,0.608,-0.34200000762939453,1.0,0.0,673.0,9.754,67300.0,300.0,TE,95.0,0.726,9500.0
2016,00-0031359,K.Benjamin,,0.0,63.0,63.0,0.0,941.0,,0.0,7.0,7.0,0.0,83.28199768066406,83.28199768066406,1.322,20.422000885009766,2.0,0.0,941.0,14.937,94100.0,700.0,WR,118.0,0.534,11800.0
2016,00-0027006,K.Britt,,0.0,68.0,68.0,0.0,1002.0,,0.0,5.0,5.0,0.0,82.70899963378906,82.70899963378906,1.216,12.935999870300293,0.0,0.0,1002.0,14.735,100200.0,500.0,WR,111.0,0.613,11100.0
2016,00-0032411,K.Dixon,BAL,88.0,30.0,118.0,382.0,162.0,,2.0,1.0,3.0,6.855999946594238,0.6290000081062317,7.485000133514404,0.063,7.877999782562256,3.0,0.0,544.0,4.61,9.4,10.3,RB,41.0,0.732,6.1
2016,00-0032902,K.Farrow,LAC,60.0,13.0,73.0,192.0,70.0,,0.0,0.0,0.0,-11.654999732971191,1.8170000314712524,-9.838000297546387,-0.135,-7.422999858856201,0.0,1.0,262.0,3.589,4.5,0.0,RB,16.0,0.812,2.8
2016,00-0027981,K.Rudolph,,0.0,83.0,83.0,0.0,840.0,,0.0,7.0,7.0,0.0,72.02300262451172,72.02300262451172,0.868,28.78700065612793,2.0,0.0,840.0,10.12,84000.0,700.0,WR,133.0,0.624,13300.0
2016,00-0030496,L.Bell,PIT,261.0,75.0,336.0,1268.0,616.0,,7.0,2.0,9.0,5.254000186920166,37.67599868774414,42.92900085449219,0.128,22.579999923706055,5.0,1.0,1884.0,5.607,30.7,20.0,RB,95.0,0.789,15.9
2016,00-0027325,L.Blount,NE,299.0,7.0,306.0,1161.0,38.0,,18.0,0.0,18.0,-18.614999771118164,-0.17299999296665192,-18.788000106811523,-0.061,-7.7170000076293945,5.0,1.0,1199.0,3.918,19.2,35.3,RB,8.0,0.875,1.5
2016,00-0022921,L.Fitzgerald,ARI,2.0,107.0,109.0,5.0,1023.0,,0.0,6.0,6.0,-0.4309999942779541,71.97799682617188,71.5469970703125,0.656,5.39300012588501,1.0,0.0,1028.0,9.431,16.8,12.5,TE,150.0,0.713,23.4
2016,00-0027985,L.Kendricks,,0.0,50.0,50.0,0.0,499.0,,0.0,2.0,2.0,0.0,31.926000595092773,31.926000595092773,0.639,6.732999801635742,0.0,0.0,499.0,9.98,49900.0,200.0,TE,87.0,0.575,8700.0
2016,00-0027029,L.McCoy,BUF,235.0,50.0,285.0,1267.0,352.0,,13.0,1.0,14.0,15.130000114440918,17.10700035095215,32.237998962402344,0.113,13.211000442504883,4.0,0.0,1619.0,5.681,29.4,31.1,RB,57.0,0.877,12.4
2016,00-0029615,L.Miller,HOU,268.0,31.0,299.0,1073.0,199.0,,5.0,1.0,6.0,-37.944000244140625,8.543000221252441,-29.400999069213867,-0.098,-0.781000018119812,2.0,1.0,1272.0,4.254,24.7,27.3,RB,39.0,0.795,6.8
2016,00-0030513,L.Murray,LV,195.0,33.0,228.0,788.0,264.0,,12.0,0.0,12.0,-5.117000102996826,7.269000053405762,2.1519999504089355,0.009,-7.618000030517578,1.0,1.0,1052.0,4.614,17.6,26.1,RB,43.0,0.767,7.2
2016,00-0028198,M.Asiata,MIN,121.0,32.0,153.0,402.0,263.0,,6.0,0.0,6.0,-26.750999450683594,6.660999774932861,-20.09000015258789,-0.131,-7.769999980926514,1.0,1.0,665.0,4.346,12.6,20.7,RB,38.0,0.842,6.5
2016,00-0026201,M.Bennett,NE,2.0,55.0,57.0,10.0,701.0,,0.0,7.0,7.0,-0.006000000052154064,50.426998138427734,50.41999816894531,0.885,12.66100025177002,3.0,0.0,711.0,12.474,11.4,13.7,WR,73.0,0.753,13.3
2016,00-0026986,M.Crabtree,,0.0,89.0,89.0,0.0,1003.0,,0.0,8.0,8.0,0.0,94.69000244140625,94.69000244140625,1.064,18.91200065612793,1.0,0.0,1003.0,11.27,100300.0,800.0,WR,146.0,0.61,14600.0
2016,00-0031408,M.Evans,,0.0,96.0,96.0,0.0,1321.0,,0.0,12.0,12.0,0.0,141.86099243164062,141.86099243164062,1.478,27.823999404907227,2.0,0.0,1321.0,13.76,132100.0,1200.0,WR,175.0,0.549,17500.0
2016,00-0026184,M.Forte,NYJ,218.0,30.0,248.0,813.0,263.0,,7.0,1.0,8.0,-18.97800064086914,13.116000175476074,-5.861999988555908,-0.024,0.1550000011920929,0.0,1.0,1076.0,4.339,20.2,30.8,RB,43.0,0.698,7.9
2016,00-0030433,M.Gillislee,BUF,101.0,9.0,110.0,577.0,50.0,,8.0,1.0,9.0,23.708999633789062,0.9120000004768372,24.621000289916992,0.224,1.3420000076293945,2.0,0.0,627.0,5.7,11.4,20.0,RB,11.0,0.818,2.4
2016,00-0032144,M.Gordon,LAC,254.0,41.0,295.0,997.0,419.0,,10.0,2.0,12.0,-20.969999313354492,27.881000518798828,6.910999774932861,0.023,-0.800000011920929,0.0,2.0,1416.0,4.8,24.1,27.9,RB,57.0,0.719,10.1
2016,00-0027966,M.Ingram,NO,208.0,46.0,254.0,1043.0,319.0,,6.0,4.0,10.0,-4.135000228881836,23.476999282836914,19.343000411987305,0.076,6.968999862670898,3.0,2.0,1362.0,5.362,19.5,18.2,RB,58.0,0.793,8.7
2016,00-0029293,M.Jones,DET,1.0,55.0,56.0,3.0,930.0,,0.0,4.0,4.0,-0.15800000727176666,77.55400085449219,77.39600372314453,1.382,18.836000442504883,0.0,0.0,933.0,16.661,17.2,12.5,WR,103.0,0.534,17.7
2016,00-0031939,M.Jones,WAS,99.0,8.0,107.0,460.0,73.0,,3.0,0.0,3.0,-7.7729997634887695,5.170000076293945,-2.6040000915527344,-0.024,0.0,0.0,2.0,533.0,4.981,8.1,7.1,RB,8.0,1.0,1.3
2016,00-0031431,M.Lee,JAX,6.0,63.0,69.0,35.0,851.0,,0.0,3.0,3.0,0.8109999895095825,65.81900024414062,66.62999725341797,0.966,13.425000190734863,1.0,0.0,886.0,12.841,16.8,10.0,WR,105.0,0.6,16.8
2016,00-0029632,M.Sanu,ATL,1.0,59.0,60.0,5.0,653.0,,0.0,4.0,4.0,0.004000000189989805,51.0260009765625,51.02899932861328,0.85,11.75100040435791,1.0,0.0,658.0,10.967,9.7,6.9,WR,82.0,0.72,15.4
2016,00-0032765,M.Thomas,,0.0,92.0,92.0,0.0,1137.0,,0.0,9.0,9.0,0.0,78.37200164794922,78.37200164794922,0.852,28.993999481201172,2.0,0.0,1137.0,12.359,113700.0,900.0,WR,121.0,0.76,12100.0
2016,00-0026901,M.Wallace,BAL,5.0,72.0,77.0,31.0,1017.0,,0.0,4.0,4.0,1.0470000505447388,74.6989974975586,75.74600219726562,0.984,11.989999771118164,0.0,0.0,1048.0,13.61,18.2,13.8,WR,116.0,0.621,17.3
2016,00-0031235,O.Beckham,NYG,1.0,101.0,102.0,9.0,1367.0,,0.0,10.0,10.0,0.550000011920929,105.01300048828125,105.56300354003906,1.035,37.380001068115234,2.0,0.0,1376.0,13.49,25.3,31.2,WR,169.0,0.598,28.3
2016,00-0032741,P.Barber,TB,55.0,5.0,60.0,223.0,28.0,,1.0,0.0,1.0,-4.75600004196167,1.6519999504089355,-3.1040000915527344,-0.052,-0.1899999976158142,0.0,0.0,251.0,4.183,4.5,2.8,RB,6.0,0.833,1.0
2016,00-0026345,P.Garcon,,0.0,79.0,79.0,0.0,1041.0,,0.0,3.0,3.0,0.0,91.02300262451172,91.02300262451172,1.152,28.430999755859375,1.0,0.0,1041.0,13.177,104100.0,300.0,WR,114.0,0.693,11400.0
2016,00-0032417,P.Perkins,NYG,112.0,15.0,127.0,456.0,162.0,,0.0,0.0,0.0,-7.052000045776367,7.48199987411499,0.4300000071525574,0.003,-1.1640000343322754,0.0,0.0,618.0,4.866,11.4,0.0,RB,24.0,0.625,4.0
2016,00-0031023,Q.Enunwa,NYJ,1.0,58.0,59.0,12.0,857.0,,0.0,4.0,4.0,1.2029999494552612,63.79399871826172,64.99700164794922,1.102,12.37600040435791,0.0,0.0,869.0,14.729,16.4,15.4,WR,105.0,0.552,19.2
2016,00-0030288,R.Burkhead,CIN,74.0,17.0,91.0,344.0,145.0,,2.0,0.0,2.0,8.345999717712402,6.313000202178955,14.659000396728516,0.161,11.003999710083008,2.0,0.0,489.0,5.374,8.4,5.7,RB,20.0,0.85,3.7
2016,00-0028002,R.Cobb,GB,10.0,60.0,70.0,33.0,610.0,,0.0,4.0,4.0,1.3459999561309814,52.400001525878906,53.74599838256836,0.768,1.9160000085830688,0.0,0.0,643.0,9.186,11.1,8.5,WR,84.0,0.714,13.6
2016,00-0030108,R.Griffin,,0.0,50.0,50.0,0.0,442.0,,0.0,2.0,2.0,0.0,19.687999725341797,19.687999725341797,0.394,5.71999979019165,0.0,0.0,442.0,8.84,44200.0,200.0,TE,74.0,0.676,7400.0
2016,00-0027155,R.Jennings,NYG,180.0,35.0,215.0,587.0,201.0,,3.0,1.0,4.0,-31.51099967956543,5.340000152587891,-26.17099952697754,-0.122,-17.483999252319336,1.0,0.0,788.0,3.665,14.5,12.5,RB,42.0,0.833,7.0
2016,00-0032371,R.Kelley,WAS,168.0,12.0,180.0,704.0,82.0,,6.0,1.0,7.0,-7.039999961853027,2.7799999713897705,-4.260000228881836,-0.024,-5.421000003814697,2.0,0.0,786.0,4.367,12.0,16.7,RB,18.0,0.667,3.0
2016,00-0027864,R.Mathews,PHI,157.0,13.0,170.0,661.0,115.0,,8.0,1.0,9.0,-8.87399959564209,5.2179999351501465,-3.6549999713897705,-0.022,-2.7880001068115234,1.0,2.0,776.0,4.565,14.2,30.0,RB,14.0,0.929,2.3
2016,00-0029580,R.Matthews,,0.0,65.0,65.0,0.0,945.0,,0.0,9.0,9.0,0.0,81.17900085449219,81.17900085449219,1.249,16.764999389648438,2.0,0.0,945.0,14.538,94500.0,900.0,WR,109.0,0.596,10900.0
2016,00-0029273,R.Turbin,IND,47.0,26.0,73.0,164.0,179.0,,7.0,1.0,8.0,9.934000015258789,6.116000175476074,16.049999237060547,0.22,12.815999984741211,4.0,0.0,343.0,4.699,5.9,18.6,RB,35.0,0.743,6.1
2016,00-0030431,R.Woods,BUF,1.0,51.0,52.0,6.0,613.0,,0.0,1.0,1.0,-0.35100001096725464,46.321998596191406,45.97100067138672,0.884,10.326000213623047,0.0,0.0,619.0,11.904,11.3,2.2,WR,76.0,0.671,16.5
2016,00-0031588,S.Diggs,MIN,3.0,84.0,87.0,10.0,903.0,,0.0,3.0,3.0,-1.2589999437332153,72.00800323486328,70.7490005493164,0.813,10.473999977111816,1.0,0.0,913.0,10.494,17.3,10.3,WR,112.0,0.75,19.1
2016,00-0028202,S.Draughn,SF,74.0,29.0,103.0,196.0,263.0,,4.0,2.0,6.0,-14.234999656677246,7.75,-6.485000133514404,-0.063,-0.08699999749660492,3.0,0.0,459.0,4.456,9.7,17.1,RB,39.0,0.744,8.0
2016,00-0032385,S.Shepard,NYG,3.0,65.0,68.0,31.0,683.0,,0.0,8.0,8.0,1.4390000104904175,70.79900360107422,72.23799896240234,1.062,20.757999420166016,2.0,0.0,714.0,10.5,13.1,25.0,WR,105.0,0.619,17.6
2016,00-0020337,S.Smith,,0.0,70.0,70.0,0.0,799.0,,0.0,5.0,5.0,0.0,66.99500274658203,66.99500274658203,0.957,21.45400047302246,2.0,0.0,799.0,11.414,79900.0,500.0,WR,104.0,0.673,10400.0
2016,00-0030414,S.Ware,KC,214.0,33.0,247.0,921.0,447.0,,3.0,2.0,5.0,-26.415000915527344,26.030000686645508,-0.38499999046325684,-0.002,-7.605000019073486,0.0,3.0,1368.0,5.538,24.6,15.6,RB,42.0,0.786,7.8
2016,00-0030525,T.Austin,LA,28.0,58.0,86.0,159.0,509.0,,1.0,3.0,4.0,3.937000036239624,25.47599983215332,29.413000106811523,0.342,2.763000011444092,1.0,0.0,668.0,7.767,14.8,18.2,RB,106.0,0.547,20.0
2016,00-0033009,T.Boyd,CIN,4.0,54.0,58.0,58.0,603.0,,0.0,1.0,1.0,3.263000011444092,40.643001556396484,43.90599822998047,0.757,13.015000343322754,0.0,0.0,661.0,11.397,11.4,2.9,WR,81.0,0.667,14.9
2016,00-0032058,T.Coleman,ATL,118.0,31.0,149.0,520.0,421.0,,8.0,3.0,11.0,1.409999966621399,28.860000610351562,30.270000457763672,0.203,10.145000457763672,4.0,0.0,941.0,6.315,13.9,19.0,RB,40.0,0.775,7.5
2016,00-0025396,T.Ginn,CAR,14.0,54.0,68.0,98.0,752.0,,0.0,4.0,4.0,3.4579999446868896,60.54800033569336,64.00599670410156,0.941,15.937999725341797,1.0,0.0,850.0,12.5,14.9,10.8,RB,95.0,0.568,17.0
2016,00-0032241,T.Gurley,LA,278.0,43.0,321.0,885.0,327.0,,6.0,0.0,6.0,-53.25600051879883,9.107999801635742,-44.14899826049805,-0.138,-11.170000076293945,2.0,1.0,1212.0,3.776,26.8,27.3,RB,58.0,0.741,10.9
2016,00-0026289,T.Hightower,NO,133.0,22.0,155.0,548.0,200.0,,4.0,1.0,5.0,-2.046999931335449,10.626999855041504,8.579999923706055,0.055,5.7170000076293945,3.0,0.0,748.0,4.826,10.7,9.1,RB,27.0,0.815,4.1
2016,00-0033040,T.Hill,KC,24.0,61.0,85.0,267.0,599.0,,3.0,6.0,9.0,14.133000373840332,41.22700119018555,55.35900115966797,0.651,14.736000061035156,3.0,0.0,866.0,10.188,15.6,28.1,RB,83.0,0.735,15.4
2016,00-0029608,T.Hilton,,0.0,91.0,91.0,0.0,1448.0,,0.0,6.0,6.0,0.0,123.98200225830078,123.98200225830078,1.362,30.339000701904297,1.0,0.0,1448.0,15.912,144800.0,600.0,WR,157.0,0.58,15700.0
2016,00-0030506,T.Kelce,KC,1.0,85.0,86.0,-5.0,1125.0,,0.0,4.0,4.0,-1.2769999504089355,96.10900115966797,94.83200073242188,1.103,29.06599998474121,1.0,0.0,1120.0,13.023,20.1,12.5,WR,118.0,0.72,21.9
2016,00-0032200,T.Montgomery,GB,77.0,44.0,121.0,457.0,348.0,,3.0,0.0,3.0,1.6330000162124634,16.753999710083008,18.386999130249023,0.152,8.621000289916992,3.0,1.0,805.0,6.653,13.9,6.4,RB,56.0,0.786,9.1
2016,00-0028825,T.Pryor,CLE,7.0,77.0,84.0,19.0,1007.0,,1.0,4.0,5.0,-2.2839999198913574,96.86399841308594,94.58000183105469,1.126,10.010000228881836,0.0,0.0,1026.0,12.214,19.7,19.2,WR,142.0,0.542,25.3
2016,00-0031897,T.Rawls,SEA,109.0,13.0,122.0,349.0,96.0,,3.0,0.0,3.0,-18.94099998474121,2.244999885559082,-16.69700050354004,-0.137,-12.539999961853027,1.0,0.0,445.0,3.648,7.6,8.3,RB,17.0,0.765,3.1
2016,00-0030107,T.Riddick,DET,92.0,53.0,145.0,357.0,371.0,,1.0,5.0,6.0,-7.756999969482422,12.704000473022461,4.947000026702881,0.034,0.0,0.0,0.0,728.0,5.021,13.4,18.8,RB,67.0,0.791,11.5
2016,00-0031375,T.West,BAL,193.0,34.0,227.0,774.0,236.0,,5.0,1.0,6.0,-22.698999404907227,9.720999717712402,-12.977999687194824,-0.057,1.1050000190734863,0.0,0.0,1010.0,4.449,17.5,20.7,RB,45.0,0.756,6.7
2016,00-0032209,T.Yeldon,JAX,130.0,50.0,180.0,465.0,312.0,,1.0,1.0,2.0,-23.812000274658203,5.689000129699707,-18.121999740600586,-0.101,-8.333000183105469,0.0,1.0,777.0,4.317,14.8,6.7,RB,68.0,0.735,10.9
2016,00-0032160,Ty.Williams,,0.0,69.0,69.0,0.0,1059.0,,0.0,7.0,7.0,0.0,88.8489990234375,88.8489990234375,1.288,17.075000762939453,1.0,0.0,1059.0,15.348,105900.0,700.0,WR,119.0,0.58,11900.0
2016,00-0032782,W.Smallwood,PHI,77.0,6.0,83.0,312.0,55.0,,1.0,0.0,1.0,-8.593999862670898,1.6080000400543213,-6.986999988555908,-0.084,-2.009000062942505,0.0,1.0,367.0,4.422,6.7,3.3,RB,13.0,0.462,2.1
2016,00-0030663,W.Snead,,0.0,72.0,72.0,0.0,895.0,,0.0,4.0,4.0,0.0,74.27400207519531,74.27400207519531,1.032,19.243999481201172,0.0,0.0,895.0,12.431,89500.0,400.0,WR,104.0,0.692,10400.0
2016,00-0030061,Z.Ertz,,0.0,78.0,78.0,0.0,816.0,,0.0,4.0,4.0,0.0,63.77000045776367,63.77000045776367,0.818,32.215999603271484,2.0,0.0,816.0,10.462,81600.0,400.0,WR,106.0,0.736,10600.0
2016,00-0031665,Z.Zenner,DET,88.0,18.0,106.0,334.0,196.0,,4.0,0.0,4.0,-14.526000022888184,9.279999732971191,-5.245999813079834,-0.049,1.2389999628067017,3.0,1.0,530.0,5.0,9.8,12.5,RB,23.0,0.783,4.0
2017,00-0032104,A.Abdullah,DET,165.0,25.0,190.0,552.0,162.0,,4.0,1.0,5.0,-36.827999114990234,9.005999565124512,-27.82200050354004,-0.146,-0.2759999930858612,1.0,1.0,714.0,3.758,12.8,12.8,RB,35.0,0.714,6.1
2017,00-0031075,A.Blue,HOU,71.0,7.0,78.0,262.0,54.0,,1.0,0.0,1.0,-7.964000225067139,3.9670000076293945,-3.996999979019165,-0.051,1.5269999504089355,1.0,0.0,316.0,4.051,6.0,2.9,RB,9.0,0.778,1.7
2017,00-0027793,A.Brown,,0.0,101.0,101.0,0.0,1533.0,,0.0,9.0,9.0,0.0,115.8550033569336,115.8550033569336,1.147,15.104000091552734,0.0,0.0,1533.0,15.178,153300.0,900.0,WR,165.0,0.612,16500.0
2017,00-0032426,A.Collins,BAL,212.0,23.0,235.0,973.0,187.0,,6.0,0.0,6.0,-1.444000005722046,3.611999988555908,2.1679999828338623,0.009,2.2899999618530273,2.0,2.0,1160.0,4.936,22.9,17.6,RB,36.0,0.639,6.4
2017,00-0033699,A.Ekeler,LAC,47.0,27.0,74.0,260.0,279.0,,2.0,3.0,5.0,0.17100000381469727,9.295000076293945,9.467000007629395,0.128,-3.634999990463257,0.0,1.0,539.0,7.284,8.8,13.2,RB,35.0,0.771,6.1
2017,00-0030287,A.Ellington,ARI,20.0,39.0,59.0,55.0,369.0,,1.0,0.0,1.0,-4.834000110626221,16.31399917602539,11.480999946594238,0.195,0.9990000128746033,0.0,0.0,424.0,7.186,8.0,3.7,RB,59.0,0.661,9.9
2017,00-0027942,A.Green,,0.0,75.0,75.0,0.0,1078.0,,0.0,8.0,8.0,0.0,85.02799987792969,85.02799987792969,1.134,13.192000389099121,0.0,0.0,1078.0,14.373,107800.0,800.0,WR,143.0,0.524,14300.0
2017,00-0032009,A.Humphries,TB,1.0,61.0,62.0,6.0,631.0,,0.0,1.0,1.0,0.527999997138977,42.69300079345703,43.22100067138672,0.697,21.225000381469727,1.0,0.0,637.0,10.274,10.8,3.0,WR,84.0,0.726,14.0
2017,00-0029137,A.Jeffery,,0.0,57.0,57.0,0.0,789.0,,0.0,9.0,9.0,0.0,80.31800079345703,80.31800079345703,1.409,13.430000305175781,2.0,0.0,789.0,13.842,78900.0,900.0,WR,122.0,0.467,12200.0
2017,00-0033293,A.Jones,GB,81.0,9.0,90.0,448.0,22.0,,4.0,0.0,4.0,9.968000411987305,-2.2699999809265137,7.697999954223633,0.086,0.2070000022649765,0.0,0.0,470.0,5.222,9.5,10.8,RB,18.0,0.5,3.2
2017,00-0033906,A.Kamara,NO,121.0,81.0,202.0,728.0,826.0,,8.0,5.0,13.0,30.586999893188477,51.448001861572266,82.03500366210938,0.406,7.958000183105469,2.0,1.0,1554.0,7.693,24.3,28.9,RB,100.0,0.81,18.9
2017,00-0029141,A.Morris,DAL,115.0,7.0,122.0,547.0,45.0,,1.0,0.0,1.0,1.0920000076293945,1.6339999437332153,2.7269999980926514,0.022,-5.059999942779541,0.0,0.0,592.0,4.852,11.3,2.7,RB,9.0,0.778,1.8
2017,00-0025394,A.Peterson,ARI,156.0,11.0,167.0,529.0,70.0,,2.0,0.0,2.0,-41.09199905395508,0.22599999606609344,-40.86600112915039,-0.245,0.0,0.0,2.0,599.0,3.587,11.3,7.4,RB,19.0,0.579,3.2
2017,00-0031418,A.Seferian-Jenkins,,0.0,50.0,50.0,0.0,357.0,,0.0,3.0,3.0,0.0,11.626999855041504,11.626999855041504,0.233,-0.7730000019073486,0.0,0.0,357.0,7.14,35700.0,300.0,TE,74.0,0.676,7400.0
2017,00-0030035,A.Thielen,MIN,1.0,91.0,92.0,11.0,1276.0,,0.0,4.0,4.0,1.2359999418258667,97.51799774169922,98.75399780273438,1.073,18.531999588012695,1.0,0.0,1287.0,13.989,22.4,10.0,WR,142.0,0.641,27.2
2017,00-0031236,B.Cooks,NE,9.0,65.0,74.0,40.0,1082.0,,0.0,7.0,7.0,-1.2949999570846558,82.5260009765625,81.23200225830078,1.098,13.678000450134277,2.0,0.0,1122.0,15.162,17.3,14.6,WR,115.0,0.565,19.6
2017,00-0027681,B.LaFell,,0.0,52.0,52.0,0.0,548.0,,0.0,3.0,3.0,0.0,40.25,40.25,0.774,8.204999923706055,1.0,0.0,548.0,10.538,54800.0,300.0,WR,89.0,0.584,8900.0
2017,00-0028064,B.Powell,NYJ,178.0,23.0,201.0,772.0,170.0,,5.0,0.0,5.0,-17.937000274658203,-1.7690000534057617,-19.70599937438965,-0.098,-1.7999999523162842,2.0,0.0,942.0,4.687,18.7,16.1,RB,33.0,0.697,6.6
2017,00-0022943,B.Watson,,0.0,61.0,61.0,0.0,522.0,,0.0,4.0,4.0,0.0,32.72600173950195,32.72600173950195,0.536,8.289999961853027,1.0,0.0,522.0,8.557,52200.0,400.0,TE,80.0,0.762,8000.0
2017,00-0029854,C.Anderson,DEN,245.0,28.0,273.0,1007.0,224.0,,3.0,1.0,4.0,-24.01799964904785,7.546999931335449,-16.47100067138672,-0.06,-0.14000000059604645,1.0,1.0,1231.0,4.509,23.2,16.0,RB,41.0,0.683,7.4
2017,00-0033594,C.Carson,SEA,49.0,7.0,56.0,208.0,59.0,,0.0,1.0,1.0,-4.318999767303467,5.158999919891357,0.8399999737739563,0.015,0.0,0.0,0.0,267.0,4.768,5.2,2.7,RB,8.0,0.875,1.5
2017,00-0033725,C.Clement,PHI,75.0,10.0,85.0,321.0,123.0,,4.0,2.0,6.0,5.182000160217285,11.770000457763672,16.95199966430664,0.199,3.0320000648498535,0.0,0.0,444.0,5.224,7.6,12.8,RB,15.0,0.667,2.7
2017,00-0031045,C.Hyde,SF,240.0,59.0,299.0,938.0,350.0,,8.0,0.0,8.0,-28.777000427246094,12.946000099182129,-15.831999778747559,-0.053,-7.693999767303467,4.0,1.0,1288.0,4.308,22.2,27.6,RB,88.0,0.67,14.7
2017,00-0027531,C.Ivory,JAX,112.0,21.0,133.0,382.0,175.0,,1.0,1.0,2.0,-27.11199951171875,3.997999906539917,-23.11400032043457,-0.174,-5.208000183105469,0.0,2.0,557.0,4.188,9.6,5.1,RB,28.0,0.75,5.4
2017,00-0026164,C.Johnson,ARI,45.0,5.0,50.0,114.0,43.0,,0.0,0.0,0.0,-11.64900016784668,3.440000057220459,-8.208999633789062,-0.164,0.0,0.0,0.0,157.0,3.14,3.0,0.0,RB,6.0,0.833,1.0
2017,00-0033908,C.Kupp,,0.0,62.0,62.0,0.0,869.0,,0.0,5.0,5.0,0.0,75.1719970703125,75.1719970703125,1.212,20.756000518798828,2.0,0.0,869.0,14.016,86900.0,500.0,WR,94.0,0.66,9400.0
2017,00-0033280,C.McCaffrey,CAR,117.0,80.0,197.0,435.0,651.0,,2.0,5.0,7.0,-12.897000312805176,49.4630012512207,36.566001892089844,0.186,10.9350004196167,1.0,1.0,1086.0,5.513,20.8,19.4,RB,113.0,0.708,22.9
2017,00-0027939,C.Newton,CAR,93.0,0.0,93.0,547.0,0.0,,5.0,0.0,5.0,6.681000232696533,0.0,6.681000232696533,0.072,0.703000009059906,1.0,1.0,547.0,5.882,10.5,13.9,RB,0.0,0.0,0.0
2017,00-0031390,C.Sims III,TB,22.0,35.0,57.0,95.0,252.0,,0.0,1.0,1.0,-0.9169999957084656,4.413000106811523,3.496000051498413,0.061,1.5210000276565552,0.0,0.0,347.0,6.088,5.9,3.0,RB,47.0,0.745,7.8
2017,00-0030404,C.Thompson,WAS,64.0,39.0,103.0,294.0,510.0,,2.0,4.0,6.0,-7.631999969482422,45.60200119018555,37.970001220703125,0.369,0.0,0.0,0.0,804.0,7.806,14.9,16.2,RB,54.0,0.722,10.1
2017,00-0031381,D.Adams,,0.0,74.0,74.0,0.0,885.0,,0.0,10.0,10.0,0.0,91.125,91.125,1.231,14.779999732971191,3.0,0.0,885.0,11.959,88500.0,1000.0,WR,118.0,0.627,11800.0
2017,00-0026035,D.Amendola,,0.0,61.0,61.0,0.0,659.0,,0.0,2.0,2.0,0.0,62.00400161743164,62.00400161743164,1.016,15.303000450134277,0.0,0.0,659.0,10.803,65900.0,200.0,WR,86.0,0.709,8600.0
2017,00-0028434,D.Baldwin,SEA,2.0,75.0,77.0,-8.0,991.0,,0.0,8.0,8.0,-2.8469998836517334,87.51200103759766,84.66500091552734,1.1,20.75,4.0,0.0,983.0,12.766,19.0,21.6,WR,117.0,0.641,21.9
2017,00-0032972,D.Booker,DEN,79.0,30.0,109.0,299.0,275.0,,1.0,0.0,1.0,-4.480999946594238,7.489999771118164,3.009000062942505,0.028,-3.687999963760376,0.0,0.0,574.0,5.266,10.8,4.0,RB,38.0,0.789,6.8
2017,00-0027902,D.Bryant,DAL,1.0,69.0,70.0,-4.0,838.0,,0.0,6.0,6.0,-1.1009999513626099,65.927001953125,64.82599639892578,0.926,10.357000350952148,1.0,0.0,834.0,11.914,15.9,16.2,WR,132.0,0.523,27.0
2017,00-0033893,D.Cook,MIN,74.0,11.0,85.0,354.0,90.0,,2.0,0.0,2.0,-6.195000171661377,2.9760000705718994,-3.2190001010894775,-0.038,0.0,0.0,1.0,444.0,5.224,7.7,5.0,RB,16.0,0.688,3.1
2017,00-0033925,D.Foreman,HOU,78.0,6.0,84.0,327.0,83.0,,2.0,0.0,2.0,-11.095000267028809,5.4720001220703125,-5.623000144958496,-0.067,0.0,0.0,1.0,410.0,4.881,7.8,5.7,RB,8.0,0.75,1.5
2017,00-0031285,D.Freeman,ATL,196.0,36.0,232.0,865.0,317.0,,7.0,1.0,8.0,-11.79800033569336,18.631000518798828,6.833000183105469,0.029,0.6119999885559082,3.0,1.0,1182.0,5.095,20.2,24.2,RB,47.0,0.766,9.1
2017,00-0032055,D.Funchess,,0.0,63.0,63.0,0.0,840.0,,0.0,8.0,8.0,0.0,84.93599700927734,84.93599700927734,1.348,14.055000305175781,2.0,0.0,840.0,13.333,84000.0,800.0,WR,112.0,0.562,11200.0
2017,00-0032764,D.Henry,TEN,176.0,11.0,187.0,744.0,136.0,,5.0,1.0,6.0,-14.012999534606934,8.491999626159668,-5.520999908447266,-0.03,-11.255999565124512,2.0,0.0,880.0,4.706,17.3,20.0,RB,17.0,0.647,3.5
2017,00-0030564,D.Hopkins,,0.0,96.0,96.0,0.0,1378.0,,0.0,13.0,13.0,0.0,123.22699737548828,123.22699737548828,1.284,23.246000289916992,4.0,0.0,1378.0,14.354,137800.0,1300.0,WR,174.0,0.552,17400.0
2017,00-0026189,D.Jackson,TB,3.0,50.0,53.0,38.0,668.0,,0.0,3.0,3.0,2.1559998989105225,53.75600051879883,55.9119987487793,1.055,5.5920000076293945,0.0,0.0,706.0,13.321,12.0,9.1,WR,92.0,0.543,15.3
2017,00-0032257,D.Johnson,CLE,82.0,74.0,156.0,348.0,693.0,,4.0,3.0,7.0,3.944000005722046,34.74300003051758,38.68600082397461,0.248,11.520000457763672,3.0,0.0,1041.0,6.673,21.2,26.9,RB,93.0,0.796,16.4
2017,00-0028087,D.Lewis,NE,180.0,32.0,212.0,896.0,214.0,,6.0,3.0,9.0,18.601999282836914,14.746000289916992,33.347999572753906,0.157,19.591999053955078,5.0,0.0,1110.0,5.236,17.1,18.8,RB,35.0,0.914,6.0
2017,00-0029613,D.Martin,TB,139.0,9.0,148.0,406.0,84.0,,3.0,0.0,3.0,-29.183000564575195,5.190999984741211,-23.992000579833984,-0.162,-8.602999687194824,1.0,1.0,490.0,3.311,8.3,9.1,RB,18.0,0.5,3.0
2017,00-0028009,D.Murray,TEN,184.0,39.0,223.0,659.0,266.0,,6.0,1.0,7.0,-31.70599937438965,4.184000015258789,-27.52199935913086,-0.123,-9.946000099182129,1.0,1.0,925.0,4.148,18.2,23.3,RB,47.0,0.83,9.7
2017,00-0031547,D.Parker,,0.0,57.0,57.0,0.0,670.0,,0.0,1.0,1.0,0.0,52.242000579833984,52.242000579833984,0.917,18.358999252319336,0.0,0.0,670.0,11.754,67000.0,100.0,WR,97.0,0.588,9700.0
2017,00-0027874,D.Thomas,,0.0,83.0,83.0,0.0,949.0,,0.0,5.0,5.0,0.0,77.53399658203125,77.53399658203125,0.934,23.297000885009766,2.0,0.0,949.0,11.434,94900.0,500.0,WR,142.0,0.585,14200.0
2017,00-0024389,D.Walker,TEN,2.0,74.0,76.0,-2.0,807.0,,1.0,3.0,4.0,-0.5410000085830688,51.944000244140625,51.402000427246094,0.676,7.322000026702881,1.0,0.0,805.0,10.592,15.8,13.3,WR,111.0,0.667,22.9
2017,00-0032940,D.Washington,LV,57.0,34.0,91.0,153.0,197.0,,2.0,1.0,3.0,-10.045999526977539,-4.164000034332275,-14.210000038146973,-0.156,-3.6449999809265137,0.0,0.0,350.0,3.846,6.7,8.3,RB,45.0,0.756,8.1
2017,00-0030874,D.Williams,MIA,46.0,20.0,66.0,181.0,155.0,,0.0,1.0,1.0,-14.824000358581543,9.977999687194824,-4.8460001945495605,-0.073,0.0,0.0,0.0,336.0,5.091,6.5,3.6,RB,28.0,0.714,4.8
2017,00-0027690,E.Decker,,0.0,54.0,54.0,0.0,563.0,,0.0,1.0,1.0,0.0,46.029998779296875,46.029998779296875,0.852,17.684999465942383,0.0,0.0,563.0,10.426,56300.0,100.0,WR,83.0,0.651,8300.0
2017,00-0031387,E.Ebron,,0.0,53.0,53.0,0.0,574.0,,0.0,4.0,4.0,0.0,43.70199966430664,43.70199966430664,0.825,13.8100004196167,2.0,0.0,574.0,10.83,57400.0,400.0,WR,86.0,0.616,8600.0
2017,00-0033045,E.Elliott,DAL,242.0,26.0,268.0,983.0,249.0,,7.0,2.0,9.0,-4.985000133514404,7.318999767303467,2.3329999446868896,0.009,-5.500999927520752,0.0,1.0,1232.0,4.597,23.5,24.3,RB,38.0,0.684,7.8
2017,00-0033881,E.Engram,NYG,1.0,64.0,65.0,14.0,722.0,,0.0,6.0,6.0,1.0019999742507935,57.67300033569336,58.67499923706055,0.903,12.175999641418457,0.0,0.0,736.0,11.323,14.2,24.0,WR,115.0,0.557,19.0
2017,00-0030485,E.Lacy,SEA,69.0,6.0,75.0,179.0,47.0,,0.0,0.0,0.0,-19.952999114990234,2.6480000019073486,-17.304000854492188,-0.231,0.0,0.0,0.0,226.0,3.013,4.4,0.0,RB,6.0,1.0,1.1
2017,00-0033295,E.McGuire,NYJ,88.0,17.0,105.0,309.0,177.0,,1.0,1.0,2.0,-15.526000022888184,11.08899974822998,-4.436999797821045,-0.042,2.134000062942505,1.0,0.0,486.0,4.629,9.6,6.5,RB,26.0,0.654,5.2
2017,00-0023500,F.Gore,IND,261.0,29.0,290.0,961.0,245.0,,3.0,1.0,4.0,-24.00200080871582,11.805999755859375,-12.196000099182129,-0.042,-3.4519999027252197,1.0,0.0,1206.0,4.159,26.0,18.2,RB,38.0,0.763,8.0
2017,00-0030456,G.Bernard,CIN,105.0,43.0,148.0,458.0,381.0,,2.0,2.0,4.0,-9.810999870300293,15.807000160217285,5.995999813079834,0.041,-1.1239999532699585,2.0,0.0,839.0,5.669,17.9,12.9,RB,60.0,0.717,12.3
2017,00-0027891,G.Tate,DET,5.0,92.0,97.0,22.0,1003.0,,0.0,5.0,5.0,-1.1019999980926514,59.66899871826172,58.56700134277344,0.604,14.381999969482422,2.0,0.0,1025.0,10.567,18.3,12.8,WR,120.0,0.767,21.1
2017,00-0030656,I.Crowell,CLE,207.0,28.0,235.0,853.0,182.0,,2.0,0.0,2.0,-28.952999114990234,3.1670000553131104,-25.78499984741211,-0.11,-6.880000114440918,0.0,1.0,1035.0,4.404,21.1,7.7,RB,42.0,0.667,7.4
2017,00-0031590,J.Ajayi,MIA,208.0,24.0,232.0,873.0,158.0,,1.0,1.0,2.0,-23.576000213623047,3.6619999408721924,-19.913999557495117,-0.086,-2.009000062942505,1.0,2.0,1031.0,4.444,20.1,7.1,RB,34.0,0.706,5.8
2017,00-0031577,J.Allen,BAL,153.0,46.0,199.0,591.0,250.0,,4.0,2.0,6.0,-11.236000061035156,6.170000076293945,-5.065999984741211,-0.025,11.241999626159668,2.0,0.0,841.0,4.226,16.6,17.6,RB,60.0,0.767,10.7
2017,00-0026213,J.Charles,DEN,69.0,23.0,92.0,296.0,129.0,,1.0,0.0,1.0,-13.8100004196167,-0.2639999985694885,-14.074000358581543,-0.153,-1.0729999542236328,0.0,2.0,425.0,4.62,8.0,4.0,RB,28.0,0.821,5.0
2017,00-0027061,J.Cook,,0.0,54.0,54.0,0.0,688.0,,0.0,2.0,2.0,0.0,51.11000061035156,51.11000061035156,0.946,12.246000289916992,1.0,0.0,688.0,12.741,68800.0,200.0,WR,86.0,0.628,8600.0
2017,00-0031941,J.Crowder,WAS,7.0,66.0,73.0,34.0,789.0,,0.0,3.0,3.0,0.29600000381469727,45.36600112915039,45.6619987487793,0.626,11.836000442504883,2.0,0.0,823.0,11.274,15.2,8.1,WR,103.0,0.641,19.3
2017,00-0030181,J.Doyle,,0.0,80.0,80.0,0.0,690.0,,0.0,4.0,4.0,0.0,37.65999984741211,37.65999984741211,0.471,12.071999549865723,2.0,0.0,690.0,8.625,69000.0,400.0,TE,109.0,0.734,10900.0
2017,00-0027696,J.Graham,,0.0,57.0,57.0,0.0,520.0,,0.0,10.0,10.0,0.0,47.875999450683594,47.875999450683594,0.84,5.125,1.0,0.0,520.0,9.123,52000.0,1000.0,TE,98.0,0.582,9800.0
2017,00-0029159,J.Kearse,,0.0,65.0,65.0,0.0,810.0,,0.0,5.0,5.0,0.0,64.55899810791016,64.55899810791016,0.993,8.241999626159668,0.0,0.0,810.0,12.462,81000.0,500.0,WR,103.0,0.631,10300.0
2017,00-0031382,J.Landry,MIA,1.0,112.0,113.0,-7.0,987.0,,0.0,9.0,9.0,-1.4850000143051147,67.88200378417969,66.39700317382812,0.588,16.030000686645508,3.0,0.0,980.0,8.673,19.1,32.1,TE,161.0,0.696,27.3
2017,00-0031376,J.McKinnon,MIN,151.0,51.0,202.0,570.0,421.0,,3.0,2.0,5.0,-36.25199890136719,14.178000450134277,-22.073999404907227,-0.109,4.35099983215332,0.0,2.0,991.0,4.906,17.2,12.5,RB,69.0,0.739,13.2
2017,00-0032602,J.McKissic,SEA,46.0,34.0,80.0,187.0,266.0,,1.0,2.0,3.0,-3.6559998989105225,20.634000778198242,16.97800064086914,0.212,0.37700000405311584,0.0,0.0,453.0,5.662,8.8,8.1,RB,48.0,0.708,9.0
2017,00-0033897,J.Mixon,CIN,178.0,30.0,208.0,626.0,287.0,,4.0,0.0,4.0,-19.284000396728516,7.918000221252441,-11.366000175476074,-0.055,-1.996999979019165,0.0,1.0,913.0,4.389,19.5,12.9,RB,34.0,0.882,7.0
2017,00-0026176,J.Nelson,,0.0,53.0,53.0,0.0,482.0,,0.0,6.0,6.0,0.0,46.04600143432617,46.04600143432617,0.869,5.183000087738037,0.0,0.0,482.0,9.094,48200.0,600.0,TE,89.0,0.596,8900.0
2017,00-0033025,J.Richard,LV,56.0,27.0,83.0,275.0,266.0,,1.0,1.0,2.0,-7.794000148773193,14.133000373840332,6.339000225067139,0.076,-1.5839999914169312,0.0,1.0,541.0,6.518,10.3,5.6,RB,36.0,0.75,6.5
2017,00-0028083,J.Rodgers,TB,64.0,9.0,73.0,244.0,74.0,,1.0,0.0,1.0,-8.942999839782715,3.186000108718872,-5.756999969482422,-0.079,0.18299999833106995,0.0,0.0,318.0,4.356,5.4,3.0,RB,11.0,0.818,1.8
2017,00-0033857,J.Smith-Schuster,,0.0,58.0,58.0,0.0,917.0,,0.0,7.0,7.0,0.0,74.26200103759766,74.26200103759766,1.28,22.007999420166016,2.0,0.0,917.0,15.81,91700.0,700.0,WR,79.0,0.734,7900.0
2017,00-0026153,J.Stewart,CAR,198.0,8.0,206.0,680.0,52.0,,6.0,1.0,7.0,-39.09700012207031,3.3510000705718994,-35.74599838256836,-0.174,4.910999774932861,3.0,3.0,732.0,3.553,14.0,19.4,RB,15.0,0.533,3.0
2017,00-0031062,J.White,NE,43.0,56.0,99.0,171.0,429.0,,0.0,3.0,3.0,-7.039999961853027,23.631000518798828,16.591999053955078,0.168,-0.03099999949336052,1.0,0.0,600.0,6.061,9.2,6.2,RB,72.0,0.778,12.3
2017,00-0033948,J.Williams,GB,153.0,25.0,178.0,556.0,262.0,,4.0,2.0,6.0,-2.2279999256134033,17.69099998474121,15.463000297546387,0.087,6.1579999923706055,2.0,0.0,818.0,4.596,16.6,16.2,RB,34.0,0.735,6.1
2017,00-0022127,J.Witten,,0.0,63.0,63.0,0.0,560.0,,0.0,5.0,5.0,0.0,37.27199935913086,37.27199935913086,0.592,7.89900016784668,1.0,0.0,560.0,8.889,56000.0,500.0,TE,87.0,0.724,8700.0
2017,00-0032780,Jo.Howard,CHI,276.0,23.0,299.0,1122.0,125.0,,9.0,0.0,9.0,-14.770000457763672,-1.5640000104904175,-16.334999084472656,-0.055,1.3830000162124634,4.0,1.0,1247.0,4.171,26.7,34.6,RB,32.0,0.719,6.8
2017,00-0027944,Ju.Jones,ATL,1.0,88.0,89.0,15.0,1444.0,,0.0,3.0,3.0,0.972000002861023,114.96900177001953,115.94100189208984,1.303,33.638999938964844,0.0,0.0,1459.0,16.393,24.9,9.1,WR,148.0,0.595,28.6
2017,00-0030279,K.Allen,LAC,2.0,102.0,104.0,9.0,1393.0,,0.0,6.0,6.0,0.18799999356269836,120.677001953125,120.86399841308594,1.162,27.565000534057617,1.0,0.0,1402.0,13.481,22.8,15.8,WR,159.0,0.642,27.7
2017,00-0033118,K.Drake,MIA,134.0,32.0,166.0,644.0,239.0,,3.0,1.0,4.0,-12.657999992370605,6.210000038146973,-6.447999954223633,-0.039,5.833000183105469,1.0,2.0,883.0,5.319,17.2,14.3,RB,48.0,0.667,8.1
2017,00-0033923,K.Hunt,KC,272.0,53.0,325.0,1327.0,455.0,,8.0,3.0,11.0,3.25,23.582000732421875,26.83099937438965,0.083,9.552000045776367,5.0,1.0,1782.0,5.483,30.1,28.9,RB,63.0,0.841,11.9
2017,00-0027981,K.Rudolph,,0.0,57.0,57.0,0.0,532.0,,0.0,8.0,8.0,0.0,45.500999450683594,45.500999450683594,0.798,4.821000099182129,2.0,0.0,532.0,9.333,53200.0,800.0,TE,81.0,0.704,8100.0
2017,00-0030085,K.Stills,,0.0,58.0,58.0,0.0,847.0,,0.0,6.0,6.0,0.0,70.5479965209961,70.5479965209961,1.216,4.541999816894531,0.0,0.0,847.0,14.603,84700.0,600.0,WR,105.0,0.552,10500.0
2017,00-0030117,K.Williams,ARI,120.0,10.0,130.0,426.0,93.0,,1.0,0.0,1.0,-18.15399932861328,5.419000148773193,-12.734999656677246,-0.098,-10.277000427246094,0.0,0.0,519.0,3.992,9.8,3.7,RB,15.0,0.667,2.5
2017,00-0029708,K.Wright,,0.0,59.0,59.0,0.0,614.0,,0.0,1.0,1.0,0.0,48.74100112915039,48.74100112915039,0.826,16.35099983215332,0.0,0.0,614.0,10.407,61400.0,100.0,WR,92.0,0.641,9200.0
2017,00-0030496,L.Bell,PIT,322.0,86.0,408.0,1291.0,663.0,,9.0,2.0,11.0,-18.101999282836914,31.062000274658203,12.960000038146973,0.032,15.843000411987305,5.0,2.0,1954.0,4.789,31.6,26.8,RB,107.0,0.804,18.2
2017,00-0027325,L.Blount,PHI,174.0,8.0,182.0,766.0,50.0,,2.0,1.0,3.0,-23.424999237060547,1.9110000133514404,-21.513999938964844,-0.118,-9.281999588012695,0.0,1.0,816.0,4.484,13.9,6.4,RB,8.0,1.0,1.4
2017,00-0022921,L.Fitzgerald,,0.0,109.0,109.0,0.0,1156.0,,0.0,6.0,6.0,0.0,80.46299743652344,80.46299743652344,0.738,20.025999069213867,1.0,0.0,1156.0,10.606,115600.0,600.0,WR,162.0,0.673,16200.0
2017,00-0033856,L.Fournette,JAX,269.0,36.0,305.0,1040.0,302.0,,9.0,1.0,10.0,-17.349000930786133,15.01200008392334,-2.3369998931884766,-0.008,0.257999986410141,2.0,0.0,1342.0,4.4,23.1,25.6,RB,49.0,0.735,9.4
2017,00-0027029,L.McCoy,BUF,287.0,59.0,346.0,1138.0,448.0,,6.0,2.0,8.0,-40.2140007019043,25.516000747680664,-14.699000358581543,-0.042,1.2640000581741333,3.0,1.0,1586.0,4.584,33.3,28.6,RB,77.0,0.766,16.5
2017,00-0029615,L.Miller,HOU,238.0,36.0,274.0,888.0,327.0,,3.0,3.0,6.0,-28.4060001373291,22.28499984741211,-6.120999813079834,-0.022,-8.60200023651123,0.0,0.0,1215.0,4.434,23.2,17.1,RB,45.0,0.8,8.7
2017,00-0030513,L.Murray,MIN,216.0,15.0,231.0,842.0,103.0,,8.0,0.0,8.0,-19.4950008392334,3.1010000705718994,-16.393999099731445,-0.071,-4.980000019073486,3.0,0.0,945.0,4.091,16.4,20.0,RB,17.0,0.882,3.3
2017,00-0033308,M.Breida,SF,105.0,21.0,126.0,465.0,180.0,,2.0,1.0,3.0,0.4090000092983246,11.97700023651123,12.385000228881836,0.098,6.422999858856201,1.0,0.0,645.0,5.119,11.1,10.3,RB,36.0,0.583,6.0
2017,00-0031806,M.Brown,LA,63.0,9.0,72.0,246.0,53.0,,1.0,0.0,1.0,-8.880999565124512,2.0789999961853027,-6.802000045776367,-0.094,-7.960000038146973,0.0,0.0,299.0,4.153,5.0,2.2,RB,11.0,0.818,2.2
2017,00-0031373,M.Bryant,PIT,6.0,50.0,56.0,22.0,603.0,,0.0,3.0,3.0,-1.3170000314712524,45.70000076293945,44.382999420166016,0.793,19.466999053955078,1.0,0.0,625.0,11.161,10.1,7.3,WR,85.0,0.588,14.5
2017,00-0026986,M.Crabtree,,0.0,58.0,58.0,0.0,618.0,,0.0,8.0,8.0,0.0,55.88199996948242,55.88199996948242,0.963,10.402000427246094,2.0,0.0,618.0,10.655,61800.0,800.0,WR,103.0,0.563,10300.0
2017,00-0032063,M.Davis,SEA,68.0,15.0,83.0,223.0,131.0,,0.0,0.0,0.0,-19.514999389648438,4.01800012588501,-15.496999740600586,-0.187,-13.751999855041504,0.0,0.0,354.0,4.265,6.9,0.0,RB,18.0,0.833,3.4
2017,00-0031408,M.Evans,,0.0,71.0,71.0,0.0,1004.0,,0.0,5.0,5.0,0.0,87.98200225830078,87.98200225830078,1.239,21.388999938964844,1.0,0.0,1004.0,14.141,100400.0,500.0,WR,138.0,0.514,13800.0
2017,00-0026184,M.Forte,NYJ,103.0,37.0,140.0,381.0,293.0,,2.0,1.0,3.0,-18.913000106811523,16.573999404907227,-2.3389999866485596,-0.017,-9.736000061035156,0.0,1.0,674.0,4.814,13.4,9.7,RB,45.0,0.822,9.0
2017,00-0030433,M.Gillislee,NE,104.0,1.0,105.0,383.0,15.0,,5.0,0.0,5.0,-15.689000129699707,0.8700000047683716,-14.819000244140625,-0.141,1.8300000429153442,1.0,1.0,398.0,3.79,6.1,10.4,RB,1.0,1.0,0.2
2017,00-0030068,M.Goodwin,SF,4.0,56.0,60.0,44.0,962.0,,0.0,2.0,2.0,2.5829999446868896,77.40899658203125,79.99199676513672,1.333,27.35099983215332,1.0,0.0,1006.0,16.767,17.4,6.9,WR,105.0,0.533,17.5
2017,00-0032144,M.Gordon,LAC,284.0,58.0,342.0,1105.0,476.0,,8.0,4.0,12.0,-23.059999465942383,26.344999313354492,3.2850000858306885,0.01,10.916999816894531,3.0,0.0,1581.0,4.623,25.7,31.6,RB,83.0,0.699,14.5
2017,00-0027966,M.Ingram,NO,230.0,58.0,288.0,1124.0,416.0,,12.0,0.0,12.0,-6.609000205993652,7.375999927520752,0.7670000195503235,0.003,9.032999992370605,3.0,2.0,1540.0,5.347,24.0,26.7,RB,71.0,0.817,13.4
2017,00-0029293,M.Jones,,0.0,61.0,61.0,0.0,1101.0,,0.0,9.0,9.0,0.0,104.61399841308594,104.61399841308594,1.715,22.805999755859375,1.0,0.0,1101.0,18.049,110100.0,900.0,WR,108.0,0.565,10800.0
2017,00-0031431,M.Lee,JAX,1.0,56.0,57.0,17.0,702.0,,0.0,3.0,3.0,0.9869999885559082,63.41899871826172,64.40699768066406,1.13,5.619999885559082,0.0,0.0,719.0,12.614,12.4,7.7,WR,97.0,0.577,18.6
2017,00-0025399,M.Lynch,LV,207.0,20.0,227.0,891.0,151.0,,7.0,0.0,7.0,-15.315999984741211,6.449999809265137,-8.866000175476074,-0.039,-6.1570000648498535,1.0,1.0,1042.0,4.59,19.9,19.4,RB,31.0,0.645,5.6
2017,00-0033951,M.Mack,IND,93.0,21.0,114.0,358.0,225.0,,3.0,1.0,4.0,-9.173999786376953,19.177000045776367,10.003999710083008,0.088,4.625,1.0,0.0,583.0,5.114,12.5,18.2,RB,34.0,0.618,7.2
2017,00-0029632,M.Sanu,ATL,4.0,67.0,71.0,10.0,703.0,,0.0,5.0,5.0,0.6710000038146973,55.09600067138672,55.766998291015625,0.785,10.51200008392334,1.0,0.0,713.0,10.042,12.2,15.2,WR,96.0,0.698,18.6
2017,00-0032765,M.Thomas,,0.0,104.0,104.0,0.0,1245.0,,0.0,5.0,5.0,0.0,108.56600189208984,108.56600189208984,1.044,33.14400100708008,2.0,0.0,1245.0,11.971,124500.0,500.0,WR,149.0,0.698,14900.0
2017,00-0026069,M.Tolbert,BUF,66.0,14.0,80.0,247.0,78.0,,1.0,0.0,1.0,-13.352999687194824,-2.9660000801086426,-16.319000244140625,-0.204,-6.492000102996826,0.0,1.0,325.0,4.062,6.8,3.6,RB,17.0,0.824,3.6
2017,00-0026901,M.Wallace,BAL,1.0,52.0,53.0,4.0,748.0,,0.0,4.0,4.0,0.10199999809265137,57.57400131225586,57.67599868774414,1.088,19.613000869750977,1.0,0.0,752.0,14.189,14.8,11.8,WR,92.0,0.565,16.3
2017,00-0031549,N.Agholor,PHI,1.0,62.0,63.0,7.0,768.0,,0.0,8.0,8.0,0.3799999952316284,71.77400207519531,72.15399932861328,1.145,13.097000122070312,1.0,0.0,775.0,12.302,13.2,17.0,WR,95.0,0.653,17.0
2017,00-0030860,O.Darkwa,NYG,172.0,19.0,191.0,751.0,116.0,,5.0,0.0,5.0,-8.4399995803833,5.010000228881836,-3.430000066757202,-0.018,-1.9910000562667847,2.0,0.0,867.0,4.539,16.7,20.0,RB,28.0,0.679,4.6
2017,00-0032741,P.Barber,TB,108.0,16.0,124.0,423.0,114.0,,3.0,0.0,3.0,-3.7070000171661377,4.171999931335449,0.46399998664855957,0.004,-2.9809999465942383,1.0,1.0,537.0,4.331,9.1,9.1,RB,19.0,0.842,3.2
2017,00-0032688,R.Anderson,NYJ,3.0,63.0,66.0,9.0,941.0,,0.0,7.0,7.0,0.01600000075995922,76.73300170898438,76.7490005493164,1.163,4.482999801635742,0.0,0.0,950.0,14.394,18.8,22.6,WR,115.0,0.548,23.1
2017,00-0030288,R.Burkhead,NE,64.0,30.0,94.0,264.0,254.0,,5.0,3.0,8.0,2.0290000438690186,16.357999801635742,18.386999130249023,0.196,0.8820000290870667,2.0,0.0,518.0,5.511,8.0,16.7,RB,36.0,0.833,6.1
2017,00-0028002,R.Cobb,GB,9.0,66.0,75.0,17.0,653.0,,0.0,4.0,4.0,-2.50600004196167,50.2140007019043,47.70800018310547,0.636,13.236000061035156,2.0,0.0,670.0,8.933,13.6,10.8,TE,93.0,0.71,16.7
2017,00-0027656,R.Gronkowski,,0.0,69.0,69.0,0.0,1084.0,,0.0,8.0,8.0,0.0,106.45500183105469,106.45500183105469,1.543,19.121000289916992,1.0,0.0,1084.0,15.71,108400.0,800.0,WR,106.0,0.651,10600.0
2017,00-0032371,R.Kelley,WAS,62.0,4.0,66.0,194.0,18.0,,3.0,0.0,3.0,-8.04800033569336,0.20999999344348907,-7.8379998207092285,-0.119,0.0,0.0,0.0,212.0,3.212,3.9,8.1,RB,7.0,0.571,1.3
2017,00-0029580,R.Matthews,TEN,1.0,53.0,54.0,-3.0,795.0,,0.0,4.0,4.0,-0.9909999966621399,68.81900024414062,67.8280029296875,1.256,16.92799949645996,1.0,0.0,792.0,14.667,15.5,13.3,WR,87.0,0.609,18.0
2017,00-0031900,R.Smith,DAL,55.0,19.0,74.0,232.0,202.0,,4.0,1.0,5.0,5.497000217437744,15.805000305175781,21.302000045776367,0.288,18.295000076293945,3.0,0.0,434.0,5.865,8.3,13.5,RB,23.0,0.826,4.7
2017,00-0030431,R.Woods,LA,2.0,56.0,58.0,12.0,781.0,,0.0,5.0,5.0,0.3199999928474426,61.000999450683594,61.32099914550781,1.057,8.85099983215332,1.0,0.0,793.0,13.672,13.4,11.1,WR,85.0,0.659,16.7
2017,00-0031588,S.Diggs,MIN,8.0,64.0,72.0,13.0,849.0,,0.0,8.0,8.0,-2.4769999980926514,80.13600158691406,77.65899658203125,1.079,16.957000732421875,3.0,0.0,862.0,11.972,15.0,20.0,WR,95.0,0.674,18.2
2017,00-0033526,S.Perine,WAS,175.0,22.0,197.0,603.0,182.0,,1.0,1.0,2.0,-36.59299850463867,11.878999710083008,-24.71299934387207,-0.125,-16.486000061035156,0.0,2.0,785.0,3.985,14.5,5.4,RB,24.0,0.917,4.5
2017,00-0032385,S.Shepard,NYG,4.0,59.0,63.0,4.0,731.0,,0.0,2.0,2.0,-2.490999937057495,54.1349983215332,51.64400100708008,0.82,13.911999702453613,1.0,0.0,735.0,11.667,14.2,8.0,WR,84.0,0.702,13.9
2017,00-0027994,S.Vereen,NYG,45.0,44.0,89.0,164.0,253.0,,0.0,0.0,0.0,-13.487000465393066,-0.8140000104904175,-14.300000190734863,-0.161,-3.5409998893737793,0.0,0.0,417.0,4.685,8.0,0.0,RB,53.0,0.83,8.8
2017,00-0030525,T.Austin,LA,59.0,13.0,72.0,270.0,43.0,,1.0,0.0,1.0,3.497999906539917,-3.8940000534057617,-0.3959999978542328,-0.006,-0.39800000190734863,0.0,0.0,313.0,4.347,5.3,2.2,RB,22.0,0.591,4.3
2017,00-0033556,T.Cohen,CHI,87.0,53.0,140.0,370.0,356.0,,2.0,1.0,3.0,-12.277999877929688,0.7559999823570251,-11.522000312805176,-0.082,-9.45199966430664,0.0,1.0,726.0,5.186,15.6,11.5,RB,71.0,0.746,15.1
2017,00-0032058,T.Coleman,ATL,156.0,27.0,183.0,628.0,299.0,,5.0,3.0,8.0,-18.641000747680664,23.878000259399414,5.236999988555908,0.029,0.057999998331069946,1.0,0.0,927.0,5.066,15.8,24.2,RB,39.0,0.692,7.5
2017,00-0025396,T.Ginn,NO,10.0,53.0,63.0,39.0,787.0,,0.0,4.0,4.0,0.902999997138977,55.6609992980957,56.56399917602539,0.898,6.302000045776367,1.0,0.0,826.0,13.111,12.9,8.9,WR,70.0,0.757,13.2
2017,00-0032241,T.Gurley,LA,279.0,64.0,343.0,1305.0,788.0,,13.0,6.0,19.0,-11.217000007629395,50.470001220703125,39.25299835205078,0.114,32.987998962402344,8.0,2.0,2093.0,6.102,35.3,42.2,RB,87.0,0.736,17.1
2017,00-0033040,T.Hill,KC,17.0,75.0,92.0,59.0,1183.0,,0.0,7.0,7.0,-4.6570000648498535,85.33699798583984,80.67900085449219,0.877,19.090999603271484,1.0,0.0,1242.0,13.5,21.0,18.4,WR,105.0,0.714,19.8
2017,00-0029608,T.Hilton,,0.0,57.0,57.0,0.0,966.0,,0.0,4.0,4.0,0.0,80.052001953125,80.052001953125,1.404,17.35300064086914,0.0,0.0,966.0,16.947,96600.0,400.0,WR,109.0,0.523,10900.0
2017,00-0030506,T.Kelce,KC,2.0,83.0,85.0,7.0,1038.0,,0.0,8.0,8.0,0.7570000290870667,90.38800048828125,91.1449966430664,1.072,17.542999267578125,1.0,0.0,1045.0,12.294,17.7,21.1,WR,122.0,0.68,23.1
2017,00-0032211,T.Lockett,SEA,10.0,45.0,55.0,58.0,555.0,,0.0,2.0,2.0,4.620999813079834,41.525001525878906,46.145999908447266,0.839,10.197999954223633,1.0,0.0,613.0,11.145,11.9,5.4,WR,71.0,0.634,13.3
2017,00-0032200,T.Montgomery,GB,71.0,23.0,94.0,273.0,173.0,,3.0,1.0,4.0,-4.736999988555908,7.315000057220459,2.578000068664551,0.027,0.0,0.0,0.0,446.0,4.745,9.1,10.8,RB,31.0,0.742,5.6
2017,00-0031897,T.Rawls,SEA,58.0,9.0,67.0,157.0,94.0,,0.0,0.0,0.0,-22.73900032043457,4.571000099182129,-18.16699981689453,-0.271,-0.5950000286102295,0.0,1.0,251.0,3.746,4.9,0.0,RB,13.0,0.692,2.4
2017,00-0030107,T.Riddick,DET,84.0,53.0,137.0,286.0,444.0,,3.0,2.0,5.0,-17.628000259399414,15.949000358581543,-1.6799999475479126,-0.012,-4.079999923706055,2.0,1.0,730.0,5.328,13.1,12.8,RB,71.0,0.746,12.5
2017,00-0030542,T.Williams,DAL,2.0,53.0,55.0,15.0,568.0,,0.0,0.0,0.0,1.2999999523162842,35.61399841308594,36.91400146484375,0.671,5.916999816894531,0.0,0.0,583.0,10.6,11.1,0.0,WR,80.0,0.662,16.4
2017,00-0032209,T.Yeldon,JAX,49.0,30.0,79.0,253.0,224.0,,2.0,0.0,2.0,-3.638000011444092,11.069000244140625,7.429999828338623,0.094,1.1269999742507935,1.0,1.0,477.0,6.038,8.2,5.1,RB,41.0,0.732,7.9
2017,00-0033950,W.Gallman,NYG,111.0,34.0,145.0,476.0,193.0,,0.0,1.0,1.0,-5.610000133514404,4.906000137329102,-0.7039999961853027,-0.005,9.45199966430664,0.0,1.0,669.0,4.614,12.9,4.0,RB,48.0,0.708,7.9
2017,00-0032782,W.Smallwood,PHI,47.0,13.0,60.0,174.0,103.0,,1.0,0.0,1.0,-9.07699966430664,6.184999942779541,-2.8919999599456787,-0.048,-0.6940000057220459,0.0,0.0,277.0,4.617,4.7,2.1,RB,18.0,0.722,3.2
2017,00-0030061,Z.Ertz,,0.0,74.0,74.0,0.0,824.0,,0.0,8.0,8.0,0.0,65.73999786376953,65.73999786376953,0.888,12.86400032043457,1.0,0.0,824.0,11.135,82400.0,800.0,WR,110.0,0.673,11000.0
2018,00-0031075,A.Blue,HOU,150.0,20.0,170.0,499.0,154.0,,2.0,0.0,2.0,-32.49399948120117,-0.37700000405311584,-32.87099838256836,-0.193,-7.500999927520752,1.0,0.0,653.0,3.841,11.3,5.4,RB,27.0,0.741,5.5
2018,00-0027793,A.Brown,,0.0,104.0,104.0,0.0,1297.0,,0.0,15.0,15.0,0.0,107.93900299072266,107.93900299072266,1.038,22.031999588012695,3.0,0.0,1297.0,12.471,129700.0,1500.0,WR,168.0,0.619,16800.0
2018,00-0032426,A.Collins,BAL,114.0,15.0,129.0,411.0,105.0,,7.0,1.0,8.0,-20.045000076293945,3.8610000610351562,-16.18400001525879,-0.125,0.0,0.0,3.0,516.0,4.0,8.6,21.6,RB,21.0,0.714,3.9
2018,00-0031544,A.Cooper,DAL,2.0,75.0,77.0,20.0,1005.0,,0.0,7.0,7.0,1.2920000553131104,74.20700073242188,75.4990005493164,0.981,20.409000396728516,3.0,0.0,1025.0,13.312,18.1,21.2,WR,107.0,0.701,20.7
2018,00-0033699,A.Ekeler,LAC,106.0,39.0,145.0,554.0,404.0,,3.0,3.0,6.0,8.395000457763672,23.81100082397461,32.20600128173828,0.222,6.01200008392334,2.0,0.0,958.0,6.607,15.5,12.5,RB,53.0,0.736,10.3
2018,00-0032392,A.Hooper,,0.0,71.0,71.0,0.0,660.0,,0.0,4.0,4.0,0.0,52.034000396728516,52.034000396728516,0.733,7.558000087738037,0.0,0.0,660.0,9.296,66000.0,400.0,TE,90.0,0.789,9000.0
2018,00-0032009,A.Humphries,TB,2.0,76.0,78.0,11.0,816.0,,0.0,5.0,5.0,0.3799999952316284,67.53500366210938,67.91500091552734,0.871,18.174999237060547,0.0,0.0,827.0,10.603,12.8,10.9,WR,106.0,0.717,17.0
2018,00-0029137,A.Jeffery,,0.0,65.0,65.0,0.0,840.0,,0.0,6.0,6.0,0.0,77.70600128173828,77.70600128173828,1.195,27.575000762939453,2.0,0.0,840.0,12.923,84000.0,600.0,WR,92.0,0.707,9200.0
2018,00-0033293,A.Jones,GB,133.0,26.0,159.0,728.0,206.0,,8.0,1.0,9.0,6.515999794006348,11.145000457763672,17.65999984741211,0.111,0.5099999904632568,1.0,1.0,934.0,5.874,15.6,23.7,RB,35.0,0.743,5.7
2018,00-0033906,A.Kamara,NO,197.0,81.0,278.0,883.0,709.0,,14.0,4.0,18.0,15.371000289916992,44.64899826049805,60.02000045776367,0.216,13.196000099182129,3.0,0.0,1592.0,5.727,25.8,31.0,RB,105.0,0.771,20.5
2018,00-0029141,A.Morris,SF,111.0,8.0,119.0,428.0,73.0,,2.0,0.0,2.0,-17.319000244140625,4.414000034332275,-12.904999732971191,-0.108,2.4660000801086426,1.0,1.0,501.0,4.21,8.3,6.1,RB,13.0,0.615,2.5
2018,00-0025394,A.Peterson,WAS,251.0,20.0,271.0,1042.0,208.0,,7.0,1.0,8.0,-24.266000747680664,6.392000198364258,-17.874000549316406,-0.066,-8.067999839782715,0.0,1.0,1250.0,4.613,26.1,29.6,RB,26.0,0.769,5.3
2018,00-0031428,A.Robinson II,CHI,1.0,55.0,56.0,9.0,754.0,,0.0,4.0,4.0,0.9520000219345093,68.00499725341797,68.95700073242188,1.231,13.03600025177002,0.0,0.0,763.0,13.625,14.2,9.3,WR,95.0,0.579,18.7
2018,00-0030035,A.Thielen,MIN,5.0,113.0,118.0,30.0,1373.0,,0.0,9.0,9.0,-1.246000051498413,97.75399780273438,96.50800323486328,0.818,9.779999732971191,0.0,0.0,1403.0,11.89,24.6,23.1,WR,154.0,0.734,25.8
2018,00-0031236,B.Cooks,LA,10.0,80.0,90.0,68.0,1204.0,,1.0,5.0,6.0,6.853000164031982,91.56700134277344,98.41999816894531,1.094,18.06999969482422,2.0,0.0,1272.0,14.133,18.5,11.1,WR,117.0,0.684,21.4
2018,00-0028064,B.Powell,NYJ,80.0,11.0,91.0,343.0,110.0,,0.0,1.0,1.0,-10.991000175476074,4.140999794006348,-6.85099983215332,-0.075,0.0,0.0,1.0,453.0,4.978,9.3,3.4,RB,18.0,0.611,3.6
2018,00-0029854,C.Anderson,LA,67.0,5.0,72.0,403.0,41.0,,2.0,1.0,3.0,12.003000259399414,2.815000057220459,14.817999839782715,0.206,11.843999862670898,2.0,0.0,444.0,6.167,6.5,5.6,RB,9.0,0.556,1.6
2018,00-0029000,C.Beasley,,0.0,65.0,65.0,0.0,672.0,,0.0,3.0,3.0,0.0,63.88199996948242,63.88199996948242,0.983,22.687999725341797,1.0,0.0,672.0,10.338,67200.0,300.0,WR,87.0,0.747,8700.0
2018,00-0033594,C.Carson,SEA,247.0,20.0,267.0,1151.0,163.0,,9.0,0.0,9.0,-0.28700000047683716,6.235000133514404,5.948999881744385,0.022,9.859000205993652,5.0,2.0,1314.0,4.921,22.9,18.0,RB,24.0,0.833,6.0
2018,00-0033725,C.Clement,PHI,69.0,22.0,91.0,259.0,192.0,,2.0,0.0,2.0,-6.315000057220459,7.701000213623047,1.3860000371932983,0.015,-1.38100004196167,0.0,0.0,451.0,4.956,7.5,4.9,RB,25.0,0.88,4.2
2018,00-0033871,C.Davis,TEN,6.0,65.0,71.0,55.0,891.0,,0.0,4.0,4.0,0.9210000038146973,79.4010009765625,80.32099914550781,1.131,10.071999549865723,0.0,0.0,946.0,13.324,18.8,13.8,WR,112.0,0.58,26.3
2018,00-0034681,C.Edmonds,ARI,60.0,20.0,80.0,208.0,103.0,,2.0,0.0,2.0,-6.446000099182129,-0.7820000052452087,-7.229000091552734,-0.09,-3.3450000286102295,0.0,0.0,311.0,3.888,7.6,8.3,RB,23.0,0.87,4.8
2018,00-0033921,C.Godwin,,0.0,59.0,59.0,0.0,842.0,,0.0,7.0,7.0,0.0,77.37799835205078,77.37799835205078,1.311,15.156000137329102,2.0,0.0,842.0,14.271,84200.0,700.0,WR,97.0,0.608,9700.0
2018,00-0031045,C.Hyde,CLE,172.0,10.0,182.0,571.0,33.0,,5.0,0.0,5.0,-39.0629997253418,-2.496000051498413,-41.558998107910156,-0.228,-8.067999839782715,0.0,1.0,604.0,3.319,10.2,11.6,RB,16.0,0.625,2.8
2018,00-0027531,C.Ivory,BUF,115.0,12.0,127.0,385.0,175.0,,1.0,0.0,1.0,-18.687999725341797,15.642999649047852,-3.0450000762939453,-0.024,4.28000020980835,0.0,0.0,560.0,4.409,12.5,4.3,RB,20.0,0.6,4.2
2018,00-0033280,C.McCaffrey,CAR,219.0,107.0,326.0,1098.0,867.0,,7.0,6.0,13.0,7.453999996185303,45.792999267578125,53.24700164794922,0.163,12.638999938964844,2.0,1.0,1965.0,6.028,32.8,28.9,RB,125.0,0.856,22.8
2018,00-0027939,C.Newton,CAR,63.0,0.0,63.0,308.0,0.0,,4.0,0.0,4.0,5.715000152587891,0.0,5.715000152587891,0.091,2.615999937057495,0.0,0.0,308.0,4.889,5.1,8.9,RB,0.0,0.0,0.0
2018,00-0030578,C.Patterson,NE,42.0,21.0,63.0,228.0,247.0,,1.0,3.0,4.0,5.5289998054504395,16.7450008392334,22.27400016784668,0.354,9.857000350952148,1.0,0.0,475.0,7.54,7.4,8.7,RB,29.0,0.724,5.2
2018,00-0034837,C.Ridley,ATL,5.0,64.0,69.0,24.0,821.0,,0.0,10.0,10.0,0.37700000405311584,72.8489990234375,73.22599792480469,1.061,14.071999549865723,2.0,0.0,845.0,12.246,13.2,21.7,WR,92.0,0.696,15.1
2018,00-0032355,C.Rogers,IND,1.0,53.0,54.0,-4.0,485.0,,0.0,2.0,2.0,-1.1369999647140503,31.57900047302246,30.441999435424805,0.564,11.491999626159668,1.0,0.0,481.0,8.907,7.8,3.8,TE,74.0,0.716,11.6
2018,00-0030404,C.Thompson,WAS,43.0,41.0,84.0,178.0,264.0,,0.0,1.0,1.0,-9.593999862670898,6.857999801635742,-2.7360000610351562,-0.033,-3.9089999198913574,0.0,0.0,442.0,5.262,9.2,3.7,RB,56.0,0.732,11.4
2018,00-0031381,D.Adams,,0.0,111.0,111.0,0.0,1386.0,,0.0,13.0,13.0,0.0,121.10199737548828,121.10199737548828,1.091,24.100000381469727,2.0,0.0,1386.0,12.486,138600.0,1300.0,WR,170.0,0.653,17000.0
2018,00-0026035,D.Amendola,MIA,1.0,59.0,60.0,-2.0,575.0,,0.0,1.0,1.0,-0.7179999947547913,30.708999633789062,29.990999221801758,0.5,4.567999839782715,0.0,0.0,573.0,9.55,11.7,3.0,TE,79.0,0.747,18.1
2018,00-0028434,D.Baldwin,,0.0,50.0,50.0,0.0,618.0,,0.0,5.0,5.0,0.0,57.680999755859375,57.680999755859375,1.154,26.7549991607666,3.0,0.0,618.0,12.36,61800.0,500.0,WR,73.0,0.685,7300.0
2018,00-0032972,D.Booker,DEN,34.0,38.0,72.0,183.0,275.0,,1.0,0.0,1.0,2.372999906539917,6.0960001945495605,8.468000411987305,0.118,0.4180000126361847,0.0,0.0,458.0,6.361,8.0,2.8,RB,51.0,0.745,9.0
2018,00-0033893,D.Cook,MIN,133.0,40.0,173.0,615.0,305.0,,2.0,2.0,4.0,-22.12299919128418,12.0,-10.123000144958496,-0.059,6.841000080108643,3.0,2.0,920.0,5.318,16.1,10.3,RB,49.0,0.816,8.2
2018,00-0032764,D.Henry,TEN,215.0,15.0,230.0,1059.0,99.0,,12.0,0.0,12.0,10.60099983215332,-1.0980000495910645,9.503000259399414,0.041,21.843000411987305,7.0,0.0,1158.0,5.035,23.0,41.4,RB,18.0,0.833,4.2
2018,00-0030564,D.Hopkins,HOU,1.0,115.0,116.0,-7.0,1572.0,,0.0,11.0,11.0,-1.4570000171661377,123.23200225830078,121.7750015258789,1.05,41.10900115966797,3.0,0.0,1565.0,13.491,27.1,29.7,WR,163.0,0.706,32.9
2018,00-0032187,D.Johnson,ARI,259.0,50.0,309.0,940.0,446.0,,7.0,3.0,10.0,-53.034000396728516,20.690000534057617,-32.34400177001953,-0.105,-10.482999801635742,2.0,2.0,1386.0,4.485,34.0,41.7,RB,76.0,0.658,16.0
2018,00-0032257,D.Johnson,CLE,42.0,47.0,89.0,201.0,429.0,,0.0,3.0,3.0,-0.8050000071525574,27.81399917602539,27.009000778198242,0.303,4.0879998207092285,0.0,0.0,630.0,7.079,10.6,7.0,RB,62.0,0.758,11.0
2018,00-0028087,D.Lewis,TEN,155.0,59.0,214.0,517.0,400.0,,1.0,1.0,2.0,-37.4630012512207,13.019000053405762,-24.44499969482422,-0.114,-3.1530001163482666,0.0,1.0,917.0,4.285,18.2,6.9,RB,67.0,0.881,15.7
2018,00-0029613,D.Martin,LV,172.0,18.0,190.0,723.0,116.0,,4.0,0.0,4.0,-15.041000366210938,4.068999767303467,-10.972000122070312,-0.058,-1.190999984741211,2.0,3.0,839.0,4.416,14.9,14.3,RB,24.0,0.75,4.5
2018,00-0034827,D.Moore,CAR,13.0,55.0,68.0,172.0,788.0,,0.0,2.0,2.0,4.126999855041504,49.077999114990234,53.20600128173828,0.782,7.908999919891357,0.0,1.0,960.0,14.118,16.0,4.4,WR,82.0,0.671,15.0
2018,00-0033885,D.Njoku,,0.0,56.0,56.0,0.0,639.0,,0.0,4.0,4.0,0.0,42.65800094604492,42.65800094604492,0.762,16.461999893188477,1.0,0.0,639.0,11.411,63900.0,400.0,WR,88.0,0.636,8800.0
2018,00-0033839,D.Westbrook,JAX,9.0,66.0,75.0,98.0,715.0,,0.0,5.0,5.0,4.548999786376953,62.53499984741211,67.08300018310547,0.894,18.007999420166016,1.0,0.0,813.0,10.84,17.0,23.8,WR,103.0,0.641,19.6
2018,00-0030874,Dam. Williams,KC,50.0,23.0,73.0,256.0,160.0,,4.0,2.0,6.0,-0.36800000071525574,10.204999923706055,9.838000297546387,0.135,9.786999702453613,6.0,1.0,416.0,5.699,6.1,9.4,RB,24.0,0.958,4.2
2018,00-0027874,De.Thomas,,0.0,59.0,59.0,0.0,677.0,,0.0,5.0,5.0,0.0,57.678001403808594,57.678001403808594,0.978,7.60099983215332,0.0,0.0,677.0,11.475,67700.0,500.0,WR,90.0,0.656,9000.0
2018,00-0031387,E.Ebron,IND,3.0,66.0,69.0,-8.0,750.0,,1.0,13.0,14.0,-3.5940001010894775,68.27200317382812,64.6780014038086,0.937,15.51099967956543,2.0,1.0,742.0,10.754,12.0,26.9,WR,110.0,0.6,17.3
2018,00-0033045,E.Elliott,DAL,304.0,77.0,381.0,1434.0,567.0,,6.0,3.0,9.0,-9.76099967956543,14.237000465393066,4.4770002365112305,0.012,-1.8450000286102295,0.0,1.0,2001.0,5.252,35.3,27.3,RB,95.0,0.811,18.4
2018,00-0033295,E.McGuire,NYJ,92.0,19.0,111.0,276.0,193.0,,3.0,1.0,4.0,-33.11399841308594,12.048999786376953,-21.065000534057617,-0.19,-23.34600067138672,4.0,2.0,469.0,4.225,9.6,13.8,RB,31.0,0.613,6.1
2018,00-0027685,E.Sanders,DEN,4.0,71.0,75.0,53.0,866.0,,1.0,4.0,5.0,3.736999988555908,54.417999267578125,58.15599822998047,0.775,0.0,0.0,0.0,919.0,12.253,16.0,13.9,WR,98.0,0.724,17.3
2018,00-0023500,F.Gore,MIA,156.0,12.0,168.0,722.0,124.0,,0.0,1.0,1.0,-3.9059998989105225,13.043999671936035,9.138999938964844,0.054,3.869999885559082,0.0,0.0,846.0,5.036,17.2,3.0,RB,16.0,0.75,3.7
2018,00-0030456,G.Bernard,CIN,56.0,35.0,91.0,211.0,218.0,,3.0,0.0,3.0,-4.3379998207092285,7.9120001792907715,3.5739998817443848,0.039,-3.2820000648498535,0.0,0.0,429.0,4.714,8.4,7.5,RB,49.0,0.714,9.2
2018,00-0034184,G.Edwards,BAL,139.0,2.0,141.0,718.0,20.0,,2.0,0.0,2.0,12.333999633789062,1.2569999694824219,13.590999603271484,0.096,-0.6359999775886536,1.0,0.0,738.0,5.234,12.2,5.4,RB,2.0,1.0,0.4
2018,00-0033288,G.Kittle,SF,1.0,88.0,89.0,10.0,1377.0,,0.0,5.0,5.0,0.5360000133514404,113.65299987792969,114.18900299072266,1.283,39.50400161743164,2.0,0.0,1387.0,15.584,22.9,15.2,WR,138.0,0.638,26.6
2018,00-0027891,G.Tate,DET,4.0,74.0,78.0,34.0,789.0,,0.0,4.0,4.0,0.9610000252723694,55.11199951171875,56.073001861572266,0.719,4.906000137329102,0.0,0.0,823.0,10.551,15.2,12.1,WR,114.0,0.649,20.2
2018,00-0030656,I.Crowell,NYJ,143.0,21.0,164.0,685.0,152.0,,6.0,0.0,6.0,-9.515999794006348,7.1620001792907715,-2.3540000915527344,-0.014,-1.2269999980926514,0.0,0.0,837.0,5.104,17.1,20.7,RB,28.0,0.75,5.5
2018,00-0034378,I.Smith,ATL,90.0,27.0,117.0,315.0,152.0,,4.0,0.0,4.0,-16.03700065612793,8.880999565124512,-7.156000137329102,-0.061,1.812000036239624,0.0,0.0,467.0,3.991,7.3,8.7,RB,32.0,0.844,5.3
2018,00-0034457,J.Adams,PHI,121.0,7.0,128.0,511.0,58.0,,3.0,0.0,3.0,-22.520000457763672,2.6689999103546143,-19.85099983215332,-0.155,-13.027000427246094,1.0,1.0,569.0,4.445,9.5,7.3,RB,13.0,0.538,2.2
2018,00-0031590,J.Ajayi,PHI,46.0,5.0,51.0,184.0,20.0,,3.0,0.0,3.0,-4.863999843597412,0.07000000029802322,-4.794000148773193,-0.094,0.0,0.0,1.0,204.0,4.0,3.4,7.3,RB,6.0,0.833,1.0
2018,00-0031577,J.Allen,BAL,41.0,35.0,76.0,110.0,204.0,,3.0,2.0,5.0,-5.8460001945495605,2.5450000762939453,-3.3010001182556152,-0.043,0.0,0.0,0.0,314.0,4.132,5.2,13.5,RB,44.0,0.795,8.1
2018,00-0033553,J.Conner,PIT,215.0,55.0,270.0,973.0,497.0,,12.0,1.0,13.0,-4.263000011444092,24.56999969482422,20.30699920654297,0.075,0.8330000042915344,0.0,1.0,1470.0,5.444,22.7,26.0,RB,73.0,0.753,10.7
2018,00-0027061,J.Cook,,0.0,68.0,68.0,0.0,896.0,,0.0,6.0,6.0,0.0,75.1760025024414,75.1760025024414,1.106,14.177000045776367,0.0,0.0,896.0,13.176,89600.0,600.0,WR,101.0,0.673,10100.0
2018,00-0027150,J.Edelman,NE,9.0,74.0,83.0,107.0,850.0,,0.0,6.0,6.0,9.473999977111816,69.13600158691406,78.61000061035156,0.947,31.926000595092773,3.0,0.0,957.0,11.53,14.9,13.0,WR,108.0,0.685,19.4
2018,00-0027696,J.Graham,,0.0,55.0,55.0,0.0,636.0,,0.0,2.0,2.0,0.0,44.3849983215332,44.3849983215332,0.807,5.690000057220459,0.0,0.0,636.0,11.564,63600.0,200.0,WR,89.0,0.618,8900.0
2018,00-0032780,J.Howard,CHI,250.0,20.0,270.0,935.0,145.0,,9.0,0.0,9.0,-25.16200065612793,2.313999891281128,-22.847999572753906,-0.085,3.252000093460083,4.0,1.0,1080.0,4.0,20.1,20.9,RB,27.0,0.741,5.3
2018,00-0034440,J.Jackson,LAC,50.0,15.0,65.0,206.0,135.0,,2.0,0.0,2.0,-3.4590001106262207,8.114999771118164,4.65500020980835,0.072,0.1850000023841858,1.0,0.0,341.0,5.246,5.5,4.2,RB,19.0,0.789,3.7
2018,00-0027944,J.Jones,ATL,2.0,113.0,115.0,12.0,1677.0,,0.0,8.0,8.0,0.4690000116825104,121.15599822998047,121.625,1.058,33.57600021362305,5.0,0.0,1689.0,14.687,26.4,17.4,WR,170.0,0.665,27.9
2018,00-0031382,J.Landry,CLE,3.0,81.0,84.0,60.0,976.0,,1.0,4.0,5.0,5.2829999923706055,62.729000091552734,68.01300048828125,0.81,23.56800079345703,3.0,0.0,1036.0,12.333,17.5,11.6,WR,150.0,0.54,26.6
2018,00-0033897,J.Mixon,CIN,237.0,43.0,280.0,1168.0,296.0,,8.0,1.0,9.0,-10.878999710083008,12.01200008392334,1.1339999437332153,0.004,-4.066999912261963,3.0,0.0,1464.0,5.229,28.8,22.5,RB,55.0,0.782,10.3
2018,00-0026176,J.Nelson,LV,1.0,63.0,64.0,-2.0,739.0,,0.0,3.0,3.0,-1.1729999780654907,54.62300109863281,53.45000076293945,0.835,22.099000930786133,0.0,0.0,737.0,11.516,13.1,10.7,WR,89.0,0.708,16.8
2018,00-0030472,J.Reed,,0.0,54.0,54.0,0.0,558.0,,0.0,2.0,2.0,0.0,41.64899826049805,41.64899826049805,0.771,0.0,0.0,0.0,558.0,10.333,55800.0,200.0,WR,84.0,0.643,8400.0
2018,00-0033025,J.Richard,LV,56.0,68.0,124.0,259.0,607.0,,1.0,0.0,1.0,-16.989999771118164,23.672000885009766,6.683000087738037,0.054,-5.165999889373779,1.0,2.0,866.0,6.984,15.3,3.6,RB,81.0,0.84,15.3
2018,00-0028083,J.Rodgers,TB,33.0,38.0,71.0,106.0,304.0,,1.0,0.0,1.0,-4.896999835968018,5.750999927520752,0.8529999852180481,0.012,3.006999969482422,1.0,0.0,410.0,5.775,6.3,2.2,RB,45.0,0.844,7.2
2018,00-0034331,J.Samuels,PIT,56.0,26.0,82.0,256.0,199.0,,0.0,3.0,3.0,-2.5339999198913574,17.211999893188477,14.678000450134277,0.179,12.003000259399414,1.0,0.0,455.0,5.549,7.0,6.0,RB,29.0,0.897,4.3
2018,00-0033857,J.Smith-Schuster,PIT,1.0,111.0,112.0,13.0,1383.0,,0.0,7.0,7.0,0.6039999723434448,110.02400207519531,110.62699890136719,0.988,22.315000534057617,3.0,0.0,1396.0,12.464,21.5,14.0,WR,167.0,0.665,24.5
2018,00-0031062,J.White,NE,94.0,87.0,181.0,425.0,751.0,,5.0,7.0,12.0,-4.855000019073486,54.6150016784668,49.7599983215332,0.275,1.1540000438690186,2.0,0.0,1176.0,6.497,18.3,26.1,RB,123.0,0.707,22.1
2018,00-0034400,J.Wilkins,IND,60.0,16.0,76.0,336.0,85.0,,1.0,0.0,1.0,4.886000156402588,-10.836000442504883,-5.949999809265137,-0.078,0.035999998450279236,0.0,0.0,421.0,5.539,6.8,1.9,RB,18.0,0.889,2.8
2018,00-0033948,J.Williams,GB,121.0,27.0,148.0,464.0,210.0,,3.0,0.0,3.0,-16.509000778198242,9.28600025177002,-7.2230000495910645,-0.049,3.2360000610351562,2.0,0.0,674.0,4.554,11.3,7.9,RB,42.0,0.643,6.8
2018,00-0034115,J.Wilson,SF,66.0,12.0,78.0,266.0,98.0,,0.0,0.0,0.0,-16.163999557495117,6.048999786376953,-10.116000175476074,-0.13,-12.038999557495117,0.0,2.0,364.0,4.667,6.0,0.0,RB,15.0,0.8,2.9
2018,00-0030279,K.Allen,LAC,9.0,97.0,106.0,75.0,1196.0,,0.0,6.0,6.0,0.5720000267028809,98.89299774169922,99.46399688720703,0.938,14.656000137329102,1.0,0.0,1271.0,11.991,20.6,12.5,WR,137.0,0.708,26.7
2018,00-0032411,K.Dixon,BAL,60.0,6.0,66.0,333.0,51.0,,2.0,0.0,2.0,1.253999948501587,3.433000087738037,4.685999870300293,0.071,5.736000061035156,1.0,1.0,384.0,5.818,6.4,5.4,RB,7.0,0.857,1.3
2018,00-0033118,K.Drake,MIA,120.0,53.0,173.0,535.0,425.0,,4.0,4.0,8.0,-15.300000190734863,29.211999893188477,13.911999702453613,0.08,7.7829999923706055,0.0,1.0,960.0,5.549,19.5,24.2,RB,73.0,0.726,16.7
2018,00-0033932,K.Golladay,DET,1.0,70.0,71.0,8.0,1063.0,,0.0,5.0,5.0,0.6380000114440918,96.94400024414062,97.58200073242188,1.374,16.86199951171875,0.0,0.0,1071.0,15.085,19.7,15.2,WR,122.0,0.574,21.6
2018,00-0033923,K.Hunt,KC,181.0,26.0,207.0,824.0,378.0,,7.0,7.0,14.0,1.555999994277954,37.58599853515625,39.143001556396484,0.189,0.0,0.0,0.0,1202.0,5.807,17.7,21.9,RB,35.0,0.743,6.2
2018,00-0034349,K.Johnson,DET,118.0,32.0,150.0,641.0,213.0,,3.0,1.0,4.0,-2.243000030517578,10.914999961853027,8.67199993133545,0.058,0.0,0.0,1.0,854.0,5.693,15.7,12.1,RB,39.0,0.821,6.9
2018,00-0027981,K.Rudolph,,0.0,64.0,64.0,0.0,634.0,,0.0,4.0,4.0,0.0,44.37699890136719,44.37699890136719,0.693,10.359999656677246,2.0,0.0,634.0,9.906,63400.0,400.0,TE,84.0,0.762,8400.0
2018,00-0027325,L.Blount,DET,155.0,10.0,165.0,418.0,67.0,,5.0,0.0,5.0,-37.763999938964844,-4.198999881744385,-41.9630012512207,-0.254,-22.915000915527344,0.0,0.0,485.0,2.939,8.9,15.2,RB,15.0,0.667,2.7
2018,00-0022921,L.Fitzgerald,,0.0,69.0,69.0,0.0,734.0,,0.0,6.0,6.0,0.0,54.89099884033203,54.89099884033203,0.796,15.145000457763672,1.0,0.0,734.0,10.638,73400.0,600.0,WR,113.0,0.611,11300.0
2018,00-0033856,L.Fournette,JAX,133.0,22.0,155.0,439.0,185.0,,5.0,1.0,6.0,-17.804000854492188,10.472000122070312,-7.331999778747559,-0.047,-8.984000205993652,1.0,0.0,624.0,4.026,13.1,28.6,RB,26.0,0.846,4.9
2018,00-0034796,L.Jackson,BAL,116.0,0.0,116.0,595.0,0.0,,5.0,0.0,5.0,7.881999969482422,0.0,7.881999969482422,0.068,-3.311000108718872,2.0,2.0,595.0,5.129,9.9,13.5,RB,2.0,0.0,0.4
2018,00-0027029,L.McCoy,BUF,161.0,34.0,195.0,514.0,238.0,,3.0,0.0,3.0,-35.959999084472656,10.96399974822998,-24.996000289916992,-0.128,-2.6540000438690186,1.0,0.0,752.0,3.856,16.8,13.0,RB,46.0,0.739,9.6
2018,00-0029615,L.Miller,HOU,210.0,25.0,235.0,973.0,163.0,,5.0,1.0,6.0,-12.071000099182129,6.013000011444092,-6.058000087738037,-0.026,-9.347999572753906,2.0,0.0,1136.0,4.834,19.7,16.2,RB,36.0,0.694,7.3
2018,00-0030513,L.Murray,MIN,140.0,22.0,162.0,578.0,141.0,,6.0,0.0,6.0,-20.44300079345703,-0.6639999747276306,-21.10700035095215,-0.13,-8.336000442504883,1.0,0.0,719.0,4.438,12.6,15.4,RB,27.0,0.815,4.5
2018,00-0033308,M.Breida,SF,153.0,27.0,180.0,814.0,261.0,,3.0,2.0,5.0,2.9210000038146973,18.398000717163086,21.31999969482422,0.118,0.550000011920929,0.0,1.0,1075.0,5.972,17.7,15.2,RB,31.0,0.871,6.0
2018,00-0026986,M.Crabtree,,0.0,54.0,54.0,0.0,607.0,,0.0,3.0,3.0,0.0,45.374000549316406,45.374000549316406,0.84,4.464000225067139,0.0,0.0,607.0,11.241,60700.0,300.0,WR,100.0,0.54,10000.0
2018,00-0032063,M.Davis,SEA,112.0,34.0,146.0,514.0,214.0,,4.0,1.0,5.0,2.3519999980926514,2.562000036239624,4.914000034332275,0.034,4.926000118255615,1.0,0.0,728.0,4.986,12.7,10.0,RB,42.0,0.81,10.5
2018,00-0031408,M.Evans,,0.0,86.0,86.0,0.0,1524.0,,0.0,8.0,8.0,0.0,127.47899627685547,127.47899627685547,1.482,35.823001861572266,3.0,0.0,1524.0,17.721,152400.0,800.0,WR,139.0,0.619,13900.0
2018,00-0032144,M.Gordon,LAC,176.0,50.0,226.0,885.0,490.0,,10.0,4.0,14.0,12.241999626159668,25.91200065612793,38.154998779296875,0.169,-4.281000137329102,1.0,0.0,1375.0,6.084,22.3,29.2,RB,67.0,0.746,13.1
2018,00-0027966,M.Ingram,NO,138.0,21.0,159.0,645.0,170.0,,6.0,1.0,7.0,-8.62399959564209,3.61299991607666,-5.011000156402588,-0.032,-5.440999984741211,2.0,1.0,815.0,5.126,13.2,12.1,RB,27.0,0.778,5.3
2018,00-0025399,M.Lynch,LV,90.0,15.0,105.0,376.0,84.0,,3.0,0.0,3.0,-2.759000062942505,1.4010000228881836,-1.3580000400543213,-0.013,0.0,0.0,0.0,460.0,4.381,8.1,10.7,RB,20.0,0.75,3.8
2018,00-0033951,M.Mack,IND,197.0,17.0,214.0,908.0,103.0,,9.0,1.0,10.0,8.41100025177002,1.6729999780654907,10.083999633789062,0.047,-8.885000228881836,5.0,1.0,1011.0,4.724,16.4,19.2,RB,26.0,0.654,4.1
2018,00-0031959,M.Murphy,BUF,52.0,11.0,63.0,250.0,26.0,,0.0,0.0,0.0,-4.421999931335449,-7.081999778747559,-11.503999710083008,-0.183,-1.1480000019073486,0.0,0.0,276.0,4.381,6.1,0.0,RB,19.0,0.579,4.0
2018,00-0029632,M.Sanu,ATL,7.0,66.0,73.0,44.0,838.0,,0.0,4.0,4.0,1.940000057220459,69.2750015258789,71.21499633789062,0.976,24.488000869750977,1.0,0.0,882.0,12.082,13.8,8.7,WR,96.0,0.688,15.8
2018,00-0032765,M.Thomas,,0.0,125.0,125.0,0.0,1405.0,,0.0,9.0,9.0,0.0,110.31099700927734,110.31099700927734,0.882,22.211999893188477,1.0,0.0,1405.0,11.24,140500.0,900.0,WR,148.0,0.845,14800.0
2018,00-0033536,M.Williams,LAC,7.0,43.0,50.0,28.0,664.0,,1.0,10.0,11.0,-0.5730000138282776,73.0250015258789,72.4520034790039,1.449,21.554000854492188,4.0,0.0,692.0,13.84,11.2,22.9,WR,68.0,0.632,13.3
2018,00-0031549,N.Agholor,PHI,3.0,64.0,67.0,32.0,743.0,,0.0,4.0,4.0,1.8769999742507935,57.3489990234375,59.22600173950195,0.884,18.295000076293945,3.0,0.0,775.0,11.567,12.9,9.8,WR,97.0,0.66,16.4
2018,00-0034791,N.Chubb,CLE,192.0,20.0,212.0,996.0,149.0,,8.0,2.0,10.0,1.8530000448226929,7.841000080108643,9.694000244140625,0.046,-8.467000007629395,1.0,0.0,1145.0,5.401,19.3,23.3,RB,29.0,0.69,5.1
2018,00-0034367,N.Hines,IND,85.0,63.0,148.0,314.0,425.0,,2.0,2.0,4.0,-12.32699966430664,23.429000854492188,11.10099983215332,0.075,8.444999694824219,1.0,0.0,739.0,4.993,12.0,7.7,RB,81.0,0.778,12.7
2018,00-0031235,O.Beckham,NYG,5.0,77.0,82.0,19.0,1052.0,,0.0,6.0,6.0,-1.7619999647140503,87.11499786376953,85.35299682617188,1.041,0.0,0.0,0.0,1071.0,13.061,17.7,16.7,WR,125.0,0.616,21.6
2018,00-0032741,P.Barber,TB,234.0,20.0,254.0,871.0,92.0,,5.0,1.0,6.0,-42.79499816894531,3.5220000743865967,-39.27299880981445,-0.155,-11.763999938964844,1.0,1.0,963.0,3.791,14.8,13.0,RB,29.0,0.69,4.7
2018,00-0034109,P.Lindsay,DEN,193.0,35.0,228.0,1037.0,241.0,,9.0,1.0,10.0,5.10699987411499,9.66100025177002,14.767999649047852,0.065,-11.017000198364258,1.0,0.0,1278.0,5.605,22.2,27.8,RB,47.0,0.745,8.3
2018,00-0032688,R.Anderson,NYJ,2.0,50.0,52.0,-8.0,752.0,,0.0,6.0,6.0,-3.5910000801086426,58.124000549316406,54.53300094604492,1.049,35.551998138427734,3.0,0.0,744.0,14.308,15.2,20.7,WR,94.0,0.532,18.6
2018,00-0030288,R.Burkhead,NE,57.0,14.0,71.0,186.0,131.0,,0.0,1.0,1.0,-12.168000221252441,2.8889999389648438,-9.279000282287598,-0.131,-5.789000034332275,1.0,0.0,317.0,4.465,4.9,2.2,RB,20.0,0.7,3.6
2018,00-0034838,R.Freeman,DEN,130.0,14.0,144.0,521.0,72.0,,5.0,0.0,5.0,-17.875,1.5110000371932983,-16.36400032043457,-0.114,-5.736000061035156,0.0,1.0,593.0,4.118,10.3,13.9,RB,20.0,0.7,3.5
2018,00-0034750,R.Penny,SEA,85.0,9.0,94.0,419.0,75.0,,2.0,0.0,2.0,-2.7850000858306885,2.9149999618530273,0.13099999725818634,0.001,-1.3530000448226929,0.0,0.0,494.0,5.255,8.6,4.0,RB,12.0,0.75,3.0
2018,00-0031900,R.Smith,DAL,44.0,9.0,53.0,127.0,60.0,,1.0,0.0,1.0,-7.697999954223633,0.8090000152587891,-6.888000011444092,-0.13,-0.5899999737739563,1.0,0.0,187.0,3.528,3.3,3.0,RB,12.0,0.75,2.3
2018,00-0030431,R.Woods,LA,19.0,86.0,105.0,157.0,1219.0,,1.0,6.0,7.0,6.538000106811523,105.5,112.03800201416016,1.067,20.214000701904297,2.0,0.0,1376.0,13.105,20.0,13.0,WR,130.0,0.662,23.7
2018,00-0034844,S.Barkley,NYG,263.0,91.0,354.0,1307.0,721.0,,11.0,4.0,15.0,-7.855000019073486,31.02199935913086,23.16699981689453,0.065,0.38600000739097595,3.0,0.0,2028.0,5.729,33.5,41.7,RB,121.0,0.752,20.9
2018,00-0031588,S.Diggs,MIN,10.0,102.0,112.0,62.0,1021.0,,0.0,9.0,9.0,2.7679998874664307,68.86399841308594,71.63200378417969,0.64,12.715999603271484,3.0,0.0,1083.0,9.67,19.0,23.1,WR,150.0,0.68,25.1
2018,00-0034845,S.Michel,NE,209.0,7.0,216.0,931.0,50.0,,6.0,0.0,6.0,-3.0450000762939453,1.9620000123977661,-1.0829999446868896,-0.005,-1.1330000162124634,1.0,1.0,981.0,4.542,15.3,13.0,RB,11.0,0.636,2.0
2018,00-0032385,S.Shepard,NYG,3.0,66.0,69.0,33.0,872.0,,0.0,4.0,4.0,1.5829999446868896,75.74800109863281,77.33000183105469,1.121,22.851999282836914,1.0,0.0,905.0,13.116,15.0,11.1,WR,108.0,0.611,18.7
2018,00-0030414,S.Ware,KC,51.0,20.0,71.0,246.0,224.0,,2.0,0.0,2.0,-1.3580000400543213,16.46299934387207,15.104999542236328,0.213,2.9830000400543213,0.0,0.0,470.0,6.62,6.9,3.1,RB,23.0,0.87,4.1
2018,00-0030663,Snead IV,BAL,1.0,62.0,63.0,13.0,651.0,,0.0,1.0,1.0,1.465000033378601,44.52199935913086,45.98699951171875,0.73,14.3149995803833,0.0,0.0,664.0,10.54,11.0,2.7,WR,95.0,0.653,17.6
2018,00-0033009,T.Boyd,CIN,2.0,76.0,78.0,3.0,1028.0,,0.0,7.0,7.0,-1.0989999771118164,101.39299774169922,100.29399871826172,1.286,12.994000434875488,1.0,0.0,1031.0,13.218,20.3,17.5,WR,108.0,0.704,20.3
2018,00-0030710,T.Burton,CHI,1.0,54.0,55.0,2.0,569.0,,0.0,6.0,6.0,0.07900000363588333,40.96500015258789,41.04499816894531,0.746,10.038000106811523,1.0,0.0,571.0,10.382,10.6,14.0,WR,77.0,0.701,15.1
2018,00-0034164,T.Cannon,NYJ,38.0,17.0,55.0,113.0,144.0,,1.0,0.0,1.0,-7.083000183105469,2.2070000171661377,-4.875999927520752,-0.089,-3.7019999027252197,1.0,0.0,257.0,4.673,5.3,3.4,RB,25.0,0.68,4.9
2018,00-0033556,T.Cohen,CHI,99.0,71.0,170.0,444.0,725.0,,3.0,5.0,8.0,-11.123000144958496,40.625999450683594,29.503000259399414,0.174,-2.049999952316284,2.0,2.0,1169.0,6.876,21.7,18.6,RB,91.0,0.78,17.9
2018,00-0032058,T.Coleman,ATL,167.0,32.0,199.0,800.0,276.0,,4.0,5.0,9.0,-11.831999778747559,21.041000366210938,9.208999633789062,0.046,8.185999870300293,2.0,0.0,1076.0,5.407,16.8,19.6,RB,44.0,0.727,7.2
2018,00-0031228,T.Gabriel,CHI,9.0,67.0,76.0,61.0,688.0,,0.0,2.0,2.0,2.6500000953674316,45.183998107910156,47.83399963378906,0.629,11.663000106811523,0.0,0.0,749.0,9.855,13.9,4.7,WR,93.0,0.72,18.3
2018,00-0032241,T.Gurley,LA,260.0,59.0,319.0,1251.0,580.0,,17.0,4.0,21.0,21.408000946044922,29.100000381469727,50.507999420166016,0.158,4.815000057220459,2.0,0.0,1831.0,5.74,26.7,38.9,RB,82.0,0.72,15.0
2018,00-0033040,T.Hill,KC,22.0,87.0,109.0,151.0,1479.0,,1.0,12.0,13.0,2.3499999046325684,126.16000366210938,128.51100158691406,1.179,30.591999053955078,2.0,0.0,1630.0,14.954,24.0,20.3,RB,137.0,0.635,24.2
2018,00-0029608,T.Hilton,,0.0,76.0,76.0,0.0,1270.0,,0.0,6.0,6.0,0.0,109.14399719238281,109.14399719238281,1.436,35.08100128173828,0.0,0.0,1270.0,16.711,127000.0,600.0,WR,120.0,0.633,12000.0
2018,00-0030506,T.Kelce,,0.0,103.0,103.0,0.0,1336.0,,0.0,10.0,10.0,0.0,116.5719985961914,116.5719985961914,1.132,22.85300064086914,1.0,0.0,1336.0,12.971,133600.0,1000.0,WR,151.0,0.682,15100.0
2018,00-0032211,T.Lockett,SEA,13.0,57.0,70.0,62.0,965.0,,0.0,10.0,10.0,1.3739999532699585,85.8239974975586,87.197998046875,1.246,17.819000244140625,1.0,0.0,1027.0,14.671,17.9,20.0,WR,71.0,0.803,17.7
2018,00-0032200,T.Montgomery,GB,41.0,25.0,66.0,183.0,235.0,,1.0,0.0,1.0,0.7409999966621399,11.322999954223633,12.062999725341797,0.183,-0.3919999897480011,0.0,0.0,418.0,6.333,7.0,2.6,RB,40.0,0.625,6.5
2018,00-0030107,T.Riddick,DET,40.0,61.0,101.0,171.0,384.0,,0.0,0.0,0.0,-5.456999778747559,7.839000225067139,2.381999969482422,0.024,-3.5769999027252197,0.0,0.0,555.0,5.495,10.2,0.0,RB,74.0,0.824,13.1
2018,00-0032209,T.Yeldon,JAX,104.0,55.0,159.0,414.0,477.0,,1.0,4.0,5.0,-17.437999725341797,28.052000045776367,10.61400032043457,0.067,-0.781000018119812,0.0,1.0,891.0,5.604,18.7,23.8,RB,78.0,0.705,14.8
2018,00-0030470,V.McDonald,,0.0,50.0,50.0,0.0,610.0,,0.0,4.0,4.0,0.0,49.29100036621094,49.29100036621094,0.986,14.404000282287598,1.0,0.0,610.0,12.2,61000.0,400.0,WR,72.0,0.694,7200.0
2018,00-0033950,W.Gallman,NYG,51.0,14.0,65.0,176.0,89.0,,1.0,0.0,1.0,-8.187999725341797,-1.8890000581741333,-10.076000213623047,-0.155,-0.7009999752044678,1.0,0.0,265.0,4.077,4.4,2.8,RB,22.0,0.636,3.8
2018,00-0032782,W.Smallwood,PHI,88.0,28.0,116.0,364.0,230.0,,3.0,2.0,5.0,3.9210000038146973,13.708999633789062,17.6299991607666,0.152,8.286999702453613,2.0,0.0,594.0,5.121,9.9,12.2,RB,35.0,0.8,5.9
2018,00-0030061,Z.Ertz,,0.0,116.0,116.0,0.0,1163.0,,0.0,8.0,8.0,0.0,79.99199676513672,79.99199676513672,0.69,15.767000198364258,2.0,0.0,1163.0,10.026,116300.0,800.0,WR,156.0,0.744,15600.0
2018,00-0033891,Z.Jones,BUF,1.0,56.0,57.0,0.0,652.0,,0.0,7.0,7.0,-0.8619999885559082,57.29899978637695,56.43600082397461,0.99,15.407999992370605,3.0,0.0,652.0,11.439,14.5,30.4,WR,103.0,0.544,21.4
2018,00-0031665,Z.Zenner,DET,55.0,7.0,62.0,265.0,56.0,,3.0,0.0,3.0,6.275000095367432,1.3109999895095825,7.585999965667725,0.122,7.488999843597412,3.0,0.0,321.0,5.177,5.9,9.1,RB,10.0,0.7,1.8
2019,00-0035676,A.Brown,TEN,3.0,52.0,55.0,60.0,1051.0,,1.0,8.0,9.0,3.38700008392334,87.17900085449219,90.56600189208984,1.647,41.60900115966797,5.0,0.0,1111.0,20.2,18.7,18.8,WR,84.0,0.619,19.6
2019,00-0031544,A.Cooper,DAL,1.0,79.0,80.0,6.0,1189.0,,0.0,8.0,8.0,0.23999999463558197,101.86299896240234,102.10299682617188,1.276,18.770999908447266,1.0,0.0,1195.0,14.938,17.3,17.4,WR,119.0,0.664,20.6
2019,00-0033699,A.Ekeler,LAC,132.0,92.0,224.0,557.0,993.0,,3.0,8.0,11.0,-10.29800033569336,60.762001037597656,50.4640007019043,0.225,20.892000198364258,1.0,1.0,1550.0,6.92,25.5,30.6,RB,108.0,0.852,18.7
2019,00-0032392,A.Hooper,,0.0,75.0,75.0,0.0,787.0,,0.0,6.0,6.0,0.0,58.26599884033203,58.26599884033203,0.777,9.4350004196167,0.0,0.0,787.0,10.493,78700.0,600.0,WR,99.0,0.758,9900.0
2019,00-0033293,A.Jones,GB,236.0,49.0,285.0,1084.0,474.0,,16.0,3.0,19.0,-1.3769999742507935,22.743999481201172,21.367000579833984,0.075,9.003000259399414,5.0,1.0,1558.0,5.467,27.6,44.2,RB,68.0,0.721,12.5
2019,00-0033906,A.Kamara,NO,171.0,81.0,252.0,797.0,533.0,,5.0,1.0,6.0,-19.496000289916992,17.523000717163086,-1.9730000495910645,-0.008,-7.675000190734863,4.0,1.0,1330.0,5.278,21.7,12.5,RB,97.0,0.835,17.3
2019,00-0034972,A.Mattison,MIN,100.0,10.0,110.0,462.0,82.0,,1.0,0.0,1.0,-12.628000259399414,4.033999919891357,-8.593000411987305,-0.078,-0.14900000393390656,0.0,1.0,544.0,4.945,9.3,2.2,RB,12.0,0.833,2.7
2019,00-0034353,A.Miller,CHI,1.0,52.0,53.0,-1.0,656.0,,0.0,2.0,2.0,-5.321000099182129,55.24100112915039,49.91999816894531,0.942,12.402999877929688,2.0,1.0,655.0,12.358,13.3,7.1,WR,85.0,0.612,15.0
2019,00-0025394,A.Peterson,WAS,211.0,17.0,228.0,898.0,142.0,,5.0,0.0,5.0,-25.58300018310547,2.7170000076293945,-22.865999221801758,-0.1,-8.772000312805176,3.0,1.0,1040.0,4.561,22.2,19.2,RB,23.0,0.739,4.9
2019,00-0031428,A.Robinson,CHI,1.0,98.0,99.0,2.0,1147.0,,0.0,7.0,7.0,-0.5799999833106995,107.38200378417969,106.802001953125,1.079,30.336999893188477,2.0,0.0,1149.0,11.606,23.4,25.0,WR,154.0,0.636,27.2
2019,00-0033567,B.Hill,ATL,78.0,10.0,88.0,323.0,69.0,,2.0,1.0,3.0,-6.986999988555908,4.423999786376953,-2.562999963760376,-0.029,8.241999626159668,1.0,0.0,392.0,4.455,6.2,7.7,RB,14.0,0.714,2.1
2019,00-0028064,B.Powell,NYJ,59.0,7.0,66.0,229.0,33.0,,0.0,0.0,0.0,-9.881999969482422,0.718999981880188,-9.163000106811523,-0.139,-5.631999969482422,0.0,0.0,262.0,3.97,5.6,0.0,RB,12.0,0.583,2.4
2019,00-0034432,B.Scarbrough,DET,89.0,1.0,90.0,377.0,5.0,,1.0,0.0,1.0,-13.343000411987305,1.3990000486373901,-11.944000244140625,-0.133,-5.168000221252441,0.0,1.0,382.0,4.244,6.8,2.9,RB,4.0,0.25,0.7
2019,00-0034414,B.Scott,PHI,61.0,24.0,85.0,245.0,204.0,,5.0,0.0,5.0,-4.026000022888184,10.770999908447266,6.744999885559082,0.079,13.479000091552734,4.0,0.0,449.0,5.282,7.7,11.6,RB,26.0,0.923,4.3
2019,00-0035217,B.Snell Jr.,PIT,108.0,3.0,111.0,426.0,23.0,,2.0,0.0,2.0,-12.91100025177002,-0.23800000548362732,-13.14799976348877,-0.118,-10.355999946594238,1.0,1.0,449.0,4.045,9.9,8.0,RB,4.0,0.75,0.8
2019,00-0029000,C.Beasley,,0.0,67.0,67.0,0.0,778.0,,0.0,6.0,6.0,0.0,69.21199798583984,69.21199798583984,1.033,13.114999771118164,1.0,0.0,778.0,11.612,77800.0,600.0,WR,108.0,0.62,10800.0
2019,00-0033594,C.Carson,SEA,278.0,37.0,315.0,1230.0,266.0,,7.0,2.0,9.0,-25.583999633789062,10.842000007629395,-14.741999626159668,-0.047,5.559000015258789,2.0,3.0,1496.0,4.749,25.0,20.5,RB,47.0,0.787,9.5
2019,00-0034681,C.Edmonds,ARI,60.0,12.0,72.0,303.0,105.0,,4.0,1.0,5.0,2.6559998989105225,9.276000022888184,11.932000160217285,0.166,2.7019999027252197,0.0,0.0,408.0,5.667,7.3,13.2,RB,21.0,0.571,3.9
2019,00-0033921,C.Godwin,TB,1.0,86.0,87.0,8.0,1333.0,,0.0,9.0,9.0,0.5350000262260437,123.6729965209961,124.20899963378906,1.428,15.607000350952148,0.0,0.0,1341.0,15.414,20.9,18.8,WR,122.0,0.705,20.0
2019,00-0031045,C.Hyde,HOU,245.0,10.0,255.0,1070.0,42.0,,6.0,0.0,6.0,-13.751999855041504,-1.0640000104904175,-14.815999984741211,-0.058,-1.1720000505447388,2.0,2.0,1112.0,4.361,19.3,15.4,RB,16.0,0.625,3.1
2019,00-0034775,C.Kirk,ARI,10.0,68.0,78.0,93.0,709.0,,0.0,3.0,3.0,4.435999870300293,52.0099983215332,56.44599914550781,0.724,13.76200008392334,0.0,0.0,802.0,10.282,14.4,7.9,WR,109.0,0.624,20.5
2019,00-0033908,C.Kupp,LA,2.0,94.0,96.0,4.0,1161.0,,0.0,10.0,10.0,-0.5519999861717224,107.322998046875,106.77200317382812,1.112,27.454999923706055,4.0,0.0,1165.0,12.135,19.0,23.8,WR,135.0,0.696,22.0
2019,00-0033280,C.McCaffrey,CAR,288.0,116.0,404.0,1387.0,1005.0,,15.0,4.0,19.0,-14.251999855041504,78.33699798583984,64.08499908447266,0.159,22.364999771118164,3.0,0.0,2392.0,5.921,41.0,52.8,RB,142.0,0.817,23.6
2019,00-0034837,C.Ridley,ATL,2.0,63.0,65.0,34.0,866.0,,0.0,7.0,7.0,2.0139999389648438,74.35199737548828,76.36699676513672,1.175,7.053999900817871,1.0,0.0,900.0,13.846,14.3,17.9,WR,95.0,0.663,14.4
2019,00-0033282,C.Samuel,CAR,19.0,54.0,73.0,130.0,627.0,,1.0,6.0,7.0,6.2789998054504395,57.180999755859375,63.459999084472656,0.869,12.17199993133545,1.0,0.0,757.0,10.37,13.0,19.4,RB,105.0,0.514,17.4
2019,00-0034348,C.Sutton,DEN,3.0,72.0,75.0,17.0,1112.0,,0.0,6.0,6.0,2.822999954223633,98.10399627685547,100.9280014038086,1.346,14.911999702453613,0.0,0.0,1129.0,15.053,22.8,22.2,WR,124.0,0.581,25.7
2019,00-0030404,C.Thompson,WAS,37.0,42.0,79.0,138.0,378.0,,0.0,0.0,0.0,-7.2230000495910645,14.093000411987305,6.869999885559082,0.087,1.2319999933242798,0.0,0.0,516.0,6.532,11.0,0.0,RB,59.0,0.712,12.6
2019,00-0031381,D.Adams,,0.0,83.0,83.0,0.0,997.0,,0.0,5.0,5.0,0.0,88.2979965209961,88.2979965209961,1.064,30.822999954223633,2.0,0.0,997.0,12.012,99700.0,500.0,WR,128.0,0.648,12800.0
2019,00-0026035,D.Amendola,,0.0,62.0,62.0,0.0,678.0,,0.0,1.0,1.0,0.0,54.10300064086914,54.10300064086914,0.873,17.204999923706055,0.0,0.0,678.0,10.935,67800.0,100.0,WR,97.0,0.639,9700.0
2019,00-0034777,D.Chark Jr.,JAX,2.0,73.0,75.0,20.0,1008.0,,0.0,8.0,8.0,0.8289999961853027,78.61100006103516,79.44000244140625,1.059,6.090000152587891,0.0,0.0,1028.0,13.707,19.1,29.6,WR,120.0,0.608,21.0
2019,00-0033893,D.Cook,MIN,250.0,53.0,303.0,1135.0,519.0,,13.0,0.0,13.0,5.2769999504089355,30.57200050354004,35.849998474121094,0.118,-3.127000093460083,1.0,2.0,1654.0,5.459,28.4,28.9,RB,64.0,0.828,14.4
2019,00-0031285,D.Freeman,ATL,184.0,59.0,243.0,656.0,410.0,,2.0,4.0,6.0,-41.29999923706055,12.355999946594238,-28.944000244140625,-0.119,-1.0329999923706055,3.0,1.0,1066.0,4.387,17.0,15.4,RB,70.0,0.843,10.6
2019,00-0034351,D.Goedert,,0.0,58.0,58.0,0.0,607.0,,0.0,5.0,5.0,0.0,40.249000549316406,40.249000549316406,0.694,21.268999099731445,1.0,0.0,607.0,10.466,60700.0,500.0,WR,87.0,0.667,8700.0
2019,00-0032764,D.Henry,TEN,303.0,18.0,321.0,1540.0,206.0,,16.0,2.0,18.0,-3.989000082015991,11.968999862670898,7.980000019073486,0.025,12.645000457763672,5.0,3.0,1746.0,5.439,29.4,37.5,RB,24.0,0.75,5.6
2019,00-0030564,D.Hopkins,HOU,2.0,104.0,106.0,18.0,1165.0,,0.0,7.0,7.0,1.9759999513626099,102.27100372314453,104.24700164794922,0.983,23.382999420166016,1.0,0.0,1183.0,11.16,20.5,17.9,WR,151.0,0.689,29.1
2019,00-0032187,D.Johnson,ARI,94.0,36.0,130.0,345.0,370.0,,2.0,4.0,6.0,-13.890000343322754,15.444000244140625,1.5549999475479126,0.012,1.4129999876022339,1.0,0.0,715.0,5.5,12.8,15.8,RB,47.0,0.766,8.8
2019,00-0032257,D.Johnson,HOU,83.0,44.0,127.0,410.0,410.0,,2.0,3.0,5.0,-11.920999526977539,28.941999435424805,17.02199935913086,0.134,-0.9779999852180481,1.0,1.0,820.0,6.457,14.2,12.8,RB,62.0,0.71,11.9
2019,00-0035216,D.Johnson,PIT,4.0,59.0,63.0,41.0,680.0,,0.0,5.0,5.0,1.534999966621399,56.04399871826172,57.57899856567383,0.914,23.554000854492188,2.0,0.0,721.0,11.444,15.9,20.0,WR,92.0,0.641,18.9
2019,00-0028087,D.Lewis,TEN,54.0,25.0,79.0,209.0,164.0,,0.0,1.0,1.0,-13.64900016784668,1.3580000400543213,-12.289999961853027,-0.156,1.1959999799728394,1.0,1.0,373.0,4.722,6.3,2.1,RB,32.0,0.781,7.5
2019,00-0035685,D.Montgomery,CHI,242.0,25.0,267.0,889.0,185.0,,6.0,1.0,7.0,-41.119998931884766,7.218999862670898,-33.902000427246094,-0.127,-11.317000389099121,1.0,2.0,1074.0,4.022,21.9,25.0,RB,35.0,0.714,6.2
2019,00-0034827,D.Moore,CAR,6.0,87.0,93.0,40.0,1175.0,,0.0,4.0,4.0,1.4789999723434448,94.65499877929688,96.13400268554688,1.034,12.536999702453613,0.0,0.0,1215.0,13.065,20.8,11.1,WR,136.0,0.64,22.6
2019,00-0031547,D.Parker,,0.0,72.0,72.0,0.0,1202.0,,0.0,9.0,9.0,0.0,118.50900268554688,118.50900268554688,1.646,33.22800064086914,3.0,0.0,1202.0,16.694,120200.0,900.0,WR,128.0,0.562,12800.0
2019,00-0035719,D.Samuel,SF,14.0,57.0,71.0,159.0,802.0,,3.0,3.0,6.0,9.732999801635742,55.93899917602539,65.6719970703125,0.925,22.277000427246094,2.0,0.0,961.0,13.535,15.3,11.8,WR,82.0,0.695,17.4
2019,00-0035250,D.Singletary,BUF,151.0,29.0,180.0,775.0,194.0,,2.0,2.0,4.0,2.9590001106262207,2.0490000247955322,5.007999897003174,0.028,-9.491000175476074,0.0,1.0,969.0,5.383,18.5,12.9,RB,41.0,0.707,8.4
2019,00-0031610,D.Waller,LV,2.0,90.0,92.0,5.0,1145.0,,0.0,3.0,3.0,-0.28200000524520874,79.57499694824219,79.29199981689453,0.862,16.40999984741211,0.0,0.0,1150.0,12.5,19.4,9.1,WR,117.0,0.769,23.8
2019,00-0032940,D.Washington,LV,108.0,36.0,144.0,387.0,292.0,,3.0,0.0,3.0,-16.500999450683594,9.347999572753906,-7.1529998779296875,-0.05,-5.15500020980835,2.0,0.0,679.0,4.715,11.5,9.1,RB,41.0,0.878,8.3
2019,00-0033839,D.Westbrook,JAX,5.0,66.0,71.0,27.0,660.0,,0.0,3.0,3.0,0.8240000009536743,37.47600173950195,38.30099868774414,0.539,6.445000171661377,1.0,0.0,687.0,9.676,12.8,11.1,WR,103.0,0.641,18.0
2019,00-0034301,D.Williams,KC,41.0,15.0,56.0,141.0,167.0,,3.0,1.0,4.0,-10.22700023651123,9.489999771118164,-0.7369999885559082,-0.013,0.0,0.0,1.0,308.0,5.5,5.1,9.1,RB,19.0,0.789,3.4
2019,00-0035640,DK.Metcalf,SEA,2.0,58.0,60.0,11.0,900.0,,0.0,7.0,7.0,0.2540000081062317,61.66600036621094,61.91999816894531,1.032,21.95400047302246,2.0,0.0,911.0,15.183,15.2,15.9,WR,102.0,0.569,20.6
2019,00-0030874,Dam.Williams,KC,111.0,30.0,141.0,498.0,213.0,,5.0,2.0,7.0,-13.631999969482422,12.128999710083008,-1.5019999742507935,-0.011,11.45199966430664,3.0,1.0,711.0,5.043,11.8,15.9,RB,37.0,0.811,6.6
2019,00-0033045,E.Elliott,DAL,301.0,54.0,355.0,1357.0,420.0,,12.0,2.0,14.0,-5.565999984741211,21.132999420166016,15.567000389099121,0.044,16.795000076293945,6.0,2.0,1777.0,5.006,25.7,30.4,RB,71.0,0.761,12.3
2019,00-0027685,E.Sanders,,0.0,66.0,66.0,0.0,869.0,,0.0,5.0,5.0,0.0,68.52400207519531,68.52400207519531,1.038,17.75200080871582,1.0,0.0,869.0,13.167,86900.0,500.0,WR,98.0,0.673,9800.0
2019,00-0023500,F.Gore,BUF,166.0,13.0,179.0,599.0,100.0,,2.0,0.0,2.0,-32.827999114990234,3.8410000801086426,-28.98699951171875,-0.162,-6.3429999351501465,0.0,0.0,699.0,3.905,13.4,6.5,RB,16.0,0.812,3.3
2019,00-0030456,G.Bernard,CIN,53.0,30.0,83.0,170.0,234.0,,0.0,0.0,0.0,-15.46399974822998,3.946000099182129,-11.517999649047852,-0.139,-1.9550000429153442,0.0,0.0,404.0,4.867,7.5,0.0,RB,43.0,0.698,7.3
2019,00-0034184,G.Edwards,BAL,133.0,7.0,140.0,711.0,45.0,,2.0,0.0,2.0,8.187000274658203,1.9490000009536743,10.13599967956543,0.072,2.2780001163482666,0.0,1.0,756.0,5.4,12.1,3.5,RB,7.0,1.0,1.6
2019,00-0033288,G.Kittle,SF,5.0,85.0,90.0,22.0,1053.0,,0.0,5.0,5.0,-2.1540000438690186,84.02899932861328,81.875,0.91,29.253999710083008,2.0,0.0,1075.0,11.944,17.1,9.8,WR,107.0,0.794,22.8
2019,00-0025418,G.Olsen,,0.0,52.0,52.0,0.0,597.0,,0.0,2.0,2.0,0.0,45.678001403808594,45.678001403808594,0.878,1.9780000448226929,0.0,0.0,597.0,11.481,59700.0,200.0,WR,83.0,0.627,8300.0
2019,00-0027891,G.Tate,NYG,1.0,49.0,50.0,16.0,670.0,,0.0,6.0,6.0,1.031999945640564,61.19599914550781,62.22800064086914,1.245,17.2549991607666,2.0,0.0,686.0,13.72,12.4,15.0,WR,85.0,0.576,14.3
2019,00-0033090,H.Henry,,0.0,55.0,55.0,0.0,652.0,,0.0,5.0,5.0,0.0,50.23500061035156,50.23500061035156,0.913,10.425999641418457,2.0,0.0,652.0,11.855,65200.0,500.0,WR,77.0,0.714,7700.0
2019,00-0034857,J.Allen,BUF,53.0,0.0,53.0,210.0,0.0,,6.0,0.0,6.0,11.758999824523926,0.0,11.758999824523926,0.222,1.9359999895095825,1.0,2.0,210.0,3.962,4.0,19.4,RB,0.0,0.0,0.0
2019,00-0031051,J.Brown,BUF,2.0,72.0,74.0,7.0,1060.0,,0.0,6.0,6.0,-0.6790000200271606,98.072998046875,97.39299774169922,1.316,17.510000228881836,1.0,0.0,1067.0,14.419,20.4,19.4,WR,115.0,0.626,23.6
2019,00-0033553,J.Conner,PIT,115.0,34.0,149.0,464.0,251.0,,4.0,3.0,7.0,-19.15399932861328,20.860000610351562,1.7059999704360962,0.011,1.0820000171661377,1.0,1.0,715.0,4.799,15.7,28.0,RB,38.0,0.895,7.8
2019,00-0031941,J.Crowder,NYJ,1.0,78.0,79.0,4.0,833.0,,0.0,6.0,6.0,-0.32899999618530273,65.8949966430664,65.56600189208984,0.83,20.93000030517578,3.0,0.0,837.0,10.595,18.0,24.0,WR,122.0,0.639,24.6
2019,00-0027150,J.Edelman,NE,8.0,100.0,108.0,27.0,1117.0,,0.0,6.0,6.0,1.1970000267028809,79.68000030517578,80.87699890136719,0.749,11.206000328063965,1.0,0.0,1144.0,10.593,19.6,14.3,WR,154.0,0.649,26.1
2019,00-0034975,J.Hill,BAL,58.0,8.0,66.0,225.0,70.0,,2.0,0.0,2.0,-5.7170000076293945,7.252999782562256,1.5360000133514404,0.023,4.001999855041504,2.0,0.0,295.0,4.47,4.7,3.5,RB,15.0,0.533,3.5
2019,00-0032780,J.Howard,PHI,119.0,10.0,129.0,525.0,69.0,,6.0,1.0,7.0,-0.4519999921321869,3.5139999389648438,3.061000108718872,0.024,0.0,0.0,0.0,594.0,4.605,10.2,16.3,RB,14.0,0.714,2.3
2019,00-0035700,J.Jacobs,LV,242.0,20.0,262.0,1150.0,166.0,,7.0,0.0,7.0,-9.491999626159668,8.713000297546387,-0.7789999842643738,-0.003,0.24799999594688416,0.0,1.0,1316.0,5.023,22.2,21.2,RB,27.0,0.741,5.5
2019,00-0027944,J.Jones,ATL,2.0,99.0,101.0,-3.0,1394.0,,0.0,6.0,6.0,-1.593000054359436,126.04900360107422,124.45600128173828,1.232,42.59600067138672,2.0,0.0,1391.0,13.772,22.2,15.4,WR,158.0,0.627,23.9
2019,00-0031382,J.Landry,CLE,1.0,83.0,84.0,10.0,1174.0,,0.0,6.0,6.0,0.6759999990463257,94.5999984741211,95.2770004272461,1.134,18.746999740600586,1.0,0.0,1184.0,14.095,21.1,17.1,WR,138.0,0.601,26.6
2019,00-0032602,J.McKissic,DET,38.0,34.0,72.0,205.0,233.0,,0.0,1.0,1.0,-2.9649999141693115,3.7780001163482666,0.8130000233650208,0.011,-3.2869999408721924,0.0,0.0,438.0,6.083,7.7,2.9,RB,43.0,0.791,7.8
2019,00-0033897,J.Mixon,CIN,278.0,35.0,313.0,1137.0,287.0,,5.0,3.0,8.0,-21.95599937438965,15.130999565124512,-6.824999809265137,-0.022,3.7070000171661377,3.0,0.0,1424.0,4.55,26.4,32.0,RB,45.0,0.778,7.6
2019,00-0033025,J.Richard,LV,39.0,36.0,75.0,145.0,323.0,,0.0,0.0,0.0,-7.909999847412109,13.54699993133545,5.63700008392334,0.075,3.5339999198913574,0.0,0.0,468.0,6.24,7.9,0.0,RB,43.0,0.837,8.7
2019,00-0034331,J.Samuels,PIT,66.0,47.0,113.0,175.0,305.0,,1.0,1.0,2.0,-15.024999618530273,9.331999778747559,-5.691999912261963,-0.05,-2.4579999446868896,0.0,0.0,480.0,4.248,10.6,8.0,RB,57.0,0.825,11.7
2019,00-0031062,J.White,NE,69.0,72.0,141.0,263.0,645.0,,1.0,5.0,6.0,-15.678000450134277,48.145999908447266,32.46900177001953,0.23,5.263999938964844,2.0,0.0,908.0,6.44,15.6,14.3,RB,95.0,0.758,16.1
2019,00-0034400,J.Wilkins,IND,51.0,7.0,58.0,307.0,43.0,,2.0,0.0,2.0,7.331999778747559,0.3140000104904175,7.646999835968018,0.132,7.107999801635742,2.0,0.0,350.0,6.034,6.7,5.4,RB,11.0,0.636,2.2
2019,00-0032975,J.Williams,IND,49.0,5.0,54.0,235.0,59.0,,1.0,0.0,1.0,2.484999895095825,5.650000095367432,8.135000228881836,0.151,0.0,0.0,0.0,294.0,5.444,5.6,2.7,RB,5.0,1.0,1.0
2019,00-0033948,J.Williams,GB,107.0,39.0,146.0,460.0,253.0,,1.0,5.0,6.0,-6.0279998779296875,19.89299964904785,13.864999771118164,0.095,1.8450000286102295,0.0,0.0,713.0,4.884,12.7,14.0,RB,45.0,0.867,8.3
2019,00-0022127,J.Witten,,0.0,63.0,63.0,0.0,529.0,,0.0,4.0,4.0,0.0,35.566001892089844,35.566001892089844,0.565,6.48199987411499,1.0,0.0,529.0,8.397,52900.0,400.0,TE,85.0,0.741,8500.0
2019,00-0030279,K.Allen,LAC,3.0,104.0,107.0,16.0,1199.0,,0.0,6.0,6.0,-0.23000000417232513,107.98300170898438,107.75299835205078,1.007,29.534000396728516,1.0,0.0,1215.0,11.355,20.0,16.7,WR,149.0,0.698,25.8
2019,00-0034799,K.Ballage,MIA,73.0,14.0,87.0,131.0,63.0,,3.0,0.0,3.0,-20.757999420166016,-0.9330000281333923,-21.69099998474121,-0.249,0.0,0.0,0.0,194.0,2.23,3.9,10.7,RB,24.0,0.583,3.9
2019,00-0033118,K.Drake,ARI,170.0,50.0,220.0,817.0,345.0,,8.0,0.0,8.0,1.9500000476837158,10.531999588012695,12.482000350952148,0.057,19.881999969482422,7.0,1.0,1162.0,5.282,20.8,21.1,RB,70.0,0.714,13.2
2019,00-0033932,K.Golladay,,0.0,65.0,65.0,0.0,1190.0,,0.0,11.0,11.0,0.0,109.3759994506836,109.3759994506836,1.683,24.820999145507812,2.0,0.0,1190.0,18.308,119000.0,1100.0,WR,117.0,0.556,11700.0
2019,00-0033923,K.Hunt,CLE,43.0,37.0,80.0,179.0,285.0,,2.0,1.0,3.0,-6.179999828338623,18.864999771118164,12.684000015258789,0.159,10.211999893188477,1.0,0.0,464.0,5.8,8.3,8.6,RB,44.0,0.841,8.5
2019,00-0034349,K.Johnson,DET,113.0,10.0,123.0,403.0,127.0,,3.0,1.0,4.0,-20.52400016784668,9.116000175476074,-11.407999992370605,-0.093,1.5379999876022339,1.0,1.0,530.0,4.309,9.4,11.4,RB,15.0,0.667,2.7
2019,00-0035228,K.Murray,ARI,56.0,0.0,56.0,364.0,0.0,,4.0,0.0,4.0,3.5360000133514404,0.0,3.5360000133514404,0.063,-12.640000343322754,0.0,2.0,364.0,6.5,6.5,10.5,RB,0.0,0.0,0.0
2019,00-0030496,L.Bell,NYJ,245.0,66.0,311.0,789.0,461.0,,3.0,1.0,4.0,-46.75400161743164,9.628999710083008,-37.125,-0.119,-14.3149995803833,0.0,0.0,1250.0,4.019,26.8,16.0,RB,79.0,0.835,15.9
2019,00-0022921,L.Fitzgerald,,0.0,75.0,75.0,0.0,804.0,,0.0,4.0,4.0,0.0,54.731998443603516,54.731998443603516,0.73,12.892999649047852,1.0,0.0,804.0,10.72,80400.0,400.0,WR,109.0,0.688,10900.0
2019,00-0033856,L.Fournette,JAX,266.0,76.0,342.0,1152.0,521.0,,3.0,0.0,3.0,-18.360000610351562,3.8919999599456787,-14.467000007629395,-0.042,-5.078999996185303,0.0,0.0,1673.0,4.892,31.1,11.1,RB,100.0,0.76,17.5
2019,00-0034796,L.Jackson,BAL,123.0,0.0,123.0,854.0,0.0,,6.0,0.0,6.0,32.38999938964844,0.0,32.38999938964844,0.263,3.0329999923706055,0.0,2.0,854.0,6.943,13.6,10.5,RB,0.0,0.0,0.0
2019,00-0027029,L.McCoy,KC,101.0,28.0,129.0,465.0,158.0,,4.0,1.0,5.0,-5.830999851226807,-1.4730000495910645,-7.303999900817871,-0.057,-2.243000030517578,0.0,1.0,623.0,4.829,10.3,11.4,RB,34.0,0.824,6.1
2019,00-0030513,L.Murray,NO,146.0,34.0,180.0,637.0,235.0,,5.0,1.0,6.0,-4.318999767303467,9.343999862670898,5.025000095367432,0.028,1.6629999876022339,0.0,0.0,872.0,4.844,14.2,12.5,RB,43.0,0.791,7.7
2019,00-0034753,M.Andrews,,0.0,64.0,64.0,0.0,852.0,,0.0,10.0,10.0,0.0,85.65499877929688,85.65499877929688,1.338,16.115999221801758,3.0,0.0,852.0,13.312,85200.0,1000.0,WR,98.0,0.653,9800.0
2019,00-0034208,M.Boone,MIN,49.0,3.0,52.0,273.0,17.0,,3.0,0.0,3.0,1.0369999408721924,-2.1440000534057617,-1.1069999933242798,-0.021,-1.406000018119812,3.0,0.0,290.0,5.577,5.0,6.7,RB,4.0,0.75,0.9
2019,00-0033308,M.Breida,SF,123.0,19.0,142.0,623.0,120.0,,1.0,1.0,2.0,-11.029999732971191,5.427999973297119,-5.6020002365112305,-0.039,-6.4720001220703125,0.0,1.0,743.0,5.232,11.8,3.9,RB,22.0,0.864,4.7
2019,00-0031806,M.Brown,LA,69.0,2.0,71.0,255.0,16.0,,5.0,0.0,5.0,-10.244000434875488,0.492000013589859,-9.751999855041504,-0.137,-2.177000045776367,2.0,0.0,271.0,3.817,4.4,11.9,RB,6.0,0.333,1.0
2019,00-0031408,M.Evans,,0.0,67.0,67.0,0.0,1157.0,,0.0,8.0,8.0,0.0,99.63400268554688,99.63400268554688,1.487,4.755000114440918,1.0,0.0,1157.0,17.269,115700.0,800.0,WR,119.0,0.563,11900.0
2019,00-0034764,M.Gallup,,0.0,66.0,66.0,0.0,1107.0,,0.0,6.0,6.0,0.0,94.73999786376953,94.73999786376953,1.435,27.8439998626709,3.0,0.0,1107.0,16.773,110700.0,600.0,WR,113.0,0.584,11300.0
2019,00-0034829,M.Gesicki,,0.0,51.0,51.0,0.0,570.0,,0.0,5.0,5.0,0.0,40.808998107910156,40.808998107910156,0.8,16.209999084472656,3.0,0.0,570.0,11.176,57000.0,500.0,WR,89.0,0.573,8900.0
2019,00-0032144,M.Gordon,LAC,162.0,42.0,204.0,612.0,296.0,,8.0,1.0,9.0,-16.334999084472656,9.368000030517578,-6.9670000076293945,-0.034,-2.9059998989105225,4.0,2.0,908.0,4.451,14.9,25.0,RB,55.0,0.764,9.5
2019,00-0027966,M.Ingram,BAL,202.0,26.0,228.0,1010.0,247.0,,10.0,5.0,15.0,16.84600067138672,25.70400047302246,42.54899978637695,0.187,15.694999694824219,3.0,2.0,1257.0,5.513,20.1,26.3,RB,29.0,0.897,6.8
2019,00-0029293,M.Jones,DET,2.0,62.0,64.0,0.0,779.0,,0.0,9.0,9.0,-1.6009999513626099,71.66100311279297,70.05899810791016,1.095,3.1740000247955322,0.0,0.0,779.0,12.172,13.8,25.7,WR,91.0,0.681,16.5
2019,00-0033951,M.Mack,IND,248.0,14.0,262.0,1091.0,82.0,,8.0,0.0,8.0,1.805999994277954,1.7200000286102295,3.5260000228881836,0.013,1.694000005722046,4.0,0.0,1173.0,4.477,22.3,21.6,RB,17.0,0.824,3.5
2019,00-0035243,M.Sanders,PHI,178.0,50.0,228.0,817.0,509.0,,3.0,3.0,6.0,-14.416999816894531,28.871000289916992,14.454000473022461,0.063,3.2170000076293945,3.0,1.0,1326.0,5.816,22.7,14.0,RB,63.0,0.794,10.4
2019,00-0029632,M.Sanu,ATL,3.0,59.0,62.0,11.0,520.0,,0.0,2.0,2.0,0.07400000095367432,41.36800003051758,41.44200134277344,0.668,3.450000047683716,0.0,0.0,531.0,8.565,8.5,5.1,TE,89.0,0.663,13.4
2019,00-0032765,M.Thomas,NO,1.0,149.0,150.0,-9.0,1725.0,,0.0,9.0,9.0,-1.6990000009536743,128.20199584960938,126.50299835205078,0.843,38.624000549316406,3.0,0.0,1716.0,11.44,28.0,18.8,WR,185.0,0.805,33.0
2019,00-0034679,M.Walton,MIA,53.0,15.0,68.0,201.0,89.0,,0.0,0.0,0.0,-7.946000099182129,-2.421999931335449,-10.368000030517578,-0.152,0.0,0.0,0.0,290.0,4.265,5.8,0.0,RB,21.0,0.714,3.4
2019,00-0033536,M.Williams,LAC,1.0,49.0,50.0,2.0,1001.0,,0.0,2.0,2.0,-0.5210000276565552,87.17400360107422,86.65299987792969,1.733,24.920000076293945,2.0,0.0,1003.0,20.06,16.5,5.6,WR,90.0,0.544,15.6
2019,00-0034791,N.Chubb,CLE,298.0,36.0,334.0,1494.0,278.0,,8.0,0.0,8.0,-22.701000213623047,6.099999904632568,-16.601999282836914,-0.05,1.6019999980926514,1.0,2.0,1772.0,5.305,31.5,22.9,RB,49.0,0.735,9.4
2019,00-0034367,N.Hines,IND,52.0,44.0,96.0,199.0,320.0,,2.0,0.0,2.0,0.5400000214576721,9.651000022888184,10.1899995803833,0.106,-9.491000175476074,0.0,0.0,519.0,5.406,9.9,5.4,RB,58.0,0.759,11.8
2019,00-0031235,O.Beckham,CLE,3.0,74.0,77.0,10.0,1035.0,,0.0,4.0,4.0,-0.6539999842643738,74.96600341796875,74.31199645996094,0.965,22.32900047302246,2.0,0.0,1045.0,13.571,18.6,11.4,WR,133.0,0.556,25.6
2019,00-0032741,P.Barber,TB,155.0,16.0,171.0,470.0,115.0,,6.0,1.0,7.0,-32.630001068115234,7.875,-24.753999710083008,-0.145,-15.496999740600586,0.0,1.0,585.0,3.421,9.1,14.6,RB,24.0,0.667,3.9
2019,00-0035342,P.Laird,MIA,61.0,23.0,84.0,164.0,204.0,,1.0,0.0,1.0,-21.608999252319336,10.038000106811523,-11.571999549865723,-0.138,-9.760000228881836,0.0,0.0,368.0,4.381,7.4,3.6,RB,31.0,0.742,5.1
2019,00-0034109,P.Lindsay,DEN,225.0,35.0,260.0,1011.0,196.0,,7.0,0.0,7.0,-11.713000297546387,6.507999897003174,-5.204999923706055,-0.02,-5.367000102996826,2.0,0.0,1207.0,4.642,24.4,25.9,RB,48.0,0.729,10.0
2019,00-0030288,R.Burkhead,NE,65.0,27.0,92.0,302.0,279.0,,3.0,0.0,3.0,1.2109999656677246,5.688000202178955,6.89900016784668,0.075,1.8329999446868896,2.0,0.0,581.0,6.315,10.0,7.1,RB,38.0,0.711,6.5
2019,00-0028002,R.Cobb,DAL,3.0,55.0,58.0,11.0,828.0,,0.0,3.0,3.0,-0.4050000011920929,61.834999084472656,61.43000030517578,1.059,14.958999633789062,0.0,0.0,839.0,14.466,12.1,6.5,WR,83.0,0.663,14.4
2019,00-0034838,R.Freeman,DEN,132.0,43.0,175.0,496.0,256.0,,3.0,1.0,4.0,-17.437999725341797,2.882999897003174,-14.555000305175781,-0.083,-7.414000034332275,2.0,0.0,752.0,4.297,15.2,14.8,RB,50.0,0.86,10.4
2019,00-0034411,R.Gage,ATL,4.0,49.0,53.0,12.0,446.0,,0.0,1.0,1.0,-1.1100000143051147,30.604000091552734,29.493999481201172,0.556,12.305000305175781,0.0,0.0,458.0,8.642,7.3,2.6,TE,74.0,0.662,11.2
2019,00-0034816,R.Jones,TB,172.0,31.0,203.0,724.0,309.0,,6.0,0.0,6.0,-24.760000228881836,12.413000106811523,-12.347000122070312,-0.061,-8.699999809265137,1.0,1.0,1033.0,5.089,16.1,12.5,RB,40.0,0.775,6.6
2019,00-0031687,R.Mostert,SF,137.0,14.0,151.0,772.0,180.0,,8.0,2.0,10.0,7.103000164031982,14.090999603271484,21.194000244140625,0.14,9.779000282287598,6.0,1.0,952.0,6.305,15.1,19.6,RB,22.0,0.636,4.7
2019,00-0034750,R.Penny,SEA,65.0,8.0,73.0,370.0,83.0,,3.0,1.0,4.0,4.34499979019165,6.679999828338623,11.024999618530273,0.151,0.9549999833106995,0.0,1.0,453.0,6.205,7.6,9.1,RB,11.0,0.727,2.2
2019,00-0030431,R.Woods,LA,17.0,90.0,107.0,115.0,1134.0,,1.0,2.0,3.0,5.2729997634887695,85.10399627685547,90.37799835205078,0.845,24.14699935913086,2.0,0.0,1249.0,11.673,20.3,7.1,WR,139.0,0.647,22.6
2019,00-0032688,Ro.Anderson,NYJ,1.0,52.0,53.0,4.0,779.0,,0.0,5.0,5.0,-0.18199999630451202,57.573001861572266,57.39099884033203,1.083,20.26300048828125,2.0,0.0,783.0,14.774,16.8,20.0,WR,97.0,0.536,19.6
2019,00-0034844,S.Barkley,NYG,217.0,52.0,269.0,1003.0,438.0,,6.0,2.0,8.0,-18.7189998626709,20.47599983215332,1.7580000162124634,0.007,6.455999851226807,5.0,0.0,1441.0,5.357,26.1,20.0,RB,74.0,0.703,12.5
2019,00-0031588,S.Diggs,MIN,5.0,63.0,68.0,61.0,1126.0,,0.0,6.0,6.0,4.758999824523926,94.58899688720703,99.3479995727539,1.461,24.841999053955078,1.0,0.0,1187.0,17.456,20.4,13.3,WR,95.0,0.663,21.3
2019,00-0034845,S.Michel,NE,247.0,12.0,259.0,912.0,94.0,,7.0,0.0,7.0,-23.621000289916992,4.465000152587891,-19.1560001373291,-0.074,0.9589999914169312,1.0,1.0,1006.0,3.884,17.2,16.7,RB,20.0,0.6,3.4
2019,00-0032385,S.Shepard,NYG,6.0,57.0,63.0,72.0,576.0,,0.0,3.0,3.0,3.4709999561309814,47.73699951171875,51.20800018310547,0.813,21.68899917602539,1.0,0.0,648.0,10.286,11.7,7.5,WR,84.0,0.679,14.2
2019,00-0031325,S.Watkins,KC,2.0,52.0,54.0,12.0,673.0,,0.0,3.0,3.0,0.21899999678134918,46.71699905395508,46.93600082397461,0.869,13.62600040435791,0.0,0.0,685.0,12.685,11.3,6.8,WR,91.0,0.571,16.2
2019,00-0033009,T.Boyd,CIN,4.0,90.0,94.0,23.0,1046.0,,0.0,5.0,5.0,0.8169999718666077,84.2750015258789,85.09100341796875,0.905,30.233999252319336,2.0,0.0,1069.0,11.372,19.8,20.0,WR,148.0,0.608,25.0
2019,00-0033556,T.Cohen,CHI,64.0,79.0,143.0,213.0,456.0,,0.0,3.0,3.0,-8.243000030517578,7.752999782562256,-0.49000000953674316,-0.003,0.949999988079071,0.0,0.0,669.0,4.678,13.6,10.7,RB,104.0,0.76,18.3
2019,00-0032058,T.Coleman,SF,137.0,21.0,158.0,544.0,180.0,,6.0,1.0,7.0,-15.347000122070312,8.940999984741211,-6.406000137329102,-0.041,-4.300000190734863,0.0,0.0,724.0,4.582,11.5,13.7,RB,30.0,0.7,6.4
2019,00-0032241,T.Gurley,LA,224.0,31.0,255.0,857.0,207.0,,12.0,2.0,14.0,-27.427000045776367,8.769000053405762,-18.658000946044922,-0.073,-3.315999984741211,5.0,2.0,1064.0,4.173,17.3,33.3,RB,49.0,0.633,8.0
2019,00-0033110,T.Higbee,,0.0,69.0,69.0,0.0,734.0,,0.0,3.0,3.0,0.0,47.090999603271484,47.090999603271484,0.682,28.68400001525879,1.0,0.0,734.0,10.638,73400.0,300.0,WR,89.0,0.775,8900.0
2019,00-0033040,T.Hill,KC,8.0,58.0,66.0,23.0,860.0,,0.0,7.0,7.0,-1.7139999866485596,81.58399963378906,79.87000274658203,1.21,20.400999069213867,2.0,0.0,883.0,13.379,14.6,15.9,WR,89.0,0.652,15.9
2019,00-0035537,T.Johnson,DET,63.0,24.0,87.0,273.0,109.0,,0.0,0.0,0.0,-8.427000045776367,-5.677000045776367,-14.104000091552734,-0.162,-2.2309999465942383,0.0,0.0,382.0,4.391,6.8,0.0,RB,32.0,0.75,5.8
2019,00-0030506,T.Kelce,KC,1.0,97.0,98.0,4.0,1229.0,,1.0,5.0,6.0,2.759999990463257,93.78700256347656,96.5469970703125,0.985,17.718000411987305,2.0,0.0,1233.0,12.582,20.4,13.6,WR,136.0,0.713,24.3
2019,00-0032211,T.Lockett,SEA,4.0,82.0,86.0,-5.0,1057.0,,0.0,8.0,8.0,-3.1080000400543213,81.91899871826172,78.81099700927734,0.916,17.628999710083008,2.0,0.0,1052.0,12.233,17.6,18.2,WR,110.0,0.745,22.2
2019,00-0035659,T.McLaurin,,0.0,58.0,58.0,0.0,919.0,,0.0,7.0,7.0,0.0,80.53399658203125,80.53399658203125,1.389,21.93000030517578,2.0,0.0,919.0,15.845,91900.0,700.0,WR,94.0,0.617,9400.0
2019,00-0035261,T.Pollard,DAL,87.0,15.0,102.0,455.0,107.0,,2.0,1.0,3.0,-0.7540000081062317,5.197999954223633,4.443999767303467,0.044,1.5859999656677246,1.0,1.0,562.0,5.51,8.1,6.5,RB,20.0,0.75,3.5
2019,00-0030061,Z.Ertz,,0.0,88.0,88.0,0.0,916.0,,0.0,6.0,6.0,0.0,70.41999816894531,70.41999816894531,0.8,16.003000259399414,3.0,0.0,916.0,10.409,91600.0,600.0,WR,136.0,0.647,13600.0
2020,00-0035676,A.Brown,,0.0,70.0,70.0,0.0,1075.0,,0.0,11.0,11.0,0.0,105.77899932861328,105.77899932861328,1.511,38.928001403808594,3.0,0.0,1075.0,15.357,107500.0,1100.0,WR,106.0,0.66,10600.0
2020,00-0031544,A.Cooper,DAL,7.0,92.0,99.0,14.0,1114.0,,0.0,5.0,5.0,-0.17000000178813934,88.61599731445312,88.44499969482422,0.893,15.694000244140625,1.0,0.0,1128.0,11.394,18.4,12.8,WR,130.0,0.708,21.0
2020,00-0033699,A.Ekeler,LAC,116.0,54.0,170.0,530.0,403.0,,1.0,2.0,3.0,-9.873000144958496,20.743000030517578,10.869999885559082,0.064,5.071000099182129,2.0,0.0,933.0,5.488,15.1,7.3,RB,65.0,0.831,10.6
2020,00-0036328,A.Gibson,WAS,170.0,36.0,206.0,795.0,247.0,,11.0,0.0,11.0,5.443999767303467,-1.9220000505447388,3.5220000743865967,0.017,-5.058000087738037,0.0,0.0,1042.0,5.058,19.6,33.3,RB,44.0,0.818,7.6
2020,00-0033293,A.Jones,GB,202.0,47.0,249.0,1104.0,355.0,,9.0,2.0,11.0,13.48900032043457,18.16900062561035,31.658000946044922,0.127,6.956999778747559,2.0,0.0,1459.0,5.859,23.2,18.0,RB,63.0,0.746,12.6
2020,00-0033906,A.Kamara,NO,187.0,83.0,270.0,932.0,756.0,,16.0,5.0,21.0,9.024999618530273,30.30900001525879,39.33399963378906,0.146,14.027999877929688,8.0,0.0,1688.0,6.252,27.8,36.8,RB,107.0,0.776,21.0
2020,00-0034972,A.Mattison,MIN,96.0,13.0,109.0,434.0,125.0,,2.0,1.0,3.0,-7.244999885559082,9.041999816894531,1.7970000505447388,0.016,9.8149995803833,2.0,0.0,559.0,5.128,8.7,5.5,RB,15.0,0.867,3.0
2020,00-0034353,A.Miller,CHI,2.0,49.0,51.0,12.0,485.0,,0.0,2.0,2.0,0.6100000143051147,42.1510009765625,42.76100158691406,0.838,7.224999904632568,0.0,0.0,497.0,9.745,9.2,5.4,TE,76.0,0.645,12.7
2020,00-0029141,A.Morris,NYG,55.0,3.0,58.0,238.0,19.0,,1.0,1.0,2.0,0.12999999523162842,2.821000099182129,2.9509999752044678,0.051,1.996000051498413,0.0,0.0,257.0,4.431,5.2,8.0,RB,4.0,0.75,0.8
2020,00-0025394,A.Peterson,DET,156.0,12.0,168.0,604.0,101.0,,7.0,0.0,7.0,-12.13599967956543,5.886000156402588,-6.25,-0.037,4.079999923706055,1.0,0.0,705.0,4.196,12.3,15.9,RB,18.0,0.667,3.2
2020,00-0031428,A.Robinson,CHI,1.0,102.0,103.0,-1.0,1250.0,,0.0,6.0,6.0,-0.9039999842643738,104.75599670410156,103.85299682617188,1.008,34.935001373291016,1.0,0.0,1249.0,12.126,23.1,16.2,WR,151.0,0.675,25.3
2020,00-0030035,A.Thielen,MIN,3.0,74.0,77.0,15.0,925.0,,0.0,14.0,14.0,-0.04100000113248825,86.15299987792969,86.11100006103516,1.118,16.025999069213867,2.0,0.0,940.0,12.208,14.6,25.5,WR,109.0,0.679,22.1
2020,00-0036261,B.Aiyuk,SF,6.0,60.0,66.0,77.0,748.0,,2.0,5.0,7.0,7.370999813079834,65.5260009765625,72.89700317382812,1.105,12.928000450134277,1.0,0.0,825.0,12.5,13.4,15.9,WR,96.0,0.625,17.2
2020,00-0031236,B.Cooks,,0.0,81.0,81.0,0.0,1143.0,,0.0,6.0,6.0,0.0,90.39299774169922,90.39299774169922,1.116,27.660999298095703,3.0,0.0,1143.0,14.111,114300.0,600.0,WR,119.0,0.681,11900.0
2020,00-0033567,B.Hill,ATL,100.0,25.0,125.0,465.0,199.0,,1.0,0.0,1.0,-14.15999984741211,7.434000015258789,-6.72599983215332,-0.054,5.7829999923706055,0.0,1.0,664.0,5.312,11.0,2.6,RB,30.0,0.833,4.9
2020,00-0034414,B.Scott,PHI,80.0,25.0,105.0,374.0,212.0,,1.0,1.0,2.0,-4.6519999504089355,8.020000457763672,3.368000030517578,0.032,-1.8200000524520874,0.0,0.0,586.0,5.581,10.9,5.9,RB,36.0,0.694,6.3
2020,00-0035217,B.Snell,PIT,111.0,10.0,121.0,368.0,61.0,,4.0,0.0,4.0,-29.895000457763672,1.0080000162124634,-28.886999130249023,-0.239,-4.578000068664551,1.0,1.0,429.0,3.545,7.8,8.5,RB,14.0,0.714,2.1
2020,00-0036414,C.Akers,LA,145.0,11.0,156.0,625.0,123.0,,2.0,1.0,3.0,-32.47700119018555,6.0879998207092285,-26.388999938964844,-0.169,-16.417999267578125,0.0,1.0,748.0,4.795,12.3,7.9,RB,14.0,0.786,2.5
2020,00-0029000,C.Beasley,,0.0,82.0,82.0,0.0,967.0,,0.0,4.0,4.0,0.0,81.94200134277344,81.94200134277344,0.999,11.373000144958496,0.0,0.0,967.0,11.793,96700.0,400.0,WR,108.0,0.759,10800.0
2020,00-0033594,C.Carson,SEA,141.0,37.0,178.0,681.0,287.0,,5.0,4.0,9.0,16.850000381469727,18.481000900268555,35.33000183105469,0.198,5.086999893188477,1.0,0.0,968.0,5.438,16.8,16.7,RB,47.0,0.787,8.7
2020,00-0036326,C.Claypool,PIT,10.0,62.0,72.0,16.0,859.0,,2.0,9.0,11.0,-0.1599999964237213,82.93599700927734,82.7760009765625,1.15,20.861000061035156,1.0,0.0,875.0,12.153,16.0,23.4,WR,112.0,0.554,17.0
2020,00-0033871,C.Davis,,0.0,65.0,65.0,0.0,984.0,,0.0,5.0,5.0,0.0,76.68000030517578,76.68000030517578,1.18,7.307000160217285,1.0,0.0,984.0,15.138,98400.0,500.0,WR,92.0,0.707,9200.0
2020,00-0034681,C.Edmonds,ARI,97.0,53.0,150.0,448.0,402.0,,1.0,4.0,5.0,-6.711999893188477,22.64699935913086,15.9350004196167,0.106,-4.886000156402588,1.0,0.0,850.0,5.667,14.3,10.4,RB,67.0,0.791,12.2
2020,00-0036360,C.Edwards-Helaire,KC,181.0,36.0,217.0,803.0,297.0,,4.0,1.0,5.0,-9.253000259399414,19.336999893188477,10.083000183105469,0.046,1.6490000486373901,0.0,0.0,1100.0,5.069,16.9,9.6,RB,54.0,0.667,8.8
2020,00-0033921,C.Godwin,,0.0,65.0,65.0,0.0,840.0,,0.0,7.0,7.0,0.0,81.68399810791016,81.68399810791016,1.257,30.160999298095703,4.0,0.0,840.0,12.923,84000.0,700.0,WR,84.0,0.774,8400.0
2020,00-0031045,C.Hyde,SEA,81.0,16.0,97.0,356.0,93.0,,4.0,0.0,4.0,0.6650000214576721,2.5850000381469727,3.25,0.034,5.684000015258789,1.0,0.0,449.0,4.629,7.8,7.4,RB,20.0,0.8,3.7
2020,00-0034775,C.Kirk,ARI,2.0,48.0,50.0,3.0,621.0,,0.0,6.0,6.0,1.7569999694824219,51.882999420166016,53.638999938964844,1.073,6.406000137329102,0.0,0.0,624.0,12.48,10.5,12.5,WR,79.0,0.608,14.4
2020,00-0033908,C.Kupp,LA,4.0,92.0,96.0,33.0,974.0,,0.0,3.0,3.0,2.184999942779541,74.11599731445312,76.3010025024414,0.795,11.781999588012695,1.0,0.0,1007.0,10.49,16.5,7.9,WR,124.0,0.742,22.0
2020,00-0036358,C.Lamb,DAL,11.0,74.0,85.0,82.0,935.0,,1.0,5.0,6.0,8.553999900817871,59.540000915527344,68.09400177001953,0.801,22.944000244140625,2.0,0.0,1017.0,11.965,16.6,15.4,WR,111.0,0.667,17.9
2020,00-0033280,C.McCaffrey,CAR,59.0,17.0,76.0,225.0,146.0,,5.0,1.0,6.0,3.934000015258789,14.909000396728516,18.843000411987305,0.248,0.0,0.0,0.0,371.0,4.882,6.7,18.8,RB,19.0,0.895,3.6
2020,00-0027939,C.Newton,NE,107.0,2.0,109.0,417.0,35.0,,11.0,1.0,12.0,13.817999839782715,3.746000051498413,17.56399917602539,0.161,0.5350000262260437,1.0,1.0,452.0,4.147,8.6,38.7,RB,2.0,1.0,0.5
2020,00-0030578,C.Patterson,CHI,64.0,21.0,85.0,232.0,132.0,,1.0,0.0,1.0,-9.039999961853027,3.9119999408721924,-5.127999782562256,-0.06,0.8809999823570251,0.0,0.0,364.0,4.282,6.7,2.7,RB,25.0,0.84,4.2
2020,00-0034837,C.Ridley,ATL,5.0,91.0,96.0,1.0,1381.0,,0.0,9.0,9.0,-2.7780001163482666,109.73500061035156,106.95700073242188,1.114,23.945999145507812,2.0,0.0,1382.0,14.396,22.8,23.1,WR,146.0,0.623,24.0
2020,00-0033282,C.Samuel,CAR,41.0,77.0,118.0,200.0,851.0,,2.0,3.0,5.0,-3.559999942779541,54.1879997253418,50.62799835205078,0.429,18.632999420166016,0.0,0.0,1051.0,8.907,18.9,15.6,RB,97.0,0.794,18.3
2020,00-0031381,D.Adams,,0.0,115.0,115.0,0.0,1374.0,,0.0,18.0,18.0,0.0,121.52400207519531,121.52400207519531,1.057,28.39699935913086,5.0,0.0,1374.0,11.948,137400.0,1800.0,WR,149.0,0.772,14900.0
2020,00-0032972,D.Booker,LV,93.0,17.0,110.0,423.0,84.0,,3.0,0.0,3.0,2.927000045776367,-1.0609999895095825,1.8660000562667847,0.017,-1.093999981880188,0.0,0.0,507.0,4.609,8.2,6.7,RB,21.0,0.81,4.0
2020,00-0034777,D.Chark Jr.,,0.0,53.0,53.0,0.0,706.0,,0.0,5.0,5.0,0.0,59.56999969482422,59.56999969482422,1.124,13.447999954223633,1.0,0.0,706.0,13.321,70600.0,500.0,WR,94.0,0.564,9400.0
2020,00-0033893,D.Cook,MIN,315.0,44.0,359.0,1557.0,361.0,,16.0,1.0,17.0,16.15399932861328,14.368000030517578,30.52199935913086,0.085,5.432000160217285,3.0,2.0,1918.0,5.343,29.9,30.9,RB,54.0,0.815,11.0
2020,00-0036425,D.Dallas,SEA,34.0,17.0,51.0,108.0,111.0,,2.0,1.0,3.0,-4.105999946594238,5.572999954223633,1.465999960899353,0.029,-1.7070000171661377,0.0,0.0,219.0,4.294,3.8,5.6,RB,20.0,0.85,3.7
2020,00-0031285,D.Freeman,NYG,54.0,7.0,61.0,172.0,58.0,,1.0,0.0,1.0,-9.083999633789062,3.178999900817871,-5.90500020980835,-0.097,0.0,0.0,0.0,230.0,3.77,4.7,4.0,RB,10.0,0.7,2.0
2020,00-0035657,D.Harris,NE,137.0,5.0,142.0,691.0,52.0,,2.0,0.0,2.0,6.073999881744385,2.503000020980835,8.57699966430664,0.06,0.11299999803304672,0.0,0.0,743.0,5.232,14.1,6.5,RB,7.0,0.714,1.7
2020,00-0035664,D.Henderson,LA,138.0,16.0,154.0,624.0,155.0,,5.0,1.0,6.0,2.736999988555908,9.763999938964844,12.501999855041504,0.081,-1.1009999513626099,0.0,0.0,779.0,5.058,12.8,15.8,RB,24.0,0.667,4.3
2020,00-0032764,D.Henry,TEN,379.0,19.0,398.0,2027.0,114.0,,17.0,0.0,17.0,36.02299880981445,1.6410000324249268,37.66400146484375,0.095,17.54800033569336,5.0,2.0,2141.0,5.379,33.5,29.8,RB,31.0,0.613,6.6
2020,00-0030564,D.Hopkins,ARI,1.0,115.0,116.0,1.0,1407.0,,0.0,6.0,6.0,0.9929999709129333,99.90699768066406,100.9000015258789,0.87,22.354000091552734,1.0,0.0,1408.0,12.138,23.7,12.5,WR,161.0,0.714,29.4
2020,00-0035216,D.Johnson,PIT,3.0,88.0,91.0,15.0,923.0,,0.0,7.0,7.0,0.41999998688697815,71.47200012207031,71.89199829101562,0.79,19.599000930786133,2.0,0.0,938.0,10.308,17.2,14.9,WR,144.0,0.611,21.9
2020,00-0035640,D.Metcalf,,0.0,83.0,83.0,0.0,1303.0,,0.0,10.0,10.0,0.0,113.64199829101562,113.64199829101562,1.369,16.527000427246094,1.0,0.0,1303.0,15.699,130300.0,1000.0,WR,129.0,0.643,12900.0
2020,00-0035685,D.Montgomery,CHI,248.0,54.0,302.0,1070.0,438.0,,8.0,2.0,10.0,-9.01200008392334,14.652000427246094,5.639999866485596,0.019,10.934000015258789,5.0,0.0,1508.0,4.993,27.9,27.0,RB,68.0,0.794,11.4
2020,00-0036309,D.Mooney,CHI,4.0,61.0,65.0,20.0,631.0,,0.0,4.0,4.0,0.15000000596046448,47.332000732421875,47.481998443603516,0.73,17.929000854492188,2.0,0.0,651.0,10.015,12.0,10.8,WR,99.0,0.616,16.6
2020,00-0034827,D.Moore,CAR,2.0,66.0,68.0,22.0,1193.0,,0.0,4.0,4.0,0.968999981880188,95.74800109863281,96.71700286865234,1.422,16.56399917602539,0.0,0.0,1215.0,17.868,21.8,12.5,WR,118.0,0.559,22.3
2020,00-0031547,D.Parker,,0.0,63.0,63.0,0.0,793.0,,0.0,4.0,4.0,0.0,67.22899627685547,67.22899627685547,1.067,7.992000102996826,0.0,0.0,793.0,12.587,79300.0,400.0,WR,104.0,0.606,10400.0
2020,00-0034383,D.Schultz,,0.0,63.0,63.0,0.0,615.0,,0.0,4.0,4.0,0.0,39.48099899291992,39.48099899291992,0.627,8.640999794006348,1.0,0.0,615.0,9.762,61500.0,400.0,TE,89.0,0.708,8900.0
2020,00-0035250,D.Singletary,BUF,156.0,38.0,194.0,687.0,269.0,,2.0,0.0,2.0,-14.052000045776367,10.055999755859375,-3.996999979019165,-0.021,-0.3109999895095825,1.0,1.0,956.0,4.928,15.2,3.7,RB,50.0,0.76,8.7
2020,00-0035535,D.Slayton,NYG,2.0,50.0,52.0,-1.0,751.0,,0.0,3.0,3.0,-1.5410000085830688,64.35600280761719,62.814998626708984,1.208,13.802000045776367,0.0,0.0,750.0,14.423,15.2,12.0,WR,96.0,0.521,19.0
2020,00-0036275,D.Swift,DET,114.0,46.0,160.0,521.0,357.0,,8.0,2.0,10.0,-6.1020002365112305,16.584999084472656,10.482999801635742,0.066,-4.434000015258789,4.0,2.0,878.0,5.488,15.3,22.7,RB,57.0,0.807,10.1
2020,00-0031610,D.Waller,,0.0,107.0,107.0,0.0,1196.0,,0.0,9.0,9.0,0.0,98.50800323486328,98.50800323486328,0.921,37.012001037597656,2.0,0.0,1196.0,11.178,119600.0,900.0,WR,146.0,0.733,14600.0
2020,00-0032187,Da.Johnson,HOU,147.0,16.0,163.0,691.0,161.0,,6.0,1.0,7.0,-3.6570000648498535,6.085999965667725,2.428999900817871,0.015,6.644000053405762,2.0,0.0,852.0,5.227,14.4,16.7,RB,27.0,0.593,5.1
2020,00-0034301,Darr.Williams,KC,39.0,18.0,57.0,169.0,116.0,,1.0,0.0,1.0,2.4539999961853027,3.7699999809265137,6.224999904632568,0.109,1.7269999980926514,0.0,0.0,285.0,5.0,4.4,1.9,RB,27.0,0.667,4.4
2020,00-0032257,Du.Johnson,HOU,77.0,45.0,122.0,235.0,402.0,,1.0,2.0,3.0,-25.558000564575195,19.80299949645996,-5.755000114440918,-0.047,6.124000072479248,1.0,2.0,637.0,5.221,10.8,7.1,RB,54.0,0.833,10.2
2020,00-0031387,E.Ebron,,0.0,56.0,56.0,0.0,558.0,,0.0,5.0,5.0,0.0,39.18899917602539,39.18899917602539,0.7,4.988999843597412,1.0,0.0,558.0,9.964,55800.0,500.0,TE,92.0,0.609,9200.0
2020,00-0033045,E.Elliott,DAL,245.0,52.0,297.0,979.0,338.0,,6.0,2.0,8.0,-28.80699920654297,13.088000297546387,-15.718999862670898,-0.053,0.6840000152587891,1.0,4.0,1317.0,4.434,21.5,20.5,RB,72.0,0.722,11.6
2020,00-0033881,E.Engram,NYG,6.0,63.0,69.0,26.0,654.0,,1.0,1.0,2.0,1.062000036239624,36.13199996948242,37.194000244140625,0.539,4.927999973297119,0.0,0.0,680.0,9.855,13.8,8.0,WR,109.0,0.578,21.6
2020,00-0027685,E.Sanders,NO,1.0,61.0,62.0,12.0,726.0,,0.0,5.0,5.0,1.1449999809265137,60.92599868774414,62.07099914550781,1.001,22.34000015258789,2.0,0.0,738.0,11.903,12.2,8.8,WR,82.0,0.744,16.1
2020,00-0023500,F.Gore,NYJ,187.0,16.0,203.0,653.0,89.0,,2.0,0.0,2.0,-41.305999755859375,3.437999963760376,-37.86800003051758,-0.187,-10.12399959564209,1.0,1.0,742.0,3.655,16.2,8.3,RB,19.0,0.842,4.1
2020,00-0030456,G.Bernard,CIN,124.0,47.0,171.0,416.0,355.0,,3.0,3.0,6.0,-20.29599952697754,19.426000595092773,-0.8700000047683716,-0.005,-10.298999786376953,2.0,1.0,771.0,4.509,14.4,18.8,RB,59.0,0.797,10.4
2020,00-0034184,G.Edwards,BAL,144.0,9.0,153.0,723.0,129.0,,6.0,0.0,6.0,17.86199951171875,8.223999977111816,26.086999893188477,0.171,21.1200008392334,2.0,1.0,852.0,5.569,15.1,12.0,RB,13.0,0.692,3.3
2020,00-0033288,G.Kittle,SF,2.0,48.0,50.0,17.0,634.0,,0.0,2.0,2.0,1.25,52.042999267578125,53.292999267578125,1.066,10.470000267028809,0.0,0.0,651.0,13.02,10.5,4.5,WR,64.0,0.75,11.5
2020,00-0033733,G.Ward,PHI,1.0,53.0,54.0,-6.0,419.0,,0.0,6.0,6.0,-1.7109999656677246,40.040000915527344,38.32899856567383,0.71,10.814000129699707,2.0,0.0,413.0,7.648,7.7,17.6,TE,80.0,0.662,14.1
2020,00-0033090,H.Henry,,0.0,60.0,60.0,0.0,613.0,,0.0,4.0,4.0,0.0,53.20899963378906,53.20899963378906,0.887,10.994000434875488,1.0,0.0,613.0,10.217,61300.0,400.0,WR,93.0,0.645,9300.0
2020,00-0034830,H.Hurst,,0.0,55.0,55.0,0.0,564.0,,0.0,6.0,6.0,0.0,46.54999923706055,46.54999923706055,0.846,11.54699993133545,3.0,0.0,564.0,10.255,56400.0,600.0,WR,89.0,0.618,8900.0
2020,00-0034983,H.Renfrow,,0.0,56.0,56.0,0.0,656.0,,0.0,2.0,2.0,0.0,45.715999603271484,45.715999603271484,0.816,-0.527999997138977,0.0,0.0,656.0,11.714,65600.0,200.0,WR,77.0,0.727,7700.0
2020,00-0034378,I.Smith,ATL,63.0,17.0,80.0,268.0,75.0,,1.0,0.0,1.0,-1.9850000143051147,-3.118000030517578,-5.103000164031982,-0.064,-1.5149999856948853,0.0,0.0,343.0,4.288,5.7,2.6,RB,26.0,0.654,4.3
2020,00-0034857,J.Allen,BUF,51.0,1.0,52.0,211.0,12.0,,6.0,1.0,7.0,-3.382999897003174,2.2950000762939453,-1.0880000591278076,-0.021,5.579999923706055,0.0,4.0,223.0,4.288,3.5,13.0,RB,1.0,1.0,0.2
2020,00-0033553,J.Conner,PIT,169.0,35.0,204.0,721.0,215.0,,6.0,0.0,6.0,0.9520000219345093,1.6660000085830688,2.618000030517578,0.013,-1.2410000562667847,1.0,0.0,936.0,4.588,17.1,12.8,RB,43.0,0.814,6.5
2020,00-0031941,J.Crowder,NYJ,1.0,59.0,60.0,14.0,699.0,,0.0,6.0,6.0,0.902999997138977,60.577999114990234,61.481998443603516,1.025,16.349000930786133,1.0,0.0,713.0,11.883,15.6,25.0,WR,89.0,0.663,19.1
2020,00-0036158,J.Dobbins,BAL,135.0,18.0,153.0,805.0,120.0,,9.0,0.0,9.0,27.145000457763672,6.495999813079834,33.64099884033203,0.22,19.47800064086914,5.0,0.0,925.0,6.046,16.4,18.0,RB,25.0,0.72,6.4
2020,00-0027696,J.Graham,,0.0,50.0,50.0,0.0,456.0,,0.0,8.0,8.0,0.0,36.61600112915039,36.61600112915039,0.732,7.008999824523926,3.0,0.0,456.0,9.12,45600.0,800.0,TE,76.0,0.658,7600.0
2020,00-0034440,J.Jackson,LAC,59.0,19.0,78.0,270.0,173.0,,0.0,0.0,0.0,-2.6089999675750732,7.823999881744385,5.215000152587891,0.067,4.730000019073486,0.0,0.0,443.0,5.679,7.2,0.0,RB,25.0,0.76,4.1
2020,00-0035700,J.Jacobs,LV,273.0,33.0,306.0,1065.0,238.0,,12.0,0.0,12.0,-33.04100036621094,7.377999782562256,-25.663000106811523,-0.084,-2.989000082015991,3.0,2.0,1303.0,4.258,21.2,26.7,RB,45.0,0.733,8.6
2020,00-0036322,J.Jefferson,MIN,1.0,88.0,89.0,2.0,1400.0,,0.0,7.0,7.0,-0.5600000023841858,112.83399963378906,112.27400207519531,1.262,30.881999969482422,0.0,0.0,1402.0,15.753,21.8,12.7,WR,128.0,0.688,26.0
2020,00-0036407,J.Jeudy,,0.0,52.0,52.0,0.0,856.0,,0.0,3.0,3.0,0.0,66.51300048828125,66.51300048828125,1.279,20.558000564575195,1.0,0.0,856.0,16.462,85600.0,300.0,WR,115.0,0.452,11500.0
2020,00-0027944,J.Jones,,0.0,51.0,51.0,0.0,771.0,,0.0,3.0,3.0,0.0,69.64800262451172,69.64800262451172,1.366,0.0,0.0,0.0,771.0,15.118,77100.0,300.0,WR,68.0,0.75,6800.0
2020,00-0036370,J.Kelley,LAC,111.0,23.0,134.0,354.0,148.0,,2.0,0.0,2.0,-30.135000228881836,6.290999889373779,-23.8439998626709,-0.178,0.20999999344348907,0.0,2.0,502.0,3.746,8.1,4.9,RB,23.0,1.0,3.7
2020,00-0031382,J.Landry,CLE,4.0,72.0,76.0,10.0,840.0,,1.0,3.0,4.0,1.1699999570846558,75.37300109863281,76.54199981689453,1.007,17.996999740600586,2.0,0.0,850.0,11.184,14.3,8.5,WR,101.0,0.713,21.6
2020,00-0031376,J.McKinnon,SF,81.0,33.0,114.0,319.0,253.0,,5.0,1.0,6.0,-10.4399995803833,12.081000328063965,1.6419999599456787,0.014,3.178999900817871,0.0,0.0,572.0,5.018,9.3,13.6,RB,47.0,0.702,8.4
2020,00-0032602,J.McKissic,WAS,85.0,80.0,165.0,365.0,589.0,,1.0,2.0,3.0,-6.218999862670898,28.88800048828125,22.667999267578125,0.137,9.522000312805176,2.0,0.0,954.0,5.782,17.9,9.1,RB,110.0,0.727,19.1
2020,00-0033955,J.McNichols,TEN,47.0,12.0,59.0,204.0,55.0,,1.0,0.0,1.0,-7.23799991607666,-3.5450000762939453,-10.782999992370605,-0.183,-6.872000217437744,0.0,0.0,259.0,4.39,4.1,1.8,RB,17.0,0.706,3.6
2020,00-0034960,J.Meyers,NE,2.0,59.0,61.0,9.0,729.0,,0.0,0.0,0.0,0.23899999260902405,46.45600128173828,46.69599914550781,0.766,11.105999946594238,0.0,0.0,738.0,12.098,14.0,0.0,WR,82.0,0.72,19.5
2020,00-0033897,J.Mixon,CIN,119.0,21.0,140.0,428.0,138.0,,3.0,1.0,4.0,-21.27199935913086,8.461000442504883,-12.812000274658203,-0.092,0.0,0.0,1.0,566.0,4.043,10.6,12.5,RB,26.0,0.808,4.6
2020,00-0033943,J.Reynolds,LA,1.0,52.0,53.0,5.0,618.0,,0.0,2.0,2.0,0.13500000536441803,45.308998107910156,45.444000244140625,0.857,4.311999797821045,0.0,0.0,623.0,11.755,10.2,5.3,WR,81.0,0.642,14.4
2020,00-0035831,J.Robinson,JAX,241.0,49.0,290.0,1070.0,344.0,,7.0,3.0,10.0,-12.307000160217285,17.30299949645996,4.995999813079834,0.017,-7.553999900817871,1.0,0.0,1414.0,4.876,26.7,31.2,RB,62.0,0.79,10.5
2020,00-0033857,J.Smith-Schuster,,0.0,97.0,97.0,0.0,831.0,,0.0,9.0,9.0,0.0,71.01399993896484,71.01399993896484,0.732,15.78499984741211,3.0,0.0,831.0,8.567,83100.0,900.0,TE,129.0,0.752,12900.0
2020,00-0036223,J.Taylor,IND,232.0,36.0,268.0,1169.0,299.0,,11.0,1.0,12.0,14.961000442504883,16.358999252319336,31.31999969482422,0.117,17.679000854492188,7.0,1.0,1468.0,5.478,23.7,27.3,RB,39.0,0.923,7.3
2020,00-0031062,J.White,NE,35.0,49.0,84.0,121.0,375.0,,2.0,1.0,3.0,-6.708000183105469,14.418999671936035,7.710999965667725,0.092,6.901000022888184,1.0,0.0,496.0,5.905,9.4,9.7,RB,62.0,0.79,14.7
2020,00-0034400,J.Wilkins,IND,86.0,12.0,98.0,308.0,105.0,,1.0,0.0,1.0,-21.54800033569336,2.3420000076293945,-19.207000732421875,-0.196,-0.16899999976158142,0.0,0.0,413.0,4.214,6.7,2.3,RB,16.0,0.75,3.0
2020,00-0033948,J.Williams,GB,121.0,31.0,152.0,505.0,236.0,,2.0,1.0,3.0,3.505000114440918,9.574999809265137,13.079999923706055,0.086,2.818000078201294,0.0,0.0,741.0,4.875,11.8,4.9,RB,35.0,0.886,7.0
2020,00-0034115,J.Wilson,SF,126.0,13.0,139.0,600.0,133.0,,7.0,3.0,10.0,-8.541000366210938,17.613000869750977,9.072999954223633,0.065,6.209000110626221,5.0,2.0,733.0,5.273,11.9,22.7,RB,28.0,0.464,5.0
2020,00-0030279,K.Allen,LAC,1.0,100.0,101.0,-1.0,992.0,,0.0,8.0,8.0,-1.0520000457763672,87.27300262451172,86.22100067138672,0.854,7.561999797821045,1.0,0.0,991.0,9.812,16.0,19.5,TE,149.0,0.671,24.3
2020,00-0034799,K.Ballage,LAC,91.0,29.0,120.0,303.0,166.0,,3.0,0.0,3.0,-4.691999912261963,1.1519999504089355,-3.5399999618530273,-0.03,-6.931000232696533,2.0,0.0,469.0,3.908,7.6,7.3,RB,37.0,0.784,6.0
2020,00-0033681,K.Cole Sr.,JAX,1.0,55.0,56.0,2.0,642.0,,0.0,5.0,5.0,-0.46799999475479126,60.93299865722656,60.46500015258789,1.08,16.12299919128418,1.0,0.0,644.0,11.5,12.2,15.6,WR,89.0,0.618,15.0
2020,00-0033118,K.Drake,ARI,239.0,25.0,264.0,955.0,137.0,,10.0,0.0,10.0,-7.300000190734863,2.3399999141693115,-4.960000038146973,-0.019,-7.381999969482422,2.0,1.0,1092.0,4.136,18.4,20.8,RB,31.0,0.806,5.7
2020,00-0033923,K.Hunt,CLE,198.0,38.0,236.0,841.0,304.0,,6.0,5.0,11.0,-16.576000213623047,25.121999740600586,8.54699993133545,0.036,4.400000095367432,3.0,0.0,1145.0,4.852,19.3,23.4,RB,51.0,0.745,10.9
2020,00-0034349,K.Johnson,DET,52.0,19.0,71.0,181.0,187.0,,2.0,1.0,3.0,-9.711999893188477,6.203000068664551,-3.509000062942505,-0.049,0.2680000066757202,1.0,1.0,368.0,5.183,6.4,6.8,RB,26.0,0.731,4.6
2020,00-0035228,K.Murray,ARI,75.0,0.0,75.0,417.0,0.0,,10.0,0.0,10.0,15.526000022888184,0.0,15.526000022888184,0.207,0.17599999904632568,1.0,0.0,417.0,5.56,7.0,20.8,RB,0.0,0.0,0.0
2020,00-0030496,L.Bell,KC,82.0,16.0,98.0,316.0,138.0,,1.0,0.0,1.0,-15.833000183105469,6.415999889373779,-9.416999816894531,-0.096,1.6510000228881836,0.0,0.0,454.0,4.633,7.0,1.9,RB,20.0,0.8,3.3
2020,00-0022921,L.Fitzgerald,,0.0,54.0,54.0,0.0,409.0,,0.0,1.0,1.0,0.0,22.21500015258789,22.21500015258789,0.411,2.953000068664551,1.0,0.0,409.0,7.574,40900.0,100.0,TE,72.0,0.75,7200.0
2020,00-0033856,L.Fournette,TB,97.0,36.0,133.0,367.0,233.0,,6.0,0.0,6.0,-1.0750000476837158,7.955999851226807,6.88100004196167,0.052,1.3760000467300415,3.0,0.0,600.0,4.511,9.5,10.3,RB,47.0,0.766,7.7
2020,00-0034796,L.Jackson,BAL,102.0,0.0,102.0,657.0,0.0,,6.0,0.0,6.0,26.43199920654297,0.0,26.43199920654297,0.259,9.291000366210938,2.0,2.0,657.0,6.441,11.7,12.0,RB,0.0,0.0,0.0
2020,00-0030513,L.Murray,NO,146.0,23.0,169.0,656.0,176.0,,4.0,1.0,5.0,3.25,6.434999942779541,9.6850004196167,0.057,1.5789999961853027,1.0,0.0,832.0,4.923,13.7,8.8,RB,26.0,0.885,5.1
2020,00-0036269,L.Perine,NYJ,64.0,11.0,75.0,232.0,63.0,,2.0,0.0,2.0,-10.031000137329102,2.611999988555908,-7.419000148773193,-0.099,-1.2209999561309814,0.0,0.0,295.0,3.933,6.4,8.3,RB,15.0,0.733,3.2
2020,00-0036268,L.Shenault Jr.,JAX,18.0,58.0,76.0,91.0,600.0,,0.0,5.0,5.0,1.0709999799728394,43.12699890136719,44.19900131225586,0.582,9.307000160217285,3.0,0.0,691.0,9.092,13.1,15.6,RB,79.0,0.734,13.3
2020,00-0031260,L.Thomas,WAS,3.0,72.0,75.0,5.0,670.0,,0.0,6.0,6.0,-0.5709999799728394,53.494998931884766,52.92399978637695,0.706,13.130999565124512,1.0,0.0,675.0,9.0,12.7,18.2,TE,111.0,0.649,19.3
2020,00-0034753,M.Andrews,,0.0,58.0,58.0,0.0,701.0,,0.0,7.0,7.0,0.0,65.30400085449219,65.30400085449219,1.126,17.086999893188477,1.0,0.0,701.0,12.086,70100.0,700.0,WR,88.0,0.659,8800.0
2020,00-0033308,M.Breida,MIA,59.0,9.0,68.0,254.0,96.0,,0.0,0.0,0.0,-5.066999912261963,3.9210000038146973,-1.1460000276565552,-0.017,4.019999980926514,0.0,1.0,350.0,5.147,6.5,0.0,RB,10.0,0.9,1.8
2020,00-0031806,M.Brown,LA,101.0,23.0,124.0,419.0,162.0,,5.0,0.0,5.0,-11.315999984741211,2.0369999408721924,-9.279000282287598,-0.075,-6.2230000495910645,0.0,0.0,581.0,4.685,9.5,13.2,RB,33.0,0.697,5.9
2020,00-0035662,M.Brown,BAL,1.0,58.0,59.0,1.0,769.0,,0.0,8.0,8.0,-0.6340000033378601,66.04100036621094,65.40699768066406,1.109,24.121999740600586,4.0,0.0,770.0,13.051,13.7,16.0,WR,100.0,0.58,25.4
2020,00-0032063,M.Davis,CAR,165.0,59.0,224.0,642.0,373.0,,6.0,2.0,8.0,-19.472999572753906,7.165999889373779,-12.307000160217285,-0.055,-1.1360000371932983,3.0,1.0,1015.0,4.531,18.2,25.0,RB,70.0,0.843,13.2
2020,00-0031408,M.Evans,,0.0,70.0,70.0,0.0,1006.0,,0.0,13.0,13.0,0.0,95.69000244140625,95.69000244140625,1.367,31.95400047302246,2.0,0.0,1006.0,14.371,100600.0,1300.0,WR,111.0,0.631,11100.0
2020,00-0034764,M.Gallup,,0.0,59.0,59.0,0.0,843.0,,0.0,5.0,5.0,0.0,65.1709976196289,65.1709976196289,1.105,22.17799949645996,3.0,0.0,843.0,14.288,84300.0,500.0,WR,105.0,0.562,10500.0
2020,00-0035311,M.Gaskin,MIA,142.0,41.0,183.0,584.0,388.0,,3.0,2.0,5.0,-24.41200065612793,22.78499984741211,-1.6269999742507935,-0.009,11.902000427246094,3.0,2.0,972.0,5.311,18.0,13.2,RB,47.0,0.872,8.5
2020,00-0034829,M.Gesicki,,0.0,53.0,53.0,0.0,703.0,,0.0,6.0,6.0,0.0,61.334999084472656,61.334999084472656,1.157,16.099000930786133,2.0,0.0,703.0,13.264,70300.0,600.0,WR,85.0,0.624,8500.0
2020,00-0032144,M.Gordon,DEN,215.0,32.0,247.0,986.0,158.0,,9.0,1.0,10.0,-16.68400001525879,-8.97599983215332,-25.659000396728516,-0.104,4.4019999504089355,3.0,2.0,1144.0,4.632,21.0,30.3,RB,44.0,0.727,8.2
2020,00-0027966,M.Ingram,BAL,71.0,6.0,77.0,299.0,50.0,,2.0,0.0,2.0,-1.5920000076293945,1.3450000286102295,-0.24699999392032623,-0.003,-0.9509999752044678,0.0,0.0,349.0,4.532,6.2,4.0,RB,8.0,0.75,2.0
2020,00-0029293,M.Jones,,0.0,76.0,76.0,0.0,978.0,,0.0,9.0,9.0,0.0,85.16999816894531,85.16999816894531,1.121,30.354999542236328,3.0,0.0,978.0,12.868,97800.0,900.0,WR,116.0,0.655,11600.0
2020,00-0035243,M.Sanders,PHI,168.0,28.0,196.0,867.0,197.0,,6.0,0.0,6.0,-1.1100000143051147,8.597999572753906,7.486999988555908,0.038,4.209000110626221,3.0,2.0,1064.0,5.429,19.7,17.6,RB,52.0,0.538,9.2
2020,00-0034791,N.Chubb,CLE,190.0,16.0,206.0,1065.0,150.0,,12.0,0.0,12.0,16.947999954223633,7.386000156402588,24.33300018310547,0.118,9.465999603271484,5.0,1.0,1215.0,5.898,20.5,25.5,RB,18.0,0.889,3.8
2020,00-0035644,N.Fant,,0.0,62.0,62.0,0.0,673.0,,0.0,3.0,3.0,0.0,46.91600036621094,46.91600036621094,0.757,14.185999870300293,1.0,0.0,673.0,10.855,67300.0,300.0,WR,94.0,0.66,9400.0
2020,00-0034367,N.Hines,IND,89.0,63.0,152.0,380.0,482.0,,3.0,4.0,7.0,-11.425000190734863,19.882999420166016,8.456999778747559,0.056,5.715000152587891,0.0,0.0,862.0,5.671,13.9,15.9,RB,76.0,0.829,14.2
2020,00-0032741,P.Barber,WAS,95.0,4.0,99.0,258.0,12.0,,4.0,0.0,4.0,-5.434000015258789,-1.2109999656677246,-6.644999980926514,-0.067,-1.4809999465942383,1.0,0.0,270.0,2.727,5.1,12.1,RB,7.0,0.571,1.2
2020,00-0034109,P.Lindsay,DEN,117.0,7.0,124.0,502.0,28.0,,1.0,0.0,1.0,-12.414999961853027,-0.24699999392032623,-12.661999702453613,-0.102,-7.4029998779296875,0.0,0.0,530.0,4.274,9.7,3.0,RB,14.0,0.5,2.6
2020,00-0032688,R.Anderson,CAR,4.0,95.0,99.0,15.0,1093.0,,0.0,3.0,3.0,-1.065999984741211,68.37699890136719,67.31099700927734,0.68,7.156000137329102,1.0,0.0,1108.0,11.192,19.9,9.4,WR,137.0,0.693,25.9
2020,00-0030288,R.Burkhead,NE,67.0,25.0,92.0,274.0,192.0,,3.0,3.0,6.0,4.111999988555908,9.526000022888184,13.637999534606934,0.148,0.0,0.0,0.0,466.0,5.065,8.8,19.4,RB,33.0,0.758,7.8
2020,00-0034411,R.Gage,ATL,2.0,72.0,74.0,9.0,786.0,,0.0,4.0,4.0,-0.1899999976158142,67.76699829101562,67.5770034790039,0.913,29.347000122070312,2.0,0.0,795.0,10.743,13.1,10.3,WR,109.0,0.661,17.9
2020,00-0034816,R.Jones,TB,192.0,28.0,220.0,978.0,165.0,,7.0,1.0,8.0,4.8379998207092285,-8.199999809265137,-3.361999988555908,-0.015,3.0429999828338623,2.0,0.0,1143.0,5.195,18.2,13.8,RB,42.0,0.667,6.9
2020,00-0031687,R.Mostert,SF,104.0,16.0,120.0,521.0,156.0,,2.0,1.0,3.0,-10.628999710083008,7.449999809265137,-3.178999900817871,-0.026,0.5720000267028809,0.0,1.0,677.0,5.642,11.0,6.8,RB,19.0,0.842,3.4
2020,00-0035957,R.Smith,CAR,41.0,9.0,50.0,156.0,59.0,,1.0,0.0,1.0,2.071000099182129,-0.42800000309944153,1.6430000066757202,0.033,6.644000053405762,1.0,0.0,215.0,4.3,3.9,3.1,RB,11.0,0.818,2.1
2020,00-0033757,R.Tonyan,,0.0,52.0,52.0,0.0,586.0,,0.0,11.0,11.0,0.0,54.327999114990234,54.327999114990234,1.045,10.218000411987305,3.0,0.0,586.0,11.269,58600.0,1100.0,WR,59.0,0.881,5900.0
2020,00-0030431,R.Woods,LA,24.0,90.0,114.0,155.0,936.0,,2.0,6.0,8.0,1.1139999628067017,69.9000015258789,71.01499938964844,0.623,13.458000183105469,1.0,1.0,1091.0,9.57,17.9,21.1,RB,130.0,0.692,23.0
2020,00-0036020,S.Ahmed,MIA,75.0,11.0,86.0,319.0,61.0,,3.0,0.0,3.0,-2.7330000400543213,-1.6330000162124634,-4.366000175476074,-0.051,-1.3309999704360962,2.0,0.0,380.0,4.419,7.0,7.9,RB,15.0,0.733,2.7
2020,00-0031588,S.Diggs,BUF,1.0,127.0,128.0,1.0,1535.0,,0.0,8.0,8.0,-0.7310000061988831,121.2249984741211,120.49400329589844,0.941,42.31800079345703,4.0,0.0,1536.0,12.0,24.4,14.8,WR,166.0,0.765,29.0
2020,00-0034845,S.Michel,NE,79.0,7.0,86.0,449.0,114.0,,1.0,1.0,2.0,5.2220001220703125,10.163999557495117,15.38599967956543,0.179,7.793000221252441,1.0,0.0,563.0,6.547,10.7,6.5,RB,9.0,0.778,2.1
2020,00-0033526,S.Perine,CIN,63.0,11.0,74.0,301.0,66.0,,3.0,0.0,3.0,-1.0579999685287476,1.059000015258789,0.0010000000474974513,0.0,4.3379998207092285,2.0,0.0,367.0,4.959,6.9,9.4,RB,12.0,0.917,2.1
2020,00-0032385,S.Shepard,NYG,6.0,66.0,72.0,49.0,656.0,,1.0,3.0,4.0,4.309000015258789,51.84700012207031,56.15599822998047,0.78,25.69700050354004,3.0,0.0,705.0,9.792,14.3,16.0,TE,92.0,0.717,18.3
2020,00-0033009,T.Boyd,CIN,5.0,79.0,84.0,49.0,841.0,,0.0,4.0,4.0,2.128000020980835,82.86399841308594,84.99199676513672,1.012,2.7699999809265137,0.0,0.0,890.0,10.595,16.6,12.5,WR,110.0,0.718,19.4
2020,00-0032241,T.Gurley,ATL,195.0,25.0,220.0,678.0,164.0,,9.0,0.0,9.0,-19.790000915527344,11.0649995803833,-8.725000381469727,-0.04,4.4629998207092285,0.0,0.0,842.0,3.827,13.9,23.1,RB,35.0,0.714,5.7
2020,00-0036410,T.Higgins,CIN,5.0,67.0,72.0,28.0,908.0,,0.0,6.0,6.0,1.0119999647140503,85.61499786376953,86.6259994506836,1.203,21.281999588012695,1.0,0.0,936.0,13.0,17.5,18.8,WR,108.0,0.62,19.1
2020,00-0033040,T.Hill,KC,13.0,87.0,100.0,123.0,1276.0,,2.0,15.0,17.0,7.38100004196167,120.52300262451172,127.90399932861328,1.279,24.14299964904785,3.0,0.0,1399.0,13.99,21.5,32.7,WR,135.0,0.644,22.0
2020,00-0033357,T.Hill,NO,70.0,8.0,78.0,298.0,98.0,,7.0,1.0,8.0,5.785999774932861,3.9670000076293945,9.753000259399414,0.125,7.989999771118164,3.0,3.0,396.0,5.077,6.5,14.0,RB,13.0,0.615,2.6
2020,00-0029608,T.Hilton,,0.0,56.0,56.0,0.0,762.0,,0.0,5.0,5.0,0.0,71.4540023803711,71.4540023803711,1.276,26.43000030517578,3.0,0.0,762.0,13.607,76200.0,500.0,WR,94.0,0.596,9400.0
2020,00-0035229,T.Hockenson,DET,1.0,67.0,68.0,0.0,723.0,,0.0,6.0,6.0,-4.993000030517578,57.12699890136719,52.13399887084961,0.767,2.5859999656677246,1.0,1.0,723.0,10.632,12.6,13.6,WR,102.0,0.657,18.0
2020,00-0035537,T.Johnson,NYJ,54.0,16.0,70.0,254.0,99.0,,1.0,1.0,2.0,0.9589999914169312,3.49399995803833,4.453000068664551,0.064,2.438999891281128,1.0,0.0,353.0,5.043,7.7,8.3,RB,21.0,0.762,4.5
2020,00-0030506,T.Kelce,,0.0,105.0,105.0,0.0,1416.0,,0.0,11.0,11.0,0.0,126.99199676513672,126.99199676513672,1.209,30.64900016784668,3.0,0.0,1416.0,13.486,141600.0,1100.0,WR,146.0,0.719,14600.0
2020,00-0032211,T.Lockett,,0.0,100.0,100.0,0.0,1054.0,,0.0,10.0,10.0,0.0,99.8239974975586,99.8239974975586,0.998,25.08799934387207,2.0,0.0,1054.0,10.54,105400.0,1000.0,WR,132.0,0.758,13200.0
2020,00-0035659,T.McLaurin,WAS,2.0,87.0,89.0,30.0,1118.0,,0.0,4.0,4.0,2.5789999961853027,80.07099914550781,82.6500015258789,0.929,12.821000099182129,1.0,0.0,1148.0,12.899,21.6,12.1,WR,135.0,0.644,23.4
2020,00-0033375,T.Patrick,,0.0,51.0,51.0,0.0,742.0,,0.0,6.0,6.0,0.0,66.5009994506836,66.5009994506836,1.304,13.133000373840332,1.0,0.0,742.0,14.549,74200.0,600.0,WR,80.0,0.638,8000.0
2020,00-0035261,T.Pollard,DAL,101.0,28.0,129.0,435.0,193.0,,4.0,1.0,5.0,-2.5380001068115234,5.888999938964844,3.3510000705718994,0.026,2.1419999599456787,3.0,0.0,628.0,4.868,10.3,12.8,RB,40.0,0.7,6.5
2020,00-0033127,W.Fuller,HOU,1.0,53.0,54.0,0.0,879.0,,0.0,8.0,8.0,-0.8610000014305115,83.84500122070312,82.98500061035156,1.537,0.0,0.0,0.0,879.0,16.278,14.9,19.0,WR,75.0,0.707,14.2
2020,00-0033950,W.Gallman Jr.,NYG,147.0,21.0,168.0,682.0,114.0,,6.0,0.0,6.0,2.313999891281128,1.7960000038146973,4.110000133514404,0.024,-3.558000087738037,0.0,0.0,796.0,4.738,16.1,24.0,RB,27.0,0.778,5.4
2020,00-0036251,Z.Moss,BUF,112.0,14.0,126.0,481.0,95.0,,4.0,1.0,5.0,-7.473999977111816,4.381999969482422,-3.0920000076293945,-0.025,-0.32499998807907104,1.0,0.0,576.0,4.571,9.1,9.3,RB,18.0,0.778,3.1
2021,00-0032104,A.Abdullah,CAR,51.0,38.0,89.0,166.0,289.0,,0.0,1.0,1.0,-10.994000434875488,15.920000076293945,4.926000118255615,0.055,3.6610000133514404,1.0,0.0,455.0,5.112,8.8,3.2,RB,53.0,0.717,9.2
2021,00-0035676,A.Brown,TEN,2.0,63.0,65.0,10.0,869.0,,0.0,5.0,5.0,0.5519999861717224,76.875,77.427001953125,1.191,24.110000610351562,2.0,0.0,879.0,13.523,14.7,11.9,WR,105.0,0.6,20.1
2021,00-0032426,A.Collins,SEA,108.0,9.0,117.0,411.0,87.0,,2.0,0.0,2.0,-12.090999603271484,0.34599998593330383,-11.744999885559082,-0.1,-3.4509999752044678,0.0,0.0,498.0,4.256,8.7,4.3,RB,10.0,0.9,2.1
2021,00-0031544,A.Cooper,,0.0,68.0,68.0,0.0,865.0,,0.0,8.0,8.0,0.0,77.77799987792969,77.77799987792969,1.144,23.204999923706055,3.0,0.0,865.0,12.721,86500.0,800.0,WR,104.0,0.654,10400.0
2021,00-0036265,A.Dillon,GB,187.0,34.0,221.0,803.0,313.0,,5.0,2.0,7.0,6.1620001792907715,19.231000900268555,25.39299964904785,0.115,8.343000411987305,3.0,1.0,1116.0,5.05,17.7,14.0,RB,37.0,0.919,6.5
2021,00-0033699,A.Ekeler,LAC,208.0,70.0,278.0,911.0,647.0,,12.0,8.0,20.0,-0.8960000276565552,28.510000228881836,27.614999771118164,0.099,5.434000015258789,5.0,0.0,1558.0,5.604,23.7,37.7,RB,95.0,0.737,14.2
2021,00-0036328,A.Gibson,WAS,259.0,42.0,301.0,1037.0,294.0,,7.0,3.0,10.0,-24.128999710083008,9.734999656677246,-14.395000457763672,-0.048,-2.1740000247955322,3.0,3.0,1331.0,4.422,24.0,30.3,RB,53.0,0.792,9.9
2021,00-0027942,A.Green,,0.0,54.0,54.0,0.0,848.0,,0.0,3.0,3.0,0.0,77.3030014038086,77.3030014038086,1.432,27.214000701904297,0.0,0.0,848.0,15.704,84800.0,300.0,WR,93.0,0.581,9300.0
2021,00-0033293,A.Jones,GB,171.0,52.0,223.0,799.0,391.0,,4.0,6.0,10.0,1.5049999952316284,20.900999069213867,22.4060001373291,0.1,10.744000434875488,3.0,1.0,1190.0,5.336,18.9,20.0,RB,65.0,0.8,11.4
2021,00-0033906,A.Kamara,NO,241.0,47.0,288.0,898.0,439.0,,4.0,5.0,9.0,-40.470001220703125,27.472999572753906,-12.996999740600586,-0.045,-6.455999851226807,2.0,0.0,1337.0,4.642,26.0,23.1,RB,67.0,0.701,14.0
2021,00-0034972,A.Mattison,MIN,135.0,32.0,167.0,491.0,228.0,,3.0,1.0,4.0,-25.9950008392334,4.010000228881836,-21.985000610351562,-0.132,-5.908999919891357,1.0,1.0,719.0,4.305,11.5,9.1,RB,39.0,0.821,6.7
2021,00-0030035,A.Thielen,MIN,1.0,67.0,68.0,2.0,726.0,,0.0,10.0,10.0,-0.1940000057220459,57.77199935913086,57.577999114990234,0.847,0.9240000247955322,0.0,0.0,728.0,10.706,11.6,22.7,WR,95.0,0.705,16.4
2021,00-0036261,B.Aiyuk,SF,4.0,56.0,60.0,13.0,826.0,,0.0,5.0,5.0,-1.059999942779541,66.38500213623047,65.32499694824219,1.089,24.613000869750977,2.0,0.0,839.0,13.983,12.9,10.4,WR,86.0,0.651,17.2
2021,00-0034419,B.Berrios,NYJ,7.0,46.0,53.0,40.0,409.0,,2.0,2.0,4.0,5.013999938964844,30.959999084472656,35.9739990234375,0.679,22.197999954223633,3.0,0.0,449.0,8.472,8.3,12.1,TE,65.0,0.708,11.1
2021,00-0029239,B.Bolden,NE,45.0,41.0,86.0,226.0,405.0,,1.0,2.0,3.0,-1.0989999771118164,28.74799919128418,27.64900016784668,0.322,8.519000053405762,2.0,0.0,631.0,7.337,10.2,6.2,RB,49.0,0.837,9.3
2021,00-0031236,B.Cooks,HOU,2.0,90.0,92.0,21.0,1035.0,,0.0,6.0,6.0,0.8299999833106995,79.50299835205078,80.33300018310547,0.873,24.11400032043457,3.0,0.0,1056.0,11.478,21.7,23.1,WR,134.0,0.672,25.6
2021,00-0034414,B.Scott,PHI,87.0,13.0,100.0,373.0,83.0,,7.0,0.0,7.0,3.191999912261963,1.1089999675750732,4.301000118255615,0.043,5.389999866485596,3.0,1.0,456.0,4.56,7.8,16.3,RB,16.0,0.812,3.4
2021,00-0029000,C.Beasley,,0.0,82.0,82.0,0.0,693.0,,0.0,1.0,1.0,0.0,45.85100173950195,45.85100173950195,0.559,3.996999979019165,0.0,0.0,693.0,8.451,69300.0,100.0,TE,113.0,0.726,11300.0
2021,00-0033594,C.Carson,SEA,54.0,6.0,60.0,232.0,29.0,,3.0,0.0,3.0,-1.7710000276565552,-0.4880000054836273,-2.259000062942505,-0.038,0.0,0.0,1.0,261.0,4.35,4.6,6.5,RB,6.0,1.0,1.3
2021,00-0036326,C.Claypool,PIT,14.0,59.0,73.0,96.0,848.0,,0.0,2.0,2.0,3.821000099182129,64.51399993896484,68.33399963378906,0.936,14.295999526977539,1.0,0.0,944.0,12.932,17.1,6.1,WR,105.0,0.562,15.9
2021,00-0034681,C.Edmonds,ARI,116.0,43.0,159.0,592.0,311.0,,2.0,0.0,2.0,11.635000228881836,3.3570001125335693,14.991999626159668,0.094,5.02400016784668,1.0,0.0,903.0,5.679,14.0,4.2,RB,53.0,0.811,9.3
2021,00-0036360,C.Edwards-Helaire,KC,119.0,19.0,138.0,517.0,129.0,,4.0,2.0,6.0,-8.79699993133545,6.74399995803833,-2.052000045776367,-0.015,-0.09200000017881393,3.0,2.0,646.0,4.681,9.9,11.8,RB,24.0,0.792,3.8
2021,00-0033921,C.Godwin,TB,5.0,98.0,103.0,21.0,1103.0,,1.0,5.0,6.0,2.125,74.23200225830078,76.35600280761719,0.741,6.830999851226807,0.0,0.0,1124.0,10.913,16.1,9.8,WR,127.0,0.772,17.7
2021,00-0036555,C.Hubbard,CAR,172.0,25.0,197.0,612.0,174.0,,5.0,1.0,6.0,-23.957000732421875,3.0260000228881836,-20.930999755859375,-0.106,-5.1529998779296875,3.0,1.0,786.0,3.99,15.2,19.4,RB,37.0,0.676,6.4
2021,00-0031045,C.Hyde,JAX,72.0,12.0,84.0,253.0,65.0,,1.0,0.0,1.0,-25.04199981689453,-1.2230000495910645,-26.264999389648438,-0.313,-1.4040000438690186,0.0,2.0,318.0,3.786,6.1,4.0,RB,21.0,0.571,3.6
2021,00-0034775,C.Kirk,ARI,1.0,77.0,78.0,11.0,982.0,,0.0,5.0,5.0,0.6510000228881836,81.697998046875,82.3489990234375,1.056,24.39900016784668,1.0,0.0,993.0,12.731,15.4,10.4,WR,103.0,0.748,18.0
2021,00-0036290,C.Kmet,CHI,1.0,60.0,61.0,0.0,612.0,,0.0,0.0,0.0,-0.22200000286102295,30.993000030517578,30.770999908447266,0.504,8.526000022888184,0.0,0.0,612.0,10.033,11.8,0.0,WR,93.0,0.645,17.6
2021,00-0033908,C.Kupp,LA,4.0,145.0,149.0,18.0,1947.0,,0.0,16.0,16.0,-1.437999963760376,166.02000427246094,164.58200073242188,1.105,52.20100021362305,5.0,0.0,1965.0,13.188,30.0,31.4,WR,192.0,0.755,31.7
2021,00-0036358,C.Lamb,DAL,9.0,79.0,88.0,76.0,1102.0,,0.0,6.0,6.0,4.084000110626221,84.74500274658203,88.8280029296875,1.009,19.03499984741211,0.0,0.0,1178.0,13.386,17.0,11.1,WR,121.0,0.653,18.8
2021,00-0033280,C.McCaffrey,CAR,99.0,37.0,136.0,442.0,343.0,,1.0,1.0,2.0,1.777999997138977,24.485000610351562,26.263999938964844,0.193,0.0,0.0,0.0,785.0,5.772,15.1,6.5,RB,41.0,0.902,7.1
2021,00-0030578,C.Patterson,ATL,152.0,52.0,204.0,610.0,548.0,,6.0,5.0,11.0,-15.972999572753906,42.257999420166016,26.28499984741211,0.129,-12.24899959564209,2.0,0.0,1158.0,5.676,21.6,36.7,RB,69.0,0.754,12.4
2021,00-0035567,C.Reynolds,DET,55.0,7.0,62.0,230.0,52.0,,0.0,0.0,0.0,-7.764999866485596,2.115000009536743,-5.650000095367432,-0.091,-5.650000095367432,0.0,0.0,282.0,4.548,5.0,0.0,RB,8.0,0.875,1.4
2021,00-0034348,C.Sutton,,0.0,58.0,58.0,0.0,776.0,,0.0,2.0,2.0,0.0,63.33599853515625,63.33599853515625,1.092,8.739999771118164,0.0,0.0,776.0,13.379,77600.0,200.0,WR,100.0,0.58,10000.0
2021,00-0031381,D.Adams,,0.0,123.0,123.0,0.0,1553.0,,0.0,11.0,11.0,0.0,128.7259979248047,128.7259979248047,1.047,45.470001220703125,6.0,0.0,1553.0,12.626,155300.0,1100.0,WR,169.0,0.728,16900.0
2021,00-0032972,D.Booker,NYG,145.0,40.0,185.0,593.0,268.0,,2.0,1.0,3.0,-13.067999839782715,11.644000053405762,-1.4240000247955322,-0.008,-0.531000018119812,0.0,0.0,861.0,4.654,17.5,13.6,RB,45.0,0.889,8.0
2021,00-0033893,D.Cook,MIN,251.0,34.0,285.0,1159.0,224.0,,6.0,0.0,6.0,-9.776000022888184,6.236999988555908,-3.5390000343322754,-0.012,-1.2680000066757202,2.0,2.0,1383.0,4.853,22.1,13.6,RB,49.0,0.694,8.4
2021,00-0036425,D.Dallas,SEA,33.0,21.0,54.0,138.0,133.0,,2.0,0.0,2.0,1.8919999599456787,-0.8320000171661377,1.059999942779541,0.02,0.18299999833106995,1.0,0.0,271.0,5.019,4.8,4.3,RB,23.0,0.913,4.8
2021,00-0033925,D.Foreman,TEN,133.0,9.0,142.0,566.0,123.0,,3.0,0.0,3.0,-13.765000343322754,10.277000427246094,-3.48799991607666,-0.025,-1.1349999904632568,3.0,1.0,689.0,4.852,11.5,7.1,RB,11.0,0.818,2.1
2021,00-0031285,D.Freeman,BAL,133.0,34.0,167.0,576.0,190.0,,5.0,1.0,6.0,-2.9609999656677246,7.002999782562256,4.040999889373779,0.024,-11.118000030517578,1.0,0.0,766.0,4.587,12.4,16.2,RB,42.0,0.81,7.0
2021,00-0034351,D.Goedert,,0.0,56.0,56.0,0.0,830.0,,0.0,4.0,4.0,0.0,75.77999877929688,75.77999877929688,1.353,20.4950008392334,0.0,0.0,830.0,14.821,83000.0,400.0,WR,77.0,0.727,7700.0
2021,00-0035715,D.Gore,KC,51.0,8.0,59.0,256.0,105.0,,2.0,0.0,2.0,0.3009999990463257,7.388999938964844,7.690000057220459,0.13,6.22599983215332,1.0,0.0,361.0,6.119,5.6,3.9,RB,9.0,0.889,1.4
2021,00-0035657,D.Harris,NE,202.0,18.0,220.0,929.0,132.0,,15.0,0.0,15.0,3.190000057220459,6.425000190734863,9.614999771118164,0.044,15.494000434875488,6.0,2.0,1061.0,4.823,17.2,31.2,RB,22.0,0.818,4.2
2021,00-0035664,D.Henderson,LA,149.0,29.0,178.0,688.0,176.0,,5.0,3.0,8.0,-1.3799999952316284,5.0970001220703125,3.7170000076293945,0.021,0.3490000069141388,0.0,0.0,864.0,4.854,13.2,15.7,RB,40.0,0.725,6.6
2021,00-0032764,D.Henry,TEN,220.0,18.0,238.0,937.0,154.0,,10.0,0.0,10.0,-4.8420000076293945,11.321000099182129,6.478000164031982,0.027,0.0,0.0,0.0,1091.0,4.584,18.3,23.8,RB,20.0,0.9,3.8
2021,00-0034253,D.Hilliard,TEN,56.0,19.0,75.0,350.0,87.0,,2.0,0.0,2.0,9.060999870300293,2.377000093460083,11.437999725341797,0.153,-0.39800000190734863,1.0,1.0,437.0,5.827,7.3,4.8,RB,26.0,0.731,5.0
2021,00-0032187,D.Johnson,HOU,67.0,32.0,99.0,228.0,225.0,,0.0,1.0,1.0,-21.67799949645996,11.9350004196167,-9.743000030517578,-0.098,-0.722000002861023,0.0,1.0,453.0,4.576,9.3,3.8,RB,42.0,0.762,8.0
2021,00-0032257,D.Johnson,MIA,71.0,4.0,75.0,330.0,41.0,,3.0,0.0,3.0,-1.472000002861023,2.4230000972747803,0.9520000219345093,0.013,0.9419999718666077,3.0,0.0,371.0,4.947,7.0,9.4,RB,5.0,0.8,0.8
2021,00-0035216,D.Johnson,PIT,5.0,107.0,112.0,53.0,1161.0,,0.0,8.0,8.0,3.940000057220459,82.00599670410156,85.94599914550781,0.767,12.446999549865723,2.0,0.0,1214.0,10.839,22.0,24.2,WR,174.0,0.615,26.4
2021,00-0035628,D.Johnson,CLE,100.0,19.0,119.0,534.0,137.0,,3.0,0.0,3.0,6.434999942779541,4.223999977111816,10.659000396728516,0.09,2.315000057220459,1.0,0.0,671.0,5.639,11.3,7.7,RB,25.0,0.76,5.0
2021,00-0035640,D.Metcalf,SEA,1.0,75.0,76.0,6.0,967.0,,0.0,12.0,12.0,0.22200000286102295,84.03500366210938,84.25700378417969,1.109,27.39900016784668,4.0,0.0,973.0,12.803,17.1,26.1,WR,129.0,0.581,27.1
2021,00-0035685,D.Montgomery,CHI,224.0,42.0,266.0,846.0,301.0,,7.0,0.0,7.0,-21.320999145507812,13.187000274658203,-8.133999824523926,-0.031,-7.565999984741211,3.0,1.0,1147.0,4.312,22.0,24.1,RB,51.0,0.824,9.7
2021,00-0036309,D.Mooney,CHI,6.0,81.0,87.0,32.0,1055.0,,1.0,4.0,5.0,0.9639999866485596,81.28600311279297,82.25,0.945,22.8439998626709,1.0,0.0,1087.0,12.494,20.9,17.2,WR,141.0,0.574,26.7
2021,00-0033854,D.Ogunbowale,JAX,44.0,13.0,57.0,137.0,114.0,,1.0,1.0,2.0,-10.298999786376953,3.555000066757202,-6.74399995803833,-0.118,-7.8460001945495605,2.0,0.0,251.0,4.404,4.8,8.0,RB,21.0,0.619,3.6
2021,00-0035719,D.Samuel,SF,59.0,77.0,136.0,365.0,1397.0,,8.0,6.0,14.0,20.849000930786133,104.40799713134766,125.25800323486328,0.921,32.45600128173828,4.0,0.0,1762.0,12.956,27.2,29.2,RB,121.0,0.636,24.2
2021,00-0034383,D.Schultz,,0.0,78.0,78.0,0.0,808.0,,0.0,8.0,8.0,0.0,70.5739974975586,70.5739974975586,0.905,23.756999969482422,4.0,0.0,808.0,10.359,80800.0,800.0,WR,106.0,0.736,10600.0
2021,00-0035250,D.Singletary,BUF,188.0,40.0,228.0,870.0,228.0,,7.0,1.0,8.0,-3.819999933242798,7.118000030517578,3.2980000972747803,0.014,10.085000038146973,6.0,0.0,1098.0,4.816,17.7,14.5,RB,50.0,0.8,8.0
2021,00-0036912,D.Smith,,0.0,64.0,64.0,0.0,916.0,,0.0,5.0,5.0,0.0,69.53800201416016,69.53800201416016,1.087,18.691999435424805,1.0,0.0,916.0,14.312,91600.0,500.0,WR,105.0,0.61,10500.0
2021,00-0036275,D.Swift,DET,151.0,62.0,213.0,617.0,450.0,,5.0,2.0,7.0,-26.868000030517578,11.765000343322754,-15.104000091552734,-0.071,-1.7109999656677246,1.0,0.0,1067.0,5.009,18.8,20.0,RB,78.0,0.795,13.7
2021,00-0031610,D.Waller,,0.0,55.0,55.0,0.0,665.0,,0.0,2.0,2.0,0.0,50.36000061035156,50.36000061035156,0.916,1.0199999809265137,0.0,0.0,665.0,12.091,66500.0,200.0,WR,93.0,0.591,9300.0
2021,00-0030874,D.Williams,CHI,40.0,16.0,56.0,164.0,103.0,,2.0,1.0,3.0,-1.3209999799728394,1.4459999799728394,0.125,0.002,3.6630001068115234,1.0,0.0,267.0,4.768,5.1,10.3,RB,23.0,0.696,4.4
2021,00-0034301,Da.Williams,KC,144.0,47.0,191.0,558.0,452.0,,6.0,2.0,8.0,4.940000057220459,26.48900032043457,31.429000854492188,0.165,12.845000267028809,3.0,0.0,1010.0,5.288,15.5,15.7,RB,57.0,0.825,8.9
2021,00-0034827,Dj.Moore,CAR,8.0,93.0,101.0,48.0,1157.0,,0.0,4.0,4.0,7.4079999923706055,93.0739974975586,100.48200225830078,0.995,29.666000366210938,0.0,0.0,1205.0,11.931,23.2,12.9,WR,164.0,0.567,28.4
2021,00-0033045,E.Elliott,DAL,240.0,47.0,287.0,1002.0,273.0,,10.0,2.0,12.0,-16.108999252319336,13.012999534606934,-3.0959999561309814,-0.011,5.2129998207092285,3.0,1.0,1275.0,4.443,18.4,22.2,RB,65.0,0.723,10.1
2021,00-0036567,E.Mitchell,SF,207.0,19.0,226.0,963.0,137.0,,5.0,1.0,6.0,-15.494000434875488,4.538000106811523,-10.954999923706055,-0.048,-3.86299991607666,1.0,0.0,1100.0,4.867,17.0,12.5,RB,20.0,0.95,4.0
2021,00-0033895,G.Everett,SEA,3.0,48.0,51.0,20.0,478.0,,0.0,4.0,4.0,0.35600000619888306,25.511999130249023,25.868000030517578,0.507,20.908000946044922,2.0,0.0,498.0,9.765,8.7,8.7,TE,63.0,0.762,13.2
2021,00-0033288,G.Kittle,SF,3.0,71.0,74.0,20.0,910.0,,0.0,6.0,6.0,1.7389999628067017,68.01899719238281,69.75800323486328,0.943,20.948999404907227,1.0,0.0,930.0,12.568,14.3,12.5,WR,94.0,0.755,18.8
2021,00-0033090,H.Henry,,0.0,50.0,50.0,0.0,603.0,,0.0,9.0,9.0,0.0,64.51899719238281,64.51899719238281,1.29,20.63599967956543,2.0,0.0,603.0,12.06,60300.0,900.0,WR,75.0,0.667,7500.0
2021,00-0034983,H.Renfrow,LV,3.0,103.0,106.0,3.0,1038.0,,0.0,9.0,9.0,-1.6030000448226929,79.73600006103516,78.13300323486328,0.737,20.941999435424805,5.0,0.0,1041.0,9.821,16.5,24.3,WR,129.0,0.798,21.3
2021,00-0034857,J.Allen,BUF,66.0,0.0,66.0,334.0,0.0,,5.0,0.0,5.0,11.656999588012695,0.0,11.656999588012695,0.177,13.140999794006348,3.0,2.0,334.0,5.061,5.4,9.1,RB,1.0,0.0,0.2
2021,00-0036900,J.Chase,CIN,7.0,81.0,88.0,21.0,1455.0,,0.0,13.0,13.0,-2.2269999980926514,126.57099914550781,124.34400177001953,1.413,44.4119987487793,5.0,0.0,1476.0,16.773,22.9,26.0,WR,128.0,0.633,23.6
2021,00-0033553,J.Conner,ARI,202.0,37.0,239.0,752.0,366.0,,15.0,3.0,18.0,-3.6519999504089355,26.576000213623047,22.923999786376953,0.096,11.449000358581543,4.0,0.0,1118.0,4.678,17.3,37.5,RB,39.0,0.949,6.8
2021,00-0031941,J.Crowder,,0.0,51.0,51.0,0.0,447.0,,0.0,2.0,2.0,0.0,33.59199905395508,33.59199905395508,0.659,5.158999919891357,0.0,0.0,447.0,8.765,44700.0,200.0,TE,73.0,0.699,7300.0
2021,00-0032780,J.Howard,PHI,86.0,2.0,88.0,406.0,19.0,,3.0,0.0,3.0,-0.5720000267028809,1.2170000076293945,0.6449999809265137,0.007,-9.779999732971191,0.0,0.0,425.0,4.83,7.2,7.0,RB,5.0,0.4,1.1
2021,00-0036389,J.Hurts,PHI,77.0,0.0,77.0,379.0,0.0,,8.0,0.0,8.0,17.05299949645996,0.0,17.05299949645996,0.221,4.0229997634887695,2.0,1.0,379.0,4.922,6.4,18.6,RB,1.0,0.0,0.2
2021,00-0034440,J.Jackson,LAC,69.0,22.0,91.0,364.0,178.0,,2.0,0.0,2.0,0.012000000104308128,8.255000114440918,8.267000198364258,0.091,8.848999977111816,2.0,1.0,542.0,5.956,8.2,3.8,RB,25.0,0.88,3.7
2021,00-0035700,J.Jacobs,LV,217.0,54.0,271.0,872.0,348.0,,9.0,0.0,9.0,-32.17900085449219,7.0879998207092285,-25.090999603271484,-0.093,-6.913000106811523,2.0,2.0,1220.0,4.502,19.3,24.3,RB,64.0,0.844,10.6
2021,00-0036322,J.Jefferson,MIN,6.0,108.0,114.0,14.0,1616.0,,0.0,10.0,10.0,-2.244999885559082,139.0540008544922,136.8090057373047,1.2,31.902000427246094,3.0,0.0,1630.0,14.298,26.0,22.7,WR,170.0,0.635,29.3
2021,00-0031382,J.Landry,CLE,4.0,52.0,56.0,16.0,570.0,,1.0,2.0,3.0,1.475000023841858,33.513999938964844,34.98899841308594,0.625,19.027999877929688,2.0,0.0,586.0,10.464,9.9,7.7,WR,87.0,0.598,17.3
2021,00-0032602,J.McKissic,WAS,49.0,43.0,92.0,212.0,397.0,,2.0,2.0,4.0,3.0,24.420000076293945,27.42099952697754,0.298,0.0,0.0,0.0,609.0,6.62,11.0,12.1,RB,54.0,0.796,10.0
2021,00-0033955,J.McNichols,TEN,41.0,28.0,69.0,156.0,240.0,,0.0,1.0,1.0,-8.748000144958496,14.163000106811523,5.414999961853027,0.078,-2.2109999656677246,0.0,0.0,396.0,5.739,6.6,2.4,RB,38.0,0.737,7.3
2021,00-0034960,J.Meyers,NE,1.0,83.0,84.0,9.0,866.0,,0.0,2.0,2.0,0.9229999780654907,65.46199798583984,66.38500213623047,0.79,17.947999954223633,1.0,0.0,875.0,10.417,14.2,4.2,WR,128.0,0.648,24.3
2021,00-0033897,J.Mixon,CIN,294.0,42.0,336.0,1205.0,314.0,,13.0,3.0,16.0,-25.433000564575195,13.309000015258789,-12.12399959564209,-0.036,-1.531000018119812,2.0,1.0,1519.0,4.521,23.5,32.0,RB,48.0,0.875,8.8
2021,00-0036755,J.Patterson,WAS,68.0,10.0,78.0,266.0,73.0,,2.0,0.0,2.0,-4.76200008392334,3.3570001125335693,-1.4049999713897705,-0.018,3.4119999408721924,2.0,0.0,339.0,4.346,6.1,6.1,RB,11.0,0.909,2.0
2021,00-0035831,J.Robinson,JAX,164.0,31.0,195.0,767.0,222.0,,8.0,0.0,8.0,-11.251999855041504,6.281000137329102,-4.9710001945495605,-0.025,-5.834000110626221,1.0,2.0,989.0,5.072,19.0,32.0,RB,46.0,0.674,7.8
2021,00-0036223,J.Taylor,IND,332.0,40.0,372.0,1811.0,360.0,,18.0,2.0,20.0,34.46900177001953,12.366999626159668,46.83599853515625,0.126,-2.296999931335449,2.0,2.0,2171.0,5.836,36.5,40.8,RB,52.0,0.769,10.3
2021,00-0036613,J.Waddle,MIA,2.0,104.0,106.0,3.0,1015.0,,1.0,6.0,7.0,1.0269999504089355,80.19499969482422,81.22200012207031,0.766,12.258000373840332,2.0,0.0,1018.0,9.604,19.1,21.9,TE,140.0,0.743,23.3
2021,00-0033948,J.Williams,DET,153.0,26.0,179.0,601.0,157.0,,3.0,0.0,3.0,-3.0969998836517334,4.291999816894531,1.1950000524520874,0.007,-2.5290000438690186,1.0,0.0,758.0,4.235,13.4,8.6,RB,28.0,0.929,4.9
2021,00-0036997,J.Williams,DEN,203.0,43.0,246.0,903.0,316.0,,4.0,3.0,7.0,-17.261999130249023,13.409000396728516,-3.8540000915527344,-0.016,-3.4749999046325684,3.0,1.0,1219.0,4.955,21.2,21.2,RB,53.0,0.811,10.2
2021,00-0034115,J.Wilson,SF,79.0,7.0,86.0,294.0,31.0,,2.0,0.0,2.0,-10.140000343322754,-0.656000018119812,-10.795999526977539,-0.126,-1.2339999675750732,2.0,0.0,325.0,3.779,5.0,4.2,RB,8.0,0.875,1.6
2021,00-0030279,K.Allen,,0.0,106.0,106.0,0.0,1138.0,,0.0,6.0,6.0,0.0,101.69200134277344,101.69200134277344,0.959,23.952999114990234,2.0,0.0,1138.0,10.736,113800.0,600.0,WR,158.0,0.671,15800.0
2021,00-0033307,K.Bourne,NE,12.0,55.0,67.0,125.0,800.0,,0.0,5.0,5.0,9.579000473022461,59.95600128173828,69.53500366210938,1.038,15.458999633789062,0.0,0.0,925.0,13.806,15.0,10.4,WR,70.0,0.786,13.3
2021,00-0033118,K.Drake,LV,63.0,30.0,93.0,254.0,291.0,,2.0,1.0,3.0,-9.109000205993652,15.802000045776367,6.692999839782715,0.072,0.0,0.0,0.0,545.0,5.86,8.6,8.1,RB,40.0,0.75,6.6
2021,00-0036919,K.Gainwell,PHI,69.0,33.0,102.0,291.0,253.0,,5.0,1.0,6.0,2.750999927520752,19.518999099731445,22.270000457763672,0.218,10.836000442504883,1.0,1.0,544.0,5.333,9.3,14.0,RB,50.0,0.66,10.6
2021,00-0036906,K.Herbert,CHI,103.0,14.0,117.0,433.0,96.0,,2.0,0.0,2.0,-2.984999895095825,0.4009999930858612,-2.5840001106262207,-0.022,3.069000005722046,1.0,0.0,529.0,4.521,10.2,6.9,RB,16.0,0.875,3.0
2021,00-0033923,K.Hunt,CLE,79.0,22.0,101.0,386.0,172.0,,5.0,0.0,5.0,6.589000225067139,6.556000232696533,13.145000457763672,0.13,0.13300000131130219,0.0,0.0,558.0,5.525,9.4,12.8,RB,27.0,0.815,5.4
2021,00-0035228,K.Murray,ARI,51.0,0.0,51.0,219.0,0.0,,3.0,0.0,3.0,-3.9149999618530273,0.0,-3.9149999618530273,-0.077,6.156000137329102,0.0,0.0,219.0,4.294,3.4,6.2,RB,0.0,0.0,0.0
2021,00-0036345,K.Osborn,MIN,1.0,50.0,51.0,10.0,655.0,,0.0,7.0,7.0,0.546999990940094,51.81700134277344,52.36399841308594,1.027,19.974000930786133,4.0,0.0,665.0,13.039,10.6,15.9,WR,82.0,0.61,14.1
2021,00-0036970,K.Pitts,,0.0,68.0,68.0,0.0,1026.0,,0.0,1.0,1.0,0.0,79.85399627685547,79.85399627685547,1.174,26.69300079345703,0.0,0.0,1026.0,15.088,102600.0,100.0,WR,110.0,0.618,11000.0
2021,00-0032464,K.Raymond,DET,4.0,48.0,52.0,28.0,576.0,,0.0,4.0,4.0,1.4140000343322754,37.53200149536133,38.94599914550781,0.749,14.479000091552734,2.0,0.0,604.0,11.615,10.6,11.4,WR,71.0,0.676,12.4
2021,00-0033856,L.Fournette,TB,180.0,69.0,249.0,812.0,454.0,,8.0,2.0,10.0,8.428999900817871,21.01099967956543,29.440000534057617,0.118,2.2850000858306885,1.0,0.0,1266.0,5.084,18.1,16.4,RB,84.0,0.821,11.7
2021,00-0034796,L.Jackson,BAL,79.0,0.0,79.0,384.0,0.0,,2.0,0.0,2.0,2.808000087738037,0.0,2.808000087738037,0.036,-1.5820000171661377,0.0,1.0,384.0,4.861,6.2,5.4,RB,0.0,0.0,0.0
2021,00-0030513,L.Murray,BAL,119.0,10.0,129.0,501.0,75.0,,6.0,0.0,6.0,-6.8429999351501465,4.750999927520752,-2.0920000076293945,-0.016,5.052999973297119,2.0,0.0,576.0,4.465,9.4,16.2,RB,13.0,0.769,2.2
2021,00-0036268,L.Shenault,JAX,11.0,63.0,74.0,41.0,619.0,,0.0,0.0,0.0,-1.2589999437332153,46.12699890136719,44.86800003051758,0.606,14.729000091552734,0.0,0.0,660.0,8.919,12.7,0.0,TE,100.0,0.63,17.0
2021,00-0034753,M.Andrews,BAL,1.0,107.0,108.0,0.0,1361.0,,0.0,9.0,9.0,-1.0920000076293945,119.78500366210938,118.69200134277344,1.099,48.83700180053711,4.0,0.0,1361.0,12.602,22.1,24.3,WR,158.0,0.677,26.5
2021,00-0035662,M.Brown,BAL,1.0,91.0,92.0,5.0,1008.0,,0.0,6.0,6.0,0.9440000057220459,62.3390007019043,63.284000396728516,0.688,5.873000144958496,0.0,0.0,1013.0,11.011,16.4,16.2,WR,147.0,0.619,24.6
2021,00-0032063,M.Davis,ATL,138.0,44.0,182.0,503.0,259.0,,3.0,1.0,4.0,-17.808000564575195,-7.76200008392334,-25.570999145507812,-0.14,-6.311999797821045,1.0,1.0,762.0,4.187,14.2,13.3,RB,58.0,0.759,10.5
2021,00-0031408,M.Evans,TB,1.0,74.0,75.0,10.0,1035.0,,0.0,14.0,14.0,0.6380000114440918,105.08799743652344,105.7249984741211,1.41,27.858999252319336,4.0,0.0,1045.0,13.933,14.9,23.0,WR,114.0,0.649,15.9
2021,00-0035311,M.Gaskin,MIA,173.0,49.0,222.0,612.0,234.0,,3.0,4.0,7.0,-28.635000228881836,8.0,-20.635000228881836,-0.093,-4.044000148773193,0.0,1.0,846.0,3.811,15.9,21.9,RB,63.0,0.778,10.5
2021,00-0034829,M.Gesicki,,0.0,73.0,73.0,0.0,780.0,,0.0,2.0,2.0,0.0,61.59400177001953,61.59400177001953,0.844,8.017000198364258,0.0,0.0,780.0,10.685,78000.0,200.0,WR,113.0,0.646,11300.0
2021,00-0032144,M.Gordon,DEN,203.0,28.0,231.0,918.0,213.0,,8.0,2.0,10.0,-18.875,5.824999809265137,-13.048999786376953,-0.056,-7.300000190734863,3.0,3.0,1131.0,4.896,19.7,30.3,RB,38.0,0.737,7.3
2021,00-0035140,M.Hardman,KC,8.0,59.0,67.0,46.0,693.0,,0.0,2.0,2.0,-1.5549999475479126,44.33599853515625,42.78099822998047,0.639,19.85700035095215,1.0,1.0,739.0,11.03,11.4,3.9,WR,83.0,0.711,13.0
2021,00-0027966,M.Ingram,HOU,160.0,27.0,187.0,554.0,162.0,,2.0,0.0,2.0,-31.322999954223633,4.333000183105469,-26.990999221801758,-0.144,-5.071000099182129,0.0,1.0,716.0,3.829,14.7,7.7,RB,36.0,0.75,6.9
2021,00-0029293,M.Jones,,0.0,73.0,73.0,0.0,832.0,,0.0,4.0,4.0,0.0,72.53500366210938,72.53500366210938,0.994,21.23200035095215,1.0,0.0,832.0,11.397,83200.0,400.0,WR,120.0,0.608,12000.0
2021,00-0036252,M.Pittman,IND,5.0,88.0,93.0,44.0,1082.0,,0.0,6.0,6.0,1.5740000009536743,100.47000122070312,102.04399871826172,1.097,18.617000579833984,1.0,0.0,1126.0,12.108,18.9,12.2,WR,130.0,0.677,25.7
2021,00-0035243,M.Sanders,PHI,138.0,26.0,164.0,754.0,158.0,,0.0,0.0,0.0,1.4459999799728394,-0.4300000071525574,1.0160000324249268,0.006,6.567999839782715,0.0,1.0,912.0,5.561,15.5,0.0,RB,34.0,0.765,7.2
2021,00-0033536,M.Williams,,0.0,76.0,76.0,0.0,1146.0,,0.0,9.0,9.0,0.0,108.18800354003906,108.18800354003906,1.424,29.148000717163086,2.0,0.0,1146.0,15.079,114600.0,900.0,WR,130.0,0.585,13000.0
2021,00-0036924,Mi.Carter,NYJ,148.0,36.0,184.0,639.0,307.0,,4.0,0.0,4.0,-6.386000156402588,13.633999824523926,7.248000144958496,0.039,1.7740000486373901,0.0,0.0,946.0,5.141,17.5,12.1,RB,55.0,0.655,9.4
2021,00-0034791,N.Chubb,CLE,228.0,20.0,248.0,1259.0,174.0,,8.0,1.0,9.0,10.630000114440918,11.142000198364258,21.77199935913086,0.088,1.0950000286102295,2.0,1.0,1433.0,5.778,24.2,23.1,RB,25.0,0.8,5.0
2021,00-0035644,N.Fant,,0.0,68.0,68.0,0.0,670.0,,0.0,4.0,4.0,0.0,36.992000579833984,36.992000579833984,0.544,13.034000396728516,1.0,0.0,670.0,9.853,67000.0,400.0,TE,91.0,0.747,9100.0
2021,00-0036893,N.Harris,PIT,307.0,74.0,381.0,1200.0,467.0,,7.0,3.0,10.0,-19.382999420166016,10.47700023651123,-8.906000137329102,-0.023,-4.622000217437744,3.0,0.0,1667.0,4.375,30.2,30.3,RB,94.0,0.787,14.3
2021,00-0034367,N.Hines,IND,56.0,40.0,96.0,276.0,300.0,,2.0,1.0,3.0,3.99399995803833,15.024999618530273,19.018999099731445,0.198,1.0980000495910645,1.0,0.0,576.0,6.0,9.7,6.1,RB,57.0,0.702,11.3
2021,00-0032741,P.Barber,LV,55.0,10.0,65.0,212.0,67.0,,2.0,0.0,2.0,-9.868000030517578,1.5570000410079956,-8.3100004196167,-0.128,-2.0789999961853027,1.0,0.0,279.0,4.292,4.4,5.4,RB,13.0,0.769,2.1
2021,00-0036894,P.Freiermuth,,0.0,60.0,60.0,0.0,497.0,,0.0,7.0,7.0,0.0,41.95899963378906,41.95899963378906,0.699,10.208000183105469,1.0,0.0,497.0,8.283,49700.0,700.0,TE,80.0,0.75,8000.0
2021,00-0034109,P.Lindsay,HOU,88.0,4.0,92.0,249.0,45.0,,1.0,1.0,2.0,-22.972000122070312,4.294000148773193,-18.67799949645996,-0.203,-4.4079999923706055,0.0,0.0,294.0,3.196,6.0,7.7,RB,5.0,0.8,1.0
2021,00-0032688,R.Anderson,CAR,3.0,53.0,56.0,36.0,519.0,,0.0,5.0,5.0,2.2249999046325684,41.222999572753906,43.448001861572266,0.776,20.424999237060547,2.0,0.0,555.0,9.911,10.7,16.1,TE,110.0,0.482,19.0
2021,00-0030288,R.Burkhead,HOU,122.0,25.0,147.0,427.0,186.0,,3.0,0.0,3.0,-5.235000133514404,8.288000106811523,3.052999973297119,0.021,3.940999984741211,2.0,0.0,613.0,4.17,12.6,11.5,RB,32.0,0.781,6.1
2021,00-0034838,R.Freeman,HOU,56.0,10.0,66.0,169.0,77.0,,0.0,0.0,0.0,-9.513999938964844,2.2750000953674316,-7.238999843597412,-0.11,-7.979000091552734,0.0,0.0,246.0,3.727,5.1,0.0,RB,16.0,0.625,3.1
2021,00-0034411,R.Gage,,0.0,66.0,66.0,0.0,771.0,,0.0,4.0,4.0,0.0,62.900001525878906,62.900001525878906,0.953,30.829999923706055,2.0,0.0,771.0,11.682,77100.0,400.0,WR,94.0,0.702,9400.0
2021,00-0027656,R.Gronkowski,,0.0,55.0,55.0,0.0,802.0,,0.0,6.0,6.0,0.0,64.86699676513672,64.86699676513672,1.179,26.23900032043457,0.0,0.0,802.0,14.582,80200.0,600.0,WR,89.0,0.618,8900.0
2021,00-0034816,R.Jones,TB,101.0,10.0,111.0,428.0,64.0,,4.0,0.0,4.0,-3.8529999256134033,2.671999931335449,-1.180999994277954,-0.011,-2.0799999237060547,1.0,2.0,492.0,4.432,7.0,6.6,RB,13.0,0.769,1.8
2021,00-0036936,R.Moore,ARI,18.0,54.0,72.0,76.0,435.0,,0.0,1.0,1.0,-0.1599999964237213,18.974000930786133,18.81399917602539,0.261,-3.188999891281128,0.0,0.0,511.0,7.097,7.9,2.1,RB,64.0,0.844,11.2
2021,00-0034750,R.Penny,SEA,119.0,6.0,125.0,749.0,48.0,,6.0,0.0,6.0,11.20199966430664,2.572999954223633,13.774999618530273,0.11,19.163000106811523,6.0,0.0,797.0,6.376,14.0,13.0,RB,8.0,0.75,1.7
2021,00-0036875,R.Stevenson,NE,133.0,14.0,147.0,606.0,123.0,,5.0,0.0,5.0,2.2330000400543213,-0.593999981880188,1.6390000581741333,0.011,4.111000061035156,2.0,0.0,729.0,4.959,11.8,10.4,RB,18.0,0.778,3.4
2021,00-0030431,R.Woods,LA,8.0,45.0,53.0,46.0,556.0,,1.0,4.0,5.0,1.940000057220459,55.8120002746582,57.75199890136719,1.09,0.0,0.0,0.0,602.0,11.358,9.2,9.8,WR,70.0,0.643,11.6
2021,00-0036020,S.Ahmed,MIA,54.0,12.0,66.0,149.0,117.0,,0.0,0.0,0.0,-11.96500015258789,8.434000015258789,-3.5309998989105225,-0.054,0.0,0.0,0.0,266.0,4.03,5.0,0.0,RB,19.0,0.632,3.2
2021,00-0034844,S.Barkley,NYG,162.0,41.0,203.0,593.0,263.0,,2.0,2.0,4.0,-20.350000381469727,6.140999794006348,-14.208999633789062,-0.07,-6.692999839782715,1.0,1.0,856.0,4.217,17.4,18.2,RB,57.0,0.719,10.1
2021,00-0031588,S.Diggs,,0.0,103.0,103.0,0.0,1225.0,,0.0,10.0,10.0,0.0,107.53900146484375,107.53900146484375,1.044,33.67599868774414,3.0,0.0,1225.0,11.893,122500.0,1000.0,WR,164.0,0.628,16400.0
2021,00-0034845,S.Michel,LA,208.0,21.0,229.0,845.0,128.0,,4.0,1.0,5.0,-21.06999969482422,3.572999954223633,-17.496999740600586,-0.076,-11.38599967956543,2.0,1.0,973.0,4.249,14.9,9.8,RB,33.0,0.636,5.5
2021,00-0033526,S.Perine,CIN,55.0,27.0,82.0,246.0,196.0,,1.0,1.0,2.0,-6.755000114440918,10.298999786376953,3.5439999103546143,0.043,-3.7130000591278076,0.0,0.0,442.0,5.39,6.8,4.0,RB,31.0,0.871,5.7
2021,00-0036963,St. Brown,DET,7.0,90.0,97.0,61.0,912.0,,1.0,5.0,6.0,5.0920000076293945,82.85900115966797,87.94999694824219,0.907,56.45000076293945,5.0,0.0,973.0,10.031,17.1,17.1,WR,121.0,0.744,21.2
2021,00-0033009,T.Boyd,CIN,2.0,67.0,69.0,22.0,828.0,,0.0,5.0,5.0,1.3559999465942383,65.43900299072266,66.79499816894531,0.968,21.170000076293945,3.0,0.0,850.0,12.319,13.2,10.0,WR,95.0,0.705,17.5
2021,00-0032058,T.Coleman,NYJ,84.0,11.0,95.0,356.0,49.0,,0.0,0.0,0.0,-5.880000114440918,0.7710000276565552,-5.107999801635742,-0.054,-1.503999948501587,0.0,0.0,405.0,4.263,7.5,0.0,RB,16.0,0.688,2.7
2021,00-0034270,T.Conklin,,0.0,61.0,61.0,0.0,593.0,,0.0,3.0,3.0,0.0,32.358001708984375,32.358001708984375,0.53,5.203999996185303,0.0,0.0,593.0,9.721,59300.0,300.0,TE,87.0,0.701,8700.0
2021,00-0033110,T.Higbee,,0.0,61.0,61.0,0.0,560.0,,0.0,5.0,5.0,0.0,46.28900146484375,46.28900146484375,0.759,13.447999954223633,2.0,0.0,560.0,9.18,56000.0,500.0,TE,85.0,0.718,8500.0
2021,00-0036410,T.Higgins,,0.0,74.0,74.0,0.0,1091.0,,0.0,6.0,6.0,0.0,96.87300109863281,96.87300109863281,1.309,37.80400085449219,2.0,0.0,1091.0,14.743,109100.0,600.0,WR,111.0,0.667,11100.0
2021,00-0033040,T.Hill,KC,9.0,111.0,120.0,96.0,1239.0,,0.0,9.0,9.0,2.9769999980926514,110.50700378417969,113.48400115966797,0.946,26.983999252319336,1.0,0.0,1335.0,11.125,20.5,17.6,WR,159.0,0.698,24.9
2021,00-0033357,T.Hill,NO,52.0,4.0,56.0,259.0,52.0,,5.0,0.0,5.0,10.906999588012695,3.255000114440918,14.161999702453613,0.253,3.421999931335449,2.0,0.0,311.0,5.554,6.1,12.8,RB,6.0,0.667,1.3
2021,00-0035229,T.Hockenson,,0.0,61.0,61.0,0.0,583.0,,0.0,4.0,4.0,0.0,39.909000396728516,39.909000396728516,0.654,0.0,0.0,0.0,583.0,9.557,58300.0,400.0,TE,86.0,0.709,8600.0
2021,00-0035537,T.Johnson,NYJ,61.0,34.0,95.0,238.0,372.0,,2.0,2.0,4.0,-11.26099967956543,27.398000717163086,16.136999130249023,0.17,2.377000093460083,1.0,1.0,610.0,6.421,11.3,12.1,RB,55.0,0.618,9.4
2021,00-0035860,T.Jones,NO,54.0,5.0,59.0,142.0,29.0,,0.0,0.0,0.0,-18.690000534057617,1.184000015258789,-17.506000518798828,-0.297,-4.184000015258789,0.0,0.0,171.0,2.898,3.3,0.0,RB,8.0,0.625,1.7
2021,00-0030506,T.Kelce,KC,2.0,92.0,94.0,3.0,1125.0,,1.0,9.0,10.0,0.3449999988079071,98.43299865722656,98.77799987792969,1.051,29.322999954223633,4.0,0.0,1128.0,12.0,17.4,19.6,WR,134.0,0.687,21.0
2021,00-0032211,T.Lockett,SEA,2.0,73.0,75.0,9.0,1175.0,,0.0,8.0,8.0,-0.1550000011920929,87.46600341796875,87.31099700927734,1.164,27.965999603271484,4.0,0.0,1184.0,15.787,20.8,17.4,WR,108.0,0.676,22.7
2021,00-0035659,T.McLaurin,WAS,1.0,77.0,78.0,12.0,1053.0,,0.0,5.0,5.0,0.7789999842643738,83.17500305175781,83.9540023803711,1.076,17.413999557495117,0.0,0.0,1065.0,13.654,19.2,15.2,WR,130.0,0.592,24.2
2021,00-0033375,T.Patrick,,0.0,53.0,53.0,0.0,734.0,,0.0,5.0,5.0,0.0,70.91100311279297,70.91100311279297,1.338,17.535999298095703,1.0,0.0,734.0,13.849,73400.0,500.0,WR,85.0,0.624,8500.0
2021,00-0035261,T.Pollard,DAL,130.0,39.0,169.0,719.0,337.0,,2.0,0.0,2.0,12.880999565124512,13.998000144958496,26.878999710083008,0.159,6.13100004196167,0.0,0.0,1056.0,6.249,15.2,3.7,RB,47.0,0.83,7.3
2021,00-0036415,V.Jefferson,LA,2.0,50.0,52.0,20.0,802.0,,0.0,6.0,6.0,1.3550000190734863,70.76599884033203,72.12100219726562,1.387,20.687000274658203,1.0,0.0,822.0,15.808,12.6,11.8,WR,89.0,0.562,14.7
2021,00-0030061,Z.Ertz,ARI,1.0,74.0,75.0,4.0,763.0,,0.0,5.0,5.0,0.45500001311302185,61.792999267578125,62.24800109863281,0.83,19.40999984741211,0.0,0.0,767.0,10.227,11.9,10.4,WR,113.0,0.655,19.8
2021,00-0036251,Z.Moss,BUF,96.0,23.0,119.0,345.0,197.0,,4.0,1.0,5.0,-9.730999946594238,8.40999984741211,-1.3209999799728394,-0.011,-0.5920000076293945,0.0,0.0,542.0,4.555,8.7,9.1,RB,32.0,0.719,5.1
2022,00-0035676,A.Brown,,0.0,88.0,88.0,0.0,1496.0,,0.0,11.0,11.0,0.0,115.60299682617188,115.60299682617188,1.314,44.1609992980957,2.0,0.0,1496.0,17.0,149600.0,1100.0,WR,145.0,0.607,14500.0
2022,00-0031544,A.Cooper,,0.0,78.0,78.0,0.0,1160.0,,0.0,9.0,9.0,0.0,113.21800231933594,113.21800231933594,1.452,32.43000030517578,2.0,0.0,1160.0,14.872,116000.0,900.0,WR,132.0,0.591,13200.0
2022,00-0036265,A.Dillon,GB,186.0,28.0,214.0,770.0,206.0,,7.0,0.0,7.0,2.2799999713897705,6.386000156402588,8.664999961853027,0.04,4.754000186920166,4.0,0.0,976.0,4.561,16.5,18.4,RB,43.0,0.651,7.9
2022,00-0033699,A.Ekeler,LAC,204.0,107.0,311.0,915.0,708.0,,13.0,5.0,18.0,-2.5739998817443848,24.569000244140625,21.9950008392334,0.071,13.994000434875488,6.0,2.0,1623.0,5.219,26.3,43.9,RB,127.0,0.843,18.4
2022,00-0036328,A.Gibson,WAS,149.0,46.0,195.0,546.0,353.0,,3.0,2.0,5.0,-15.689000129699707,16.145000457763672,0.45500001311302185,0.002,-3.614000082015991,0.0,0.0,899.0,4.61,15.6,15.2,RB,58.0,0.793,10.8
2022,00-0033293,A.Jones,GB,213.0,59.0,272.0,1121.0,395.0,,2.0,5.0,7.0,12.085000038146973,5.474999904632568,17.559999465942383,0.065,-0.10599999874830246,1.0,1.0,1516.0,5.574,25.6,18.4,RB,73.0,0.808,13.4
2022,00-0033906,A.Kamara,NO,223.0,57.0,280.0,897.0,490.0,,2.0,2.0,4.0,-41.04999923706055,11.892000198364258,-29.158000946044922,-0.104,-2.4189999103546143,1.0,2.0,1387.0,4.954,23.5,11.1,RB,77.0,0.74,15.6
2022,00-0034521,A.Lazard,GB,2.0,60.0,62.0,0.0,788.0,,0.0,6.0,6.0,-4.004000186920166,74.68399810791016,70.68099975585938,1.14,9.668000221252441,1.0,0.0,788.0,12.71,13.3,15.8,WR,101.0,0.594,18.6
2022,00-0034972,A.Mattison,MIN,74.0,15.0,89.0,283.0,91.0,,5.0,1.0,6.0,0.382999986410141,5.828000068664551,6.210000038146973,0.07,3.4830000400543213,2.0,0.0,374.0,4.202,5.9,12.8,RB,18.0,0.833,2.8
2022,00-0030035,A.Thielen,MIN,1.0,70.0,71.0,4.0,716.0,,0.0,6.0,6.0,-0.1340000033378601,54.582000732421875,54.44900131225586,0.767,12.786999702453613,3.0,0.0,720.0,10.141,11.3,12.8,WR,109.0,0.642,16.9
2022,00-0036261,B.Aiyuk,SF,2.0,78.0,80.0,23.0,1015.0,,0.0,8.0,8.0,1.5240000486373901,75.1449966430664,76.66899871826172,0.958,22.243999481201172,2.0,0.0,1038.0,12.975,16.3,16.3,WR,114.0,0.684,22.6
2022,00-0031236,B.Cooks,HOU,2.0,57.0,59.0,7.0,699.0,,0.0,3.0,3.0,-0.503000020980835,54.82699966430664,54.32400131225586,0.921,17.767000198364258,2.0,0.0,706.0,11.966,14.1,12.0,WR,93.0,0.613,16.5
2022,00-0037746,B.Robinson,WAS,205.0,9.0,214.0,797.0,60.0,,2.0,1.0,3.0,-6.235000133514404,3.315999984741211,-2.9189999103546143,-0.014,-3.2750000953674316,0.0,0.0,857.0,4.005,14.9,9.1,RB,12.0,0.75,2.2
2022,00-0034414,B.Scott,PHI,54.0,5.0,59.0,217.0,15.0,,3.0,0.0,3.0,-2.5309998989105225,-3.3350000381469727,-5.866000175476074,-0.099,4.335000038146973,2.0,0.0,232.0,3.932,3.5,5.5,RB,6.0,0.833,1.2
2022,00-0038120,Br.Hall,NYJ,80.0,19.0,99.0,463.0,218.0,,4.0,1.0,5.0,13.888999938964844,9.899999618530273,23.788999557495117,0.24,0.0,0.0,0.0,681.0,6.879,12.2,18.5,RB,31.0,0.613,5.3
2022,00-0036414,C.Akers,LA,188.0,13.0,201.0,786.0,117.0,,7.0,0.0,7.0,-13.246999740600586,7.1579999923706055,-6.089000225067139,-0.03,9.708000183105469,4.0,2.0,903.0,4.493,17.8,23.3,RB,18.0,0.722,3.5
2022,00-0036326,C.Claypool,PIT,9.0,46.0,55.0,59.0,457.0,,0.0,1.0,1.0,2.3350000381469727,30.961999893188477,33.297000885009766,0.605,2.808000087738037,0.0,0.0,516.0,9.382,9.3,3.7,TE,79.0,0.582,14.3
2022,00-0034681,C.Edmonds,MIA,68.0,16.0,84.0,245.0,157.0,,2.0,1.0,3.0,-15.706000328063965,11.51200008392334,-4.193999767303467,-0.05,1.2580000162124634,0.0,0.0,402.0,4.786,6.3,7.1,RB,24.0,0.667,4.3
2022,00-0036360,C.Edwards-Helaire,KC,71.0,17.0,88.0,302.0,151.0,,3.0,3.0,6.0,1.996999979019165,17.10700035095215,19.104000091552734,0.217,0.0,0.0,0.0,453.0,5.148,6.6,10.9,RB,23.0,0.739,3.7
2022,00-0033921,C.Godwin,TB,3.0,104.0,107.0,5.0,1019.0,,0.0,3.0,3.0,-1.5080000162124634,67.62699890136719,66.11900329589844,0.618,20.992000579833984,1.0,0.0,1024.0,9.57,16.9,9.7,TE,145.0,0.717,19.9
2022,00-0036555,C.Hubbard,CAR,95.0,14.0,109.0,466.0,147.0,,2.0,0.0,2.0,1.7929999828338623,4.083000183105469,5.875999927520752,0.054,8.956999778747559,1.0,0.0,613.0,5.624,11.6,6.5,RB,17.0,0.824,4.0
2022,00-0036829,C.Huntley,ATL,76.0,2.0,78.0,366.0,3.0,,1.0,0.0,1.0,3.9809999465942383,-0.7649999856948853,3.2160000801086426,0.041,-0.6620000004768372,0.0,0.0,369.0,4.731,6.8,2.9,RB,2.0,1.0,0.5
2022,00-0034775,C.Kirk,JAX,5.0,84.0,89.0,11.0,1102.0,,0.0,8.0,8.0,-0.8309999704360962,87.3280029296875,86.49600219726562,0.972,20.365999221801758,1.0,0.0,1113.0,12.506,18.4,19.5,WR,134.0,0.627,23.1
2022,00-0036290,C.Kmet,CHI,2.0,50.0,52.0,9.0,544.0,,0.0,7.0,7.0,1.1390000581741333,42.854000091552734,43.992000579833984,0.846,7.989999771118164,2.0,0.0,553.0,10.635,11.2,20.0,WR,70.0,0.714,19.3
2022,00-0033908,C.Kupp,LA,9.0,75.0,84.0,52.0,812.0,,1.0,6.0,7.0,1.3109999895095825,61.354000091552734,62.665000915527344,0.746,0.0,0.0,0.0,864.0,10.286,17.0,23.3,WR,98.0,0.765,19.0
2022,00-0036358,C.Lamb,DAL,10.0,107.0,117.0,47.0,1359.0,,0.0,9.0,9.0,0.05999999865889549,114.77200317382812,114.83200073242188,0.981,33.196998596191406,3.0,0.0,1406.0,12.017,22.9,17.3,WR,156.0,0.686,28.6
2022,00-0033280,C.McCaffrey,SF,246.0,85.0,331.0,1139.0,741.0,,8.0,5.0,13.0,2.000999927520752,43.516998291015625,45.518001556396484,0.138,20.288000106811523,6.0,0.0,1880.0,5.68,29.5,26.5,RB,108.0,0.787,21.4
2022,00-0032398,C.Moore,HOU,3.0,48.0,51.0,3.0,548.0,,0.0,2.0,2.0,-1.9479999542236328,34.308998107910156,32.361000061035156,0.635,10.236000061035156,0.0,0.0,551.0,10.804,11.0,8.0,WR,74.0,0.649,13.2
2022,00-0037239,C.Olave,,0.0,72.0,72.0,0.0,1042.0,,0.0,4.0,4.0,0.0,80.00800323486328,80.00800323486328,1.111,7.232999801635742,1.0,0.0,1042.0,14.472,104200.0,400.0,WR,120.0,0.6,12000.0
2022,00-0030578,C.Patterson,ATL,144.0,21.0,165.0,695.0,122.0,,8.0,0.0,8.0,-0.25200000405311584,0.4259999990463257,0.17399999499320984,0.001,-2.88100004196167,3.0,1.0,817.0,4.952,15.1,23.5,RB,31.0,0.677,7.7
2022,00-0033282,C.Samuel,WAS,38.0,64.0,102.0,187.0,656.0,,1.0,4.0,5.0,-2.2829999923706055,53.481998443603516,51.19900131225586,0.502,1.2489999532699585,1.0,1.0,843.0,8.265,14.7,15.2,RB,93.0,0.688,17.4
2022,00-0034348,C.Sutton,DEN,1.0,64.0,65.0,5.0,829.0,,0.0,2.0,2.0,0.17100000381469727,66.66899871826172,66.83999633789062,1.028,11.133000373840332,1.0,0.0,834.0,12.831,14.6,7.1,WR,109.0,0.587,20.1
2022,00-0031381,D.Adams,LV,3.0,100.0,103.0,-1.0,1516.0,,0.0,14.0,14.0,-3.8299999237060547,129.57000732421875,125.73899841308594,1.221,26.003999710083008,2.0,0.0,1515.0,14.709,25.0,35.0,WR,181.0,0.552,32.3
2022,00-0033893,D.Cook,MIN,264.0,39.0,303.0,1173.0,295.0,,8.0,2.0,10.0,-48.55699920654297,15.194999694824219,-33.36199951171875,-0.11,-22.601999282836914,2.0,3.0,1468.0,4.845,23.1,21.3,RB,56.0,0.696,8.7
2022,00-0036425,D.Dallas,SEA,35.0,17.0,52.0,186.0,126.0,,0.0,0.0,0.0,3.0859999656677246,2.5320000648498535,5.618000030517578,0.108,3.5889999866485596,0.0,0.0,312.0,6.0,5.2,0.0,RB,19.0,0.895,3.4
2022,00-0033925,D.Foreman,CAR,204.0,5.0,209.0,914.0,26.0,,5.0,0.0,5.0,4.034999847412109,-0.164000004529953,3.871000051498413,0.019,2.0339999198913574,1.0,0.0,940.0,4.498,17.8,16.1,RB,9.0,0.556,2.1
2022,00-0034351,D.Goedert,,0.0,55.0,55.0,0.0,702.0,,0.0,3.0,3.0,0.0,52.08100128173828,52.08100128173828,0.947,11.041000366210938,0.0,0.0,702.0,12.764,70200.0,300.0,WR,69.0,0.797,6900.0
2022,00-0035657,D.Harris,NE,106.0,17.0,123.0,462.0,97.0,,3.0,0.0,3.0,-3.7160000801086426,1.4759999513626099,-2.240000009536743,-0.018,-4.206999778747559,0.0,0.0,559.0,4.545,10.0,10.0,RB,23.0,0.739,4.4
2022,00-0035664,D.Henderson,LA,70.0,17.0,87.0,283.0,102.0,,3.0,0.0,3.0,1.440999984741211,2.2980000972747803,3.739000082015991,0.043,0.0,0.0,0.0,385.0,4.425,7.6,10.0,RB,22.0,0.773,4.3
2022,00-0032764,D.Henry,TEN,349.0,33.0,382.0,1538.0,398.0,,13.0,0.0,13.0,-22.31100082397461,19.823999404907227,-2.486999988555908,-0.007,-8.460000038146973,3.0,2.0,1936.0,5.068,37.2,40.6,RB,41.0,0.805,9.4
2022,00-0030564,D.Hopkins,,0.0,64.0,64.0,0.0,717.0,,0.0,3.0,3.0,0.0,43.93000030517578,43.93000030517578,0.686,-0.3700000047683716,0.0,0.0,717.0,11.203,71700.0,300.0,WR,98.0,0.653,9800.0
2022,00-0036493,D.Jackson,IND,68.0,30.0,98.0,236.0,209.0,,1.0,1.0,2.0,-15.61299991607666,2.0390000343322754,-13.574000358581543,-0.139,-1.1009999513626099,1.0,1.0,445.0,4.541,8.0,8.0,RB,34.0,0.882,5.8
2022,00-0035216,D.Johnson,PIT,7.0,86.0,93.0,25.0,882.0,,0.0,0.0,0.0,0.42399999499320984,62.34700012207031,62.770999908447266,0.675,32.13199996948242,0.0,0.0,907.0,9.753,16.4,0.0,WR,149.0,0.577,27.0
2022,00-0035710,D.Jones,NYG,53.0,0.0,53.0,319.0,0.0,,5.0,0.0,5.0,17.527999877929688,0.0,17.527999877929688,0.331,7.468999862670898,3.0,1.0,319.0,6.019,5.8,13.9,RB,0.0,0.0,0.0
2022,00-0037238,D.London,,0.0,72.0,72.0,0.0,866.0,,0.0,4.0,4.0,0.0,59.150001525878906,59.150001525878906,0.822,24.445999145507812,0.0,0.0,866.0,12.028,86600.0,400.0,WR,118.0,0.61,11800.0
2022,00-0035640,D.Metcalf,,0.0,90.0,90.0,0.0,1048.0,,0.0,6.0,6.0,0.0,67.89600372314453,67.89600372314453,0.754,15.1899995803833,1.0,0.0,1048.0,11.644,104800.0,600.0,WR,142.0,0.634,14200.0
2022,00-0035685,D.Montgomery,CHI,201.0,34.0,235.0,801.0,316.0,,5.0,1.0,6.0,-15.312999725341797,13.361000061035156,-1.9520000219345093,-0.008,-2.805000066757202,2.0,1.0,1117.0,4.753,22.5,17.1,RB,40.0,0.85,11.0
2022,00-0034827,D.Moore,CAR,10.0,63.0,73.0,53.0,892.0,,0.0,7.0,7.0,1.8350000381469727,81.72899627685547,83.56400299072266,1.145,32.50299835205078,3.0,0.0,945.0,12.945,17.9,22.6,WR,118.0,0.534,27.6
2022,00-0033885,D.Njoku,CLE,2.0,58.0,60.0,-8.0,628.0,,0.0,4.0,4.0,-2.4830000400543213,49.22999954223633,46.74700164794922,0.779,16.481000900268555,2.0,0.0,620.0,10.333,10.5,11.1,WR,80.0,0.725,15.7
2022,00-0033854,D.Ogunbowale,HOU,43.0,20.0,63.0,123.0,104.0,,1.0,0.0,1.0,-7.218999862670898,1.819000005722046,-5.400000095367432,-0.086,-10.88700008392334,0.0,0.0,227.0,3.603,4.5,4.0,RB,26.0,0.769,4.6
2022,00-0036233,D.Peoples-Jones,CLE,1.0,61.0,62.0,2.0,839.0,,0.0,3.0,3.0,-0.38499999046325684,62.79600143432617,62.4119987487793,1.007,14.67300033569336,2.0,0.0,841.0,13.565,14.2,8.3,WR,96.0,0.635,18.9
2022,00-0037258,D.Pierce,HOU,220.0,30.0,250.0,939.0,165.0,,4.0,1.0,5.0,-27.940000534057617,2.3570001125335693,-25.583999633789062,-0.102,-10.704000473022461,1.0,2.0,1104.0,4.416,22.1,20.0,RB,39.0,0.769,6.9
2022,00-0035719,D.Samuel,SF,42.0,56.0,98.0,232.0,632.0,,3.0,2.0,5.0,-8.381999969482422,43.3120002746582,34.93000030517578,0.356,0.04600000008940697,1.0,2.0,864.0,8.816,13.6,10.2,RB,94.0,0.596,18.7
2022,00-0034383,D.Schultz,,0.0,57.0,57.0,0.0,577.0,,0.0,5.0,5.0,0.0,43.4739990234375,43.4739990234375,0.763,19.18899917602539,2.0,0.0,577.0,10.123,57700.0,500.0,WR,89.0,0.64,8900.0
2022,00-0035250,D.Singletary,BUF,177.0,38.0,215.0,819.0,280.0,,5.0,1.0,6.0,-16.777000427246094,16.27199935913086,-0.5049999952316284,-0.002,1.2970000505447388,1.0,3.0,1099.0,5.112,18.2,12.5,RB,52.0,0.731,9.4
2022,00-0036912,D.Smith,,0.0,95.0,95.0,0.0,1210.0,,0.0,7.0,7.0,0.0,97.9749984741211,97.9749984741211,1.031,45.02799987792969,3.0,0.0,1210.0,12.737,121000.0,700.0,WR,137.0,0.693,13700.0
2022,00-0036275,D.Swift,DET,100.0,48.0,148.0,542.0,375.0,,5.0,3.0,8.0,6.568999767303467,21.857999801635742,28.427000045776367,0.192,7.586999893188477,2.0,0.0,917.0,6.196,14.0,15.4,RB,70.0,0.686,12.4
2022,00-0036383,E.Benjamin,ARI,78.0,25.0,103.0,313.0,193.0,,2.0,0.0,2.0,-0.8730000257492065,8.859000205993652,7.986999988555908,0.078,-3.372999906539917,0.0,0.0,506.0,4.913,9.1,6.7,RB,34.0,0.735,5.3
2022,00-0033045,E.Elliott,DAL,231.0,17.0,248.0,876.0,92.0,,12.0,0.0,12.0,-11.699999809265137,2.3980000019073486,-9.302000045776367,-0.038,-9.48900032043457,4.0,0.0,968.0,3.903,15.8,23.1,RB,23.0,0.739,4.2
2022,00-0033881,E.Engram,JAX,2.0,73.0,75.0,13.0,766.0,,0.0,4.0,4.0,0.47200000286102295,58.19599914550781,58.667999267578125,0.782,32.16400146484375,2.0,0.0,779.0,10.387,12.9,9.8,WR,101.0,0.723,17.4
2022,00-0035500,G.Dortch,ARI,7.0,52.0,59.0,44.0,467.0,,0.0,2.0,2.0,1.968000054359436,23.687999725341797,25.6560001373291,0.435,4.460000038146973,0.0,0.0,511.0,8.661,9.2,6.7,TE,64.0,0.812,10.0
2022,00-0034184,G.Edwards,BAL,87.0,0.0,87.0,433.0,0.0,,3.0,0.0,3.0,-0.029999999329447746,0.0,-0.029999999329447746,-0.0,1.1629999876022339,0.0,1.0,433.0,4.977,7.7,9.1,RB,2.0,0.0,0.4
2022,00-0033895,G.Everett,LAC,1.0,58.0,59.0,0.0,555.0,,0.0,4.0,4.0,-0.5669999718666077,40.78300094604492,40.215999603271484,0.682,7.395999908447266,2.0,0.0,555.0,9.407,9.0,9.8,TE,88.0,0.659,12.8
2022,00-0033288,G.Kittle,,0.0,60.0,60.0,0.0,765.0,,0.0,11.0,11.0,0.0,68.94200134277344,68.94200134277344,1.149,31.933000564575195,7.0,0.0,765.0,12.75,76500.0,1100.0,WR,86.0,0.698,8600.0
2022,00-0037247,G.Pickens,PIT,3.0,52.0,55.0,24.0,801.0,,1.0,4.0,5.0,2.0840001106262207,70.55000305175781,72.63400268554688,1.321,27.57900047302246,2.0,0.0,825.0,15.0,14.9,18.5,WR,85.0,0.612,15.4
2022,00-0037740,G.Wilson,NYJ,4.0,83.0,87.0,4.0,1103.0,,0.0,4.0,4.0,-2.2660000324249268,89.55999755859375,87.29399871826172,1.003,24.520000457763672,0.0,0.0,1107.0,12.724,19.8,14.8,WR,147.0,0.565,25.0
2022,00-0034830,H.Hurst,,0.0,52.0,52.0,0.0,414.0,,0.0,2.0,2.0,0.0,35.5260009765625,35.5260009765625,0.683,1.7580000162124634,0.0,0.0,414.0,7.962,41400.0,200.0,TE,68.0,0.765,6800.0
2022,00-0033466,I.McKenzie,BUF,10.0,42.0,52.0,55.0,423.0,,1.0,4.0,5.0,1.9040000438690186,41.39400100708008,43.29800033569336,0.833,6.836999893188477,0.0,0.0,478.0,9.192,7.9,10.4,WR,65.0,0.646,11.8
2022,00-0037197,I.Pacheco,KC,170.0,13.0,183.0,830.0,130.0,,5.0,0.0,5.0,-3.8380000591278076,6.077000141143799,2.239000082015991,0.012,8.119000434875488,2.0,2.0,960.0,5.246,13.9,9.1,RB,14.0,0.929,2.3
2022,00-0034857,J.Allen,BUF,57.0,0.0,57.0,281.0,0.0,,5.0,0.0,5.0,5.354000091552734,0.0,5.354000091552734,0.094,0.7799999713897705,1.0,2.0,281.0,4.93,4.6,10.4,RB,0.0,0.0,0.0
2022,00-0036900,J.Chase,CIN,5.0,87.0,92.0,8.0,1046.0,,0.0,9.0,9.0,-6.021999835968018,91.552001953125,85.52999877929688,0.93,24.940000534057617,3.0,0.0,1054.0,11.457,18.0,18.8,WR,134.0,0.649,22.4
2022,00-0033553,J.Conner,ARI,183.0,46.0,229.0,782.0,300.0,,7.0,1.0,8.0,-2.4749999046325684,8.675999641418457,6.201000213623047,0.027,5.627999782562256,3.0,1.0,1082.0,4.725,19.4,26.7,RB,58.0,0.793,9.0
2022,00-0037248,J.Cook,BUF,89.0,21.0,110.0,507.0,180.0,,2.0,1.0,3.0,6.500999927520752,14.656000137329102,21.156999588012695,0.192,8.979999542236328,2.0,1.0,687.0,6.245,11.4,6.2,RB,32.0,0.656,5.8
2022,00-0036158,J.Dobbins,BAL,92.0,7.0,99.0,520.0,42.0,,2.0,1.0,3.0,9.095000267028809,1.5770000219345093,10.67300033569336,0.108,12.946999549865723,1.0,0.0,562.0,5.677,10.0,9.1,RB,8.0,0.875,1.7
2022,00-0036945,J.Fields,CHI,85.0,0.0,85.0,510.0,0.0,,6.0,0.0,6.0,20.80900001525879,0.0,20.80900001525879,0.245,-2.3440001010894775,0.0,0.0,510.0,6.0,10.3,17.1,RB,0.0,0.0,0.0
2022,00-0035806,J.Hasty,JAX,46.0,20.0,66.0,194.0,126.0,,2.0,1.0,3.0,-7.001999855041504,8.947999954223633,1.9459999799728394,0.029,-1.805999994277954,1.0,0.0,320.0,4.848,5.3,7.3,RB,26.0,0.769,4.5
2022,00-0034975,J.Hill,BAL,49.0,12.0,61.0,262.0,58.0,,0.0,0.0,0.0,-3.186000108718872,2.0799999237060547,-1.1059999465942383,-0.018,1.0889999866485596,0.0,1.0,320.0,5.246,5.7,0.0,RB,12.0,1.0,2.6
2022,00-0036389,J.Hurts,PHI,103.0,0.0,103.0,460.0,0.0,,11.0,0.0,11.0,39.25400161743164,0.0,39.25400161743164,0.381,13.451000213623047,4.0,0.0,460.0,4.466,7.0,20.0,RB,0.0,0.0,0.0
2022,00-0034440,J.Jackson,DET,43.0,12.0,55.0,170.0,101.0,,1.0,1.0,2.0,-10.845999717712402,8.12600040435791,-2.7209999561309814,-0.049,-1.1619999408721924,1.0,0.0,271.0,4.927,4.1,3.8,RB,19.0,0.632,3.4
2022,00-0035700,J.Jacobs,LV,341.0,53.0,394.0,1653.0,400.0,,12.0,0.0,12.0,-1.680999994277954,9.6899995803833,8.008999824523926,0.02,-10.73799991607666,2.0,0.0,2053.0,5.211,33.8,30.0,RB,64.0,0.828,11.4
2022,00-0036322,J.Jefferson,MIN,3.0,128.0,131.0,16.0,1809.0,,1.0,8.0,9.0,1.8020000457763672,147.14599609375,148.947998046875,1.137,39.891998291015625,2.0,0.0,1825.0,13.931,28.7,19.1,WR,185.0,0.692,28.7
2022,00-0036407,J.Jeudy,DEN,4.0,67.0,71.0,40.0,972.0,,0.0,6.0,6.0,1.5019999742507935,79.66400146484375,81.16600036621094,1.143,42.02899932861328,3.0,0.0,1012.0,14.254,17.7,21.4,WR,100.0,0.67,18.5
2022,00-0036370,J.Kelley,LAC,69.0,14.0,83.0,287.0,101.0,,2.0,0.0,2.0,2.5190000534057617,3.878999948501587,6.3979997634887695,0.077,-1.1440000534057617,1.0,0.0,388.0,4.675,6.3,4.9,RB,25.0,0.56,3.6
2022,00-0031376,J.McKinnon,KC,72.0,56.0,128.0,291.0,512.0,,1.0,9.0,10.0,-9.96399974822998,39.082000732421875,29.118999481201172,0.227,21.125999450683594,8.0,0.0,803.0,6.273,11.7,18.2,RB,72.0,0.778,11.7
2022,00-0034960,J.Meyers,NE,2.0,67.0,69.0,9.0,804.0,,0.0,6.0,6.0,1.0390000343322754,65.34500122070312,66.38400268554688,0.962,18.29800033569336,3.0,0.0,813.0,11.783,14.6,20.0,WR,98.0,0.684,18.8
2022,00-0033897,J.Mixon,CIN,210.0,60.0,270.0,814.0,441.0,,7.0,2.0,9.0,-11.595000267028809,20.86400032043457,9.269000053405762,0.034,-0.43799999356269836,1.0,0.0,1255.0,4.648,21.4,18.8,RB,75.0,0.8,12.5
2022,00-0036988,J.Palmer,LAC,1.0,72.0,73.0,4.0,769.0,,0.0,3.0,3.0,0.7269999980926514,60.77799987792969,61.505001068115234,0.843,9.572999954223633,0.0,0.0,773.0,10.589,12.5,7.3,WR,108.0,0.667,15.7
2022,00-0035831,J.Robinson,JAX,110.0,11.0,121.0,425.0,51.0,,3.0,2.0,5.0,-14.689000129699707,3.1579999923706055,-11.531000137329102,-0.095,0.0,0.0,0.0,476.0,3.934,7.9,12.2,RB,14.0,0.786,2.4
2022,00-0033857,J.Smith-Schuster,,0.0,78.0,78.0,0.0,933.0,,0.0,3.0,3.0,0.0,75.02899932861328,75.02899932861328,0.962,12.744000434875488,1.0,0.0,933.0,11.962,93300.0,300.0,WR,102.0,0.765,10200.0
2022,00-0036223,J.Taylor,IND,192.0,28.0,220.0,861.0,143.0,,4.0,0.0,4.0,-28.655000686645508,0.4970000088214874,-28.158000946044922,-0.128,1.6759999990463257,0.0,3.0,1004.0,4.564,18.0,16.0,RB,42.0,0.667,7.2
2022,00-0036613,J.Waddle,MIA,3.0,75.0,78.0,26.0,1356.0,,0.0,8.0,8.0,1.9739999771118164,111.75399780273438,113.72799682617188,1.458,30.1560001373291,2.0,0.0,1382.0,17.718,21.8,19.0,WR,118.0,0.636,20.9
2022,00-0037228,J.Warren,PIT,77.0,28.0,105.0,379.0,214.0,,1.0,0.0,1.0,8.390000343322754,15.071999549865723,23.461999893188477,0.223,10.692000389099121,1.0,0.0,593.0,5.648,10.7,3.7,RB,33.0,0.848,6.0
2022,00-0036997,J.Williams,DEN,47.0,16.0,63.0,204.0,76.0,,0.0,0.0,0.0,-6.310999870300293,-0.20800000429153442,-6.519999980926514,-0.103,0.0,0.0,1.0,280.0,4.444,4.9,0.0,RB,23.0,0.696,4.2
2022,00-0034115,J.Wilson,SF,175.0,22.0,197.0,859.0,185.0,,5.0,1.0,6.0,7.614999771118164,6.538000106811523,14.152999877929688,0.072,7.309000015258789,1.0,1.0,1044.0,5.299,16.4,12.2,RB,37.0,0.595,7.3
2022,00-0033948,Ja.Williams,DET,263.0,12.0,275.0,1066.0,73.0,,17.0,0.0,17.0,-24.974000930786133,0.7770000100135803,-24.19700050354004,-0.088,-10.96399974822998,3.0,2.0,1139.0,4.142,17.4,32.7,RB,16.0,0.75,2.8
2022,00-0030279,K.Allen,LAC,1.0,66.0,67.0,8.0,752.0,,0.0,4.0,4.0,0.5879999995231628,54.922000885009766,55.5099983215332,0.829,32.63399887084961,2.0,0.0,760.0,11.343,12.3,9.8,WR,89.0,0.742,12.9
2022,00-0033118,K.Drake,BAL,109.0,17.0,126.0,482.0,89.0,,4.0,1.0,5.0,-12.5,3.634000062942505,-8.866000175476074,-0.07,-3.244999885559082,1.0,0.0,571.0,4.532,10.1,15.2,RB,26.0,0.654,5.6
2022,00-0036919,K.Gainwell,PHI,53.0,23.0,76.0,240.0,169.0,,4.0,0.0,4.0,7.876999855041504,2.694999933242798,10.571000099182129,0.139,3.1630001068115234,0.0,0.0,409.0,5.382,6.2,7.3,RB,29.0,0.793,5.7
2022,00-0036906,K.Herbert,CHI,129.0,9.0,138.0,731.0,57.0,,4.0,1.0,5.0,1.1720000505447388,1.309999942779541,2.4820001125335693,0.018,-5.980000019073486,0.0,0.0,788.0,5.71,15.9,14.3,RB,12.0,0.75,3.3
2022,00-0033923,K.Hunt,CLE,123.0,35.0,158.0,468.0,210.0,,3.0,1.0,4.0,-11.557999610900879,2.9660000801086426,-8.592000007629395,-0.054,-12.454999923706055,0.0,0.0,678.0,4.291,11.5,11.1,RB,44.0,0.795,8.7
2022,00-0036345,K.Osborn,MIN,3.0,60.0,63.0,6.0,650.0,,0.0,5.0,5.0,3.177999973297119,59.04899978637695,62.22700119018555,0.988,36.367000579833984,3.0,0.0,656.0,10.413,10.3,10.6,WR,90.0,0.667,14.0
2022,00-0032464,K.Raymond,DET,7.0,47.0,54.0,36.0,616.0,,0.0,0.0,0.0,2.2990000247955322,36.72600173950195,39.025001525878906,0.723,18.163000106811523,0.0,0.0,652.0,12.074,10.0,0.0,WR,64.0,0.734,11.3
2022,00-0038134,K.Walker,SEA,228.0,27.0,255.0,1050.0,165.0,,9.0,0.0,9.0,-14.810999870300293,1.9190000295639038,-12.892000198364258,-0.051,-9.87600040435791,0.0,0.0,1215.0,4.765,20.1,21.4,RB,35.0,0.771,6.3
2022,00-0033856,L.Fournette,TB,189.0,73.0,262.0,668.0,523.0,,3.0,3.0,6.0,-37.125,20.906999588012695,-16.216999053955078,-0.062,1.0440000295639038,0.0,0.0,1191.0,4.546,19.7,19.4,RB,83.0,0.88,11.4
2022,00-0034796,L.Jackson,BAL,73.0,0.0,73.0,571.0,0.0,,3.0,0.0,3.0,28.81999969482422,0.0,28.81999969482422,0.395,0.0,0.0,1.0,571.0,7.822,10.1,9.1,RB,0.0,0.0,0.0
2022,00-0030513,L.Murray,DEN,172.0,27.0,199.0,760.0,132.0,,6.0,0.0,6.0,-4.875,-4.558000087738037,-9.434000015258789,-0.047,2.9000000953674316,2.0,0.0,892.0,4.482,15.6,21.4,RB,35.0,0.771,6.5
2022,00-0034753,M.Andrews,BAL,3.0,73.0,76.0,8.0,847.0,,0.0,5.0,5.0,3.9230000972747803,70.5199966430664,74.44200134277344,0.98,14.557999610900879,0.0,0.0,855.0,11.25,15.1,15.2,WR,114.0,0.64,24.5
2022,00-0033308,M.Breida,NYG,54.0,20.0,74.0,220.0,118.0,,1.0,0.0,1.0,0.5889999866485596,3.061000108718872,3.6500000953674316,0.049,-2.4000000953674316,0.0,0.0,338.0,4.568,6.2,2.8,RB,25.0,0.8,5.1
2022,00-0035662,M.Brown,ARI,1.0,67.0,68.0,1.0,709.0,,0.0,3.0,3.0,-0.2280000001192093,57.67900085449219,57.45100021362305,0.845,11.881999969482422,0.0,0.0,710.0,10.441,12.8,10.0,WR,107.0,0.626,16.7
2022,00-0031408,M.Evans,,0.0,77.0,77.0,0.0,1124.0,,0.0,6.0,6.0,0.0,96.33499908447266,96.33499908447266,1.251,33.527000427246094,3.0,0.0,1124.0,14.597,112400.0,600.0,WR,128.0,0.602,12800.0
2022,00-0032144,M.Gordon,DEN,90.0,25.0,115.0,318.0,223.0,,2.0,0.0,2.0,-29.614999771118164,6.539000034332275,-23.076000213623047,-0.201,0.0,0.0,2.0,541.0,4.704,9.4,7.1,RB,32.0,0.781,5.9
2022,00-0033555,M.Hollins,LV,4.0,57.0,61.0,40.0,690.0,,0.0,4.0,4.0,2.1589999198913574,73.11000061035156,75.26899719238281,1.234,16.259000778198242,1.0,0.0,730.0,11.967,12.0,10.0,WR,94.0,0.606,16.8
2022,00-0027966,M.Ingram,NO,64.0,16.0,80.0,233.0,68.0,,1.0,0.0,1.0,-10.923999786376953,-7.065999984741211,-17.989999771118164,-0.225,0.0,0.0,1.0,301.0,3.762,5.1,2.8,RB,18.0,0.889,3.6
2022,00-0036252,M.Pittman,IND,3.0,99.0,102.0,30.0,925.0,,0.0,4.0,4.0,1.5099999904632568,68.62200164794922,70.13099670410156,0.688,14.069999694824219,2.0,0.0,955.0,9.363,17.1,16.0,TE,142.0,0.697,24.4
2022,00-0035243,M.Sanders,PHI,260.0,20.0,280.0,1269.0,78.0,,11.0,0.0,11.0,12.699000358581543,-8.029999732971191,4.669000148773193,0.017,-8.706999778747559,2.0,1.0,1347.0,4.811,20.5,20.0,RB,26.0,0.769,5.1
2022,00-0033536,M.Williams,,0.0,63.0,63.0,0.0,895.0,,0.0,4.0,4.0,0.0,69.96099853515625,69.96099853515625,1.11,30.417999267578125,1.0,0.0,895.0,14.206,89500.0,400.0,WR,93.0,0.677,9300.0
2022,00-0036924,Mi.Carter,NYJ,114.0,41.0,155.0,402.0,288.0,,3.0,0.0,3.0,-21.69099998474121,7.455999851226807,-14.234999656677246,-0.092,-9.369999885559082,0.0,1.0,690.0,4.452,12.3,11.1,RB,54.0,0.759,9.2
2022,00-0034791,N.Chubb,CLE,303.0,27.0,330.0,1525.0,239.0,,12.0,1.0,13.0,14.277999877929688,14.079000473022461,28.35700035095215,0.086,8.42199993133545,1.0,1.0,1764.0,5.345,29.8,36.1,RB,37.0,0.73,7.3
2022,00-0035644,N.Fant,,0.0,50.0,50.0,0.0,486.0,,0.0,4.0,4.0,0.0,27.756000518798828,27.756000518798828,0.555,6.396999835968018,2.0,0.0,486.0,9.72,48600.0,400.0,TE,63.0,0.794,6300.0
2022,00-0036893,N.Harris,PIT,272.0,41.0,313.0,1034.0,233.0,,7.0,3.0,10.0,-28.652000427246094,11.175000190734863,-17.476999282836914,-0.056,-2.8499999046325684,4.0,1.0,1267.0,4.048,22.9,37.0,RB,53.0,0.774,9.6
2022,00-0034367,N.Hines,IND,24.0,30.0,54.0,33.0,241.0,,1.0,1.0,2.0,-13.29800033569336,16.643999099731445,3.3459999561309814,0.062,3.3529999256134033,1.0,0.0,274.0,5.074,4.9,8.0,RB,37.0,0.811,6.3
2022,00-0035639,P.Campbell,IND,5.0,63.0,68.0,58.0,623.0,,0.0,3.0,3.0,2.2929999828338623,44.94300079345703,47.236000061035156,0.695,6.723999977111816,0.0,0.0,681.0,10.015,12.2,12.0,TE,92.0,0.685,15.8
2022,00-0036894,P.Freiermuth,,0.0,63.0,63.0,0.0,732.0,,0.0,2.0,2.0,0.0,52.10599899291992,52.10599899291992,0.827,10.619000434875488,1.0,0.0,732.0,11.619,73200.0,200.0,WR,98.0,0.643,9800.0
2022,00-0030288,R.Burkhead,HOU,26.0,37.0,63.0,80.0,204.0,,0.0,1.0,1.0,-6.809999942779541,-3.6070001125335693,-10.416000366210938,-0.165,-8.479999542236328,0.0,0.0,284.0,4.508,5.7,4.0,RB,51.0,0.725,9.1
2022,00-0034411,R.Gage,,0.0,51.0,51.0,0.0,426.0,,0.0,5.0,5.0,0.0,35.79199981689453,35.79199981689453,0.702,26.746000289916992,4.0,0.0,426.0,8.353,42600.0,500.0,TE,72.0,0.708,7200.0
2022,00-0034286,R.James,NYG,2.0,57.0,59.0,6.0,569.0,,0.0,4.0,4.0,-0.5529999732971191,43.29800033569336,42.74399948120117,0.724,23.554000854492188,2.0,0.0,575.0,9.746,10.5,11.1,TE,70.0,0.814,14.2
2022,00-0031687,R.Mostert,MIA,181.0,31.0,212.0,891.0,202.0,,3.0,2.0,5.0,-0.9879999756813049,12.729999542236328,11.741999626159668,0.055,8.034000396728516,1.0,1.0,1093.0,5.156,17.3,11.9,RB,42.0,0.738,7.4
2022,00-0034750,R.Penny,SEA,57.0,4.0,61.0,346.0,16.0,,2.0,0.0,2.0,13.144000053405762,1.6390000581741333,14.784000396728516,0.242,0.0,0.0,0.0,362.0,5.934,6.0,4.8,RB,5.0,0.8,0.9
2022,00-0036875,R.Stevenson,NE,210.0,69.0,279.0,1040.0,421.0,,5.0,1.0,6.0,-9.571000099182129,7.515999794006348,-2.055000066757202,-0.007,-11.791999816894531,1.0,2.0,1461.0,5.237,26.2,20.0,RB,90.0,0.767,17.2
2022,00-0033757,R.Tonyan,,0.0,53.0,53.0,0.0,470.0,,0.0,2.0,2.0,0.0,26.266000747680664,26.266000747680664,0.496,8.602999687194824,1.0,0.0,470.0,8.868,47000.0,200.0,TE,67.0,0.791,6700.0
2022,00-0037256,R.White,TB,130.0,50.0,180.0,481.0,280.0,,1.0,2.0,3.0,-17.957000732421875,13.267000198364258,-4.690000057220459,-0.026,-7.533999919891357,1.0,1.0,761.0,4.228,12.6,9.7,RB,58.0,0.862,7.9
2022,00-0030431,R.Woods,,0.0,53.0,53.0,0.0,527.0,,0.0,2.0,2.0,0.0,48.95500183105469,48.95500183105469,0.924,17.89699935913086,1.0,0.0,527.0,9.943,52700.0,200.0,TE,91.0,0.582,9100.0
2022,00-0034844,S.Barkley,NYG,295.0,57.0,352.0,1312.0,338.0,,10.0,0.0,10.0,-15.51099967956543,7.50600004196167,-8.005000114440918,-0.023,10.890999794006348,2.0,0.0,1650.0,4.688,30.1,27.8,RB,77.0,0.74,15.6
2022,00-0031588,S.Diggs,BUF,1.0,108.0,109.0,-3.0,1429.0,,0.0,11.0,11.0,-1.2920000553131104,117.63300323486328,116.33999633789062,1.067,17.884000778198242,1.0,0.0,1426.0,13.083,23.6,22.9,WR,154.0,0.701,27.9
2022,00-0033526,S.Perine,CIN,96.0,38.0,134.0,394.0,287.0,,2.0,4.0,6.0,-3.9260001182556152,16.63599967956543,12.710000038146973,0.095,-4.360000133514404,1.0,0.0,681.0,5.082,11.6,12.5,RB,51.0,0.745,8.5
2022,00-0036963,St. Brown,DET,9.0,106.0,115.0,95.0,1161.0,,0.0,6.0,6.0,4.85699987411499,104.21499633789062,109.0719985961914,0.948,27.70800018310547,0.0,0.0,1256.0,10.922,19.2,11.5,WR,146.0,0.726,25.9
2022,00-0037263,T.Allgeier,ATL,211.0,16.0,227.0,1035.0,139.0,,3.0,1.0,4.0,11.343000411987305,7.9730000495910645,19.315000534057617,0.085,16.180999755859375,2.0,0.0,1174.0,5.172,21.8,11.8,RB,17.0,0.941,4.2
2022,00-0033009,T.Boyd,,0.0,58.0,58.0,0.0,762.0,,0.0,5.0,5.0,0.0,68.77300262451172,68.77300262451172,1.186,10.720000267028809,1.0,0.0,762.0,13.138,76200.0,500.0,WR,85.0,0.682,8500.0
2022,00-0034270,T.Conklin,NYJ,2.0,58.0,60.0,3.0,552.0,,0.0,3.0,3.0,1.2569999694824219,40.8390007019043,42.09600067138672,0.702,9.727999687194824,0.0,0.0,555.0,9.25,9.9,11.1,TE,87.0,0.667,14.8
2022,00-0036973,T.Etienne,JAX,221.0,35.0,256.0,1125.0,314.0,,5.0,0.0,5.0,-8.694000244140625,11.145999908447266,2.453000068664551,0.01,-3.1429998874664307,1.0,3.0,1439.0,5.621,23.7,12.2,RB,45.0,0.778,7.8
2022,00-0033110,T.Higbee,,0.0,72.0,72.0,0.0,620.0,,0.0,3.0,3.0,0.0,44.16299819946289,44.16299819946289,0.613,15.651000022888184,3.0,0.0,620.0,8.611,62000.0,300.0,TE,108.0,0.667,10800.0
2022,00-0036410,T.Higgins,,0.0,74.0,74.0,0.0,1029.0,,0.0,7.0,7.0,0.0,88.68699645996094,88.68699645996094,1.198,14.826000213623047,2.0,0.0,1029.0,13.905,102900.0,700.0,WR,110.0,0.673,11000.0
2022,00-0033040,T.Hill,MIA,7.0,119.0,126.0,32.0,1710.0,,1.0,7.0,8.0,2.0269999504089355,128.04299926757812,130.07000732421875,1.032,28.28700065612793,3.0,0.0,1742.0,13.825,27.5,19.0,WR,170.0,0.7,30.1
2022,00-0033357,T.Hill,NO,96.0,9.0,105.0,575.0,77.0,,7.0,2.0,9.0,18.03700065612793,6.2270002365112305,24.263999938964844,0.231,0.09600000083446503,2.0,0.0,652.0,6.21,11.1,25.0,RB,13.0,0.692,2.6
2022,00-0035229,T.Hockenson,,0.0,86.0,86.0,0.0,904.0,,0.0,6.0,6.0,0.0,65.65399932861328,65.65399932861328,0.763,18.89699935913086,2.0,0.0,904.0,10.512,90400.0,600.0,WR,131.0,0.656,13100.0
2022,00-0030506,T.Kelce,KC,2.0,110.0,112.0,5.0,1338.0,,0.0,12.0,12.0,0.48899999260902405,112.10199737548828,112.58999633789062,1.005,24.295000076293945,0.0,0.0,1343.0,11.991,19.5,21.8,WR,153.0,0.719,24.8
2022,00-0032211,T.Lockett,,0.0,84.0,84.0,0.0,1033.0,,0.0,9.0,9.0,0.0,86.86900329589844,86.86900329589844,1.034,16.488000869750977,2.0,0.0,1033.0,12.298,103300.0,900.0,WR,117.0,0.718,11700.0
2022,00-0035659,T.McLaurin,WAS,7.0,77.0,84.0,29.0,1191.0,,0.0,5.0,5.0,1.2879999876022339,96.79299926757812,98.08000183105469,1.168,21.05299949645996,2.0,0.0,1220.0,14.524,21.2,15.2,WR,120.0,0.642,22.4
2022,00-0035261,T.Pollard,DAL,193.0,39.0,232.0,1007.0,371.0,,9.0,3.0,12.0,4.520999908447266,22.451000213623047,26.972000122070312,0.116,1.930999994277954,2.0,0.0,1378.0,5.94,22.4,23.1,RB,55.0,0.709,10.1
2022,00-0033891,Z.Jones,JAX,4.0,82.0,86.0,18.0,834.0,,0.0,5.0,5.0,0.5189999938011169,79.01599884033203,79.53399658203125,0.925,21.267000198364258,4.0,0.0,852.0,9.907,14.1,12.2,WR,122.0,0.672,21.0
2022,00-0037157,Z.Knight,NYJ,85.0,13.0,98.0,300.0,100.0,,1.0,0.0,1.0,-13.835000038146973,4.709000110626221,-9.12600040435791,-0.093,-13.225000381469727,1.0,0.0,400.0,4.082,7.1,3.7,RB,14.0,0.929,2.4
2022,00-0036251,Z.Moss,IND,93.0,11.0,104.0,456.0,39.0,,1.0,0.0,1.0,-10.21399974822998,-1.5859999656677246,-11.800000190734863,-0.113,-4.2729997634887695,1.0,1.0,495.0,4.76,8.9,4.0,RB,13.0,0.846,2.2
2023,00-0035676,A.Brown,,0.0,106.0,106.0,0.0,1456.0,,0.0,7.0,7.0,0.0,113.177001953125,113.177001953125,1.068,13.807000160217285,0.0,0.0,1456.0,13.736,145600.0,700.0,WR,158.0,0.671,15800.0
2023,00-0031544,A.Cooper,,0.0,72.0,72.0,0.0,1250.0,,0.0,5.0,5.0,0.0,108.197998046875,108.197998046875,1.503,37.5880012512207,3.0,0.0,1250.0,17.361,125000.0,500.0,WR,130.0,0.554,13000.0
2023,00-0036265,A.Dillon,GB,178.0,22.0,200.0,613.0,223.0,,2.0,0.0,2.0,-23.496000289916992,10.35200023651123,-13.145000457763672,-0.066,-3.5380001068115234,1.0,0.0,836.0,4.18,14.1,4.8,RB,28.0,0.786,5.0
2023,00-0033699,A.Ekeler,LAC,179.0,51.0,230.0,628.0,424.0,,5.0,1.0,6.0,-41.12300109863281,12.961000442504883,-28.16200065612793,-0.122,-13.095000267028809,1.0,2.0,1052.0,4.574,18.6,17.6,RB,74.0,0.689,12.0
2023,00-0036328,A.Gibson,WAS,64.0,48.0,112.0,262.0,389.0,,1.0,2.0,3.0,-6.34499979019165,11.246999740600586,4.9019999504089355,0.044,2.062000036239624,1.0,1.0,651.0,5.812,11.8,8.6,RB,59.0,0.814,9.8
2023,00-0033293,A.Jones,GB,142.0,30.0,172.0,656.0,233.0,,2.0,1.0,3.0,2.382999897003174,19.06100082397461,21.444000244140625,0.125,11.387999534606934,0.0,1.0,889.0,5.169,15.0,7.1,RB,43.0,0.698,7.6
2023,00-0033906,A.Kamara,NO,182.0,75.0,257.0,694.0,466.0,,5.0,1.0,6.0,-1.0390000343322754,13.204000473022461,12.164999961853027,0.047,-6.886000156402588,1.0,0.0,1160.0,4.514,19.6,14.6,RB,87.0,0.862,15.0
2023,00-0034972,A.Mattison,MIN,180.0,30.0,210.0,700.0,192.0,,0.0,3.0,3.0,-31.740999221801758,7.385000228881836,-24.356000900268555,-0.116,-1.371999979019165,0.0,2.0,892.0,4.248,14.7,8.8,RB,44.0,0.682,7.2
2023,00-0030035,A.Thielen,CAR,1.0,103.0,104.0,6.0,1014.0,,0.0,4.0,4.0,0.23600000143051147,89.3239974975586,89.56099700927734,0.861,20.107999801635742,0.0,0.0,1020.0,9.808,21.5,20.0,TE,138.0,0.746,25.8
2023,00-0036261,B.Aiyuk,,0.0,75.0,75.0,0.0,1342.0,,0.0,7.0,7.0,0.0,114.37699890136719,114.37699890136719,1.525,31.86199951171875,1.0,0.0,1342.0,17.893,134200.0,700.0,WR,105.0,0.714,10500.0
2023,00-0031236,B.Cooks,DAL,5.0,54.0,59.0,35.0,657.0,,0.0,8.0,8.0,1.7100000381469727,70.0770034790039,71.78600311279297,1.217,19.60700035095215,3.0,0.0,692.0,11.729,10.8,16.3,WR,82.0,0.659,13.5
2023,00-0037746,B.Robinson,WAS,179.0,36.0,215.0,733.0,368.0,,5.0,4.0,9.0,-21.136999130249023,24.10700035095215,2.9709999561309814,0.014,-0.9300000071525574,1.0,2.0,1101.0,5.121,20.0,25.7,RB,43.0,0.837,7.1
2023,00-0038542,B.Robinson,ATL,214.0,58.0,272.0,976.0,487.0,,4.0,4.0,8.0,-26.70599937438965,28.195999145507812,1.4900000095367432,0.005,-2.180000066757202,2.0,3.0,1463.0,5.379,25.7,26.7,RB,86.0,0.674,16.8
2023,00-0038120,Bre.Hall,NYJ,224.0,76.0,300.0,994.0,591.0,,5.0,4.0,9.0,-20.707000732421875,24.23699951171875,3.5309998989105225,0.012,3.4110000133514404,5.0,0.0,1585.0,5.283,33.2,50.0,RB,95.0,0.8,16.8
2023,00-0036414,C.Akers,MIN,60.0,11.0,71.0,167.0,70.0,,2.0,0.0,2.0,-4.788000106811523,1.718000054359436,-3.069999933242798,-0.043,0.0,0.0,0.0,237.0,3.338,3.9,5.9,RB,12.0,0.917,2.0
2023,00-0038597,C.Brown,CIN,44.0,14.0,58.0,179.0,156.0,,0.0,1.0,1.0,-9.01099967956543,7.186999797821045,-1.8240000009536743,-0.031,0.4059999883174896,1.0,0.0,335.0,5.776,6.0,2.6,RB,15.0,0.933,2.5
2023,00-0034681,C.Edmonds,TB,49.0,14.0,63.0,176.0,81.0,,0.0,0.0,0.0,-6.40500020980835,2.930000066757202,-3.4749999046325684,-0.055,2.3429999351501465,0.0,0.0,257.0,4.079,4.8,0.0,RB,17.0,0.824,3.1
2023,00-0036360,C.Edwards-Helaire,KC,70.0,17.0,87.0,223.0,188.0,,1.0,1.0,2.0,-14.842000007629395,13.553999900817871,-1.2879999876022339,-0.015,0.8500000238418579,1.0,0.0,411.0,4.724,7.2,5.4,RB,22.0,0.773,3.7
2023,00-0033921,C.Godwin,TB,4.0,83.0,87.0,38.0,1024.0,,1.0,2.0,3.0,3.315000057220459,94.4260025024414,97.74199676513672,1.123,39.974998474121094,1.0,0.0,1062.0,12.207,19.7,8.3,WR,131.0,0.634,23.7
2023,00-0036555,C.Hubbard,CAR,238.0,39.0,277.0,902.0,233.0,,5.0,0.0,5.0,-21.516000747680664,0.11999999731779099,-21.395999908447266,-0.077,-13.057999610900879,1.0,0.0,1135.0,4.097,23.9,25.0,RB,44.0,0.886,8.2
2023,00-0034775,C.Kirk,JAX,1.0,57.0,58.0,6.0,787.0,,0.0,3.0,3.0,-0.5950000286102295,51.803001403808594,51.20800018310547,0.883,0.0,0.0,0.0,793.0,13.672,14.0,7.9,WR,85.0,0.671,13.9
2023,00-0036290,C.Kmet,CHI,3.0,73.0,76.0,2.0,719.0,,0.0,6.0,6.0,0.8040000200271606,50.70199966430664,51.50600051879883,0.678,15.899999618530273,1.0,0.0,721.0,9.487,13.4,18.8,TE,90.0,0.811,18.8
2023,00-0033908,C.Kupp,LA,1.0,59.0,60.0,-3.0,737.0,,0.0,5.0,5.0,-0.9449999928474426,62.694000244140625,61.749000549316406,1.029,25.731000900268555,3.0,0.0,734.0,12.233,11.7,11.4,WR,97.0,0.608,17.4
2023,00-0036358,C.Lamb,DAL,14.0,135.0,149.0,113.0,1749.0,,2.0,12.0,14.0,8.387999534606934,146.31199645996094,154.7010040283203,1.038,51.104000091552734,6.0,0.0,1862.0,12.497,29.0,28.6,WR,182.0,0.742,29.9
2023,00-0033280,C.McCaffrey,SF,272.0,67.0,339.0,1459.0,564.0,,14.0,7.0,21.0,14.387999534606934,34.52299880981445,48.9119987487793,0.144,15.218999862670898,4.0,2.0,2023.0,5.968,29.6,35.0,RB,83.0,0.807,17.6
2023,00-0037809,C.Okonkwo,TEN,2.0,54.0,56.0,6.0,528.0,,0.0,1.0,1.0,-0.019999999552965164,28.871000289916992,28.85099983215332,0.515,16.075000762939453,1.0,0.0,534.0,9.536,10.2,3.3,TE,77.0,0.701,16.0
2023,00-0037239,C.Olave,,0.0,87.0,87.0,0.0,1123.0,,0.0,5.0,5.0,0.0,103.67900085449219,103.67900085449219,1.192,21.43600082397461,2.0,0.0,1123.0,12.908,112300.0,500.0,WR,139.0,0.626,13900.0
2023,00-0030578,C.Patterson,ATL,50.0,9.0,59.0,181.0,38.0,,0.0,1.0,1.0,-7.98199987411499,0.8109999895095825,-7.171999931335449,-0.122,-5.339000225067139,1.0,0.0,219.0,3.712,3.9,3.3,RB,12.0,0.75,2.3
2023,00-0034837,C.Ridley,JAX,9.0,76.0,85.0,23.0,1016.0,,0.0,8.0,8.0,-2.9489998817443848,93.08100128173828,90.13200378417969,1.06,30.038000106811523,3.0,0.0,1039.0,12.224,18.3,21.1,WR,137.0,0.555,22.4
2023,00-0038611,C.Rodriguez,WAS,51.0,2.0,53.0,247.0,12.0,,2.0,0.0,2.0,-3.4839999675750732,0.45399999618530273,-3.0299999713897705,-0.057,3.132999897003174,2.0,1.0,259.0,4.887,4.7,5.7,RB,2.0,1.0,0.3
2023,00-0033282,C.Samuel,WAS,7.0,62.0,69.0,39.0,613.0,,1.0,4.0,5.0,3.760999917984009,41.44300079345703,45.20399856567383,0.655,13.763999938964844,2.0,0.0,652.0,9.449,11.8,14.3,TE,91.0,0.681,15.1
2023,00-0034348,C.Sutton,,0.0,59.0,59.0,0.0,772.0,,0.0,10.0,10.0,0.0,57.025001525878906,57.025001525878906,0.967,11.534000396728516,1.0,0.0,772.0,13.085,77200.0,1000.0,WR,91.0,0.648,9100.0
2023,00-0039040,D.Achane,MIA,103.0,27.0,130.0,800.0,197.0,,8.0,3.0,11.0,33.23400115966797,9.281000137329102,42.51499938964844,0.327,6.908999919891357,2.0,1.0,997.0,7.669,14.4,19.3,RB,37.0,0.73,6.7
2023,00-0031381,D.Adams,,0.0,103.0,103.0,0.0,1144.0,,0.0,8.0,8.0,0.0,96.82499694824219,96.82499694824219,0.94,24.371000289916992,4.0,0.0,1144.0,11.107,114400.0,800.0,WR,175.0,0.589,17500.0
2023,00-0033893,D.Cook,NYJ,67.0,15.0,82.0,214.0,78.0,,0.0,0.0,0.0,-24.863000869750977,0.3089999854564667,-24.554000854492188,-0.299,-4.50600004196167,0.0,2.0,292.0,3.561,6.1,0.0,RB,20.0,0.75,3.5
2023,00-0038621,D.Douglas,NE,8.0,49.0,57.0,41.0,561.0,,0.0,0.0,0.0,1.024999976158142,32.375,33.400001525878906,0.586,7.8979997634887695,0.0,0.0,602.0,10.561,12.4,0.0,WR,79.0,0.62,14.6
2023,00-0033925,D.Foreman,CHI,109.0,11.0,120.0,425.0,77.0,,4.0,1.0,5.0,-4.14300012588501,5.132999897003174,0.9900000095367432,0.008,-4.718999862670898,0.0,0.0,502.0,4.183,9.3,15.6,RB,16.0,0.688,3.3
2023,00-0034351,D.Goedert,PHI,1.0,59.0,60.0,1.0,592.0,,0.0,3.0,3.0,-0.46000000834465027,53.20199966430664,52.742000579833984,0.879,17.957000732421875,1.0,0.0,593.0,9.883,10.0,6.7,WR,83.0,0.711,15.8
2023,00-0035664,D.Henderson,LA,46.0,10.0,56.0,112.0,103.0,,2.0,0.0,2.0,-11.78600025177002,2.071000099182129,-9.715999603271484,-0.173,0.0,0.0,0.0,215.0,3.839,3.4,4.5,RB,14.0,0.714,2.5
2023,00-0032764,D.Henry,TEN,280.0,28.0,308.0,1167.0,214.0,,12.0,0.0,12.0,-2.0989999771118164,8.114999771118164,6.015999794006348,0.02,-2.7899999618530273,4.0,0.0,1381.0,4.484,26.4,40.0,RB,36.0,0.778,7.5
2023,00-0030564,D.Hopkins,TEN,1.0,75.0,76.0,4.0,1057.0,,0.0,7.0,7.0,0.25,82.36799621582031,82.61799621582031,1.087,20.614999771118164,2.0,0.0,1061.0,13.961,20.3,23.3,WR,138.0,0.543,28.7
2023,00-0035216,D.Johnson,,0.0,51.0,51.0,0.0,710.0,,0.0,5.0,5.0,0.0,62.32899856567383,62.32899856567383,1.222,29.753000259399414,3.0,0.0,710.0,13.922,71000.0,500.0,WR,87.0,0.586,8700.0
2023,00-0035628,D.Johnson,JAX,41.0,10.0,51.0,108.0,140.0,,0.0,0.0,0.0,-13.305000305175781,11.190999984741211,-2.114000082015991,-0.041,-5.640999794006348,0.0,0.0,248.0,4.863,4.4,0.0,RB,12.0,0.833,2.0
2023,00-0038933,D.Kincaid,,0.0,73.0,73.0,0.0,673.0,,0.0,2.0,2.0,0.0,38.96900177001953,38.96900177001953,0.534,12.756999969482422,0.0,0.0,673.0,9.219,67300.0,200.0,TE,91.0,0.802,9100.0
2023,00-0037238,D.London,,0.0,69.0,69.0,0.0,905.0,,0.0,2.0,2.0,0.0,71.50199890136719,71.50199890136719,1.036,20.292999267578125,0.0,0.0,905.0,13.116,90500.0,200.0,WR,112.0,0.616,11200.0
2023,00-0035640,D.Metcalf,,0.0,66.0,66.0,0.0,1114.0,,0.0,8.0,8.0,0.0,93.6989974975586,93.6989974975586,1.42,25.804000854492188,2.0,0.0,1114.0,16.879,111400.0,800.0,WR,119.0,0.555,11900.0
2023,00-0035685,D.Montgomery,DET,219.0,16.0,235.0,1015.0,117.0,,13.0,0.0,13.0,10.282999992370605,6.446000099182129,16.729999542236328,0.071,4.581999778747559,3.0,1.0,1132.0,4.817,16.4,22.8,RB,24.0,0.667,4.1
2023,00-0034827,D.Moore,CHI,4.0,96.0,100.0,21.0,1364.0,,1.0,8.0,9.0,-1.6119999885559082,112.36000061035156,110.74700164794922,1.107,32.500999450683594,3.0,0.0,1385.0,13.85,25.7,28.1,WR,138.0,0.696,28.7
2023,00-0033885,D.Njoku,,0.0,81.0,81.0,0.0,882.0,,0.0,6.0,6.0,0.0,48.606998443603516,48.606998443603516,0.6,19.010000228881836,4.0,0.0,882.0,10.889,88200.0,600.0,WR,123.0,0.659,12300.0
2023,00-0037258,D.Pierce,HOU,145.0,13.0,158.0,416.0,101.0,,2.0,0.0,2.0,-40.757999420166016,3.1029999256134033,-37.65399932861328,-0.238,-7.873000144958496,0.0,0.0,517.0,3.272,8.5,5.7,RB,17.0,0.765,3.0
2023,00-0035719,D.Samuel,SF,37.0,60.0,97.0,225.0,892.0,,5.0,7.0,12.0,10.293999671936035,75.39800262451172,85.69200134277344,0.883,33.604000091552734,5.0,0.0,1117.0,11.515,16.3,20.0,RB,89.0,0.674,18.9
2023,00-0034383,D.Schultz,,0.0,59.0,59.0,0.0,635.0,,0.0,5.0,5.0,0.0,53.03300094604492,53.03300094604492,0.899,16.459999084472656,0.0,0.0,635.0,10.763,63500.0,500.0,WR,89.0,0.663,8900.0
2023,00-0035250,D.Singletary,HOU,216.0,30.0,246.0,898.0,193.0,,4.0,0.0,4.0,-16.579999923706055,-0.4320000112056732,-17.011999130249023,-0.069,-7.818999767303467,2.0,0.0,1091.0,4.435,18.0,11.4,RB,38.0,0.789,6.7
2023,00-0035535,D.Slayton,,0.0,50.0,50.0,0.0,770.0,,0.0,4.0,4.0,0.0,61.04100036621094,61.04100036621094,1.221,28.368999481201172,3.0,0.0,770.0,15.4,77000.0,400.0,WR,79.0,0.633,7900.0
2023,00-0036912,D.Smith,,0.0,81.0,81.0,0.0,1066.0,,0.0,7.0,7.0,0.0,72.87000274658203,72.87000274658203,0.9,10.793999671936035,1.0,0.0,1066.0,13.16,106600.0,700.0,WR,113.0,0.717,11300.0
2023,00-0036275,D.Swift,PHI,229.0,39.0,268.0,1049.0,214.0,,5.0,1.0,6.0,1.9140000343322754,1.8949999809265137,3.809000015258789,0.014,-5.61899995803833,1.0,0.0,1263.0,4.713,21.3,13.3,RB,49.0,0.796,9.3
2023,00-0031610,D.Waller,,0.0,52.0,52.0,0.0,552.0,,0.0,1.0,1.0,0.0,41.231998443603516,41.231998443603516,0.793,11.218000411987305,0.0,0.0,552.0,10.615,55200.0,100.0,WR,74.0,0.703,7400.0
2023,00-0038705,E.Demercado,ARI,58.0,21.0,79.0,284.0,119.0,,2.0,0.0,2.0,-5.296999931335449,-8.177000045776367,-13.473999977111816,-0.171,-1.0529999732971191,1.0,0.0,403.0,5.101,7.3,5.9,RB,30.0,0.7,5.5
2023,00-0033045,E.Elliott,NE,184.0,51.0,235.0,642.0,313.0,,3.0,2.0,5.0,-27.283000946044922,2.634000062942505,-24.64900016784668,-0.105,-14.553999900817871,3.0,0.0,955.0,4.064,19.6,20.8,RB,65.0,0.785,12.0
2023,00-0033881,E.Engram,,0.0,114.0,114.0,0.0,963.0,,0.0,4.0,4.0,0.0,49.57699966430664,49.57699966430664,0.435,27.680999755859375,3.0,0.0,963.0,8.447,96300.0,400.0,TE,144.0,0.792,14400.0
2023,00-0036567,E.Mitchell,SF,75.0,6.0,81.0,281.0,14.0,,2.0,0.0,2.0,-11.303999900817871,-1.4470000267028809,-12.75,-0.157,-0.289000004529953,2.0,0.0,295.0,3.642,4.3,3.3,RB,8.0,0.75,1.7
2023,00-0036980,E.Moore,CLE,9.0,59.0,68.0,11.0,640.0,,0.0,2.0,2.0,-10.262999534606934,41.00600051879883,30.743000030517578,0.452,12.25,1.0,1.0,651.0,9.574,11.1,5.1,WR,104.0,0.567,17.4
2023,00-0034184,G.Edwards,BAL,199.0,12.0,211.0,810.0,180.0,,13.0,0.0,13.0,-11.776000022888184,10.722999572753906,-1.0529999732971191,-0.005,-12.190999984741211,3.0,2.0,990.0,4.692,16.3,24.5,RB,13.0,0.923,2.7
2023,00-0033895,G.Everett,LAC,3.0,51.0,54.0,10.0,411.0,,0.0,3.0,3.0,-0.7360000014305115,29.773000717163086,29.03700065612793,0.538,8.109000205993652,0.0,0.0,421.0,7.796,7.5,8.8,TE,70.0,0.729,11.4
2023,00-0033288,G.Kittle,SF,1.0,65.0,66.0,2.0,1020.0,,0.0,6.0,6.0,0.5649999976158142,84.41999816894531,84.98400115966797,1.288,23.525999069213867,1.0,0.0,1022.0,15.485,14.9,10.0,WR,90.0,0.722,19.1
2023,00-0037247,G.Pickens,PIT,3.0,63.0,66.0,18.0,1140.0,,0.0,5.0,5.0,0.7269999980926514,85.65699768066406,86.38400268554688,1.309,27.767000198364258,2.0,0.0,1158.0,17.545,21.8,17.2,WR,106.0,0.594,21.8
2023,00-0037740,G.Wilson,NYJ,4.0,95.0,99.0,0.0,1042.0,,0.0,3.0,3.0,0.35499998927116394,66.01499938964844,66.37000274658203,0.67,23.291000366210938,0.0,0.0,1042.0,10.525,21.8,16.7,WR,168.0,0.565,29.7
2023,00-0037197,I.Pacheco,KC,206.0,44.0,250.0,935.0,244.0,,7.0,2.0,9.0,-4.714000225067139,4.03000020980835,-0.6840000152587891,-0.003,-12.48799991607666,2.0,1.0,1179.0,4.716,20.6,24.3,RB,49.0,0.898,8.2
2023,00-0038994,J.Addison,MIN,1.0,70.0,71.0,2.0,911.0,,0.0,10.0,10.0,-0.41100001335144043,82.31999969482422,81.90899658203125,1.154,17.020999908447266,3.0,0.0,913.0,12.859,15.1,29.4,WR,108.0,0.648,17.8
2023,00-0034857,J.Allen,BUF,54.0,0.0,54.0,170.0,0.0,,10.0,0.0,10.0,21.30900001525879,0.0,21.30900001525879,0.395,10.12399959564209,6.0,2.0,170.0,3.148,2.8,21.7,RB,0.0,0.0,0.0
2023,00-0036900,J.Chase,CIN,3.0,100.0,103.0,-6.0,1216.0,,0.0,7.0,7.0,-2.73799991607666,100.64900207519531,97.91100311279297,0.951,9.461000442504883,0.0,0.0,1210.0,11.748,21.7,18.4,WR,145.0,0.69,24.5
2023,00-0033553,J.Conner,ARI,210.0,27.0,237.0,1040.0,165.0,,7.0,2.0,9.0,12.048999786376953,7.585999965667725,19.635000228881836,0.083,20.281999588012695,5.0,0.0,1205.0,5.084,22.0,26.5,RB,35.0,0.771,6.4
2023,00-0037248,J.Cook,BUF,237.0,44.0,281.0,1122.0,445.0,,2.0,4.0,6.0,-7.302000045776367,24.33099937438965,17.027999877929688,0.061,7.072999954223633,3.0,1.0,1567.0,5.577,25.4,13.0,RB,54.0,0.815,9.9
2023,00-0038997,J.Downs,,0.0,68.0,68.0,0.0,771.0,,0.0,2.0,2.0,0.0,59.02399826049805,59.02399826049805,0.868,9.6850004196167,0.0,0.0,771.0,11.338,77100.0,200.0,WR,98.0,0.694,9800.0
2023,00-0038041,J.Ferguson,,0.0,71.0,71.0,0.0,761.0,,0.0,5.0,5.0,0.0,64.85900115966797,64.85900115966797,0.914,23.176000595092773,0.0,0.0,761.0,10.718,76100.0,500.0,WR,102.0,0.696,10200.0
2023,00-0036945,J.Fields,CHI,74.0,0.0,74.0,305.0,0.0,,1.0,0.0,1.0,1.715999960899353,0.0,1.715999960899353,0.023,-1.0640000104904175,1.0,0.0,305.0,4.122,5.7,3.1,RB,0.0,0.0,0.0
2023,00-0037267,J.Ford,CLE,206.0,44.0,250.0,813.0,319.0,,4.0,5.0,9.0,-36.290000915527344,11.182000160217285,-25.10700035095215,-0.1,-5.432000160217285,3.0,1.0,1132.0,4.528,19.3,23.1,RB,63.0,0.698,10.5
2023,00-0039139,J.Gibbs,DET,182.0,52.0,234.0,945.0,316.0,,10.0,1.0,11.0,-5.181000232696533,11.779999732971191,6.598999977111816,0.028,-5.533999919891357,6.0,1.0,1261.0,5.389,18.3,19.3,RB,72.0,0.722,12.4
2023,00-0034975,J.Hill,BAL,84.0,28.0,112.0,387.0,206.0,,3.0,1.0,4.0,0.8100000023841858,5.080999851226807,5.890999794006348,0.053,9.628000259399414,1.0,0.0,593.0,5.295,9.8,7.5,RB,39.0,0.718,8.2
2023,00-0036389,J.Hurts,PHI,99.0,0.0,99.0,293.0,0.0,,14.0,0.0,14.0,11.005999565124512,0.0,11.005999565124512,0.111,2.25600004196167,2.0,4.0,293.0,2.96,4.9,31.1,RB,0.0,0.0,0.0
2023,00-0035700,J.Jacobs,LV,233.0,37.0,270.0,805.0,296.0,,6.0,0.0,6.0,-44.319000244140625,19.08099937438965,-25.23900032043457,-0.093,-1.4819999933242798,0.0,1.0,1101.0,4.078,21.3,20.0,RB,54.0,0.685,10.1
2023,00-0036322,J.Jefferson,MIN,1.0,68.0,69.0,-12.0,1074.0,,0.0,5.0,5.0,-1.972000002861023,82.87200164794922,80.9000015258789,1.172,38.17900085449219,2.0,0.0,1062.0,15.391,17.5,14.7,WR,100.0,0.68,16.5
2023,00-0036407,J.Jeudy,,0.0,54.0,54.0,0.0,758.0,,0.0,2.0,2.0,0.0,52.0620002746582,52.0620002746582,0.964,20.916000366210938,1.0,0.0,758.0,14.037,75800.0,200.0,WR,87.0,0.621,8700.0
2023,00-0036370,J.Kelley,LAC,107.0,8.0,115.0,405.0,32.0,,2.0,0.0,2.0,-26.15399932861328,-1.7640000581741333,-27.917999267578125,-0.243,-15.255999565124512,0.0,1.0,437.0,3.8,7.7,5.9,RB,12.0,0.667,2.0
2023,00-0038794,J.McLaughlin,DEN,76.0,31.0,107.0,410.0,160.0,,1.0,2.0,3.0,5.879000186920166,6.177999973297119,12.057000160217285,0.113,5.9029998779296875,0.0,0.0,570.0,5.327,11.1,8.3,RB,36.0,0.861,7.5
2023,00-0034960,J.Meyers,LV,3.0,71.0,74.0,19.0,807.0,,1.0,8.0,9.0,1.3569999933242798,69.20099639892578,70.55799865722656,0.953,14.975000381469727,2.0,0.0,826.0,11.162,16.0,30.0,WR,106.0,0.67,19.9
2023,00-0033897,J.Mixon,CIN,257.0,52.0,309.0,1034.0,376.0,,9.0,3.0,12.0,-18.047000885009766,17.836000442504883,-0.210999995470047,-0.001,2.0290000438690186,5.0,0.0,1410.0,4.563,25.2,31.6,RB,65.0,0.8,11.0
2023,00-0039146,J.Reed,GB,12.0,64.0,76.0,119.0,793.0,,2.0,8.0,10.0,4.533999919891357,66.74400329589844,71.27899932861328,0.938,23.63599967956543,4.0,0.0,912.0,12.0,15.4,23.8,WR,95.0,0.674,16.9
2023,00-0033858,J.Smith,ATL,1.0,50.0,51.0,0.0,582.0,,0.0,3.0,3.0,-0.421999990940094,31.89699935913086,31.47599983215332,0.617,10.043999671936035,1.0,0.0,582.0,11.412,10.2,10.0,WR,70.0,0.714,13.7
2023,00-0038543,J.Smith-Njigba,,0.0,63.0,63.0,0.0,628.0,,0.0,4.0,4.0,0.0,47.96699905395508,47.96699905395508,0.761,14.755999565124512,2.0,0.0,628.0,9.968,62800.0,400.0,TE,93.0,0.677,9300.0
2023,00-0036223,J.Taylor,IND,169.0,19.0,188.0,741.0,153.0,,7.0,1.0,8.0,-10.159000396728516,5.5920000076293945,-4.566999912261963,-0.024,-4.593999862670898,3.0,0.0,894.0,4.755,15.4,23.5,RB,23.0,0.826,4.2
2023,00-0036613,J.Waddle,MIA,3.0,72.0,75.0,12.0,1014.0,,0.0,4.0,4.0,-0.6890000104904175,88.31099700927734,87.62200164794922,1.168,23.308000564575195,1.0,0.0,1026.0,13.68,14.8,7.0,WR,104.0,0.692,18.9
2023,00-0037228,J.Warren,PIT,149.0,61.0,210.0,784.0,370.0,,4.0,0.0,4.0,-4.0289998054504395,-0.16500000655651093,-4.192999839782715,-0.02,-12.093000411987305,1.0,1.0,1154.0,5.495,21.7,13.8,RB,74.0,0.824,15.2
2023,00-0033948,J.Williams,NO,106.0,18.0,124.0,306.0,62.0,,1.0,0.0,1.0,-26.249000549316406,-4.144000053405762,-30.39299964904785,-0.245,-11.937000274658203,1.0,0.0,368.0,2.968,6.2,2.4,RB,20.0,0.9,3.4
2023,00-0036997,J.Williams,DEN,219.0,47.0,266.0,774.0,228.0,,3.0,2.0,5.0,-37.79800033569336,0.8460000157356262,-36.95199966430664,-0.139,-23.01799964904785,3.0,0.0,1002.0,3.767,19.6,13.9,RB,59.0,0.797,12.3
2023,00-0034115,J.Wilson,MIA,41.0,14.0,55.0,188.0,85.0,,0.0,0.0,0.0,-0.9229999780654907,5.2220001220703125,4.298999786376953,0.078,-1.8569999933242798,0.0,0.0,273.0,4.964,3.9,0.0,RB,17.0,0.824,3.1
2023,00-0030279,K.Allen,LAC,2.0,108.0,110.0,6.0,1243.0,,0.0,7.0,7.0,0.15399999916553497,105.65599822998047,105.80999755859375,0.962,6.624000072479248,0.0,0.0,1249.0,11.355,22.1,20.6,WR,150.0,0.72,24.4
2023,00-0036919,K.Gainwell,PHI,85.0,30.0,115.0,364.0,183.0,,2.0,0.0,2.0,-11.645999908447266,7.796999931335449,-3.8489999771118164,-0.033,5.144000053405762,0.0,1.0,547.0,4.757,9.2,4.4,RB,37.0,0.811,7.0
2023,00-0036906,K.Herbert,CHI,133.0,20.0,153.0,611.0,134.0,,2.0,1.0,3.0,-1.569000005722046,2.4049999713897705,0.8349999785423279,0.005,2.2330000400543213,2.0,0.0,745.0,4.869,13.8,9.4,RB,31.0,0.645,6.5
2023,00-0033923,K.Hunt,CLE,135.0,15.0,150.0,411.0,84.0,,9.0,0.0,9.0,-4.943999767303467,2.4159998893737793,-2.5269999504089355,-0.017,-8.03499984741211,3.0,0.0,495.0,3.3,8.5,23.1,RB,21.0,0.714,3.5
2023,00-0038551,K.Miller,NO,41.0,10.0,51.0,156.0,117.0,,1.0,0.0,1.0,-3.0980000495910645,6.296000003814697,3.197999954223633,0.063,1.524999976158142,1.0,0.0,273.0,5.353,4.6,2.4,RB,11.0,0.909,1.9
2023,00-0038454,K.Mitchell,BAL,47.0,9.0,56.0,396.0,93.0,,2.0,0.0,2.0,17.402999877929688,5.683000087738037,23.086000442504883,0.412,5.804999828338623,0.0,0.0,489.0,8.732,8.1,3.8,RB,11.0,0.818,2.3
2023,00-0036970,K.Pitts,ATL,1.0,53.0,54.0,-4.0,667.0,,0.0,3.0,3.0,-1.6510000228881836,58.652000427246094,57.000999450683594,1.056,15.307000160217285,2.0,0.0,663.0,12.278,11.7,10.0,WR,90.0,0.589,17.6
2023,00-0038134,K.Walker,SEA,219.0,29.0,248.0,905.0,259.0,,8.0,1.0,9.0,-9.32800006866455,9.223999977111816,-0.10300000011920929,-0.0,-5.6620001792907715,2.0,0.0,1164.0,4.694,20.8,27.3,RB,38.0,0.763,6.9
2023,00-0037840,K.Williams,LA,229.0,32.0,261.0,1144.0,204.0,,12.0,3.0,15.0,23.489999771118164,-0.5450000166893005,22.94499969482422,0.088,-8.067000389099121,5.0,1.0,1348.0,5.165,21.6,34.1,RB,48.0,0.667,8.6
2023,00-0034796,L.Jackson,BAL,71.0,0.0,71.0,390.0,0.0,,5.0,0.0,5.0,7.960999965667725,0.0,7.960999965667725,0.112,0.5389999747276306,0.0,2.0,390.0,5.493,6.4,9.4,RB,0.0,0.0,0.0
2023,00-0030513,L.Murray,BUF,79.0,17.0,96.0,300.0,119.0,,4.0,0.0,4.0,-2.562000036239624,8.76200008392334,6.198999881744385,0.065,-1.4170000553131104,1.0,0.0,419.0,4.365,6.8,8.7,RB,22.0,0.773,4.0
2023,00-0031260,L.Thomas,WAS,1.0,55.0,56.0,2.0,496.0,,0.0,4.0,4.0,0.5109999775886536,27.547000885009766,28.058000564575195,0.501,5.86299991607666,1.0,0.0,498.0,8.893,9.0,11.4,TE,79.0,0.696,13.1
2023,00-0033308,M.Breida,NYG,55.0,17.0,72.0,151.0,88.0,,1.0,0.0,1.0,-13.720000267028809,-5.254000186920166,-18.974000930786133,-0.264,-2.11899995803833,0.0,0.0,239.0,3.319,5.0,4.0,RB,21.0,0.81,4.3
2023,00-0035662,M.Brown,ARI,2.0,51.0,53.0,23.0,574.0,,0.0,4.0,4.0,0.8510000109672546,48.00600051879883,48.856998443603516,0.922,0.0,0.0,0.0,597.0,11.264,10.9,11.8,WR,104.0,0.49,19.0
2023,00-0036924,M.Carter,ARI,30.0,24.0,54.0,187.0,101.0,,0.0,1.0,1.0,3.055999994277954,-3.8570001125335693,-0.8009999990463257,-0.015,4.081999778747559,1.0,0.0,288.0,5.333,5.3,2.9,RB,31.0,0.774,5.7
2023,00-0031408,M.Evans,,0.0,79.0,79.0,0.0,1255.0,,0.0,13.0,13.0,0.0,116.19499969482422,116.19499969482422,1.471,23.503999710083008,3.0,0.0,1255.0,15.886,125500.0,1300.0,WR,137.0,0.577,13700.0
2023,00-0036252,M.Pittman,,0.0,109.0,109.0,0.0,1152.0,,0.0,4.0,4.0,0.0,86.19000244140625,86.19000244140625,0.791,20.9950008392334,0.0,0.0,1152.0,10.569,115200.0,400.0,WR,158.0,0.69,15800.0
2023,00-0035243,M.Sanders,CAR,129.0,27.0,156.0,432.0,154.0,,1.0,0.0,1.0,-30.545000076293945,9.640000343322754,-20.905000686645508,-0.134,1.909999966621399,0.0,2.0,586.0,3.756,12.3,5.0,RB,41.0,0.659,7.7
2023,00-0036554,N.Collins,HOU,1.0,80.0,81.0,7.0,1297.0,,0.0,8.0,8.0,0.34599998593330383,100.87899780273438,101.2239990234375,1.25,23.10300064086914,2.0,0.0,1304.0,16.099,21.5,22.9,WR,109.0,0.734,19.2
2023,00-0038977,N.Dell,HOU,11.0,47.0,58.0,51.0,709.0,,0.0,7.0,7.0,-0.1550000011920929,62.106998443603516,61.95100021362305,1.068,0.0,0.0,0.0,760.0,13.103,12.5,20.0,WR,76.0,0.618,13.4
2023,00-0036893,N.Harris,PIT,256.0,29.0,285.0,1035.0,170.0,,8.0,0.0,8.0,-25.892000198364258,4.769999980926514,-21.121999740600586,-0.074,-3.9059998989105225,4.0,1.0,1205.0,4.228,22.6,27.6,RB,38.0,0.763,7.8
2023,00-0039075,P.Nacua,LA,12.0,105.0,117.0,89.0,1486.0,,0.0,6.0,6.0,3.868000030517578,124.58100128173828,128.44900512695312,1.098,39.01499938964844,2.0,0.0,1575.0,13.462,25.2,13.6,WR,160.0,0.656,28.6
2023,00-0038098,P.Strong,CLE,64.0,5.0,69.0,291.0,47.0,,1.0,0.0,1.0,-10.876999855041504,-0.5070000290870667,-11.383999824523926,-0.165,-8.866999626159668,0.0,1.0,338.0,4.899,5.8,2.6,RB,8.0,0.625,1.3
2023,00-0037816,R.Doubs,,0.0,59.0,59.0,0.0,674.0,,0.0,8.0,8.0,0.0,67.25800323486328,67.25800323486328,1.14,15.027999877929688,1.0,0.0,674.0,11.424,67400.0,800.0,WR,96.0,0.615,9600.0
2023,00-0036139,R.Dowdle,DAL,89.0,17.0,106.0,361.0,144.0,,2.0,2.0,4.0,-5.269000053405762,9.520999908447266,4.252999782562256,0.04,1.7929999828338623,1.0,0.0,505.0,4.764,7.9,8.2,RB,22.0,0.773,3.6
2023,00-0034838,R.Freeman,LA,77.0,1.0,78.0,319.0,13.0,,2.0,0.0,2.0,-6.533999919891357,0.9789999723434448,-5.553999900817871,-0.071,-3.927000045776367,0.0,0.0,332.0,4.256,5.3,4.5,RB,2.0,0.5,0.4
2023,00-0039021,R.Johnson,CHI,80.0,34.0,114.0,350.0,209.0,,2.0,0.0,2.0,-6.151000022888184,-2.4019999504089355,-8.553000450134277,-0.075,-6.921000003814697,1.0,0.0,559.0,4.904,10.4,6.2,RB,40.0,0.85,8.3
2023,00-0036936,R.Moore,ARI,28.0,40.0,68.0,178.0,352.0,,1.0,1.0,2.0,0.9480000138282776,14.86400032043457,15.812000274658203,0.233,7.760000228881836,0.0,0.0,530.0,7.794,9.7,5.9,RB,63.0,0.635,11.5
2023,00-0031687,R.Mostert,MIA,209.0,25.0,234.0,1012.0,175.0,,18.0,3.0,21.0,17.18000030517578,6.99399995803833,24.173999786376953,0.103,1.0490000247955322,5.0,1.0,1187.0,5.073,17.1,36.8,RB,32.0,0.781,5.8
2023,00-0039067,R.Rice,KC,1.0,79.0,80.0,-3.0,938.0,,0.0,7.0,7.0,-2.2019999027252197,65.31900024414062,63.117000579833984,0.789,24.173999786376953,2.0,0.0,935.0,11.688,16.3,18.9,WR,102.0,0.775,17.0
2023,00-0037545,R.Shaheed,NO,7.0,46.0,53.0,37.0,719.0,,0.0,5.0,5.0,-1.1299999952316284,55.012001037597656,53.88199996948242,1.017,18.091999053955078,2.0,0.0,756.0,14.264,12.8,12.2,WR,75.0,0.613,12.9
2023,00-0036875,R.Stevenson,NE,156.0,38.0,194.0,619.0,238.0,,4.0,0.0,4.0,-12.854999542236328,-0.029999999329447746,-12.885000228881836,-0.066,0.0,0.0,1.0,857.0,4.418,17.6,16.7,RB,51.0,0.745,9.4
2023,00-0037256,R.White,TB,272.0,64.0,336.0,990.0,549.0,,6.0,3.0,9.0,-44.98699951171875,28.757999420166016,-16.22800064086914,-0.048,-11.380999565124512,3.0,1.0,1539.0,4.58,28.5,25.0,RB,70.0,0.914,12.7
2023,00-0034844,S.Barkley,NYG,248.0,41.0,289.0,962.0,280.0,,6.0,4.0,10.0,-49.32099914550781,22.861000061035156,-26.459999084472656,-0.092,-14.163000106811523,5.0,2.0,1242.0,4.298,25.8,40.0,RB,61.0,0.672,12.5
2023,00-0031588,S.Diggs,BUF,1.0,107.0,108.0,5.0,1183.0,,0.0,8.0,8.0,0.8730000257492065,90.2750015258789,91.14800262451172,0.844,15.355999946594238,0.0,0.0,1188.0,11.0,19.2,17.4,WR,161.0,0.665,29.4
2023,00-0039065,S.LaPorta,DET,1.0,86.0,87.0,4.0,889.0,,0.0,10.0,10.0,0.13300000131130219,84.0009994506836,84.13500213623047,0.967,27.323999404907227,4.0,0.0,893.0,10.264,12.9,17.5,WR,122.0,0.705,21.1
2023,00-0033526,S.Perine,DEN,53.0,50.0,103.0,238.0,455.0,,1.0,0.0,1.0,-9.491999626159668,14.65999984741211,5.168000221252441,0.05,3.996999979019165,0.0,1.0,693.0,6.728,13.5,2.8,RB,56.0,0.893,11.7
2023,00-0036963,St. Brown,DET,4.0,119.0,123.0,24.0,1515.0,,0.0,10.0,10.0,1.2350000143051147,123.03199768066406,124.26799774169922,1.01,37.077999114990234,4.0,0.0,1539.0,12.512,22.3,17.5,WR,165.0,0.721,28.5
2023,00-0037263,T.Allgeier,ATL,187.0,18.0,205.0,683.0,193.0,,4.0,1.0,5.0,-22.85099983215332,6.761000156402588,-16.09000015258789,-0.078,5.665999889373779,2.0,0.0,876.0,4.273,15.4,16.7,RB,24.0,0.75,4.7
2023,00-0038555,T.Bigsby,JAX,50.0,1.0,51.0,132.0,6.0,,2.0,0.0,2.0,-12.336000442504883,0.041999999433755875,-12.293999671936035,-0.241,-1.6330000162124634,0.0,1.0,138.0,2.706,2.4,5.3,RB,5.0,0.2,0.8
2023,00-0033009,T.Boyd,CIN,2.0,67.0,69.0,11.0,667.0,,0.0,2.0,2.0,0.7329999804496765,46.6349983215332,47.36800003051758,0.686,12.508999824523926,0.0,0.0,678.0,9.826,12.1,5.3,TE,98.0,0.684,16.5
2023,00-0037276,T.Chandler,MIN,102.0,21.0,123.0,461.0,159.0,,3.0,0.0,3.0,0.6930000185966492,6.689000129699707,7.381999969482422,0.06,3.378000020980835,2.0,0.0,620.0,5.041,10.2,8.8,RB,25.0,0.84,4.1
2023,00-0034270,T.Conklin,NYJ,1.0,61.0,62.0,0.0,621.0,,0.0,0.0,0.0,-3.5420000553131104,30.187999725341797,26.645999908447266,0.43,9.104000091552734,0.0,0.0,621.0,10.016,13.0,0.0,WR,87.0,0.701,15.4
2023,00-0036973,T.Etienne,JAX,269.0,58.0,327.0,1008.0,476.0,,11.0,1.0,12.0,-32.68899917602539,19.867000579833984,-12.821999549865723,-0.039,-0.38999998569488525,3.0,0.0,1484.0,4.538,26.1,31.6,RB,73.0,0.795,11.9
2023,00-0033040,T.Hill,MIA,6.0,119.0,125.0,15.0,1799.0,,0.0,13.0,13.0,-1.1779999732971191,147.75100708007812,146.572998046875,1.173,26.440000534057617,1.0,0.0,1814.0,14.512,26.1,22.8,WR,172.0,0.692,31.2
2023,00-0033357,T.Hill,NO,78.0,33.0,111.0,373.0,291.0,,4.0,2.0,6.0,4.74399995803833,14.585000038146973,19.32900047302246,0.174,1.7350000143051147,1.0,1.0,664.0,5.982,11.2,14.6,RB,40.0,0.825,6.9
2023,00-0035229,T.Hockenson,,0.0,95.0,95.0,0.0,960.0,,0.0,5.0,5.0,0.0,62.393001556396484,62.393001556396484,0.657,12.63700008392334,0.0,0.0,960.0,10.105,96000.0,500.0,WR,127.0,0.748,12700.0
2023,00-0030506,T.Kelce,,0.0,93.0,93.0,0.0,984.0,,0.0,5.0,5.0,0.0,74.64399719238281,74.64399719238281,0.803,9.704999923706055,0.0,0.0,984.0,10.581,98400.0,500.0,WR,121.0,0.769,12100.0
2023,00-0032211,T.Lockett,,0.0,79.0,79.0,0.0,894.0,,0.0,5.0,5.0,0.0,77.27899932861328,77.27899932861328,0.978,26.18600082397461,1.0,0.0,894.0,11.316,89400.0,500.0,WR,124.0,0.637,12400.0
2023,00-0037744,T.McBride,,0.0,81.0,81.0,0.0,825.0,,0.0,3.0,3.0,0.0,52.518001556396484,52.518001556396484,0.648,15.857000350952148,1.0,0.0,825.0,10.185,82500.0,300.0,WR,106.0,0.764,10600.0
2023,00-0035659,T.McLaurin,,0.0,79.0,79.0,0.0,1002.0,,0.0,4.0,4.0,0.0,77.82599639892578,77.82599639892578,0.985,27.39299964904785,2.0,0.0,1002.0,12.684,100200.0,400.0,WR,132.0,0.598,13200.0
2023,00-0035261,T.Pollard,DAL,253.0,55.0,308.0,1005.0,311.0,,6.0,0.0,6.0,-16.808000564575195,3.2360000610351562,-13.571999549865723,-0.044,-3.872999906539917,1.0,1.0,1316.0,4.273,20.5,12.2,RB,67.0,0.821,11.0
2023,00-0039032,T.Spears,TEN,99.0,52.0,151.0,431.0,385.0,,2.0,1.0,3.0,-2.572999954223633,19.20199966430664,16.628999710083008,0.11,10.142000198364258,2.0,0.0,816.0,5.404,15.6,10.0,RB,70.0,0.743,14.6
2023,00-0038117,W.Robinson,NYG,9.0,60.0,69.0,87.0,525.0,,1.0,1.0,2.0,4.915999889373779,38.625,43.54199981689453,0.631,22.52199935913086,1.0,0.0,612.0,8.87,12.7,8.0,TE,78.0,0.769,16.0
2023,00-0039165,Z.Charbonnet,SEA,108.0,33.0,141.0,462.0,209.0,,1.0,0.0,1.0,-7.122000217437744,3.319999933242798,-3.802000045776367,-0.027,-2.0980000495910645,0.0,0.0,671.0,4.759,12.0,3.0,RB,40.0,0.825,7.3
2023,00-0039064,Z.Flowers,BAL,8.0,77.0,85.0,56.0,858.0,,1.0,5.0,6.0,4.306000232696533,62.87799835205078,67.18399810791016,0.79,22.05299949645996,3.0,0.0,914.0,10.753,15.0,11.3,WR,109.0,0.706,22.9
2023,00-0036251,Z.Moss,IND,183.0,27.0,210.0,794.0,192.0,,5.0,2.0,7.0,-14.031000137329102,11.074000358581543,-2.9570000171661377,-0.014,-0.14000000059604645,1.0,0.0,986.0,4.695,17.0,20.6,RB,39.0,0.692,7.1
2023,00-0038040,Z.White,LV,104.0,15.0,119.0,451.0,98.0,,1.0,0.0,1.0,-17.690000534057617,3.752000093460083,-13.937999725341797,-0.117,-2.765000104904175,1.0,1.0,549.0,4.613,10.6,3.3,RB,19.0,0.789,3.6
2024,00-0032104,A.Abdullah,LV,66.0,40.0,106.0,311.0,261.0,,2.0,3.0,5.0,-7.581999778747559,16.003999710083008,8.42199993133545,0.079,14.45199966430664,2.0,1.0,572.0,5.396,10.7,17.2,RB,47.0,0.851,7.9
2024,00-0035676,A.Brown,,0.0,67.0,67.0,0.0,1079.0,,0.0,7.0,7.0,0.0,95.83000183105469,95.83000183105469,1.43,29.204999923706055,3.0,0.0,1079.0,16.104,107900.0,700.0,WR,97.0,0.691,9700.0
2024,00-0033699,A.Ekeler,WAS,77.0,35.0,112.0,367.0,366.0,,4.0,0.0,4.0,4.999000072479248,19.2189998626709,24.216999053955078,0.216,2.6019999980926514,0.0,0.0,733.0,6.545,12.3,7.5,RB,41.0,0.854,8.1
2024,00-0039373,A.Estime,DEN,76.0,5.0,81.0,310.0,27.0,,2.0,0.0,2.0,-7.429999828338623,-0.7649999856948853,-8.194999694824219,-0.101,-1.1089999675750732,2.0,1.0,337.0,4.16,6.3,5.0,RB,5.0,1.0,0.9
2024,00-0036328,A.Gibson,NE,120.0,23.0,143.0,538.0,205.0,,1.0,0.0,1.0,-10.651000022888184,15.326000213623047,4.675000190734863,0.033,-9.133000373840332,0.0,0.0,743.0,5.196,15.4,3.7,RB,29.0,0.793,5.8
2024,00-0033293,A.Jones,MIN,255.0,51.0,306.0,1138.0,408.0,,5.0,2.0,7.0,-13.446000099182129,16.558000564575195,3.111999988555908,0.01,6.4070000648498535,2.0,1.0,1546.0,5.052,25.6,15.9,RB,62.0,0.823,12.0
2024,00-0033906,A.Kamara,NO,228.0,68.0,296.0,950.0,543.0,,6.0,2.0,8.0,-18.174999237060547,14.366999626159668,-3.808000087738037,-0.013,-4.295000076293945,1.0,0.0,1493.0,5.044,27.2,22.2,RB,89.0,0.764,17.1
2024,00-0034972,A.Mattison,LV,134.0,36.0,170.0,420.0,294.0,,4.0,1.0,5.0,-30.785999298095703,10.913000106811523,-19.87299919128418,-0.117,-18.825000762939453,1.0,1.0,714.0,4.2,13.3,17.2,RB,48.0,0.75,8.1
2024,00-0039164,A.Richardson,IND,59.0,1.0,60.0,324.0,-1.0,,5.0,0.0,5.0,14.604000091552734,-1.055999994277954,13.54800033569336,0.226,5.947999954223633,2.0,1.0,323.0,5.383,5.6,12.8,RB,1.0,1.0,0.2
2024,00-0039794,B.Allen,NYJ,92.0,19.0,111.0,334.0,148.0,,2.0,1.0,3.0,-7.616000175476074,10.503999710083008,2.888000011444092,0.026,-0.8379999995231628,0.0,0.0,482.0,4.342,8.8,7.7,RB,27.0,0.704,4.5
2024,00-0039338,B.Bowers,LV,5.0,112.0,117.0,13.0,1194.0,,0.0,5.0,5.0,-0.8619999885559082,92.20600128173828,91.34400177001953,0.781,22.812000274658203,1.0,0.0,1207.0,10.316,22.5,17.2,WR,153.0,0.732,25.8
2024,00-0039738,B.Corum,LA,58.0,7.0,65.0,207.0,58.0,,0.0,0.0,0.0,-9.744000434875488,3.371999979019165,-6.370999813079834,-0.098,-6.202000141143799,0.0,0.0,265.0,4.077,4.5,0.0,RB,8.0,0.875,1.5
2024,00-0038120,B.Hall,NYJ,212.0,57.0,269.0,876.0,483.0,,5.0,3.0,8.0,-20.860000610351562,14.229999542236328,-6.630000114440918,-0.025,-1.8660000562667847,2.0,1.0,1359.0,5.052,24.9,20.5,RB,76.0,0.75,12.8
2024,00-0039361,B.Irving,TB,206.0,47.0,253.0,1118.0,392.0,,8.0,0.0,8.0,20.97100067138672,18.95599937438965,39.92599868774414,0.158,13.746000289916992,2.0,1.0,1510.0,5.968,22.6,14.3,RB,53.0,0.887,9.4
2024,00-0037746,B.Robinson,WAS,187.0,20.0,207.0,799.0,159.0,,8.0,0.0,8.0,-12.081000328063965,5.8979997634887695,-6.183000087738037,-0.03,-18.738000869750977,0.0,2.0,958.0,4.628,16.1,15.1,RB,25.0,0.8,4.9
2024,00-0038542,B.Robinson,ATL,304.0,61.0,365.0,1451.0,431.0,,14.0,1.0,15.0,18.54800033569336,16.11400032043457,34.6619987487793,0.095,17.46299934387207,7.0,0.0,1882.0,5.156,29.0,39.5,RB,72.0,0.847,13.3
2024,00-0039893,B.Thomas,JAX,6.0,87.0,93.0,48.0,1282.0,,0.0,10.0,10.0,2.566999912261963,105.31900024414062,107.88600158691406,1.16,42.77000045776367,4.0,0.0,1330.0,14.301,25.2,32.3,WR,135.0,0.644,25.5
2024,00-0036414,C.Akers,MIN,104.0,14.0,118.0,444.0,68.0,,2.0,3.0,5.0,-18.523000717163086,1.25,-17.273000717163086,-0.146,-0.16599999368190765,2.0,1.0,512.0,4.339,8.5,11.4,RB,18.0,0.778,3.5
2024,00-0038597,C.Brown,CIN,230.0,54.0,284.0,990.0,360.0,,7.0,4.0,11.0,-4.806000232696533,19.03700065612793,14.232000350952148,0.05,10.381999969482422,3.0,1.0,1350.0,4.754,21.4,20.8,RB,65.0,0.831,10.3
2024,00-0033921,C.Godwin,TB,1.0,50.0,51.0,2.0,576.0,,0.0,5.0,5.0,1.5360000133514404,49.72800064086914,51.263999938964844,1.005,0.0,0.0,0.0,578.0,11.333,8.7,8.9,WR,62.0,0.806,11.0
2024,00-0036555,C.Hubbard,CAR,251.0,43.0,294.0,1195.0,171.0,,10.0,1.0,11.0,10.75,-13.663000106811523,-2.9130001068115234,-0.01,3.444999933242798,3.0,1.0,1366.0,4.646,27.3,32.4,RB,54.0,0.796,10.4
2024,00-0033908,C.Kupp,LA,2.0,67.0,69.0,10.0,710.0,,0.0,6.0,6.0,0.2160000056028366,39.64099884033203,39.85599899291992,0.578,11.925999641418457,1.0,0.0,720.0,10.435,12.3,16.2,WR,100.0,0.67,18.4
2024,00-0036358,C.Lamb,DAL,14.0,101.0,115.0,70.0,1194.0,,0.0,6.0,6.0,-3.8399999141693115,84.19400024414062,80.35399627685547,0.699,26.44300079345703,2.0,0.0,1264.0,10.991,22.0,20.7,WR,154.0,0.656,24.6
2024,00-0033280,C.McCaffrey,SF,50.0,15.0,65.0,202.0,146.0,,0.0,0.0,0.0,-2.8919999599456787,3.882999897003174,0.9909999966621399,0.015,0.0,0.0,0.0,348.0,5.354,5.6,0.0,RB,19.0,0.789,3.7
2024,00-0037809,C.Okonkwo,TEN,1.0,52.0,53.0,17.0,483.0,,0.0,2.0,2.0,1.0820000171661377,28.190000534057617,29.27199935913086,0.552,14.3100004196167,0.0,0.0,500.0,9.434,9.5,6.2,TE,71.0,0.732,13.9
2024,00-0038129,C.Otton,TB,1.0,59.0,60.0,-4.0,600.0,,0.0,4.0,4.0,-1.315999984741211,41.21799850463867,39.90299987792969,0.665,7.188000202178955,0.0,0.0,596.0,9.933,8.9,7.1,WR,87.0,0.678,15.4
2024,00-0034837,C.Ridley,TEN,7.0,64.0,71.0,48.0,1017.0,,1.0,4.0,5.0,-2.634000062942505,81.26499938964844,78.62999725341797,1.107,26.493000030517578,1.0,1.0,1065.0,15.0,20.3,15.6,WR,120.0,0.533,23.5
2024,00-0039325,C.Steele,KC,56.0,7.0,63.0,183.0,26.0,,0.0,0.0,0.0,-11.984000205993652,-0.7429999709129333,-12.72700023651123,-0.202,-3.046999931335449,0.0,2.0,209.0,3.317,3.8,0.0,RB,11.0,0.636,1.9
2024,00-0034348,C.Sutton,,0.0,81.0,81.0,0.0,1081.0,,0.0,8.0,8.0,0.0,98.22799682617188,98.22799682617188,1.213,21.30900001525879,3.0,0.0,1081.0,13.346,108100.0,800.0,WR,135.0,0.6,13500.0
2024,00-0039040,D.Achane,MIA,203.0,78.0,281.0,907.0,592.0,,6.0,6.0,12.0,-11.281999588012695,33.21699905395508,21.93600082397461,0.078,4.665999889373779,3.0,0.0,1499.0,5.335,26.4,36.4,RB,87.0,0.897,15.2
2024,00-0031381,D.Adams,,0.0,85.0,85.0,0.0,1063.0,,0.0,8.0,8.0,0.0,88.0739974975586,88.0739974975586,1.036,43.638999938964844,5.0,0.0,1063.0,12.506,106300.0,800.0,WR,142.0,0.599,14200.0
2024,00-0038621,D.Douglas,NE,3.0,66.0,69.0,16.0,621.0,,0.0,3.0,3.0,0.7360000014305115,43.83100128173828,44.56700134277344,0.646,10.29800033569336,2.0,0.0,637.0,9.232,13.2,11.1,TE,87.0,0.759,17.3
2024,00-0033925,D.Foreman,CLE,71.0,6.0,77.0,232.0,54.0,,0.0,0.0,0.0,-24.159000396728516,1.5989999771118164,-22.559999465942383,-0.293,-11.560999870300293,0.0,1.0,286.0,3.714,5.4,0.0,RB,8.0,0.75,1.2
2024,00-0032764,D.Henry,BAL,325.0,19.0,344.0,1921.0,193.0,,16.0,2.0,18.0,40.59600067138672,14.532999992370605,55.12900161743164,0.16,20.690000534057617,3.0,1.0,2114.0,6.145,30.3,29.0,RB,22.0,0.864,4.8
2024,00-0030564,D.Hopkins,,0.0,56.0,56.0,0.0,618.0,,0.0,5.0,5.0,0.0,52.96699905395508,52.96699905395508,0.946,9.791999816894531,1.0,0.0,618.0,11.036,61800.0,500.0,WR,80.0,0.7,8000.0
2024,00-0037238,D.London,ATL,1.0,100.0,101.0,-3.0,1271.0,,0.0,9.0,9.0,-2.369999885559082,120.02899932861328,117.65899658203125,1.165,48.73099899291992,3.0,0.0,1268.0,12.554,19.5,23.7,WR,159.0,0.629,29.4
2024,00-0035640,D.Metcalf,,0.0,66.0,66.0,0.0,992.0,,0.0,5.0,5.0,0.0,62.33700180053711,62.33700180053711,0.944,15.684000015258789,2.0,0.0,992.0,15.03,99200.0,500.0,WR,109.0,0.606,10900.0
2024,00-0035685,D.Montgomery,DET,186.0,36.0,222.0,775.0,341.0,,12.0,0.0,12.0,-8.831999778747559,17.049999237060547,8.218000411987305,0.037,-0.8960000276565552,1.0,1.0,1116.0,5.027,15.8,17.6,RB,38.0,0.947,7.3
2024,00-0036309,D.Mooney,,0.0,64.0,64.0,0.0,992.0,,0.0,5.0,5.0,0.0,88.05799865722656,88.05799865722656,1.376,18.518999099731445,0.0,0.0,992.0,15.5,99200.0,500.0,WR,106.0,0.604,10600.0
2024,00-0034827,D.Moore,CHI,14.0,98.0,112.0,75.0,966.0,,0.0,6.0,6.0,1.3739999532699585,56.45800018310547,57.832000732421875,0.516,17.18000030517578,1.0,0.0,1041.0,9.295,21.2,18.2,TE,142.0,0.69,26.5
2024,00-0033885,D.Njoku,,0.0,64.0,64.0,0.0,505.0,,0.0,5.0,5.0,0.0,32.91699981689453,32.91699981689453,0.514,6.565999984741211,1.0,0.0,505.0,7.891,50500.0,500.0,TE,99.0,0.646,9900.0
2024,00-0035719,D.Samuel,SF,42.0,51.0,93.0,136.0,670.0,,1.0,3.0,4.0,-9.081000328063965,44.099998474121094,35.01900100708008,0.377,10.27400016784668,2.0,0.0,806.0,8.667,12.9,10.8,RB,81.0,0.63,15.8
2024,00-0034383,D.Schultz,,0.0,53.0,53.0,0.0,532.0,,0.0,2.0,2.0,0.0,42.4630012512207,42.4630012512207,0.801,9.434000015258789,1.0,0.0,532.0,10.038,53200.0,200.0,WR,85.0,0.624,8500.0
2024,00-0035250,D.Singletary,NYG,113.0,21.0,134.0,437.0,119.0,,4.0,0.0,4.0,-11.145000457763672,0.8429999947547913,-10.302000045776367,-0.077,-2.61299991607666,1.0,2.0,556.0,4.149,11.0,15.4,RB,25.0,0.84,4.5
2024,00-0036912,D.Smith,PHI,1.0,68.0,69.0,1.0,833.0,,0.0,8.0,8.0,-0.4740000069141388,80.19000244140625,79.71499633789062,1.155,33.358001708984375,4.0,0.0,834.0,12.087,13.4,15.1,WR,90.0,0.756,21.5
2024,00-0036275,D.Swift,CHI,253.0,42.0,295.0,959.0,386.0,,6.0,0.0,6.0,-38.926998138427734,16.01799964904785,-22.909000396728516,-0.078,-12.03600025177002,1.0,0.0,1345.0,4.559,27.4,18.2,RB,53.0,0.792,9.9
2024,00-0033045,E.Elliott,DAL,74.0,12.0,86.0,226.0,69.0,,3.0,0.0,3.0,-16.14299964904785,1.3480000495910645,-14.793999671936035,-0.172,-0.6759999990463257,1.0,1.0,295.0,3.43,5.1,10.3,RB,15.0,0.8,2.4
2024,00-0036980,E.Moore,CLE,1.0,61.0,62.0,1.0,538.0,,0.0,1.0,1.0,-0.4359999895095825,32.62699890136719,32.191001892089844,0.519,7.645999908447266,0.0,0.0,539.0,8.694,10.2,3.8,TE,102.0,0.598,15.9
2024,00-0038797,Em.Wilson,GB,103.0,11.0,114.0,502.0,48.0,,4.0,1.0,5.0,9.208999633789062,-1.3869999647140503,7.822000026702881,0.069,5.446000099182129,3.0,0.0,550.0,4.825,8.8,9.8,RB,14.0,0.786,3.0
2024,00-0034184,G.Edwards,LAC,102.0,3.0,105.0,365.0,6.0,,4.0,0.0,4.0,-14.071000099182129,-1.6920000314712524,-15.762999534606934,-0.15,-3.1679999828338623,3.0,0.0,371.0,3.533,6.8,10.3,RB,5.0,0.6,1.0
2024,00-0033288,G.Kittle,,0.0,78.0,78.0,0.0,1106.0,,0.0,8.0,8.0,0.0,95.00199890136719,95.00199890136719,1.218,35.79499816894531,0.0,0.0,1106.0,14.179,110600.0,800.0,WR,94.0,0.83,9400.0
2024,00-0037247,G.Pickens,PIT,2.0,59.0,61.0,-6.0,900.0,,0.0,3.0,3.0,-1.8049999475479126,71.70099639892578,69.89600372314453,1.146,1.909999966621399,0.0,0.0,894.0,14.656,16.2,9.7,WR,103.0,0.573,22.3
2024,00-0037740,G.Wilson,NYJ,2.0,101.0,103.0,5.0,1104.0,,0.0,7.0,7.0,-0.12300000339746475,92.96900177001953,92.84600067138672,0.901,29.197999954223633,2.0,0.0,1109.0,10.767,20.3,17.9,WR,154.0,0.656,25.9
2024,00-0033090,H.Henry,,0.0,66.0,66.0,0.0,674.0,,0.0,2.0,2.0,0.0,58.01100158691406,58.01100158691406,0.879,9.031999588012695,1.0,0.0,674.0,10.212,67400.0,200.0,WR,97.0,0.68,9700.0
2024,00-0039363,I.Guerendo,SF,84.0,15.0,99.0,420.0,152.0,,4.0,0.0,4.0,4.8520002365112305,6.784999847412109,11.63700008392334,0.118,4.868000030517578,2.0,0.0,572.0,5.778,9.1,10.8,RB,16.0,0.938,3.1
2024,00-0037197,I.Pacheco,KC,83.0,12.0,95.0,310.0,79.0,,1.0,0.0,1.0,-13.670000076293945,0.20399999618530273,-13.465999603271484,-0.142,-10.364999771118164,0.0,0.0,389.0,4.095,7.1,2.6,RB,16.0,0.75,2.8
2024,00-0038994,J.Addison,MIN,3.0,63.0,66.0,20.0,875.0,,1.0,9.0,10.0,2.7309999465942383,72.09500122070312,74.82599639892578,1.134,25.357999801635742,5.0,0.0,895.0,13.561,14.8,22.7,WR,100.0,0.63,19.3
2024,00-0034857,J.Allen,BUF,50.0,0.0,50.0,148.0,0.0,,9.0,0.0,9.0,23.610000610351562,0.0,23.610000610351562,0.472,7.590000152587891,6.0,0.0,148.0,2.96,2.6,15.3,RB,0.0,0.0,0.0
2024,00-0036900,J.Chase,CIN,3.0,127.0,130.0,32.0,1708.0,,0.0,17.0,17.0,2.0220000743865967,137.27999877929688,139.302001953125,1.072,44.37699890136719,4.0,0.0,1740.0,13.385,27.6,32.1,WR,175.0,0.726,27.8
2024,00-0033553,J.Conner,ARI,239.0,47.0,286.0,1094.0,414.0,,8.0,1.0,9.0,1.2309999465942383,18.190000534057617,19.42099952697754,0.068,11.696000099182129,4.0,0.0,1508.0,5.273,25.3,23.7,RB,55.0,0.855,10.5
2024,00-0037248,J.Cook,BUF,207.0,32.0,239.0,1009.0,258.0,,16.0,2.0,18.0,10.635000228881836,16.312999725341797,26.947999954223633,0.113,12.28600025177002,6.0,0.0,1267.0,5.301,21.9,30.5,RB,38.0,0.842,7.7
2024,00-0039910,J.Daniels,WAS,66.0,0.0,66.0,325.0,0.0,,5.0,0.0,5.0,17.46299934387207,0.0,17.46299934387207,0.265,11.003999710083008,0.0,0.0,325.0,4.924,5.5,9.4,RB,0.0,0.0,0.0
2024,00-0036158,J.Dobbins,LAC,195.0,32.0,227.0,905.0,143.0,,9.0,0.0,9.0,4.239999771118164,-6.956999778747559,-2.7160000801086426,-0.012,-1.0169999599456787,1.0,0.0,1048.0,4.617,19.1,23.1,RB,38.0,0.842,7.7
2024,00-0038997,J.Downs,IND,1.0,72.0,73.0,-1.0,803.0,,0.0,5.0,5.0,-0.871999979019165,71.4219970703125,70.55000305175781,0.966,17.25,1.0,0.0,802.0,10.986,14.0,12.8,WR,107.0,0.673,21.7
2024,00-0038041,J.Ferguson,,0.0,59.0,59.0,0.0,494.0,,0.0,0.0,0.0,0.0,4.9029998779296875,4.9029998779296875,0.083,-2.756999969482422,0.0,0.0,494.0,8.373,49400.0,0.0,TE,86.0,0.686,8600.0
2024,00-0037267,J.Ford,CLE,104.0,37.0,141.0,565.0,225.0,,3.0,0.0,3.0,5.0320000648498535,1.4240000247955322,6.455999851226807,0.046,3.1059999465942383,2.0,0.0,790.0,5.603,15.0,11.5,RB,43.0,0.86,6.7
2024,00-0039139,J.Gibbs,DET,250.0,52.0,302.0,1412.0,476.0,,16.0,3.0,19.0,35.06399917602539,27.812999725341797,62.87699890136719,0.208,23.819000244140625,9.0,0.0,1888.0,6.252,26.7,27.9,RB,63.0,0.825,12.0
2024,00-0034975,J.Hill,BAL,47.0,42.0,89.0,223.0,383.0,,1.0,3.0,4.0,0.718999981880188,23.70800018310547,24.427000045776367,0.274,8.746999740600586,1.0,0.0,606.0,6.809,8.7,6.5,RB,51.0,0.824,11.1
2024,00-0036389,J.Hurts,PHI,92.0,0.0,92.0,284.0,0.0,,14.0,0.0,14.0,17.5,0.0,17.5,0.19,3.2679998874664307,2.0,1.0,284.0,3.087,4.6,26.4,RB,0.0,0.0,0.0
2024,00-0035700,J.Jacobs,GB,303.0,36.0,339.0,1329.0,342.0,,15.0,1.0,16.0,-20.208999633789062,15.598999977111816,-4.610000133514404,-0.014,0.335999995470047,7.0,3.0,1671.0,4.929,26.6,31.4,RB,43.0,0.837,9.2
2024,00-0036322,J.Jefferson,,0.0,103.0,103.0,0.0,1533.0,,0.0,10.0,10.0,0.0,133.39500427246094,133.39500427246094,1.295,44.0260009765625,5.0,0.0,1533.0,14.883,153300.0,1000.0,WR,154.0,0.669,15400.0
2024,00-0036259,J.Jennings,,0.0,77.0,77.0,0.0,975.0,,0.0,6.0,6.0,0.0,82.63300323486328,82.63300323486328,1.073,24.04599952697754,2.0,0.0,975.0,12.662,97500.0,600.0,WR,113.0,0.681,11300.0
2024,00-0036407,J.Jeudy,,0.0,90.0,90.0,0.0,1229.0,,0.0,4.0,4.0,0.0,95.95099639892578,95.95099639892578,1.066,27.652000427246094,1.0,0.0,1229.0,13.656,122900.0,400.0,WR,148.0,0.608,14800.0
2024,00-0036040,J.Johnson,,0.0,50.0,50.0,0.0,548.0,,0.0,3.0,3.0,0.0,39.8129997253418,39.8129997253418,0.796,18.656999588012695,1.0,0.0,548.0,10.96,54800.0,300.0,WR,68.0,0.735,6800.0
2024,00-0037525,J.Mason,SF,153.0,11.0,164.0,789.0,90.0,,3.0,0.0,3.0,-5.441999912261963,6.341000080108643,0.8980000019073486,0.005,0.0,0.0,1.0,879.0,5.36,14.1,8.1,RB,14.0,0.786,2.7
2024,00-0038794,J.McLaughlin,DEN,113.0,24.0,137.0,496.0,76.0,,1.0,2.0,3.0,-0.9890000224113464,-9.354999542236328,-10.343000411987305,-0.075,-6.160999774932861,0.0,0.0,572.0,4.175,10.7,7.5,RB,27.0,0.889,4.9
2024,00-0033955,J.McNichols,WAS,56.0,9.0,65.0,261.0,27.0,,4.0,0.0,4.0,8.98799991607666,0.4099999964237213,9.39799976348877,0.145,0.8880000114440918,0.0,0.0,288.0,4.431,4.8,7.5,RB,12.0,0.75,2.4
2024,00-0034960,J.Meyers,LV,2.0,87.0,89.0,23.0,1027.0,,0.0,4.0,4.0,1.4110000133514404,77.17400360107422,78.58499908447266,0.883,22.538999557495117,2.0,0.0,1050.0,11.798,19.6,13.8,WR,130.0,0.669,21.9
2024,00-0033897,J.Mixon,HOU,247.0,36.0,283.0,1016.0,309.0,,11.0,1.0,12.0,-15.116000175476074,16.25,1.1339999437332153,0.004,-6.433000087738037,0.0,0.0,1325.0,4.682,23.6,35.3,RB,52.0,0.692,9.5
2024,00-0039146,J.Reed,GB,20.0,55.0,75.0,163.0,857.0,,1.0,6.0,7.0,-2.875,65.75599670410156,62.88100051879883,0.838,6.620999813079834,0.0,1.0,1020.0,13.6,16.2,13.7,RB,76.0,0.724,16.2
2024,00-0033858,J.Smith,MIA,2.0,88.0,90.0,-1.0,884.0,,0.0,8.0,8.0,-1.6399999856948853,79.21700286865234,77.5770034790039,0.862,23.086000442504883,4.0,0.0,883.0,9.811,15.5,24.2,WR,111.0,0.793,19.4
2024,00-0038543,J.Smith-Njigba,SEA,5.0,100.0,105.0,26.0,1130.0,,0.0,6.0,6.0,0.027000000700354576,102.91999816894531,102.9469985961914,0.98,24.79599952697754,2.0,0.0,1156.0,11.01,20.2,16.7,WR,138.0,0.725,24.1
2024,00-0036223,J.Taylor,IND,305.0,18.0,323.0,1431.0,136.0,,11.0,1.0,12.0,-22.909000396728516,6.1020002365112305,-16.808000564575195,-0.052,1.2289999723434448,6.0,1.0,1567.0,4.851,27.4,30.8,RB,31.0,0.581,6.3
2024,00-0036613,J.Waddle,MIA,4.0,58.0,62.0,12.0,767.0,,0.0,2.0,2.0,-0.14300000667572021,63.57600021362305,63.43299865722656,1.023,11.847999572753906,0.0,0.0,779.0,12.565,13.7,6.1,WR,85.0,0.682,14.8
2024,00-0037228,J.Warren,PIT,120.0,38.0,158.0,511.0,310.0,,1.0,0.0,1.0,-14.243000030517578,7.968999862670898,-6.27400016784668,-0.04,-0.7799999713897705,0.0,1.0,821.0,5.196,14.8,3.2,RB,47.0,0.809,10.2
2024,00-0036997,J.Williams,DEN,139.0,52.0,191.0,513.0,346.0,,4.0,0.0,4.0,-23.895000457763672,7.124000072479248,-16.770999908447266,-0.088,1.9639999866485596,0.0,2.0,859.0,4.497,16.0,10.0,RB,70.0,0.743,12.7
2024,00-0037240,J.Williams,DET,11.0,58.0,69.0,61.0,951.0,,1.0,6.0,7.0,2.805000066757202,78.0,80.80500030517578,1.171,28.38599967956543,3.0,0.0,1012.0,14.667,14.3,10.3,WR,91.0,0.637,17.4
2024,00-0039874,J.Wright,MIA,68.0,3.0,71.0,249.0,8.0,,0.0,0.0,0.0,-20.312000274658203,-1.2120000123977661,-21.524999618530273,-0.303,-4.96999979019165,0.0,1.0,257.0,3.62,4.5,0.0,RB,6.0,0.5,1.0
2024,00-0033948,Ja.Williams,NO,48.0,9.0,57.0,164.0,57.0,,1.0,0.0,1.0,-9.67199993133545,1.9550000429153442,-7.7170000076293945,-0.135,-4.370999813079834,0.0,0.0,221.0,3.877,4.0,2.8,RB,12.0,0.75,2.3
2024,00-0030279,K.Allen,,0.0,70.0,70.0,0.0,744.0,,0.0,7.0,7.0,0.0,72.11499786376953,72.11499786376953,1.03,29.614999771118164,2.0,0.0,744.0,10.629,74400.0,700.0,WR,123.0,0.569,12300.0
2024,00-0036919,K.Gainwell,PHI,75.0,16.0,91.0,290.0,116.0,,1.0,0.0,1.0,-11.5,7.703999996185303,-3.7950000762939453,-0.042,-3.313999891281128,0.0,0.0,406.0,4.462,6.5,1.9,RB,22.0,0.727,5.3
2024,00-0033923,K.Hunt,KC,200.0,23.0,223.0,728.0,176.0,,7.0,0.0,7.0,2.1480000019073486,8.70199966430664,10.850000381469727,0.049,2.3299999237060547,2.0,0.0,904.0,4.054,16.4,17.9,RB,32.0,0.719,5.6
2024,00-0037261,K.Shakir,BUF,2.0,76.0,78.0,4.0,821.0,,0.0,4.0,4.0,-0.9810000061988831,67.20800018310547,66.22699737548828,0.849,14.46399974822998,2.0,0.0,825.0,10.577,14.3,6.8,WR,100.0,0.76,20.2
2024,00-0038134,K.Walker,SEA,152.0,46.0,198.0,568.0,299.0,,7.0,1.0,8.0,-12.204999923706055,14.357999801635742,2.1519999504089355,0.011,-0.4490000009536743,0.0,0.0,867.0,4.379,15.2,22.2,RB,53.0,0.868,9.3
2024,00-0037840,K.Williams,LA,316.0,34.0,350.0,1299.0,182.0,,14.0,2.0,16.0,-23.533000946044922,2.1389999389648438,-21.393999099731445,-0.061,-4.374000072479248,4.0,3.0,1481.0,4.231,25.4,43.2,RB,40.0,0.85,7.4
2024,00-0034796,L.Jackson,BAL,81.0,0.0,81.0,522.0,0.0,,4.0,0.0,4.0,0.9869999885559082,0.0,0.9869999885559082,0.012,4.4079999923706055,1.0,4.0,522.0,6.444,7.5,6.5,RB,0.0,0.0,0.0
2024,00-0039915,L.McConkey,,0.0,82.0,82.0,0.0,1155.0,,0.0,7.0,7.0,0.0,94.33599853515625,94.33599853515625,1.15,23.88599967956543,3.0,0.0,1155.0,14.085,115500.0,700.0,WR,113.0,0.726,11300.0
2024,00-0034753,M.Andrews,BAL,4.0,55.0,59.0,5.0,673.0,,0.0,11.0,11.0,3.446000099182129,69.66999816894531,73.11599731445312,1.239,19.11199951171875,4.0,0.0,678.0,11.492,9.7,17.7,WR,69.0,0.797,15.1
2024,00-0031408,M.Evans,,0.0,74.0,74.0,0.0,1004.0,,0.0,11.0,11.0,0.0,85.27100372314453,85.27100372314453,1.152,39.790000915527344,4.0,0.0,1004.0,13.568,100400.0,1100.0,WR,110.0,0.673,11000.0
2024,00-0034829,M.Gesicki,,0.0,65.0,65.0,0.0,665.0,,0.0,2.0,2.0,0.0,51.16999816894531,51.16999816894531,0.787,15.40999984741211,0.0,0.0,665.0,10.231,66500.0,200.0,WR,83.0,0.783,8300.0
2024,00-0039849,M.Harrison,,0.0,62.0,62.0,0.0,885.0,,0.0,8.0,8.0,0.0,78.08999633789062,78.08999633789062,1.26,23.7549991607666,1.0,0.0,885.0,14.274,88500.0,800.0,WR,116.0,0.534,11600.0
2024,00-0038976,M.Mims,DEN,13.0,39.0,52.0,42.0,501.0,,0.0,6.0,6.0,-2.578000068664551,38.51900100708008,35.941001892089844,0.691,18.374000549316406,4.0,0.0,543.0,10.442,10.1,15.0,RB,53.0,0.736,9.6
2024,00-0039337,M.Nabers,NYG,5.0,109.0,114.0,2.0,1204.0,,0.0,7.0,7.0,-0.5600000023841858,105.43599700927734,104.87699890136719,0.92,38.638999938964844,4.0,0.0,1206.0,10.579,23.8,26.9,WR,173.0,0.63,30.9
2024,00-0036252,M.Pittman,,0.0,69.0,69.0,0.0,808.0,,0.0,3.0,3.0,0.0,50.80400085449219,50.80400085449219,0.736,15.260000228881836,1.0,0.0,808.0,11.71,80800.0,300.0,WR,112.0,0.616,11200.0
2024,00-0035243,M.Sanders,CAR,55.0,24.0,79.0,205.0,148.0,,2.0,1.0,3.0,-8.65999984741211,-3.9519999027252197,-12.612000465393066,-0.16,3.2720000743865967,2.0,0.0,353.0,4.468,7.1,8.8,RB,30.0,0.8,5.8
2024,00-0034791,N.Chubb,CLE,102.0,5.0,107.0,332.0,31.0,,3.0,1.0,4.0,-20.575000762939453,0.33399999141693115,-20.240999221801758,-0.189,-6.019999980926514,0.0,1.0,363.0,3.393,6.9,15.4,RB,11.0,0.455,1.7
2024,00-0036554,N.Collins,,0.0,68.0,68.0,0.0,1006.0,,0.0,7.0,7.0,0.0,80.38999938964844,80.38999938964844,1.182,17.22800064086914,3.0,0.0,1006.0,14.794,100600.0,700.0,WR,99.0,0.687,9900.0
2024,00-0036893,N.Harris,PIT,263.0,36.0,299.0,1043.0,283.0,,6.0,0.0,6.0,-16.96500015258789,12.310999870300293,-4.6539998054504395,-0.016,-4.34499979019165,2.0,0.0,1326.0,4.435,24.0,19.4,RB,48.0,0.75,10.4
2024,00-0036894,P.Freiermuth,,0.0,65.0,65.0,0.0,655.0,,0.0,7.0,7.0,0.0,49.69900131225586,49.69900131225586,0.765,15.086999893188477,3.0,0.0,655.0,10.077,65500.0,700.0,WR,78.0,0.833,7800.0
2024,00-0039075,P.Nacua,LA,11.0,79.0,90.0,46.0,990.0,,1.0,3.0,4.0,2.1459999084472656,78.31900024414062,80.46499633789062,0.894,34.07400131225586,2.0,0.0,1036.0,11.511,17.8,10.8,WR,107.0,0.738,19.7
2024,00-0038544,Q.Johnston,LAC,3.0,55.0,58.0,6.0,711.0,,0.0,8.0,8.0,-0.8140000104904175,69.16500091552734,68.35099792480469,1.178,34.24700164794922,2.0,0.0,717.0,12.362,13.1,20.5,WR,91.0,0.604,18.4
2024,00-0039875,R.Davis,BUF,113.0,17.0,130.0,442.0,189.0,,3.0,3.0,6.0,-5.585999965667725,16.084999084472656,10.49899959564209,0.081,-1.0950000286102295,2.0,0.0,631.0,4.854,10.9,10.2,RB,19.0,0.895,3.8
2024,00-0036139,R.Dowdle,DAL,235.0,39.0,274.0,1079.0,249.0,,2.0,3.0,5.0,-10.527999877929688,13.258999824523926,2.7309999465942383,0.01,-2.4860000610351562,1.0,2.0,1328.0,4.847,23.1,17.2,RB,50.0,0.78,8.0
2024,00-0039021,R.Johnson,CHI,55.0,16.0,71.0,150.0,104.0,,6.0,0.0,6.0,-4.452000141143799,9.038999557495117,4.586999893188477,0.065,-4.283999919891357,0.0,0.0,254.0,3.577,5.2,18.2,RB,20.0,0.8,3.7
2024,00-0034407,R.McCloud,ATL,10.0,62.0,72.0,79.0,686.0,,0.0,1.0,1.0,2.368000030517578,43.62300109863281,45.9900016784668,0.639,16.107999801635742,0.0,0.0,765.0,10.625,11.8,2.6,WR,87.0,0.713,16.1
2024,00-0031687,R.Mostert,MIA,85.0,19.0,104.0,278.0,161.0,,2.0,0.0,2.0,-30.198999404907227,14.906000137329102,-15.293000221252441,-0.147,-9.486000061035156,0.0,2.0,439.0,4.221,7.7,6.1,RB,24.0,0.792,4.2
2024,00-0039919,R.Odunze,CHI,3.0,54.0,57.0,15.0,734.0,,0.0,3.0,3.0,0.5759999752044678,60.6870002746582,61.262001037597656,1.075,18.635000228881836,2.0,0.0,749.0,13.14,15.3,9.1,WR,101.0,0.535,18.8
2024,00-0036875,R.Stevenson,NE,207.0,33.0,240.0,801.0,164.0,,7.0,1.0,8.0,-37.85599899291992,11.140999794006348,-26.71500015258789,-0.111,-0.3529999852180481,1.0,3.0,965.0,4.021,20.0,29.6,RB,43.0,0.767,8.5
2024,00-0037256,R.White,TB,144.0,51.0,195.0,613.0,393.0,,3.0,6.0,9.0,-15.708999633789062,16.759000778198242,1.0499999523162842,0.005,0.3230000138282776,3.0,2.0,1006.0,5.159,15.1,16.1,RB,57.0,0.895,10.1
2024,00-0034844,S.Barkley,PHI,348.0,33.0,381.0,2005.0,278.0,,13.0,2.0,15.0,37.25899887084961,19.740999221801758,57.0,0.15,6.456999778747559,2.0,1.0,2283.0,5.992,36.8,28.3,RB,43.0,0.767,10.3
2024,00-0039065,S.LaPorta,,0.0,60.0,60.0,0.0,726.0,,0.0,7.0,7.0,0.0,59.270999908447266,59.270999908447266,0.988,28.010000228881836,2.0,0.0,726.0,12.1,72600.0,700.0,WR,83.0,0.723,8300.0
2024,00-0038951,S.Tucker,TB,50.0,9.0,59.0,308.0,109.0,,2.0,1.0,3.0,10.126999855041504,9.156999588012695,19.28499984741211,0.327,1.5609999895095825,0.0,0.0,417.0,7.068,6.2,5.4,RB,12.0,0.75,2.1
2024,00-0036963,St. Brown,DET,2.0,115.0,117.0,6.0,1263.0,,0.0,14.0,14.0,-0.6380000114440918,126.71199798583984,126.0739974975586,1.078,47.16299819946289,4.0,0.0,1269.0,10.846,18.0,20.6,WR,141.0,0.816,27.0
2024,00-0037263,T.Allgeier,ATL,138.0,13.0,151.0,644.0,88.0,,3.0,0.0,3.0,5.485000133514404,3.430000066757202,8.914999961853027,0.059,6.151000022888184,1.0,0.0,732.0,4.848,11.3,7.9,RB,13.0,1.0,2.4
2024,00-0039921,T.Benson,ARI,63.0,6.0,69.0,291.0,59.0,,1.0,0.0,1.0,-4.9710001945495605,3.1040000915527344,-1.8669999837875366,-0.027,-0.47600001096725464,0.0,0.0,350.0,5.072,5.9,2.6,RB,6.0,1.0,1.1
2024,00-0038555,T.Bigsby,JAX,168.0,7.0,175.0,766.0,54.0,,7.0,0.0,7.0,-0.8410000205039978,0.4309999942779541,-0.4099999964237213,-0.002,-4.789000034332275,3.0,1.0,820.0,4.686,15.5,22.6,RB,12.0,0.583,2.3
2024,00-0037276,T.Chandler,MIN,56.0,6.0,62.0,182.0,42.0,,0.0,0.0,0.0,-10.498000144958496,2.1029999256134033,-8.395000457763672,-0.135,-0.859000027179718,0.0,0.0,224.0,3.613,3.7,0.0,RB,6.0,1.0,1.2
2024,00-0034270,T.Conklin,NYJ,1.0,51.0,52.0,0.0,449.0,,0.0,4.0,4.0,-3.2760000228881836,31.750999450683594,28.47599983215332,0.548,11.310999870300293,2.0,0.0,449.0,8.635,8.2,10.3,TE,73.0,0.699,12.3
2024,00-0038977,T.Dell,HOU,9.0,51.0,60.0,43.0,667.0,,0.0,3.0,3.0,-2.263000011444092,59.185001373291016,56.922000885009766,0.949,14.961000442504883,1.0,0.0,710.0,11.833,12.7,8.8,WR,81.0,0.63,14.8
2024,00-0036973,T.Etienne,JAX,150.0,39.0,189.0,558.0,254.0,,2.0,0.0,2.0,-26.562999725341797,7.392000198364258,-19.170000076293945,-0.101,-0.46000000834465027,0.0,1.0,812.0,4.296,15.4,6.5,RB,52.0,0.75,9.8
2024,00-0036410,T.Higgins,,0.0,73.0,73.0,0.0,911.0,,0.0,10.0,10.0,0.0,93.5250015258789,93.5250015258789,1.281,32.369998931884766,5.0,0.0,911.0,12.479,91100.0,1000.0,WR,110.0,0.664,11000.0
2024,00-0033040,T.Hill,MIA,8.0,81.0,89.0,53.0,959.0,,0.0,6.0,6.0,-1.2359999418258667,77.49400329589844,76.25800323486328,0.857,31.089000701904297,2.0,0.0,1012.0,11.371,17.8,18.2,WR,123.0,0.659,21.5
2024,00-0033357,T.Hill,NO,39.0,23.0,62.0,278.0,187.0,,6.0,0.0,6.0,23.952999114990234,7.9679999351501465,31.92099952697754,0.515,0.0,0.0,0.0,465.0,7.5,8.5,16.7,RB,31.0,0.742,6.0
2024,00-0030506,T.Kelce,KC,1.0,97.0,98.0,1.0,823.0,,0.0,3.0,3.0,-0.09200000017881393,65.81099700927734,65.71900177001953,0.671,14.104999542236328,1.0,0.0,824.0,8.408,15.0,7.7,TE,134.0,0.724,23.3
2024,00-0038996,T.Kraft,GB,3.0,50.0,53.0,6.0,707.0,,0.0,7.0,7.0,3.2639999389648438,54.64699935913086,57.9109992980957,1.093,18.493000030517578,1.0,0.0,713.0,13.453,11.4,13.7,WR,71.0,0.704,15.2
2024,00-0037744,T.McBride,ARI,1.0,111.0,112.0,2.0,1146.0,,1.0,2.0,3.0,0.6010000109672546,82.30000305175781,82.9010009765625,0.74,27.94700050354004,2.0,0.0,1148.0,10.25,19.2,7.9,WR,147.0,0.755,28.1
2024,00-0035659,T.McLaurin,WAS,2.0,82.0,84.0,2.0,1096.0,,0.0,13.0,13.0,-6.182000160217285,104.73600006103516,98.55400085449219,1.173,19.545000076293945,4.0,1.0,1098.0,13.071,18.4,24.5,WR,118.0,0.695,23.2
2024,00-0035261,T.Pollard,TEN,261.0,41.0,302.0,1079.0,238.0,,5.0,0.0,5.0,-26.180999755859375,1.1629999876022339,-25.01799964904785,-0.083,-4.9770002365112305,1.0,2.0,1317.0,4.361,25.0,15.6,RB,57.0,0.719,11.2
2024,00-0036984,T.Sermon,IND,56.0,16.0,72.0,159.0,99.0,,2.0,0.0,2.0,-11.241000175476074,-2.2049999237060547,-13.446999549865723,-0.187,-1.100000023841858,0.0,0.0,258.0,3.583,4.5,5.1,RB,19.0,0.842,3.8
2024,00-0039032,T.Spears,TEN,85.0,30.0,115.0,319.0,224.0,,4.0,1.0,5.0,-4.508999824523926,1.9570000171661377,-2.5510001182556152,-0.022,5.52400016784668,4.0,0.0,543.0,4.722,10.3,15.6,RB,35.0,0.857,6.9
2024,00-0039384,T.Tracy,NYG,192.0,38.0,230.0,839.0,284.0,,5.0,1.0,6.0,-20.714000701904297,10.093999862670898,-10.619999885559082,-0.046,-13.038999557495117,2.0,2.0,1123.0,4.883,22.1,23.1,RB,54.0,0.704,9.6
2024,00-0038563,T.Tucker,LV,9.0,47.0,56.0,44.0,539.0,,1.0,3.0,4.0,2.739000082015991,39.402000427246094,42.14099884033203,0.753,8.065999984741211,1.0,0.0,583.0,10.411,10.9,13.8,WR,81.0,0.58,13.6
2024,00-0035537,Ty.Johnson,BUF,41.0,18.0,59.0,213.0,284.0,,1.0,3.0,4.0,0.6679999828338623,28.145999908447266,28.81399917602539,0.488,15.682999610900879,1.0,0.0,497.0,8.424,8.6,6.8,RB,25.0,0.72,5.0
2024,00-0034159,W.Dissly,,0.0,50.0,50.0,0.0,481.0,,0.0,2.0,2.0,0.0,28.268999099731445,28.268999099731445,0.565,5.954999923706055,1.0,0.0,481.0,9.62,48100.0,200.0,TE,64.0,0.781,6400.0
2024,00-0038117,W.Robinson,NYG,3.0,93.0,96.0,18.0,699.0,,0.0,3.0,3.0,-2.680999994277954,45.66999816894531,42.98899841308594,0.448,24.194000244140625,1.0,0.0,717.0,7.469,14.1,11.5,TE,140.0,0.664,25.0
2024,00-0039342,X.Legette,CAR,6.0,49.0,55.0,24.0,497.0,,0.0,4.0,4.0,-0.5910000205039978,39.11800003051758,38.52799987792969,0.701,7.195000171661377,0.0,0.0,521.0,9.473,10.4,11.8,WR,85.0,0.576,16.4
2024,00-0039894,X.Worthy,KC,20.0,59.0,79.0,104.0,638.0,,3.0,6.0,9.0,2.9600000381469727,55.77199935913086,58.731998443603516,0.743,21.312000274658203,3.0,0.0,742.0,9.392,13.5,23.1,RB,99.0,0.596,17.2
2024,00-0039165,Z.Charbonnet,SEA,135.0,42.0,177.0,569.0,292.0,,8.0,1.0,9.0,-11.281999588012695,2.000999927520752,-9.279999732971191,-0.052,3.0789999961853027,3.0,0.0,861.0,4.864,15.1,25.0,RB,52.0,0.808,9.1
2024,00-0030061,Z.Ertz,,0.0,66.0,66.0,0.0,654.0,,0.0,7.0,7.0,0.0,57.551998138427734,57.551998138427734,0.872,16.167999267578125,3.0,0.0,654.0,9.909,65400.0,700.0,TE,93.0,0.71,9300.0
2024,00-0039064,Z.Flowers,BAL,9.0,74.0,83.0,56.0,1059.0,,0.0,4.0,4.0,2.1459999084472656,80.9020004272461,83.04900360107422,1.001,15.781000137329102,0.0,0.0,1115.0,13.434,16.0,6.5,WR,117.0,0.632,25.5
2024,00-0036251,Z.Moss,CIN,74.0,23.0,97.0,242.0,187.0,,2.0,1.0,3.0,-19.990999221801758,14.583000183105469,-5.4079999923706055,-0.056,0.0,0.0,1.0,429.0,4.423,6.8,5.7,RB,27.0,0.852,4.3
2024,00-0038040,Z.White,LV,65.0,6.0,71.0,183.0,30.0,,1.0,0.0,1.0,-36.28799819946289,-0.8899999856948853,-37.178001403808594,-0.524,0.0,0.0,2.0,213.0,3.0,4.0,3.4,RB,8.0,0.75,1.3
2025,00-0039793,A.Barner,SEA,10.0,52.0,62.0,14.0,519.0,,1.0,6.0,7.0,7.232999801635742,47.81700134277344,55.04899978637695,0.888,17.218000411987305,2.0,0.0,533.0,8.597,8.8,15.9,TE,68.0,0.765,14.9
2025,00-0035676,A.Brown,,0.0,78.0,78.0,0.0,1003.0,,0.0,7.0,7.0,0.0,84.19000244140625,84.19000244140625,1.079,26.187000274658203,1.0,0.0,1003.0,12.859,100300.0,700.0,WR,121.0,0.645,12100.0
2025,00-0039373,A.Estime,NO,46.0,12.0,58.0,198.0,103.0,,1.0,0.0,1.0,4.688000202178955,4.386000156402588,9.074000358581543,0.156,9.074000358581543,1.0,0.0,301.0,5.19,5.6,3.8,RB,13.0,0.923,2.3
2025,00-0040122,A.Jeanty,LV,267.0,55.0,322.0,975.0,346.0,,5.0,5.0,10.0,-65.18099975585938,15.22599983215332,-49.95500183105469,-0.155,-18.725000381469727,2.0,1.0,1321.0,4.102,29.4,40.0,RB,73.0,0.753,14.7
2025,00-0033293,A.Jones,MIN,132.0,28.0,160.0,548.0,199.0,,2.0,1.0,3.0,-2.375,5.057000160217285,2.681999921798706,0.017,0.16300000250339508,1.0,0.0,747.0,4.669,15.4,9.7,RB,41.0,0.683,8.7
2025,00-0033906,A.Kamara,NO,131.0,33.0,164.0,471.0,186.0,,1.0,0.0,1.0,-28.774999618530273,-5.11899995803833,-33.89400100708008,-0.207,0.0,0.0,1.0,657.0,4.006,12.2,3.8,RB,39.0,0.846,6.9
2025,00-0039338,B.Bowers,LV,2.0,64.0,66.0,2.0,680.0,,0.0,7.0,7.0,-1.1540000438690186,51.792999267578125,50.638999938964844,0.767,9.322999954223633,2.0,0.0,682.0,10.333,15.2,28.0,WR,87.0,0.736,17.5
2025,00-0039738,B.Corum,LA,145.0,8.0,153.0,746.0,36.0,,6.0,0.0,6.0,15.928999900817871,-1.628999948501587,14.298999786376953,0.093,12.220000267028809,4.0,0.0,782.0,5.111,11.4,9.5,RB,14.0,0.571,2.4
2025,00-0038120,B.Hall,NYJ,243.0,36.0,279.0,1065.0,350.0,,4.0,1.0,5.0,-22.267000198364258,18.910999298095703,-3.3550000190734863,-0.012,-5.729000091552734,1.0,2.0,1415.0,5.072,31.8,20.8,RB,48.0,0.75,10.1
2025,00-0039361,B.Irving,TB,173.0,30.0,203.0,588.0,277.0,,1.0,3.0,4.0,-35.57699966430664,11.494999885559082,-24.08300018310547,-0.119,-15.711999893188477,1.0,1.0,865.0,4.261,16.2,10.5,RB,35.0,0.857,6.4
2025,00-0037746,B.Robinson,SF,92.0,8.0,100.0,400.0,25.0,,2.0,0.0,2.0,-0.7200000286102295,-1.9160000085830688,-2.634999990463257,-0.026,-2.5230000019073486,0.0,0.0,425.0,4.25,7.1,4.3,RB,12.0,0.667,2.2
2025,00-0038542,B.Robinson,ATL,288.0,79.0,367.0,1478.0,820.0,,7.0,4.0,11.0,-12.255000114440918,52.242000579833984,39.98699951171875,0.109,4.8429999351501465,4.0,2.0,2298.0,6.262,39.8,31.4,RB,103.0,0.767,19.7
2025,00-0040078,B.Smith,KC,44.0,25.0,69.0,151.0,172.0,,0.0,1.0,1.0,-9.744000434875488,8.28600025177002,-1.4579999446868896,-0.021,0.23000000417232513,1.0,0.0,323.0,4.681,6.1,2.9,RB,35.0,0.714,6.3
2025,00-0039893,B.Thomas,JAX,3.0,48.0,51.0,21.0,707.0,,1.0,2.0,3.0,2.86299991607666,54.89500045776367,57.75699996948242,1.132,21.222999572753906,1.0,0.0,728.0,14.275,12.8,6.4,WR,91.0,0.527,16.6
2025,00-0040719,B.Tuten,JAX,84.0,10.0,94.0,307.0,79.0,,5.0,2.0,7.0,-10.187999725341797,6.14900016784668,-4.039000034332275,-0.043,-1.3240000009536743,2.0,1.0,386.0,4.106,6.8,14.9,RB,14.0,0.714,2.6
2025,00-0038597,C.Brown,CIN,233.0,69.0,302.0,1019.0,414.0,,6.0,5.0,11.0,-4.241000175476074,19.108999252319336,14.866999626159668,0.049,13.644000053405762,8.0,0.0,1433.0,4.745,24.9,23.4,RB,89.0,0.775,14.6
2025,00-0040705,C.Dike,TEN,11.0,48.0,59.0,18.0,423.0,,0.0,4.0,4.0,-4.235000133514404,28.020000457763672,23.78499984741211,0.403,9.968999862670898,2.0,0.0,441.0,7.475,9.4,16.7,TE,74.0,0.649,14.0
2025,00-0036555,C.Hubbard,CAR,135.0,30.0,165.0,511.0,223.0,,1.0,3.0,4.0,-15.673999786376953,9.9350004196167,-5.738999843597412,-0.035,-11.435999870300293,0.0,1.0,734.0,4.448,14.4,12.9,RB,39.0,0.769,8.1
2025,00-0036358,C.Lamb,DAL,1.0,75.0,76.0,2.0,1077.0,,0.0,3.0,3.0,-0.24799999594688416,85.68199920654297,85.43399810791016,1.124,24.32200050354004,0.0,0.0,1079.0,14.197,16.1,6.2,WR,117.0,0.641,19.2
2025,00-0040126,C.Loveland,CHI,1.0,58.0,59.0,-2.0,713.0,,0.0,6.0,6.0,-0.8730000257492065,67.2979965209961,66.4260025024414,1.126,28.288999557495117,3.0,0.0,711.0,12.051,11.7,13.3,WR,83.0,0.699,15.5
2025,00-0033280,C.McCaffrey,SF,311.0,102.0,413.0,1202.0,904.0,,10.0,7.0,17.0,-21.051000595092773,69.18599700927734,48.1349983215332,0.117,8.173999786376953,4.0,0.0,2106.0,5.099,35.4,36.2,RB,129.0,0.791,23.3
2025,00-0037809,C.Okonkwo,,0.0,56.0,56.0,0.0,560.0,,0.0,2.0,2.0,0.0,33.99399948120117,33.99399948120117,0.607,13.390999794006348,2.0,0.0,560.0,10.0,56000.0,200.0,WR,79.0,0.709,7900.0
2025,00-0037239,C.Olave,NO,1.0,100.0,101.0,-3.0,1163.0,,0.0,9.0,9.0,-1.253000020980835,96.33499908447266,95.08200073242188,0.941,36.8849983215332,4.0,0.0,1160.0,11.485,21.5,34.6,WR,156.0,0.641,27.5
2025,00-0038129,C.Otton,,0.0,59.0,59.0,0.0,572.0,,0.0,1.0,1.0,0.0,30.93400001525879,30.93400001525879,0.524,7.551000118255615,1.0,0.0,572.0,9.695,57200.0,100.0,TE,82.0,0.72,8200.0
2025,00-0038611,C.Rodriguez,WAS,112.0,3.0,115.0,500.0,30.0,,6.0,0.0,6.0,6.197999954223633,2.4779999256134033,8.675999641418457,0.075,6.848999977111816,2.0,0.0,530.0,4.609,10.3,16.2,RB,4.0,0.75,0.9
2025,00-0040715,C.Skattebo,NYG,102.0,24.0,126.0,410.0,207.0,,5.0,2.0,7.0,-12.097000122070312,12.432999610900879,0.335999995470047,0.003,0.0,0.0,1.0,617.0,4.897,11.2,17.1,RB,32.0,0.75,6.3
2025,00-0034348,C.Sutton,,0.0,74.0,74.0,0.0,1017.0,,0.0,7.0,7.0,0.0,100.54399871826172,100.54399871826172,1.359,28.507999420166016,2.0,0.0,1017.0,13.743,101700.0,700.0,WR,125.0,0.592,12500.0
2025,00-0039040,D.Achane,MIA,238.0,67.0,305.0,1350.0,481.0,,8.0,4.0,12.0,14.038999557495117,17.426000595092773,31.46500015258789,0.103,8.666999816894531,2.0,0.0,1831.0,6.003,34.6,32.4,RB,85.0,0.788,18.3
2025,00-0031381,D.Adams,,0.0,60.0,60.0,0.0,789.0,,0.0,14.0,14.0,0.0,81.74800109863281,81.74800109863281,1.362,7.333000183105469,0.0,0.0,789.0,13.15,78900.0,1400.0,WR,114.0,0.526,11400.0
2025,00-0034351,D.Goedert,,0.0,60.0,60.0,0.0,591.0,,0.0,11.0,11.0,0.0,50.71500015258789,50.71500015258789,0.845,20.48900032043457,4.0,0.0,591.0,9.85,59100.0,1100.0,TE,82.0,0.732,8200.0
2025,00-0032764,D.Henry,BAL,307.0,15.0,322.0,1595.0,150.0,,16.0,0.0,16.0,9.166000366210938,7.36899995803833,16.53499984741211,0.051,22.159000396728516,6.0,3.0,1745.0,5.419,30.9,35.6,RB,21.0,0.714,5.1
2025,00-0037238,D.London,,0.0,68.0,68.0,0.0,919.0,,0.0,7.0,7.0,0.0,75.81300354003906,75.81300354003906,1.115,13.008999824523926,1.0,0.0,919.0,13.515,91900.0,700.0,WR,113.0,0.602,11300.0
2025,00-0035640,D.Metcalf,PIT,2.0,59.0,61.0,12.0,850.0,,1.0,6.0,7.0,1.687000036239624,74.68199920654297,76.36900329589844,1.252,19.941999435424805,1.0,0.0,862.0,14.131,16.2,17.1,WR,99.0,0.596,18.9
2025,00-0035685,D.Montgomery,DET,158.0,24.0,182.0,716.0,192.0,,8.0,0.0,8.0,-0.5809999704360962,6.965000152587891,6.383999824523926,0.035,6.840000152587891,2.0,1.0,908.0,4.989,13.8,14.3,RB,29.0,0.828,5.3
2025,00-0034827,D.Moore,CHI,15.0,50.0,65.0,79.0,667.0,,1.0,6.0,7.0,4.172999858856201,51.00400161743164,55.176998138427734,0.849,13.170000076293945,3.0,0.0,746.0,11.477,12.3,15.6,RB,85.0,0.588,15.9
2025,00-0040202,D.Neal,NO,57.0,17.0,74.0,206.0,104.0,,2.0,0.0,2.0,-7.868000030517578,-0.29100000858306885,-8.15999984741211,-0.11,-2.809999942779541,2.0,0.0,310.0,4.189,5.7,7.7,RB,19.0,0.895,3.4
2025,00-0040162,D.Sampson,CLE,65.0,33.0,98.0,175.0,271.0,,0.0,2.0,2.0,-16.822999954223633,11.477999687194824,-5.343999862670898,-0.055,-9.243000030517578,0.0,0.0,446.0,4.551,9.9,8.0,RB,40.0,0.825,7.6
2025,00-0035719,D.Samuel,WAS,17.0,72.0,89.0,75.0,727.0,,1.0,5.0,6.0,0.14300000667572021,60.89799880981445,61.04100036621094,0.686,13.14900016784668,0.0,0.0,802.0,9.011,15.5,16.2,WR,100.0,0.72,23.0
2025,00-0034383,D.Schultz,,0.0,82.0,82.0,0.0,777.0,,0.0,3.0,3.0,0.0,59.14699935913086,59.14699935913086,0.721,15.58899974822998,2.0,0.0,777.0,9.476,77700.0,300.0,TE,107.0,0.766,10700.0
2025,00-0035250,D.Singletary,NYG,119.0,18.0,137.0,437.0,151.0,,5.0,0.0,5.0,-2.7660000324249268,2.7730000019073486,0.007000000216066837,0.0,-2.010999917984009,2.0,0.0,588.0,4.292,10.7,12.2,RB,19.0,0.947,3.8
2025,00-0036912,D.Smith,,0.0,77.0,77.0,0.0,1008.0,,0.0,4.0,4.0,0.0,89.19000244140625,89.19000244140625,1.158,16.232999801635742,1.0,0.0,1008.0,13.091,100800.0,400.0,WR,114.0,0.675,11400.0
2025,00-0036275,D.Swift,CHI,223.0,34.0,257.0,1087.0,290.0,,9.0,1.0,10.0,15.449000358581543,11.994000434875488,27.44300079345703,0.107,12.944999694824219,4.0,2.0,1377.0,5.358,22.7,22.2,RB,48.0,0.708,9.0
2025,00-0038705,E.Demercado,ARI,44.0,13.0,57.0,312.0,101.0,,0.0,1.0,1.0,-6.901000022888184,4.783999919891357,-2.118000030517578,-0.037,-0.3869999945163727,0.0,1.0,413.0,7.246,7.3,2.7,RB,20.0,0.65,3.2
2025,00-0040129,E.Egbuka,TB,3.0,63.0,66.0,9.0,938.0,,0.0,6.0,6.0,-1.6820000410079956,75.45600128173828,73.77400207519531,1.118,11.845000267028809,0.0,0.0,947.0,14.348,17.8,15.8,WR,128.0,0.492,23.5
2025,00-0033881,E.Engram,DEN,1.0,50.0,51.0,7.0,461.0,,0.0,1.0,1.0,0.2540000081062317,26.95800018310547,27.21299934387207,0.534,2.5369999408721924,0.0,0.0,468.0,9.176,8.3,2.5,TE,77.0,0.649,13.1
2025,00-0038797,E.Wilson,GB,125.0,15.0,140.0,496.0,99.0,,3.0,0.0,3.0,-7.710000038146973,1.8860000371932983,-5.823999881744385,-0.042,-1.4900000095367432,0.0,0.0,595.0,4.25,10.6,7.0,RB,18.0,0.833,3.9
2025,00-0033288,G.Kittle,SF,1.0,57.0,58.0,-3.0,628.0,,0.0,7.0,7.0,-0.9900000095367432,56.83599853515625,55.84600067138672,0.963,18.1560001373291,2.0,0.0,625.0,10.776,10.5,14.9,WR,69.0,0.826,12.5
2025,00-0037247,G.Pickens,,0.0,93.0,93.0,0.0,1429.0,,0.0,9.0,9.0,0.0,138.57000732421875,138.57000732421875,1.49,27.854999542236328,1.0,0.0,1429.0,15.366,142900.0,900.0,WR,137.0,0.679,13700.0
2025,00-0040663,H.Fannin,CLE,7.0,72.0,79.0,13.0,731.0,,1.0,6.0,7.0,-1.7710000276565552,43.678001403808594,41.90700149536133,0.53,15.133999824523926,4.0,1.0,744.0,9.418,16.5,28.0,WR,108.0,0.667,20.6
2025,00-0033090,H.Henry,,0.0,60.0,60.0,0.0,768.0,,0.0,7.0,7.0,0.0,72.37300109863281,72.37300109863281,1.206,12.243000030517578,2.0,0.0,768.0,12.8,76800.0,700.0,WR,87.0,0.69,8700.0
2025,00-0039798,I.Davis,NYJ,42.0,21.0,63.0,217.0,186.0,,1.0,0.0,1.0,-7.105999946594238,7.752999782562256,0.6470000147819519,0.01,2.5350000858306885,1.0,0.0,403.0,6.397,9.1,4.2,RB,29.0,0.724,6.1
2025,00-0037197,I.Pacheco,KC,118.0,19.0,137.0,462.0,101.0,,1.0,1.0,2.0,-13.642999649047852,0.2329999953508377,-13.40999984741211,-0.098,-7.702000141143799,0.0,0.0,563.0,4.109,10.6,5.7,RB,27.0,0.704,4.9
2025,00-0036900,J.Chase,CIN,3.0,125.0,128.0,14.0,1412.0,,0.0,8.0,8.0,0.12300000339746475,109.68499755859375,109.80799865722656,0.858,39.65800094604492,3.0,0.0,1426.0,11.141,24.8,17.0,WR,185.0,0.676,30.3
2025,00-0037248,J.Cook,BUF,309.0,33.0,342.0,1621.0,291.0,,12.0,2.0,14.0,5.576000213623047,13.609000205993652,19.18400001525879,0.056,4.013000011444092,5.0,3.0,1912.0,5.591,30.7,25.0,RB,40.0,0.825,8.2
2025,00-0040242,J.Croskey-Merritt,WAS,176.0,9.0,185.0,805.0,68.0,,8.0,0.0,8.0,-6.531000137329102,3.9839999675750732,-2.5460000038146973,-0.014,3.8929998874664307,4.0,2.0,873.0,4.719,16.9,21.6,RB,13.0,0.692,3.0
2025,00-0036158,J.Dobbins,DEN,153.0,11.0,164.0,772.0,37.0,,4.0,0.0,4.0,4.184000015258789,-1.9119999408721924,2.2720000743865967,0.014,0.0,0.0,0.0,809.0,4.933,14.3,10.0,RB,14.0,0.786,2.4
2025,00-0038997,J.Downs,IND,2.0,58.0,60.0,-2.0,559.0,,0.0,4.0,4.0,-1.5219999551773071,50.731998443603516,49.21099853515625,0.82,9.996999740600586,1.0,0.0,557.0,9.283,9.4,8.0,TE,88.0,0.659,16.4
2025,00-0038041,J.Ferguson,DAL,1.0,82.0,83.0,1.0,600.0,,0.0,8.0,8.0,-0.6940000057220459,36.6510009765625,35.957000732421875,0.433,3.0769999027252197,1.0,0.0,601.0,7.241,9.0,16.7,TE,103.0,0.796,16.9
2025,00-0037267,J.Ford,CLE,24.0,26.0,50.0,73.0,103.0,,0.0,0.0,0.0,-3.0169999599456787,-0.0729999989271164,-3.0899999141693115,-0.062,2.138000011444092,0.0,0.0,176.0,3.52,3.9,0.0,RB,32.0,0.812,6.1
2025,00-0039139,J.Gibbs,DET,243.0,77.0,320.0,1223.0,613.0,,13.0,5.0,18.0,-2.6670000553131104,29.87700080871582,27.209999084472656,0.085,-4.882999897003174,5.0,1.0,1836.0,5.738,28.0,32.1,RB,94.0,0.819,17.1
2025,00-0036389,J.Hurts,PHI,53.0,0.0,53.0,170.0,0.0,,6.0,0.0,6.0,8.258999824523926,0.0,8.258999824523926,0.156,1.0850000381469727,0.0,2.0,170.0,3.208,3.3,14.6,RB,0.0,0.0,0.0
2025,00-0035700,J.Jacobs,GB,234.0,36.0,270.0,929.0,282.0,,13.0,1.0,14.0,-14.836000442504883,17.05699920654297,2.2209999561309814,0.008,-9.258000373840332,3.0,2.0,1211.0,4.485,21.5,32.6,RB,44.0,0.818,9.5
2025,00-0036322,J.Jefferson,MIN,2.0,84.0,86.0,7.0,1048.0,,0.0,2.0,2.0,-0.05700000002980232,80.37799835205078,80.32099914550781,0.934,21.52899932861328,0.0,0.0,1055.0,12.267,21.8,6.5,WR,142.0,0.592,30.1
2025,00-0036259,J.Jennings,,0.0,55.0,55.0,0.0,643.0,,0.0,9.0,9.0,0.0,60.928001403808594,60.928001403808594,1.108,20.663999557495117,4.0,0.0,643.0,11.691,64300.0,900.0,WR,93.0,0.591,9300.0
2025,00-0036407,J.Jeudy,CLE,1.0,50.0,51.0,5.0,602.0,,0.0,2.0,2.0,2.7330000400543213,45.04199981689453,47.7760009765625,0.937,18.91699981689453,1.0,0.0,607.0,11.902,13.5,8.0,WR,106.0,0.472,20.2
2025,00-0036040,J.Johnson,,0.0,77.0,77.0,0.0,889.0,,0.0,3.0,3.0,0.0,55.36399841308594,55.36399841308594,0.719,18.760000228881836,0.0,0.0,889.0,11.545,88900.0,300.0,WR,102.0,0.755,10200.0
2025,00-0039405,J.Jordan,HOU,43.0,7.0,50.0,193.0,34.0,,0.0,0.0,0.0,-8.994999885559082,0.3330000042915344,-8.66100025177002,-0.173,-8.66100025177002,0.0,0.0,227.0,4.54,4.1,0.0,RB,7.0,1.0,1.3
2025,00-0037525,J.Mason,MIN,159.0,14.0,173.0,758.0,51.0,,6.0,0.0,6.0,-5.7729997634887695,-3.628999948501587,-9.402000427246094,-0.054,0.26100000739097595,1.0,1.0,809.0,4.676,16.7,19.4,RB,16.0,0.875,3.4
2025,00-0033955,J.McNichols,WAS,45.0,25.0,70.0,221.0,196.0,,1.0,0.0,1.0,1.4420000314712524,14.690999984741211,16.134000778198242,0.23,-7.480999946594238,0.0,1.0,417.0,5.957,8.1,2.7,RB,32.0,0.781,7.4
2025,00-0034960,J.Meyers,JAX,5.0,75.0,80.0,13.0,835.0,,0.0,3.0,3.0,-0.40700000524520874,65.47100067138672,65.06400299072266,0.813,11.869000434875488,1.0,0.0,848.0,10.6,14.9,6.4,WR,110.0,0.682,20.0
2025,00-0038543,J.Smith-Njigba,SEA,7.0,119.0,126.0,36.0,1793.0,,0.0,10.0,10.0,0.04699999839067459,141.8000030517578,141.8470001220703,1.126,39.44499969482422,3.0,0.0,1829.0,14.516,30.0,22.7,WR,163.0,0.73,35.7
2025,00-0036223,J.Taylor,IND,323.0,46.0,369.0,1583.0,378.0,,18.0,2.0,20.0,19.38599967956543,15.63700008392334,35.02299880981445,0.095,-11.135000228881836,3.0,1.0,1961.0,5.314,33.1,40.0,RB,56.0,0.821,10.4
2025,00-0036613,J.Waddle,MIA,2.0,64.0,66.0,28.0,910.0,,0.0,6.0,6.0,1.9299999475479126,82.43000030517578,84.35900115966797,1.278,13.928999900817871,1.0,0.0,938.0,14.212,17.7,16.2,WR,100.0,0.64,21.5
2025,00-0037228,J.Warren,PIT,211.0,40.0,251.0,958.0,333.0,,6.0,2.0,8.0,-0.5,13.654000282287598,13.154000282287598,0.052,6.765999794006348,3.0,0.0,1291.0,5.143,24.2,19.5,RB,45.0,0.889,8.6
2025,00-0036997,J.Williams,DAL,252.0,35.0,287.0,1201.0,137.0,,11.0,2.0,13.0,12.204999923706055,-5.515999794006348,6.689000129699707,0.023,8.946000099182129,3.0,1.0,1338.0,4.662,20.0,27.1,RB,51.0,0.686,8.4
2025,00-0037240,J.Williams,DET,6.0,65.0,71.0,12.0,1109.0,,0.0,7.0,7.0,-1.4259999990463257,98.85900115966797,97.43299865722656,1.372,34.194000244140625,1.0,0.0,1121.0,15.789,17.1,12.5,WR,102.0,0.637,18.5
2025,00-0039874,J.Wright,MIA,70.0,5.0,75.0,288.0,44.0,,2.0,0.0,2.0,-5.698999881744385,0.2669999897480011,-5.432000160217285,-0.072,0.36800000071525574,2.0,1.0,332.0,4.427,6.3,5.4,RB,9.0,0.556,1.9
2025,00-0030279,K.Allen,,0.0,81.0,81.0,0.0,777.0,,0.0,4.0,4.0,0.0,81.177001953125,81.177001953125,1.002,10.654000282287598,0.0,0.0,777.0,9.593,77700.0,400.0,TE,122.0,0.664,12200.0
2025,00-0036919,K.Gainwell,PIT,114.0,73.0,187.0,537.0,486.0,,5.0,3.0,8.0,-0.6570000052452087,15.069000244140625,14.413000106811523,0.077,13.725000381469727,3.0,0.0,1023.0,5.471,19.2,19.5,RB,85.0,0.859,16.2
2025,00-0033923,K.Hunt,KC,163.0,18.0,181.0,611.0,143.0,,8.0,1.0,9.0,9.668999671936035,9.744000434875488,19.413000106811523,0.107,2.0369999408721924,1.0,1.0,754.0,4.166,14.2,25.7,RB,25.0,0.72,4.5
2025,00-0038551,K.Miller,NO,47.0,5.0,52.0,193.0,30.0,,1.0,0.0,1.0,-2.927000045776367,-0.367000013589859,-3.2939999103546143,-0.063,0.0,0.0,0.0,223.0,4.288,4.1,3.8,RB,5.0,1.0,0.9
2025,00-0038454,K.Mitchell,BAL,59.0,9.0,68.0,341.0,63.0,,1.0,0.0,1.0,2.617000102996826,2.8959999084472656,5.51200008392334,0.081,-0.5410000085830688,0.0,0.0,404.0,5.941,7.1,2.2,RB,12.0,0.75,2.9
2025,00-0040236,K.Monangai,CHI,170.0,18.0,188.0,783.0,164.0,,5.0,0.0,5.0,8.01200008392334,7.257999897003174,15.270000457763672,0.081,2.822999954223633,0.0,0.0,947.0,5.037,15.6,11.1,RB,30.0,0.6,5.6
2025,00-0036970,K.Pitts,,0.0,88.0,88.0,0.0,928.0,,0.0,5.0,5.0,0.0,68.39900207519531,68.39900207519531,0.777,41.37799835205078,4.0,0.0,928.0,10.545,92800.0,500.0,WR,119.0,0.739,11900.0
2025,00-0037261,K.Shakir,BUF,1.0,72.0,73.0,5.0,686.0,,0.0,4.0,4.0,-0.10499999672174454,36.17499923706055,36.06999969482422,0.494,8.758999824523926,1.0,0.0,691.0,9.466,11.1,7.1,TE,97.0,0.742,19.9
2025,00-0039391,K.Vidal,LAC,155.0,16.0,171.0,643.0,136.0,,3.0,1.0,4.0,-14.08899974822998,6.038000106811523,-8.050999641418457,-0.047,-4.580999851226807,0.0,0.0,779.0,4.556,14.1,11.4,RB,22.0,0.727,4.0
2025,00-0038134,K.Walker,SEA,221.0,31.0,252.0,1027.0,282.0,,5.0,0.0,5.0,-14.293999671936035,10.760000228881836,-3.5339999198913574,-0.014,-2.8010001182556152,1.0,0.0,1309.0,5.194,21.5,11.4,RB,36.0,0.861,7.9
2025,00-0037840,K.Williams,LA,259.0,36.0,295.0,1252.0,281.0,,10.0,3.0,13.0,4.927999973297119,20.974000930786133,25.900999069213867,0.088,4.7129998207092285,3.0,2.0,1533.0,5.197,22.3,20.6,RB,50.0,0.72,8.6
2025,00-0040735,L.Burden,CHI,6.0,47.0,53.0,37.0,652.0,,0.0,2.0,2.0,2.2869999408721924,40.15399932861328,42.441001892089844,0.801,25.975000381469727,1.0,0.0,689.0,13.0,11.4,4.4,WR,60.0,0.783,11.2
2025,00-0039915,L.McConkey,,0.0,66.0,66.0,0.0,789.0,,0.0,6.0,6.0,0.0,64.42900085449219,64.42900085449219,0.976,7.21999979019165,1.0,0.0,789.0,11.955,78900.0,600.0,WR,106.0,0.623,10600.0
2025,00-0034753,M.Andrews,BAL,10.0,48.0,58.0,48.0,422.0,,1.0,5.0,6.0,6.520999908447266,36.07500076293945,42.595001220703125,0.734,4.1579999923706055,0.0,0.0,470.0,8.103,8.3,13.3,TE,70.0,0.686,17.1
2025,00-0036924,M.Carter,ARI,92.0,33.0,125.0,333.0,267.0,,1.0,0.0,1.0,-6.8480000495910645,12.180000305175781,5.331999778747559,0.043,6.559000015258789,0.0,0.0,600.0,4.8,10.6,2.7,RB,45.0,0.733,7.3
2025,00-0037563,M.Davis,DAL,52.0,2.0,54.0,250.0,16.0,,2.0,0.0,2.0,0.8130000233650208,-2.5190000534057617,-1.7059999704360962,-0.032,-5.321000099182129,1.0,0.0,266.0,4.926,4.0,4.2,RB,5.0,0.4,0.8
2025,00-0036252,M.Pittman,,0.0,80.0,80.0,0.0,793.0,,0.0,7.0,7.0,0.0,64.97100067138672,64.97100067138672,0.812,10.878000259399414,0.0,0.0,793.0,9.912,79300.0,700.0,TE,114.0,0.702,11400.0
2025,00-0039880,M.Washington,MIA,17.0,46.0,63.0,110.0,317.0,,1.0,3.0,4.0,0.11699999868869781,13.539999961853027,13.656999588012695,0.217,3.622999906539917,2.0,1.0,427.0,6.778,8.1,10.8,RB,65.0,0.708,14.0
2025,00-0038559,M.Wilson,,0.0,78.0,78.0,0.0,1006.0,,0.0,7.0,7.0,0.0,85.06800079345703,85.06800079345703,1.091,40.768001556396484,6.0,0.0,1006.0,12.897,100600.0,700.0,WR,127.0,0.614,12700.0
2025,00-0034791,N.Chubb,HOU,122.0,13.0,135.0,506.0,67.0,,3.0,0.0,3.0,-13.611000061035156,1.6449999809265137,-11.965999603271484,-0.089,-1.5019999742507935,0.0,0.0,573.0,4.244,10.3,9.4,RB,20.0,0.65,3.6
2025,00-0036554,N.Collins,HOU,2.0,71.0,73.0,15.0,1117.0,,1.0,6.0,7.0,1.996000051498413,87.26899719238281,89.26399993896484,1.223,28.27199935913086,2.0,0.0,1132.0,15.507,20.4,21.9,WR,121.0,0.587,21.7
2025,00-0040198,O.Gordon,MIA,70.0,7.0,77.0,199.0,32.0,,3.0,1.0,4.0,-9.571000099182129,-1.9730000495910645,-11.545000076293945,-0.15,-6.915999889373779,1.0,0.0,231.0,3.0,4.4,10.8,RB,9.0,0.778,1.9
2025,00-0040666,O.Hampton,LAC,124.0,32.0,156.0,545.0,192.0,,4.0,1.0,5.0,-0.7760000228881836,0.8149999976158142,0.039000000804662704,0.0,-3.755000114440918,3.0,0.0,737.0,4.724,13.4,14.3,RB,35.0,0.914,6.4
2025,00-0039075,P.Nacua,LA,10.0,129.0,139.0,105.0,1715.0,,1.0,10.0,11.0,9.331000328063965,151.9550018310547,161.28599548339844,1.16,70.41000366210938,6.0,0.0,1820.0,13.094,26.5,17.5,WR,166.0,0.777,28.6
2025,00-0038606,P.Washington,JAX,7.0,58.0,65.0,0.0,847.0,,0.0,5.0,5.0,-1.4229999780654907,77.06300354003906,75.64099884033203,1.164,38.05699920654297,2.0,0.0,847.0,13.031,14.9,10.6,WR,97.0,0.598,17.7
2025,00-0038544,Q.Johnston,LAC,2.0,51.0,53.0,7.0,735.0,,0.0,8.0,8.0,-0.3700000047683716,57.64799880981445,57.27799987792969,1.081,18.176000595092773,1.0,0.0,742.0,14.0,13.4,22.9,WR,84.0,0.607,15.4
2025,00-0040784,Q.Judkins,CLE,231.0,26.0,257.0,827.0,171.0,,7.0,0.0,7.0,-25.10300064086914,2.509000062942505,-22.5939998626709,-0.088,-7.6529998779296875,0.0,0.0,998.0,3.883,22.1,28.0,RB,36.0,0.722,6.9
2025,00-0039875,R.Davis,BUF,58.0,10.0,68.0,275.0,86.0,,0.0,2.0,2.0,1.3509999513626099,7.104000091552734,8.454999923706055,0.124,12.706999778747559,1.0,0.0,361.0,5.309,5.8,3.6,RB,14.0,0.714,2.9
2025,00-0037816,R.Doubs,,0.0,55.0,55.0,0.0,724.0,,0.0,6.0,6.0,0.0,67.54399871826172,67.54399871826172,1.228,16.34600067138672,1.0,0.0,724.0,13.164,72400.0,600.0,WR,86.0,0.64,8600.0
2025,00-0036139,R.Dowdle,CAR,237.0,39.0,276.0,1076.0,297.0,,6.0,1.0,7.0,-2.305999994277954,8.762999534606934,6.458000183105469,0.023,-10.137999534606934,1.0,1.0,1373.0,4.975,27.0,22.6,RB,50.0,0.78,10.4
2025,00-0040730,R.Harvey,DEN,147.0,47.0,194.0,540.0,356.0,,7.0,5.0,12.0,-22.886999130249023,27.43899917602539,4.552000045776367,0.023,1.1269999742507935,4.0,1.0,896.0,4.619,15.8,30.0,RB,58.0,0.81,9.8
2025,00-0039067,R.Rice,KC,5.0,53.0,58.0,20.0,571.0,,1.0,5.0,6.0,1.8630000352859497,48.375999450683594,50.237998962402344,0.866,2.630000114440918,0.0,0.0,591.0,10.19,11.1,17.1,WR,79.0,0.671,14.3
2025,00-0037545,R.Shaheed,SEA,9.0,59.0,68.0,69.0,687.0,,0.0,2.0,2.0,0.9750000238418579,36.119998931884766,37.09400177001953,0.546,11.956000328063965,0.0,0.0,756.0,11.118,12.4,4.5,WR,92.0,0.641,20.1
2025,00-0036875,R.Stevenson,NE,131.0,32.0,163.0,603.0,345.0,,7.0,2.0,9.0,-18.275999069213867,15.675999641418457,-2.5999999046325684,-0.016,27.843000411987305,6.0,2.0,948.0,5.816,15.2,18.0,RB,37.0,0.865,7.7
2025,00-0037256,R.White,TB,133.0,40.0,173.0,572.0,218.0,,4.0,0.0,4.0,10.428999900817871,2.2780001163482666,12.706999778747559,0.073,7.454999923706055,0.0,0.0,790.0,4.566,14.8,10.5,RB,45.0,0.889,8.3
2025,00-0034844,S.Barkley,PHI,281.0,37.0,318.0,1140.0,273.0,,7.0,2.0,9.0,-24.097000122070312,4.254000186920166,-19.843000411987305,-0.062,3.072000026702881,3.0,0.0,1413.0,4.443,27.0,22.0,RB,51.0,0.725,10.9
2025,00-0031588,S.Diggs,,0.0,85.0,85.0,0.0,1013.0,,0.0,4.0,4.0,0.0,98.64800262451172,98.64800262451172,1.161,28.983999252319336,1.0,0.0,1013.0,11.918,101300.0,400.0,WR,102.0,0.833,10200.0
2025,00-0033526,S.Perine,CIN,84.0,17.0,101.0,382.0,87.0,,3.0,0.0,3.0,-0.24899999797344208,1.3259999752044678,1.0770000219345093,0.011,1.4900000095367432,2.0,2.0,469.0,4.644,8.1,6.4,RB,21.0,0.81,3.4
2025,00-0038951,S.Tucker,TB,86.0,8.0,94.0,320.0,34.0,,7.0,1.0,8.0,-3.6559998989105225,-1.1610000133514404,-4.816999912261963,-0.051,-3.8480000495910645,3.0,0.0,354.0,3.766,6.6,21.1,RB,11.0,0.727,2.0
2025,00-0036963,St. Brown,DET,3.0,117.0,120.0,9.0,1401.0,,0.0,11.0,11.0,0.5569999814033508,124.73699951171875,125.29399871826172,1.044,42.38399887084961,2.0,0.0,1410.0,11.75,21.5,19.6,WR,172.0,0.68,31.3
2025,00-0037263,T.Allgeier,ATL,143.0,14.0,157.0,514.0,96.0,,8.0,0.0,8.0,-11.555000305175781,4.370999813079834,-7.184000015258789,-0.046,-6.293000221252441,0.0,0.0,610.0,3.885,10.6,22.9,RB,16.0,0.875,3.1
2025,00-0038555,T.Bigsby,PHI,63.0,3.0,66.0,356.0,32.0,,2.0,0.0,2.0,7.249000072479248,0.5609999895095825,7.810999870300293,0.118,0.5370000004768372,2.0,0.0,388.0,5.879,7.4,4.9,RB,4.0,0.75,0.9
2025,00-0036973,T.Etienne,JAX,260.0,36.0,296.0,1107.0,292.0,,7.0,6.0,13.0,-18.982999801635742,22.232999801635742,3.25,0.011,-5.2270002365112305,6.0,0.0,1399.0,4.726,24.6,27.7,RB,52.0,0.692,9.5
2025,00-0039868,T.Franklin,DEN,5.0,65.0,70.0,12.0,709.0,,0.0,6.0,6.0,-1.7209999561309814,46.676998138427734,44.95600128173828,0.642,10.993000030517578,1.0,0.0,721.0,10.3,12.7,15.0,WR,107.0,0.607,18.2
2025,00-0040734,T.Henderson,NE,180.0,35.0,215.0,911.0,221.0,,9.0,1.0,10.0,8.434000015258789,7.820000171661377,16.2549991607666,0.076,4.372000217437744,4.0,1.0,1132.0,5.265,18.1,20.0,RB,42.0,0.833,8.7
2025,00-0036410,T.Higgins,,0.0,59.0,59.0,0.0,846.0,,0.0,11.0,11.0,0.0,88.91999816894531,88.91999816894531,1.507,29.30299949645996,4.0,0.0,846.0,14.339,84600.0,1100.0,WR,99.0,0.596,9900.0
2025,00-0033357,T.Hill,NO,52.0,11.0,63.0,114.0,91.0,,1.0,0.0,1.0,-14.218999862670898,3.0460000038146973,-11.17300033569336,-0.177,-9.043999671936035,0.0,1.0,205.0,3.254,3.8,3.8,RB,17.0,0.647,3.0
2025,00-0035229,T.Hockenson,MIN,1.0,51.0,52.0,0.0,438.0,,0.0,3.0,3.0,-1.1069999933242798,28.726999282836914,27.6200008392334,0.531,8.12600040435791,1.0,0.0,438.0,8.423,9.1,9.7,TE,66.0,0.773,14.0
2025,00-0030506,T.Kelce,KC,1.0,76.0,77.0,1.0,851.0,,0.0,5.0,5.0,-1.875,73.06900024414062,71.19400024414062,0.925,9.222999572753906,0.0,0.0,852.0,11.065,16.0,14.3,WR,109.0,0.697,19.7
2025,00-0037744,T.McBride,,0.0,126.0,126.0,0.0,1239.0,,0.0,11.0,11.0,0.0,107.69000244140625,107.69000244140625,0.855,23.867000579833984,3.0,0.0,1239.0,9.833,123900.0,1100.0,TE,170.0,0.741,17000.0
2025,00-0040124,T.McMillan,,0.0,70.0,70.0,0.0,1013.0,,0.0,7.0,7.0,0.0,104.70999908447266,104.70999908447266,1.496,19.457000732421875,1.0,0.0,1013.0,14.471,101300.0,700.0,WR,122.0,0.574,12200.0
2025,00-0035261,T.Pollard,TEN,242.0,33.0,275.0,1082.0,206.0,,5.0,0.0,5.0,-21.694000244140625,4.2129998207092285,-17.48200035095215,-0.064,10.354999542236328,3.0,2.0,1288.0,4.684,27.5,20.8,RB,41.0,0.805,7.7
2025,00-0039032,T.Spears,TEN,72.0,45.0,117.0,283.0,264.0,,2.0,0.0,2.0,-3.9010000228881836,1.6449999809265137,-2.25600004196167,-0.019,-3.052999973297119,1.0,0.0,547.0,4.675,11.7,8.3,RB,50.0,0.9,9.4
2025,00-0039384,T.Tracy,NYG,176.0,36.0,212.0,740.0,288.0,,2.0,2.0,4.0,-9.78600025177002,10.781999588012695,0.9959999918937683,0.005,0.5189999938011169,3.0,0.0,1028.0,4.849,18.6,9.8,RB,48.0,0.75,9.5
2025,00-0038563,T.Tucker,LV,11.0,57.0,68.0,51.0,696.0,,0.0,5.0,5.0,-0.4699999988079071,54.26599884033203,53.797000885009766,0.791,12.196999549865723,0.0,0.0,747.0,10.985,16.6,20.0,WR,92.0,0.62,18.5
2025,00-0040128,T.Warren,IND,6.0,76.0,82.0,8.0,817.0,,1.0,4.0,5.0,-4.336999893188477,58.630001068115234,54.292999267578125,0.662,9.015999794006348,0.0,0.0,825.0,10.061,13.9,10.0,WR,115.0,0.661,21.4
2025,00-0035537,Ty.Johnson,BUF,50.0,24.0,74.0,200.0,231.0,,3.0,2.0,5.0,2.763000011444092,22.027999877929688,24.79199981689453,0.335,2.556999921798706,3.0,0.0,431.0,5.824,6.9,8.9,RB,33.0,0.727,6.8
2025,00-0040583,W.Marks,HOU,196.0,24.0,220.0,703.0,208.0,,2.0,3.0,5.0,-29.17799949645996,16.718000411987305,-12.460000038146973,-0.057,-3.947000026702881,1.0,0.0,911.0,4.141,16.4,15.6,RB,36.0,0.667,6.5
2025,00-0038117,W.Robinson,NYG,3.0,92.0,95.0,5.0,1014.0,,0.0,4.0,4.0,1.9220000505447388,76.95600128173828,78.87799835205078,0.83,13.583000183105469,1.0,0.0,1019.0,10.726,18.5,9.8,WR,141.0,0.652,27.9
2025,00-0039894,X.Worthy,KC,11.0,42.0,53.0,87.0,532.0,,0.0,1.0,1.0,3.5850000381469727,41.244998931884766,44.83000183105469,0.846,8.581000328063965,0.0,0.0,619.0,11.679,11.6,2.9,RB,73.0,0.575,13.2
2025,00-0039165,Z.Charbonnet,SEA,184.0,20.0,204.0,730.0,144.0,,12.0,0.0,12.0,-2.2090001106262207,3.937000036239624,1.7280000448226929,0.008,11.789999961853027,4.0,0.0,874.0,4.284,14.4,27.3,RB,24.0,0.833,5.3
2025,00-0030061,Z.Ertz,,0.0,50.0,50.0,0.0,504.0,,0.0,4.0,4.0,0.0,39.729000091552734,39.729000091552734,0.795,2.9630000591278076,0.0,0.0,504.0,10.08,50400.0,400.0,WR,73.0,0.685,7300.0
2025,00-0039064,Z.Flowers,BAL,9.0,86.0,95.0,56.0,1211.0,,1.0,5.0,6.0,2.7739999294281006,83.6989974975586,86.47200012207031,0.91,40.891998291015625,5.0,0.0,1267.0,13.337,22.4,13.3,WR,119.0,0.723,29.1
2025,00-0037157,Z.Knight,ARI,83.0,22.0,105.0,269.0,160.0,,4.0,1.0,5.0,-16.38800048828125,9.163000106811523,-7.223999977111816,-0.069,-0.8899999856948853,0.0,1.0,429.0,4.086,7.6,13.5,RB,31.0,0.71,5.0
